date,pilot_id,class4,zone,core_area_ha,n_valid,vv_gamma0_power_mean,vh_gamma0_power_mean,vv_gamma0_db,vh_gamma0_db,vh_vv_ratio_power,vh_vv_ratio_db
2023-01-10,P001,VINEYARD,Imola,1.9130941295244592,192,0.10071667338100572,0.027998739897157066,-9.968986271826772,-15.528615139444216,0.27799508221681773,-5.5596288676174455
2023-01-10,P002,VINEYARD,Imola,2.5911511834798726,258,0.08617435359619846,0.0361464789837541,-10.646219656009777,-14.419340007871888,0.41945750069831317,-3.773120351862111
2023-01-10,P003,VINEYARD,Imola,3.2184014498998685,323,0.11863832595547655,0.031754560298617965,-9.25774990042961,-14.981938965040595,0.2676585331331719,-5.724189064610984
2023-01-10,P004,VINEYARD,Imola,2.2713803924214653,230,0.2042752217663371,0.035672889431209664,-6.8978430934784205,-14.47661712270614,0.1746315050976401,-7.57877402922772
2023-01-10,P005,VINEYARD,Castel_Bolognese,1.3227825441167154,132,0.12904551588563304,0.04711980127136816,-8.892570818598278,-13.267965498620882,0.3651409423100623,-4.375394680022603
2023-01-10,P006,VINEYARD,Castel_Bolognese,3.283078601794735,329,0.11835729158101292,0.03555376435513962,-9.268049815384323,-14.491144103458765,0.3003935277684507,-5.223094288074444
2023-01-10,P007,VINEYARD,Castel_Bolognese,1.6341771995019418,166,0.09674970803400838,0.024485322736562735,-10.14350336897272,-16.11094167251866,0.2530790349047454,-5.967438303545939
2023-01-10,P008,VINEYARD,Castel_Bolognese,3.1378819555604034,312,0.07800963500705667,0.02739442016135376,-11.078517540790493,-15.623378875413538,0.3511671367117112,-4.544861334623044
2023-01-10,P009,VINEYARD,Faenza,1.127335037414474,116,0.1150937716572963,0.031639562518303764,-9.389481777434105,-14.997695301427601,0.27490247354577846,-5.608213523993496
2023-01-10,P010,VINEYARD,Faenza,3.0861339275106148,309,0.10782848662639513,0.02511563822235249,-9.672664900739887,-16.000557813537583,0.2329221062832248,-6.327892912797694
2023-01-10,P011,VINEYARD,Faenza,2.2900730299202556,229,0.09863278384454646,0.02568289337630941,-10.059787090312774,-15.903560512191884,0.26038901443548224,-5.843773421879109
2023-01-10,P012,VINEYARD,Faenza,1.6479114213760804,164,0.11578697827076767,0.03193518074751809,-9.363402798412427,-14.957306214684955,0.27580977778725446,-5.5939034162725285
2023-01-10,P013,ORCHARD,Imola,1.1212221068519543,111,0.10159482764969538,0.024133145161023415,-9.931284020951773,-16.173860748145508,0.23754304937881132,-6.242576727193734
2023-01-10,P014,ORCHARD,Imola,1.0423997486130316,103,0.14491399862233875,0.02754982909892948,-8.388896598650092,-15.598810908819633,0.19011157901126763,-7.209914310169541
2023-01-10,P015,ORCHARD,Imola,1.7492436176504955,173,0.17275830715722432,0.043638030675406746,-7.6256106021540635,-13.601348567569804,0.25259584556876064,-5.975737965415741
2023-01-10,P016,ORCHARD,Imola,1.3561007198771098,134,0.14705749656727066,0.030673203635404805,-8.325128315117986,-15.132408621486473,0.20857966680653722,-6.807280306368487
2023-01-10,P017,ORCHARD,Castel_Bolognese,4.8815691430335795,493,0.13625519383419116,0.03174828950497067,-8.656469341115944,-14.982796681220405,0.2330060866788325,-6.326327340104461
2023-01-10,P018,ORCHARD,Castel_Bolognese,1.986698681743416,198,0.2219181058909556,0.05698422119585854,-6.538072630327614,-12.442453828577463,0.25678040539810215,-5.904381198249849
2023-01-10,P019,ORCHARD,Castel_Bolognese,1.3057565462515373,128,0.1752690733410418,0.04246684083045693,-7.5629470947523245,-13.719500456005987,0.24229511813429952,-6.156553361253661
2023-01-10,P020,ORCHARD,Castel_Bolognese,3.9838281908742994,399,0.20878700102518374,0.02989841886985123,-6.802965437864844,-15.243517780386256,0.14320057629567132,-8.44055234252141
2023-01-10,P021,ORCHARD,Faenza,2.4495404841857016,244,0.2221423218362644,0.02558940587198881,-6.533686931895718,-15.919397973293902,0.11519374453486683,-9.385711041398185
2023-01-10,P022,ORCHARD,Faenza,2.571818079338909,258,0.15275182725154152,0.05931964878339407,-8.160135859265532,-12.268014289835993,0.3883400274204932,-4.107878430570461
2023-01-10,P023,ORCHARD,Faenza,1.4711440486604825,149,0.1247782751467804,0.038357287326565126,-9.038610220668739,-14.161521142428047,0.30740357070527147,-5.122910921759307
2023-01-10,P024,ORCHARD,Faenza,1.2599808495088698,127,0.11305055185037804,0.028590802011615412,-9.467273133275638,-15.437736619091089,0.25290280802392917,-5.9704634858154515
2023-01-10,P025,OLIVE,Imola,1.9150729844597532,192,0.10784902518692736,0.023883871367919102,-9.671837759935327,-16.218952764767494,0.22145653450759353,-6.547115004832166
2023-01-10,P026,OLIVE,Imola,1.1815758805827754,114,0.1051847097186143,0.02778575883916857,-9.78047387249386,-15.56177737976557,0.2641615774146248,-5.781303507271711
2023-01-10,P027,OLIVE,Imola,4.765880858111484,478,0.0800592608742073,0.023217368674187853,-10.965884237204834,-16.341870022992293,0.2900022860649191,-5.375985785787458
2023-01-10,P028,OLIVE,Imola,4.328583603126005,434,0.062121595313969984,0.016992653981881208,-12.067573998984404,-17.69738785953099,0.2735385962964779,-5.629813860546589
2023-01-10,P029,OLIVE,Castel_Bolognese,1.2327611211807428,124,0.07866939196303006,0.02854597817115005,-11.041942064867902,-15.444550706445364,0.36286003309349285,-4.402608641577462
2023-01-10,P030,OLIVE,Castel_Bolognese,0.8616854169272335,83,0.1427678360368114,0.0497786418411387,-8.453696231277535,-13.029569568424424,0.3486684621899272,-4.57587333714689
2023-01-10,P031,OLIVE,Castel_Bolognese,0.8498648283629534,86,0.10265394376027723,0.02236017240427954,-9.886243612429691,-16.50524852219487,0.2178208803793858,-6.619004909765178
2023-01-10,P032,OLIVE,Faenza,1.8067331179867738,182,0.13360208693564266,0.023932547344324682,-8.741867578967392,-16.210110732751836,0.17913303521862806,-7.468243153784444
2023-01-10,P033,OLIVE,Faenza,1.810513599398476,181,0.09271839688125566,0.02404571938307863,-10.328340860138674,-16.18962225476099,0.25934140571772346,-5.861281394622316
2023-01-10,P034,OLIVE,Faenza,1.8238712197133842,182,0.10636970466309852,0.03085745533334685,-9.731820465815117,-15.106398909835665,0.2900962772349582,-5.374578444020549
2023-01-10,P035,OLIVE,Faenza,3.297137421456931,328,0.16443187476521948,0.03688515441083327,-7.840139915840534,-14.331483941323341,0.22431876096711142,-6.4913440254828085
2023-01-10,P036,ANNUAL,Imola,1.9843605238570365,201,0.28457326214037726,0.048239691956756425,-5.458059076614271,-13.165954741247049,0.1695158975721347,-7.707895664632776
2023-01-10,P037,ANNUAL,Imola,1.77998878845148,178,0.2610784378949176,0.036511551656791666,-5.832289944732533,-14.375697101435858,0.13984897393743154,-8.543407156703323
2023-01-10,P038,ANNUAL,Imola,1.6633032750356371,167,0.1598747077169354,0.027530428986929492,-7.962202364900724,-15.60187021254518,0.1722000270091078,-7.639667847644455
2023-01-10,P039,ANNUAL,Imola,3.6919313708525134,370,0.16096278732088773,0.027420321380014757,-7.932745160749633,-15.619274593660151,0.17035192938943652,-7.686529432910519
2023-01-10,P040,ANNUAL,Castel_Bolognese,1.5247924967245798,151,0.10570657087971043,0.02568368223304583,-9.758980154541385,-15.903427119563078,0.24297148246604994,-6.144446965021693
2023-01-10,P041,ANNUAL,Castel_Bolognese,1.4654585177199049,148,0.18648236695475676,0.025512282248913637,-7.293622271061734,-15.932506890274187,0.13680801389175457,-8.638884619212455
2023-01-10,P042,ANNUAL,Castel_Bolognese,2.428693267176382,245,0.1823328220114416,0.05041955981251536,-7.3913514629073305,-12.974009502468416,0.27652486950128746,-5.5826580395610845
2023-01-10,P043,ANNUAL,Castel_Bolognese,3.5177944746824332,353,0.10789595256235039,0.016861523556319875,-9.669948464459674,-17.73103186401173,0.1562757745391424,-8.061083399552057
2023-01-10,P044,ANNUAL,Faenza,1.6610601958768552,166,0.1840570471866662,0.02866700901481581,-7.350475496072086,-15.426176169985037,0.15575067324503158,-8.075700673912952
2023-01-10,P045,ANNUAL,Faenza,2.5206803329840266,251,0.16213755391211623,0.021156978774890006,-7.901163832521547,-16.74546349636554,0.130487837422031,-8.844299663843994
2023-01-10,P046,ANNUAL,Faenza,1.5921051212000719,159,0.21557453091976778,0.03910981495308239,-6.664025502310534,-14.077142388943365,0.18142131533914008,-7.41311688663283
2023-01-10,P047,ANNUAL,Faenza,2.3432589230863856,233,0.171095474291385,0.03220188376681615,-7.667614779882563,-14.921187219189571,0.1882100265958793,-7.253572439307007
2023-01-22,P001,VINEYARD,Imola,1.9130941295244592,192,0.12842910416657105,0.033013012929586694,-8.91336546776183,-14.813148380149766,0.25705242704776016,-5.899782912387935
2023-01-22,P002,VINEYARD,Imola,2.5911511834798726,258,0.12369270814770414,0.04646958954733356,-9.076559018628519,-13.328311635038164,0.3756857638838598,-4.251752616409644
2023-01-22,P003,VINEYARD,Imola,3.2184014498998685,323,0.14857760990966953,0.0368523994264634,-8.280466321994016,-14.33534230362641,0.24803467661694442,-6.054875981632396
2023-01-22,P004,VINEYARD,Imola,2.2713803924214653,230,0.21018554743217385,0.04896115399087253,-6.773971498027639,-13.10148354629614,0.23294253381846877,-6.3275120482685
2023-01-22,P005,VINEYARD,Castel_Bolognese,1.3227825441167154,132,0.13364667603463837,0.05061952172157665,-8.740418382375323,-12.956819625886961,0.37875630897439716,-4.2164012435116405
2023-01-22,P006,VINEYARD,Castel_Bolognese,3.283078601794735,329,0.1616374610224031,0.047090713800947356,-7.914579800100144,-13.2706472647248,0.291335396529277,-5.3560674646246555
2023-01-22,P007,VINEYARD,Castel_Bolognese,1.6341771995019418,166,0.14681136197444186,0.027837494186249125,-8.33240332350082,-15.553698606585858,0.1896140313111141,-7.221295283085036
2023-01-22,P008,VINEYARD,Castel_Bolognese,3.1378819555604034,312,0.13176326758156603,0.03827863271670559,-8.802056436876706,-14.170435832827316,0.2905106515593186,-5.36837939595061
2023-01-22,P009,VINEYARD,Faenza,1.127335037414474,116,0.12171048442993698,0.03973651707878914,-9.146720090012861,-14.008102016386703,0.3264839283559305,-4.861381926373841
2023-01-22,P010,VINEYARD,Faenza,3.0861339275106148,309,0.13076541095393376,0.03493313344563192,-8.83507117008652,-14.567624571017472,0.26714352970555966,-5.732553400930952
2023-01-22,P011,VINEYARD,Faenza,2.2900730299202556,229,0.15025331480143891,0.036689701758520314,-8.231759380666965,-14.35455818501761,0.2441856394782776,-6.122798804350645
2023-01-22,P012,VINEYARD,Faenza,1.6479114213760804,164,0.15009891893714666,0.035623610525096695,-8.23622435680264,-14.48262066016458,0.23733422450573374,-6.24639630336194
2023-01-22,P013,ORCHARD,Imola,1.1212221068519543,111,0.13569404684879757,0.03112434305519134,-8.674392052321563,-15.068998064991405,0.22937147043652448,-6.394606012669843
2023-01-22,P014,ORCHARD,Imola,1.0423997486130316,103,0.21560835679179258,0.04217427293543966,-6.663344102838769,-13.749523957061946,0.1956059290232719,-7.086179854223179
2023-01-22,P015,ORCHARD,Imola,1.7492436176504955,173,0.2092747903197487,0.050645789939027304,-6.792830845348555,-12.95456650644121,0.24200616740146363,-6.1617356610926555
2023-01-22,P016,ORCHARD,Imola,1.3561007198771098,134,0.20895448694033408,0.04585166016954984,-6.799482986887899,-13.386449350338392,0.2194337189927994,-6.586966363450491
2023-01-22,P017,ORCHARD,Castel_Bolognese,4.8815691430335795,493,0.16925910216497358,0.043359678487990494,-7.714479671702646,-13.629139467512488,0.2561733929424289,-5.91465979580984
2023-01-22,P018,ORCHARD,Castel_Bolognese,1.986698681743416,198,0.22704481128415074,0.06424199530121052,-6.438884186976564,-11.921809787062092,0.28294852869731735,-5.482925600085528
2023-01-22,P019,ORCHARD,Castel_Bolognese,1.3057565462515373,128,0.2306816942873411,0.05931344215059653,-6.3698686748768445,-12.268468717240085,0.2571224488958135,-5.898600042363241
2023-01-22,P020,ORCHARD,Castel_Bolognese,3.9838281908742994,399,0.2593364623704351,0.040426358179116904,-5.861364176964946,-13.933353804558868,0.15588381907273827,-8.071989627593922
2023-01-22,P021,ORCHARD,Faenza,2.4495404841857016,244,0.31784152416665046,0.03348607478327439,-4.977893653464179,-14.75135757204004,0.10535462561435803,-9.773463918575862
2023-01-22,P022,ORCHARD,Faenza,2.571818079338909,258,0.2425582895791808,0.0681301470080665,-6.15183878502454,-11.666606739591316,0.2808815444991257,-5.514767954566777
2023-01-22,P023,ORCHARD,Faenza,1.4711440486604825,149,0.19272863954905695,0.058511660546814434,-7.150537442240061,-12.327575765417327,0.30359608558291584,-5.177038323177266
2023-01-22,P024,ORCHARD,Faenza,1.2599808495088698,127,0.17200465776084914,0.04170890478050615,-7.644597925549741,-13.797712139908391,0.24248706589386168,-6.153114214358651
2023-01-22,P025,OLIVE,Imola,1.9150729844597532,192,0.12376738531747833,0.03766842477974327,-9.073937837711028,-14.240225407675087,0.3043485542101354,-5.16628756996406
2023-01-22,P026,OLIVE,Imola,1.1815758805827754,114,0.1247648414747234,0.035922293502249215,-9.039077808773808,-14.446359430633855,0.2879200027639746,-5.407281621860047
2023-01-22,P027,OLIVE,Imola,4.765880858111484,478,0.11371304651636584,0.028463734427825488,-9.441897050130915,-15.45708121293174,0.25031195012200225,-6.015184162800827
2023-01-22,P028,OLIVE,Imola,4.328583603126005,434,0.07239013796989818,0.01957540818777639,-11.403205956397056,-17.08289173236783,0.2704154010027773,-5.679685775970777
2023-01-22,P029,OLIVE,Castel_Bolognese,1.2327611211807428,124,0.1392010310664773,0.03682369765855612,-8.563575478804626,-14.338726038798807,0.2645360984500932,-5.775150559994183
2023-01-22,P030,OLIVE,Castel_Bolognese,0.8616854169272335,83,0.13220743363700718,0.05963269582983241,-8.787441250563573,-12.245155569538413,0.45105403069514066,-3.45771431897484
2023-01-22,P031,OLIVE,Castel_Bolognese,0.8498648283629534,86,0.1409403441777063,0.03795647622237718,-8.509646722860605,-14.207141131101817,0.26930880894202525,-5.6974944082412105
2023-01-22,P032,OLIVE,Faenza,1.8067331179867738,182,0.1856473011916483,0.03630789210201128,-7.3131135985605145,-14.39998963839466,0.1955745753854496,-7.086876039834145
2023-01-22,P033,OLIVE,Faenza,1.810513599398476,181,0.12360892835901587,0.027185243384614175,-9.079501587212235,-15.656667744841666,0.21992944802220124,-6.5771661576294305
2023-01-22,P034,OLIVE,Faenza,1.8238712197133842,182,0.12527344701299956,0.03253139374306896,-9.02140972404007,-14.876973298335008,0.25968307345844166,-5.855563574294936
2023-01-22,P035,OLIVE,Faenza,3.297137421456931,328,0.18046950370005174,0.04327923934991903,-7.435961759952256,-13.63720380735031,0.23981469701302568,-6.201242047398057
2023-01-22,P036,ANNUAL,Imola,1.9843605238570365,201,0.3592717235361166,0.08469783982716093,-4.445769625768153,-10.721276659751652,0.23574869459117478,-6.275507033983501
2023-01-22,P037,ANNUAL,Imola,1.77998878845148,178,0.33464778323521777,0.047486476181598195,-4.7541204749269745,-13.23430056816546,0.1418998677430976,-8.480180093238486
2023-01-22,P038,ANNUAL,Imola,1.6633032750356371,167,0.18625061595422066,0.03245776669752455,-7.299022823108007,-14.8868136572694,0.1742693119764097,-7.587790834161392
2023-01-22,P039,ANNUAL,Imola,3.6919313708525134,370,0.30251236857997404,0.0627884921189901,-5.192568639992215,-12.021199465047228,0.20755677664925273,-6.828630825055012
2023-01-22,P040,ANNUAL,Castel_Bolognese,1.5247924967245798,151,0.20342804239877801,0.04135338482231099,-6.915891801271352,-13.834889371515978,0.20328261696215094,-6.918997570244625
2023-01-22,P041,ANNUAL,Castel_Bolognese,1.4654585177199049,148,0.2870978763377344,0.041662036227314056,-5.419700199667976,-13.802595077758038,0.14511440056179284,-8.382894878090061
2023-01-22,P042,ANNUAL,Castel_Bolognese,2.428693267176382,245,0.2562048871906436,0.04446203137310792,-5.914125902053648,-13.520106992173718,0.17354091821060172,-7.605981090120068
2023-01-22,P043,ANNUAL,Castel_Bolognese,3.5177944746824332,353,0.14056438916803418,0.02333900516736651,-8.521246903168567,-16.319176598386843,0.16603782298990735,-7.797929695218276
2023-01-22,P044,ANNUAL,Faenza,1.6610601958768552,166,0.4154961028371949,0.052572753875101186,-3.8143304534374223,-12.792392730969372,0.12653007697571816,-8.978062277531949
2023-01-22,P045,ANNUAL,Faenza,2.5206803329840266,251,0.29809240848419677,0.0373627847001194,-5.256490839989158,-14.275607626660847,0.1253396048900057,-9.01911678667169
2023-01-22,P046,ANNUAL,Faenza,1.5921051212000719,159,0.2764301025923693,0.055064945452430715,-5.584146650680985,-12.591247866540806,0.19920024966901256,-7.007101215859822
2023-01-22,P047,ANNUAL,Faenza,2.3432589230863856,233,0.17753969985080378,0.03733442923605698,-7.5070451867477175,-14.278904837230481,0.21028777939486842,-6.771859650482765
2023-02-03,P001,VINEYARD,Imola,1.9130941295244592,192,0.07403067062841728,0.02364329228294082,-11.305883164167735,-16.262920489092433,0.3193715804847126,-4.957037324924698
2023-02-03,P002,VINEYARD,Imola,2.5911511834798726,258,0.06873151056771708,0.03930877180871113,-11.628441111467387,-14.055105253743221,0.5719177635414041,-2.426664142275832
2023-02-03,P003,VINEYARD,Imola,3.2184014498998685,323,0.0809116348243627,0.020841784192099245,-10.919890237931266,-16.810651053525667,0.2575869865605995,-5.8907608155944
2023-02-03,P004,VINEYARD,Imola,2.2713803924214653,230,0.11339815299472084,0.02627486340580103,-9.453940190827359,-15.804595330451463,0.2317045093937662,-6.350655139624103
2023-02-03,P005,VINEYARD,Castel_Bolognese,1.3227825441167154,132,0.10712568148631942,0.04046931279343412,-9.70106402270084,-13.928741702699963,0.37777414558246974,-4.2276776799991245
2023-02-03,P006,VINEYARD,Castel_Bolognese,3.283078601794735,329,0.08114883094731616,0.024234107402535468,-10.907177323600754,-16.15572971703233,0.2986377883652921,-5.248552393431577
2023-02-03,P007,VINEYARD,Castel_Bolognese,1.6341771995019418,166,0.08043770204825573,0.01657426275918821,-10.945403448631797,-17.805657803734004,0.20605092310127252,-6.86025435510221
2023-02-03,P008,VINEYARD,Castel_Bolognese,3.1378819555604034,312,0.07266828557774903,0.021796291600017306,-11.38655085752883,-16.61617390553609,0.29994228468066836,-5.2296230480072605
2023-02-03,P009,VINEYARD,Faenza,1.127335037414474,116,0.09318238585095467,0.019962439273387707,-10.306661740268925,-16.997863919942365,0.21422975051655846,-6.691202179673439
2023-02-03,P010,VINEYARD,Faenza,3.0861339275106148,309,0.07568883290062252,0.019634647032661923,-11.20968191403367,-17.069769015310754,0.25941273342715837,-5.8600871012770845
2023-02-03,P011,VINEYARD,Faenza,2.2900730299202556,229,0.07222994674794278,0.016449039584375495,-11.412827053263776,-17.83859454272219,0.22773157568254732,-6.425767489458415
2023-02-03,P012,VINEYARD,Faenza,1.6479114213760804,164,0.09885498557648645,0.02330427481679291,-10.050014229233284,-16.325644069114155,0.23574202839533914,-6.275629839880871
2023-02-03,P013,ORCHARD,Imola,1.1212221068519543,111,0.05951046477164234,0.013852350162090483,-12.254066579191846,-18.58476538813193,0.23277166823088472,-6.330698808940085
2023-02-03,P014,ORCHARD,Imola,1.0423997486130316,103,0.1229192473138999,0.027207672957656453,-9.103801077747605,-15.653086013612347,0.22134591247679863,-6.549284935864742
2023-02-03,P015,ORCHARD,Imola,1.7492436176504955,173,0.12115887694620672,0.030672336277158964,-9.166447609113655,-15.132531430381972,0.2531579777747293,-5.966083821268318
2023-02-03,P016,ORCHARD,Imola,1.3561007198771098,134,0.09750481447510755,0.02311394467894266,-10.109739397029948,-16.361259305008083,0.23705439370733355,-6.251519907978133
2023-02-03,P017,ORCHARD,Castel_Bolognese,4.8815691430335795,493,0.08667246638051032,0.02119711401039247,-10.621188448321776,-16.737232642920365,0.24456571845241706,-6.1160441945985875
2023-02-03,P018,ORCHARD,Castel_Bolognese,1.986698681743416,198,0.12666865886010306,0.03836783945014832,-8.973308276411744,-14.160326558784861,0.30289923170752914,-5.187018282373118
2023-02-03,P019,ORCHARD,Castel_Bolognese,1.3057565462515373,128,0.12012078083353117,0.02820511075333343,-9.203818533745576,-15.496721905860923,0.23480625548398118,-6.292903372115348
2023-02-03,P020,ORCHARD,Castel_Bolognese,3.9838281908742994,399,0.10376555247601112,0.014350016552950243,-9.839467972827434,-18.43147597964776,0.13829268201764483,-8.592008006820326
2023-02-03,P021,ORCHARD,Faenza,2.4495404841857016,244,0.12936911881580704,0.011652090476031919,-8.881693799924214,-19.335961518259655,0.09006856182287146,-10.454267718335437
2023-02-03,P022,ORCHARD,Faenza,2.571818079338909,258,0.12521309256842433,0.03177737034929469,-9.023502579232083,-14.978820445119837,0.2537863229592347,-5.9553178658877535
2023-02-03,P023,ORCHARD,Faenza,1.4711440486604825,149,0.10268611960963114,0.02546061282889955,-9.88488257321406,-15.941311472257118,0.24794600210515255,-6.056428899043058
2023-02-03,P024,ORCHARD,Faenza,1.2599808495088698,127,0.06801537263727798,0.01653401200534908,-11.673929182200611,-17.816217513668317,0.24309227993977187,-6.142288331467705
2023-02-03,P025,OLIVE,Imola,1.9150729844597532,192,0.10137522911342482,0.02215602197005258,-9.940681512509855,-16.545082128759645,0.21855459330467272,-6.604400616249792
2023-02-03,P026,OLIVE,Imola,1.1815758805827754,114,0.07786592517636325,0.02405531767330933,-11.086525518959156,-16.1878890345257,0.3089325352370114,-5.101363515566543
2023-02-03,P027,OLIVE,Imola,4.765880858111484,478,0.06996536556880718,0.019324362423138453,-11.551168923384258,-17.138948260347647,0.27619897739452215,-5.587779336963388
2023-02-03,P028,OLIVE,Imola,4.328583603126005,434,0.05180626455479847,0.012414040386221856,-12.856177210061372,-19.0608684607123,0.23962430977996513,-6.204691250650929
2023-02-03,P029,OLIVE,Castel_Bolognese,1.2327611211807428,124,0.08555998101890568,0.017903715312000242,-10.677293204467631,-17.470568365021833,0.20925338106426375,-6.793275160554202
2023-02-03,P030,OLIVE,Castel_Bolognese,0.8616854169272335,83,0.11790471883064294,0.04684106911341828,-9.284688130465689,-13.293732010300914,0.39727900272337946,-4.009043879835223
2023-02-03,P031,OLIVE,Castel_Bolognese,0.8498648283629534,86,0.09510587450376777,0.018014610301010137,-10.217926567137392,-17.443751282653352,0.18941637827321023,-7.2258247155159605
2023-02-03,P032,OLIVE,Faenza,1.8067331179867738,182,0.10249888777200665,0.01976014547699878,-9.892808471653083,-17.04209862398935,0.19278399899277202,-7.149290152336266
2023-02-03,P033,OLIVE,Faenza,1.810513599398476,181,0.06625221517369233,0.01700533214102381,-11.787995963099807,-17.694148811905265,0.25667567637461197,-5.906152848805457
2023-02-03,P034,OLIVE,Faenza,1.8238712197133842,182,0.09292319414952954,0.022507890439745815,-10.318758701409275,-16.47665207501057,0.2422203696907654,-6.157893373601295
2023-02-03,P035,OLIVE,Faenza,3.297137421456931,328,0.13557360918692699,0.02765504202930393,-8.67824842179553,-15.582256771665783,0.20398543783822665,-6.904008349870253
2023-02-03,P036,ANNUAL,Imola,1.9843605238570365,201,0.15107650797239583,0.01932110296636449,-8.208030621410852,-17.139680850357898,0.12788952581492535,-8.931650228947044
2023-02-03,P037,ANNUAL,Imola,1.77998878845148,178,0.1676844327783819,0.017504800647350677,-7.755072538653507,-17.568428308143183,0.10439132814723287,-9.813355769489675
2023-02-03,P038,ANNUAL,Imola,1.6633032750356371,167,0.0913050426449069,0.01870021730672546,-10.395052363498074,-17.281533466954045,0.20481034524513833,-6.886481103455973
2023-02-03,P039,ANNUAL,Imola,3.6919313708525134,370,0.11521679803326323,0.018055132359920723,-9.384841983319165,-17.433993234668698,0.15670572926968673,-8.049151251349532
2023-02-03,P040,ANNUAL,Castel_Bolognese,1.5247924967245798,151,0.09873740268957536,0.018472009912034532,-10.055183011839496,-17.334858470494797,0.1870821938684113,-7.2796754586553005
2023-02-03,P041,ANNUAL,Castel_Bolognese,1.4654585177199049,148,0.12238926002504052,0.015458413887441763,-9.122566909854529,-18.10835068973306,0.126305313752849,-8.985783779878533
2023-02-03,P042,ANNUAL,Castel_Bolognese,2.428693267176382,245,0.09753059487865896,0.015406175375897058,-10.108591268379268,-18.123051626639086,0.15796248751547542,-8.014460358259818
2023-02-03,P043,ANNUAL,Castel_Bolognese,3.5177944746824332,353,0.06351208138060638,0.007932512409504893,-11.97143654584176,-21.00589239823165,0.12489769248732434,-9.034455852389891
2023-02-03,P044,ANNUAL,Faenza,1.6610601958768552,166,0.2015543500612299,0.025558937736506384,-6.9560782421794585,-15.924571999956532,0.12680915955791514,-8.968493757777074
2023-02-03,P045,ANNUAL,Faenza,2.5206803329840266,251,0.1028181380959621,0.011727177259694058,-9.879302649114177,-19.30806510311109,0.11405747543053991,-9.428762453996914
2023-02-03,P046,ANNUAL,Faenza,1.5921051212000719,159,0.1440809283803844,0.020534108351892646,-8.413935018183185,-16.875241506754456,0.14251787924131826,-8.461306488571271
2023-02-03,P047,ANNUAL,Faenza,2.3432589230863856,233,0.07994468566909624,0.009473056517453473,-10.972104007269595,-20.23509871631266,0.11849513745871688,-9.262994709043065
2023-02-15,P001,VINEYARD,Imola,1.9130941295244592,192,0.06317867615143768,0.018492043571313843,-11.994294785598523,-17.33015091939619,0.29269438199352077,-5.335856133797668
2023-02-15,P002,VINEYARD,Imola,2.5911511834798726,258,0.055582717093530784,0.03983787908002214,-12.55060227082129,-13.997037909401493,0.7167314079480082,-1.4464356385802053
2023-02-15,P003,VINEYARD,Imola,3.2184014498998685,323,0.054647472632281924,0.01814108016257731,-12.62429918750601,-17.413368575912106,0.33196558392822767,-4.789069388406096
2023-02-15,P004,VINEYARD,Imola,2.2713803924214653,230,0.10646884096381456,0.02977073795931495,-9.727774737035675,-15.262103998952256,0.2796192547022569,-5.534329261916583
2023-02-15,P005,VINEYARD,Castel_Bolognese,1.3227825441167154,132,0.0854890277383454,0.03776387792701522,-10.680896220961156,-14.22923414908167,0.44173947143952075,-3.548337928120512
2023-02-15,P006,VINEYARD,Castel_Bolognese,3.283078601794735,329,0.06921934323968496,0.01830961493956418,-11.597725256534757,-17.37320789034236,0.2645158720469754,-5.775482633807605
2023-02-15,P007,VINEYARD,Castel_Bolognese,1.6341771995019418,166,0.0426560961220593,0.012583863124789962,-13.700188936176765,-19.00186014198479,0.29500737922152015,-5.301671205808023
2023-02-15,P008,VINEYARD,Castel_Bolognese,3.1378819555604034,312,0.056530521773637675,0.018407268528020583,-12.477170060069628,-17.350106520836626,0.3256164625850772,-4.872936460766997
2023-02-15,P009,VINEYARD,Faenza,1.127335037414474,116,0.06564254032704851,0.016469643928977692,-11.828146203570375,-17.833157901047922,0.2508989421634441,-6.005011697477548
2023-02-15,P010,VINEYARD,Faenza,3.0861339275106148,309,0.058543850821488115,0.01635528410239368,-12.3251871450353,-17.86341907483345,0.27936809541730023,-5.5382319297981475
2023-02-15,P011,VINEYARD,Faenza,2.2900730299202556,229,0.05585129632651155,0.011548752753129107,-12.5296674231709,-19.374649163504017,0.20677680757155736,-6.844981740333118
2023-02-15,P012,VINEYARD,Faenza,1.6479114213760804,164,0.07151809768614972,0.017329722126128107,-11.455840458815391,-17.61208400936212,0.24231240324900588,-6.15624355054673
2023-02-15,P013,ORCHARD,Imola,1.1212221068519543,111,0.053578742083396996,0.01570546609844576,-12.71007486932595,-18.039491703142335,0.29312868290188127,-5.329416833816383
2023-02-15,P014,ORCHARD,Imola,1.0423997486130316,103,0.10072622487990601,0.022272475000507046,-9.968574426752538,-16.522315198614077,0.22111892932612237,-6.5537407718615395
2023-02-15,P015,ORCHARD,Imola,1.7492436176504955,173,0.09019228072051023,0.019729306221525102,-10.448306307944787,-17.048881863879966,0.2187471706438237,-6.600575555935183
2023-02-15,P016,ORCHARD,Imola,1.3561007198771098,134,0.0870471812173057,0.018441447842198967,-10.60245287747,-17.342049853868463,0.2118557727465235,-6.739596976398463
2023-02-15,P017,ORCHARD,Castel_Bolognese,4.8815691430335795,493,0.08232852327306783,0.021240342991203674,-10.844496744598471,-16.728384745027913,0.25799494691230584,-5.883888000429444
2023-02-15,P018,ORCHARD,Castel_Bolognese,1.986698681743416,198,0.12030646887918313,0.03413043569566475,-9.19711020016753,-14.668581676541114,0.283695764771718,-5.471471476373586
2023-02-15,P019,ORCHARD,Castel_Bolognese,1.3057565462515373,128,0.0923325485055102,0.02628990411903942,-10.346451771480814,-15.802109977904815,0.2847306236486096,-5.455658206424001
2023-02-15,P020,ORCHARD,Castel_Bolognese,3.9838281908742994,399,0.06552830163884282,0.009586872084224993,-11.835710879333343,-20.18323067297104,0.14630124456853372,-8.347519793637698
2023-02-15,P021,ORCHARD,Faenza,2.4495404841857016,244,0.07755289314559004,0.007129243098878775,-11.104019959970161,-21.469565760989656,0.09192749373637225,-10.365545801019495
2023-02-15,P022,ORCHARD,Faenza,2.571818079338909,258,0.08015613630414009,0.01897715968115963,-10.960632248879099,-17.217687880681797,0.23675242540575714,-6.257055631802699
2023-02-15,P023,ORCHARD,Faenza,1.4711440486604825,149,0.07516412751986676,0.02357011615617463,-11.239893793181405,-16.276382772185112,0.3135819829737899,-5.036488979003706
2023-02-15,P024,ORCHARD,Faenza,1.2599808495088698,127,0.05939623044701073,0.014173128044482057,-12.262411164331187,-18.485342893054437,0.23861999217486296,-6.2229317287232515
2023-02-15,P025,OLIVE,Imola,1.9150729844597532,192,0.08597774333126533,0.019745757842125993,-10.656139580517719,-17.045261933866694,0.2296612713600446,-6.389122353348978
2023-02-15,P026,OLIVE,Imola,1.1815758805827754,114,0.08370985170793638,0.023868737317490996,-10.772234274235135,-16.221705550422882,0.28513653805968986,-5.449471276187746
2023-02-15,P027,OLIVE,Imola,4.765880858111484,478,0.05779565083618942,0.01893725614336214,-12.381048413183894,-17.226829465641316,0.3276588440371772,-4.845781052457424
2023-02-15,P028,OLIVE,Imola,4.328583603126005,434,0.04577417012887754,0.012669638164066774,-13.393795205755003,-18.97235788083653,0.2767857533712858,-5.5785626750815265
2023-02-15,P029,OLIVE,Castel_Bolognese,1.2327611211807428,124,0.07645388919439527,0.01808106592826305,-11.166004172143396,-17.42775970259047,0.23649635249149034,-6.261755530447074
2023-02-15,P030,OLIVE,Castel_Bolognese,0.8616854169272335,83,0.10296753246382058,0.03722054762653557,-9.872996946602427,-14.292172413763177,0.36147848487690676,-4.41917546716075
2023-02-15,P031,OLIVE,Castel_Bolognese,0.8498648283629534,86,0.08213642581777517,0.01885310595660189,-10.854641994783519,-17.246170916812748,0.22953404374362105,-6.391528922029229
2023-02-15,P032,OLIVE,Faenza,1.8067331179867738,182,0.09062411039453613,0.018259639094409707,-10.427562436224981,-17.38507810638266,0.20148765063640953,-6.95751567015768
2023-02-15,P033,OLIVE,Faenza,1.810513599398476,181,0.0562354159947917,0.0161739071607281,-12.49990087869184,-17.911850540966284,0.2876106964733054,-5.411949662274448
2023-02-15,P034,OLIVE,Faenza,1.8238712197133842,182,0.09052252303808928,0.02360711736952538,-10.432433499200329,-16.269570407459177,0.2607872226406259,-5.837136908258849
2023-02-15,P035,OLIVE,Faenza,3.297137421456931,328,0.09630144599302695,0.02258595541863498,-10.163671917739311,-16.461615334282534,0.2345339178008853,-6.297943416543223
2023-02-15,P036,ANNUAL,Imola,1.9843605238570365,201,0.12062055469300617,0.014812532190316871,-9.185786786875015,-18.293706928441807,0.1228027198848202,-9.10792014156679
2023-02-15,P037,ANNUAL,Imola,1.77998878845148,178,0.11496046398965161,0.01512538893880804,-9.394514920229375,-18.202934489527593,0.1315703539624682,-8.808419569298216
2023-02-15,P038,ANNUAL,Imola,1.6633032750356371,167,0.07432275262109177,0.015353548109062953,-11.288782141649351,-18.137912458464342,0.2065793793636463,-6.849130316814987
2023-02-15,P039,ANNUAL,Imola,3.6919313708525134,370,0.10044243937811335,0.017798776754706695,-9.980827484124283,-17.496098441481777,0.17720374838472006,-7.515270957357493
2023-02-15,P040,ANNUAL,Castel_Bolognese,1.5247924967245798,151,0.13661922756212436,0.01958179037512237,-8.644881744722673,-17.081476029062642,0.14333114543645048,-8.436594284339968
2023-02-15,P041,ANNUAL,Castel_Bolognese,1.4654585177199049,148,0.0923432323930634,0.01136154484953983,-10.345949274251103,-19.445626128137867,0.12303603150016311,-9.099676853886765
2023-02-15,P042,ANNUAL,Castel_Bolognese,2.428693267176382,245,0.0826990610406715,0.010881346668477874,-10.824994213684942,-19.633173533053917,0.13157763258190336,-8.808179319368975
2023-02-15,P043,ANNUAL,Castel_Bolognese,3.5177944746824332,353,0.0402330085899016,0.008726554890440266,-13.954174900452532,-20.59157175237075,0.2169003809630735,-6.6373968519182185
2023-02-15,P044,ANNUAL,Faenza,1.6610601958768552,166,0.1161045586488333,0.016743297217391342,-9.351507280894532,-17.761590133491573,0.1442087839809345,-8.410082852597041
2023-02-15,P045,ANNUAL,Faenza,2.5206803329840266,251,0.07710347616251009,0.0098073252354307,-11.129260416096866,-20.084494221700634,0.12719692708484265,-8.955233805603767
2023-02-15,P046,ANNUAL,Faenza,1.5921051212000719,159,0.09776645670381356,0.018061318566565805,-10.098101244272087,-17.432505471963765,0.18473942061010878,-7.334404227691679
2023-02-15,P047,ANNUAL,Faenza,2.3432589230863856,233,0.06156023643319315,0.007561732743079314,-12.106997208510537,-21.213786761214596,0.1228346929967612,-9.106789552704061
2023-02-27,P001,VINEYARD,Imola,1.9130941295244592,192,0.11917145340703428,0.029217293743082944,-9.238277639964632,-15.343600131407971,0.2451702392458893,-6.105322491443337
2023-02-27,P002,VINEYARD,Imola,2.5911511834798726,258,0.10767513138148212,0.05063705382753135,-9.678845896538888,-12.955315704406887,0.4702762204963501,-3.2764698078679984
2023-02-27,P003,VINEYARD,Imola,3.2184014498998685,323,0.12880804785311037,0.03151032887687532,-8.900570016578246,-15.015470640215952,0.24463012522951166,-6.114900623637704
2023-02-27,P004,VINEYARD,Imola,2.2713803924214653,230,0.2853619726779668,0.0447548022777166,-5.4460390142624036,-13.491603572013817,0.15683520077225827,-8.045564557751415
2023-02-27,P005,VINEYARD,Castel_Bolognese,1.3227825441167154,132,0.12936122073425035,0.042414321140809494,-8.881958948050618,-13.724874796739833,0.32787508420272393,-4.842915848689216
2023-02-27,P006,VINEYARD,Castel_Bolognese,3.283078601794735,329,0.14859780726960004,0.044307665166227105,-8.27987599039367,-13.535211349185177,0.2981717293165706,-5.2553353587915055
2023-02-27,P007,VINEYARD,Castel_Bolognese,1.6341771995019418,166,0.12326350583728538,0.024338055340326334,-9.091654843082882,-16.137141257240877,0.1974473723995317,-7.045486414157994
2023-02-27,P008,VINEYARD,Castel_Bolognese,3.1378819555604034,312,0.13263541735851994,0.03603276998425523,-8.773404916964598,-14.433023506269036,0.27166778453191665,-5.659618589304438
2023-02-27,P009,VINEYARD,Faenza,1.127335037414474,116,0.14344277570088362,0.034360702173655916,-8.433213195145168,-14.639379697817674,0.23954292578182626,-6.206166502672507
2023-02-27,P010,VINEYARD,Faenza,3.0861339275106148,309,0.12571043445213329,0.03358325580870401,-9.006286726966454,-14.738772024442103,0.2671477189229785,-5.732485297475646
2023-02-27,P011,VINEYARD,Faenza,2.2900730299202556,229,0.10114611939051266,0.02475042052070842,-9.950507748765311,-16.064174178103436,0.2446996550124687,-6.113666429338127
2023-02-27,P012,VINEYARD,Faenza,1.6479114213760804,164,0.13348037183920786,0.039676330949565984,-8.745825921918689,-14.014684958432559,0.29724468401511944,-5.26885903651387
2023-02-27,P013,ORCHARD,Imola,1.1212221068519543,111,0.133823418972997,0.02781677505353818,-8.734678787897327,-15.556932214912694,0.20786178732401892,-6.822253427015364
2023-02-27,P014,ORCHARD,Imola,1.0423997486130316,103,0.1626886827419105,0.031044821978266378,-7.886426572271771,-15.080108262054434,0.19082348848761604,-7.193681689782663
2023-02-27,P015,ORCHARD,Imola,1.7492436176504955,173,0.16655702568116904,0.039688902094185005,-7.784370432477399,-14.013309147242817,0.23829017078006237,-6.228938714765418
2023-02-27,P016,ORCHARD,Imola,1.3561007198771098,134,0.21984292472253986,0.034341180238372356,-6.5788750686212385,-14.641847830771315,0.15620780282883243,-8.062972762150077
2023-02-27,P017,ORCHARD,Castel_Bolognese,4.8815691430335795,493,0.1550758775195171,0.03672904315504716,-8.094557526372453,-14.349903855097534,0.23684562513873003,-6.255346328725081
2023-02-27,P018,ORCHARD,Castel_Bolognese,1.986698681743416,198,0.16962868517095392,0.04408151548205301,-7.705007042134139,-13.557434832538359,0.25987064297307444,-5.852427790404221
2023-02-27,P019,ORCHARD,Castel_Bolognese,1.3057565462515373,128,0.1810268476838246,0.04516946520016063,-7.422570111182477,-13.451550513910991,0.2495180454064587,-6.028980402728513
2023-02-27,P020,ORCHARD,Castel_Bolognese,3.9838281908742994,399,0.19754721516542567,0.031299984601926165,-7.043290882139365,-15.044558761053132,0.1584430566420064,-8.001267878913769
2023-02-27,P021,ORCHARD,Faenza,2.4495404841857016,244,0.2753367139118128,0.027041373417529536,-5.601358751078776,-15.67971254575556,0.09821201478488836,-10.078353794676785
2023-02-27,P022,ORCHARD,Faenza,2.571818079338909,258,0.28110934594689413,0.06158662743707614,-5.511247153114807,-12.105135777829556,0.219084240083255,-6.59388862471475
2023-02-27,P023,ORCHARD,Faenza,1.4711440486604825,149,0.16707194750290988,0.04056572227820054,-7.770964649327005,-13.918407869449894,0.24280391103655513,-6.147443220122889
2023-02-27,P024,ORCHARD,Faenza,1.2599808495088698,127,0.10653805512729592,0.024402411082598167,-9.724952356081907,-16.12567261032758,0.2290487756083138,-6.400720254245674
2023-02-27,P025,OLIVE,Imola,1.9150729844597532,192,0.12613367739443979,0.03371742865905011,-8.99168942341629,-14.72145552723626,0.2673150371538794,-5.729766103819972
2023-02-27,P026,OLIVE,Imola,1.1815758805827754,114,0.10239527266668647,0.030854388466921814,-9.89720093186005,-15.106830568682398,0.3013262982106405,-5.209629636822347
2023-02-27,P027,OLIVE,Imola,4.765880858111484,478,0.09305894872072351,0.02669344833471411,-10.312418579640195,-15.735953192060366,0.28684450771975767,-5.4235346124201715
2023-02-27,P028,OLIVE,Imola,4.328583603126005,434,0.07986439375232579,0.021511616044750756,-10.976468007044222,-16.673269623250192,0.2693517728496411,-5.6968016162059705
2023-02-27,P029,OLIVE,Castel_Bolognese,1.2327611211807428,124,0.12725973330558307,0.037295452356638926,-8.953089912367973,-14.283441209212022,0.293065617755799,-5.3303512968440465
2023-02-27,P030,OLIVE,Castel_Bolognese,0.8616854169272335,83,0.1284862219928259,0.05804168702249067,-8.911434406852361,-12.362599729760188,0.45173471616070604,-3.4511653229078263
2023-02-27,P031,OLIVE,Castel_Bolognese,0.8498648283629534,86,0.1116340005293835,0.038096930620498785,-9.522035115509777,-14.191100129930872,0.3412663744006127,-4.669065014421095
2023-02-27,P032,OLIVE,Faenza,1.8067331179867738,182,0.1509030337680827,0.03210968765235701,-8.213020290415503,-14.933639190214002,0.2127835792997058,-6.7206188997985
2023-02-27,P033,OLIVE,Faenza,1.810513599398476,181,0.10748128979904217,0.02780881081064597,-9.686671305785994,-15.558175824920756,0.2587316440158107,-5.871504519134763
2023-02-27,P034,OLIVE,Faenza,1.8238712197133842,182,0.11679884079065951,0.03761044072990234,-9.325614675037409,-14.246915773608205,0.32201039389861885,-4.921301098570795
2023-02-27,P035,OLIVE,Faenza,3.297137421456931,328,0.1726544263727236,0.04533376854066396,-7.628222830857016,-13.43578177072204,0.2625693965285208,-5.807558939865022
2023-02-27,P036,ANNUAL,Imola,1.9843605238570365,201,0.3646499263632357,0.040717648175447735,-4.381238698016375,-13.902173145102498,0.11166229644288479,-9.520934447086123
2023-02-27,P037,ANNUAL,Imola,1.77998878845148,178,0.2498069725763262,0.03145711911905013,-6.023954438275275,-15.022810531046185,0.12592570493379124,-8.998856092770907
2023-02-27,P038,ANNUAL,Imola,1.6633032750356371,167,0.15166865621587475,0.03045809596866191,-8.191041610653501,-15.162972492648926,0.20081997644463828,-6.971930881995424
2023-02-27,P039,ANNUAL,Imola,3.6919313708525134,370,0.21810342844676328,0.032935668193307274,-6.613375075354307,-14.82333521239547,0.15100940149295508,-8.209960137041163
2023-02-27,P040,ANNUAL,Castel_Bolognese,1.5247924967245798,151,0.4439389605494524,0.054976497264887327,-3.5267673916219033,-12.598229339540074,0.12383796456351624,-9.071461947918172
2023-02-27,P041,ANNUAL,Castel_Bolognese,1.4654585177199049,148,0.27486787313545075,0.0379296692365126,-5.608760180152289,-14.21020944520614,0.13799236994794742,-8.601449265053851
2023-02-27,P042,ANNUAL,Castel_Bolognese,2.428693267176382,245,0.20870860069990158,0.033363199904941174,-6.8045965366792505,-14.767323023264908,0.15985541464538652,-7.962726486585656
2023-02-27,P043,ANNUAL,Castel_Bolognese,3.5177944746824332,353,0.11912270286054516,0.035030722603592336,-9.240054611247269,-14.555509040892156,0.2940725970984908,-5.315454429644888
2023-02-27,P044,ANNUAL,Faenza,1.6610601958768552,166,0.4240825716630522,0.05787811476557729,-3.7254957518493463,-12.374856233761005,0.13647840923668844,-8.649360481911657
2023-02-27,P045,ANNUAL,Faenza,2.5206803329840266,251,0.2273964390188337,0.031114908462145412,-6.432163405567258,-15.070314723412046,0.13683111572195014,-8.63815131784479
2023-02-27,P046,ANNUAL,Faenza,1.5921051212000719,159,0.26555485175278204,0.05759217925721182,-5.758457595048245,-12.396364876886189,0.21687488997876486,-6.6379072818379425
2023-02-27,P047,ANNUAL,Faenza,2.3432589230863856,233,0.18406083001535337,0.03466480632628366,-7.3503862387049965,-14.601112218797851,0.18833342391964714,-7.250725980092854
2023-03-11,P001,VINEYARD,Imola,1.9130941295244592,192,0.07460376932188713,0.02083026698892354,-11.27239229439648,-16.813051635100976,0.27921199127417806,-5.540659340704495
2023-03-11,P002,VINEYARD,Imola,2.5911511834798726,258,0.0671264419129999,0.04205241928223607,-11.731063723071593,-13.762090141181071,0.6264657873083553,-2.0310264181094793
2023-03-11,P003,VINEYARD,Imola,3.2184014498998685,323,0.09908082394431066,0.027058487729206913,-10.040103905300878,-15.67696479327951,0.2730951020796456,-5.636860887978631
2023-03-11,P004,VINEYARD,Imola,2.2713803924214653,230,0.13047435863510423,0.026213249643130796,-8.844748293023141,-15.81479136451452,0.20090728873740638,-6.9700430714913795
2023-03-11,P005,VINEYARD,Castel_Bolognese,1.3227825441167154,132,0.09177141455989896,0.04197819821649429,-10.372925740510937,-13.769762060925217,0.45742128328092,-3.39683632041428
2023-03-11,P006,VINEYARD,Castel_Bolognese,3.283078601794735,329,0.1059334928164185,0.02730586389532613,-9.749667080165988,-15.63744078823072,0.2577642176176223,-5.887773708064729
2023-03-11,P007,VINEYARD,Castel_Bolognese,1.6341771995019418,166,0.056992758654551695,0.016385883362178343,-12.441803211020881,-17.855301408560088,0.28750816330014045,-5.413498197539207
2023-03-11,P008,VINEYARD,Castel_Bolognese,3.1378819555604034,312,0.08511332833829026,0.02617068119191875,-10.70002426160664,-15.82184973040622,0.3074804111513666,-5.121825468799578
2023-03-11,P009,VINEYARD,Faenza,1.127335037414474,116,0.10278397456518021,0.03001560976503995,-9.880745925435166,-15.226528295560762,0.29202616353394295,-5.345782370125597
2023-03-11,P010,VINEYARD,Faenza,3.0861339275106148,309,0.08321813141933151,0.023620028965006368,-10.79782040085779,-16.26719574151178,0.28383272445744256,-5.46937534065399
2023-03-11,P011,VINEYARD,Faenza,2.2900730299202556,229,0.07647293574262135,0.019650695318819786,-11.16492237229042,-17.066220779713007,0.25696274280559217,-5.901298407422589
2023-03-11,P012,VINEYARD,Faenza,1.6479114213760804,164,0.09832734673670153,0.03147612845457,-10.073256796739976,-15.020186909958667,0.32011571042241155,-4.946930113218692
2023-03-11,P013,ORCHARD,Imola,1.1212221068519543,111,0.10043772632205808,0.020294377282429655,-9.981031272709478,-16.926242701389455,0.20205930605552364,-6.945211428679978
2023-03-11,P014,ORCHARD,Imola,1.0423997486130316,103,0.11432716572313632,0.028421551097654603,-9.418505629392005,-15.463522242702561,0.24859840544357123,-6.045016613310556
2023-03-11,P015,ORCHARD,Imola,1.7492436176504955,173,0.09532985491731952,0.025343974987637102,-10.207710679309077,-15.961252687023645,0.2658555917201193,-5.753542007714567
2023-03-11,P016,ORCHARD,Imola,1.3561007198771098,134,0.11710557869788427,0.023789983875215498,-9.314224154315005,-16.236058523262187,0.20314987671586743,-6.921834368947182
2023-03-11,P017,ORCHARD,Castel_Bolognese,4.8815691430335795,493,0.10182792924979275,0.027691693865065037,-9.921330878589735,-15.576504782106761,0.27194595892385187,-5.655173903517028
2023-03-11,P018,ORCHARD,Castel_Bolognese,1.986698681743416,198,0.15103252525582458,0.034558906321028114,-8.209295161635742,-14.614400100084847,0.22881764217668304,-6.405104938449106
2023-03-11,P019,ORCHARD,Castel_Bolognese,1.3057565462515373,128,0.13790503476047888,0.037012730124843074,-8.604198779229277,-14.316488793895054,0.2683928849235188,-5.712290014665778
2023-03-11,P020,ORCHARD,Castel_Bolognese,3.9838281908742994,399,0.08865995731736932,0.015385087970457505,-10.522724821144582,-18.12900016155227,0.17352916058130585,-7.606275340407685
2023-03-11,P021,ORCHARD,Faenza,2.4495404841857016,244,0.1035786263690498,0.010851345039316316,-9.84729852772629,-19.645164270736228,0.10476432657692392,-9.797865743009938
2023-03-11,P022,ORCHARD,Faenza,2.571818079338909,258,0.11013503111321335,0.03033484304107206,-9.580745211795186,-15.180582478461119,0.27543319082453743,-5.5998372666659355
2023-03-11,P023,ORCHARD,Faenza,1.4711440486604825,149,0.11432111053258781,0.044091093332050434,-9.418735653942004,-13.556491317885751,0.38567761567958214,-4.1377556639437465
2023-03-11,P024,ORCHARD,Faenza,1.2599808495088698,127,0.08044118902052012,0.019634239034595217,-10.945215186168877,-17.06985926045226,0.24408190969910484,-6.1246440742833865
2023-03-11,P025,OLIVE,Imola,1.9150729844597532,192,0.09350064600585029,0.02598017487616744,-10.291853885306175,-15.853579299566427,0.27786091311649197,-5.561725414260252
2023-03-11,P026,OLIVE,Imola,1.1815758805827754,114,0.09069640906691029,0.02575759019849724,-10.424099075738445,-15.8909477067753,0.28399790535802644,-5.466848631036855
2023-03-11,P027,OLIVE,Imola,4.765880858111484,478,0.0726914294278366,0.021813198851000627,-11.385167909513616,-16.61280641552501,0.30007937693198583,-5.227638506011397
2023-03-11,P028,OLIVE,Imola,4.328583603126005,434,0.06666735600903287,0.017166119699756944,-11.760867684151112,-17.65327863454885,0.2574891330238307,-5.892410950397736
2023-03-11,P029,OLIVE,Castel_Bolognese,1.2327611211807428,124,0.10889515633724871,0.02908699205070133,-9.629914372578888,-15.363011877706597,0.2671100628261078,-5.73309750512771
2023-03-11,P030,OLIVE,Castel_Bolognese,0.8616854169272335,83,0.12750652764576026,0.04806865233344486,-8.944675811283323,-13.181380537056128,0.3769897370822426,-4.236704725772805
2023-03-11,P031,OLIVE,Castel_Bolognese,0.8498648283629534,86,0.07565864160397025,0.018118514479029665,-11.211414604156769,-17.4187741261987,0.2394771316919716,-6.207359522041928
2023-03-11,P032,OLIVE,Faenza,1.8067331179867738,182,0.0954071703459044,0.02007990325852246,-10.204189845764242,-16.972383838771712,0.21046534747568313,-6.768193993007472
2023-03-11,P033,OLIVE,Faenza,1.810513599398476,181,0.07332062192816925,0.01627592085371854,-11.347738598742165,-17.88454430693714,0.22198285319597716,-6.536805708194974
2023-03-11,P034,OLIVE,Faenza,1.8238712197133842,182,0.08705597408729923,0.0341063895887071,-10.602014207083489,-14.671642514131879,0.39177540595324806,-4.06962830704839
2023-03-11,P035,OLIVE,Faenza,3.297137421456931,328,0.11989054076441723,0.02901073788199006,-9.21215080920121,-15.374412248684441,0.24197687071072305,-6.162261439483231
2023-03-11,P036,ANNUAL,Imola,1.9843605238570365,201,0.13547669335347207,0.01535485287090365,-8.68135411937843,-18.137543405794794,0.11333944231161092,-9.456189286416365
2023-03-11,P037,ANNUAL,Imola,1.77998878845148,178,0.13104099353377738,0.014839658929621068,-8.825928228134998,-18.28576080639588,0.11324440184281699,-9.459832578260881
2023-03-11,P038,ANNUAL,Imola,1.6633032750356371,167,0.0656779854820517,0.017700934422921814,-11.8258017664754,-17.520038068581286,0.2695109220083962,-5.694236302105883
2023-03-11,P039,ANNUAL,Imola,3.6919313708525134,370,0.09435159563514832,0.01568433651448907,-10.25250750828352,-18.045338482885708,0.16623286981959914,-7.792830974602188
2023-03-11,P040,ANNUAL,Castel_Bolognese,1.5247924967245798,151,0.15205455740407997,0.0179885658589716,-8.180005585794863,-17.45003459465023,0.11830336535831398,-9.270029008855365
2023-03-11,P041,ANNUAL,Castel_Bolognese,1.4654585177199049,148,0.09367363950287974,0.009834666053663838,-10.283826057941612,-20.072403824160588,0.10498861905927652,-9.788577766218975
2023-03-11,P042,ANNUAL,Castel_Bolognese,2.428693267176382,245,0.10032955652140842,0.010907500668675924,-9.985711074259912,-19.62274751717053,0.1087167236341613,-9.637036442910617
2023-03-11,P043,ANNUAL,Castel_Bolognese,3.5177944746824332,353,0.05583359271541195,0.01490761932887918,-12.531044257716857,-18.265917056336505,0.26700089684116235,-5.734872798619648
2023-03-11,P044,ANNUAL,Faenza,1.6610601958768552,166,0.10996392086507326,0.017029723424621553,-9.58749783381974,-17.687924052456236,0.1548664624783358,-8.100426218636496
2023-03-11,P045,ANNUAL,Faenza,2.5206803329840266,251,0.08967272476460117,0.01247734939716608,-10.473396337176695,-19.038776634072985,0.1391431946550105,-8.56538029689629
2023-03-11,P046,ANNUAL,Faenza,1.5921051212000719,159,0.13542121234086324,0.025409349281364266,-8.683133025560931,-15.950064568359508,0.1876319731757195,-7.266931542798577
2023-03-11,P047,ANNUAL,Faenza,2.3432589230863856,233,0.08770621810987783,0.02035064104536764,-10.569696153559986,-16.914219059433837,0.23203190701795484,-6.344522905873852
2023-03-23,P001,VINEYARD,Imola,1.9130941295244592,192,0.07399224597126401,0.02599365149944788,-11.308137898411442,-15.851327080068769,0.35130237173153117,-4.543189181657326
2023-03-23,P002,VINEYARD,Imola,2.5911511834798726,258,0.06291362164224419,0.04523535703431613,-12.012553137981419,-13.445219775276435,0.7190073604655156,-1.4326666372950152
2023-03-23,P003,VINEYARD,Imola,3.2184014498998685,323,0.11064934318210502,0.0299743913393756,-9.560511597144371,-15.232496269325111,0.2708953390716852,-5.67198467218074
2023-03-23,P004,VINEYARD,Imola,2.2713803924214653,230,0.13900633315839198,0.02829199436566104,-8.56965412745286,-15.483364370791481,0.20353025450591147,-6.913710243338621
2023-03-23,P005,VINEYARD,Castel_Bolognese,1.3227825441167154,132,0.12803971122555208,0.04575775979989857,-8.926553140131496,-13.395352458050171,0.3573716260519571,-4.468799317918676
2023-03-23,P006,VINEYARD,Castel_Bolognese,3.283078601794735,329,0.11232628746915009,0.02754279857042803,-9.495185948801131,-15.599919340157468,0.2452034976940953,-6.104733391356337
2023-03-23,P007,VINEYARD,Castel_Bolognese,1.6341771995019418,166,0.08999634605933385,0.019160660250247062,-10.457751229882602,-17.1758952980348,0.21290486880005768,-6.7181440681522
2023-03-23,P008,VINEYARD,Castel_Bolognese,3.1378819555604034,312,0.08744740295104492,0.024064346688250318,-10.582530838500094,-16.18625924285365,0.27518652213973804,-5.603728404353556
2023-03-23,P009,VINEYARD,Faenza,1.127335037414474,116,0.09312003982606633,0.030497978545789575,-10.309568469528084,-15.157289454238004,0.32751251613245685,-4.847720984709919
2023-03-23,P010,VINEYARD,Faenza,3.0861339275106148,309,0.09001327258109756,0.024804248055593867,-10.45693448519118,-16.054739341289515,0.2755621181670342,-5.597804856098334
2023-03-23,P011,VINEYARD,Faenza,2.2900730299202556,229,0.0798568986600273,0.020841080286666164,-10.976875601696108,-16.810797733581953,0.26098033653162955,-5.833922131885847
2023-03-23,P012,VINEYARD,Faenza,1.6479114213760804,164,0.10326553133838787,0.026986567141692633,-9.860446160174282,-15.688523568751268,0.2613317996036947,-5.828077408576987
2023-03-23,P013,ORCHARD,Imola,1.1212221068519543,111,0.10094516083329648,0.025474443117173406,-9.959144956779442,-15.938953010911973,0.2523592305652232,-5.9798080541325325
2023-03-23,P014,ORCHARD,Imola,1.0423997486130316,103,0.12872636781155483,0.030399160956945812,-8.903324847805527,-15.171384031279974,0.2361533341906125,-6.268059183474445
2023-03-23,P015,ORCHARD,Imola,1.7492436176504955,173,0.12428990495256606,0.028363896038577047,-9.055641440971927,-15.472341151024313,0.2282075607781809,-6.416699710052384
2023-03-23,P016,ORCHARD,Imola,1.3561007198771098,134,0.1406865350957682,0.029346039866222376,-8.517474662712768,-15.324504968111366,0.20859167400949868,-6.807030305398598
2023-03-23,P017,ORCHARD,Castel_Bolognese,4.8815691430335795,493,0.11041641291268699,0.02628590566111808,-9.569663658494829,-15.802770550978998,0.2380615795036192,-6.2331068924841695
2023-03-23,P018,ORCHARD,Castel_Bolognese,1.986698681743416,198,0.1506314045853085,0.039138784020612334,-8.220844742425452,-14.073926713029945,0.2598315014612142,-5.853081970604493
2023-03-23,P019,ORCHARD,Castel_Bolognese,1.3057565462515373,128,0.1918534955184441,0.03977861085149925,-7.170302836663839,-14.00350387377056,0.20733847326578983,-6.833201037106721
2023-03-23,P020,ORCHARD,Castel_Bolognese,3.9838281908742994,399,0.15055139098587192,0.02625762634119369,-8.223152275660485,-15.80744536186931,0.17440972261530127,-7.584293086208826
2023-03-23,P021,ORCHARD,Faenza,2.4495404841857016,244,0.1355001226250754,0.016585996294333064,-8.680603117610183,-17.802584359843788,0.12240576593591723,-9.121981242233607
2023-03-23,P022,ORCHARD,Faenza,2.571818079338909,258,0.16886080749506174,0.04013594137793479,-7.724711382547268,-13.964665463050515,0.23768654179335572,-6.239954080503248
2023-03-23,P023,ORCHARD,Faenza,1.4711440486604825,149,0.10551043878615703,0.038539759780361546,-9.767045708596086,-14.14090996644462,0.3652696379973539,-4.373864257848533
2023-03-23,P024,ORCHARD,Faenza,1.2599808495088698,127,0.08596352338204234,0.01974311156389047,-10.656857924125697,-17.04584400372804,0.22966847782805955,-6.3889860796023425
2023-03-23,P025,OLIVE,Imola,1.9150729844597532,192,0.09962118739107002,0.03495874175860081,-10.016482861901004,-14.564442069624164,0.35091673442284715,-4.547959207723159
2023-03-23,P026,OLIVE,Imola,1.1815758805827754,114,0.12071487650667366,0.034179626996710635,-9.182392055725844,-14.66232681058062,0.2831434532828357,-5.479934754854776
2023-03-23,P027,OLIVE,Imola,4.765880858111484,478,0.0924951894886823,0.02566713124716257,-10.33880853562013,-15.906226686542027,0.27749693134369113,-5.567418150921897
2023-03-23,P028,OLIVE,Imola,4.328583603126005,434,0.07403446425370494,0.018345122431589436,-11.305660620146078,-17.364793855059467,0.24779165509624637,-6.059133234913391
2023-03-23,P029,OLIVE,Castel_Bolognese,1.2327611211807428,124,0.08504904381510231,0.03235961072477362,-10.703305646870279,-14.89996711444797,0.3804817699670301,-4.196661467577692
2023-03-23,P030,OLIVE,Castel_Bolognese,0.8616854169272335,83,0.15209630490785622,0.0451590076694826,-8.178813367531907,-13.4525560989151,0.29691061657836504,-5.273742731383195
2023-03-23,P031,OLIVE,Castel_Bolognese,0.8498648283629534,86,0.10256913098571606,0.01826394846402975,-9.88983324016813,-17.384053269787866,0.17806476752321532,-7.494220029619738
2023-03-23,P032,OLIVE,Faenza,1.8067331179867738,182,0.1126301837061624,0.023285389509420475,-9.48345207527417,-16.329164929523316,0.20674200061831602,-6.845712854249143
2023-03-23,P033,OLIVE,Faenza,1.810513599398476,181,0.08378114006919427,0.021397829015909062,-10.768537341825901,-16.69630287129272,0.2554015020353834,-5.927765529466816
2023-03-23,P034,OLIVE,Faenza,1.8238712197133842,182,0.09793214031218828,0.03213124560028478,-10.090747538609591,-14.930724382566108,0.32809704248121946,-4.839976843956516
2023-03-23,P035,OLIVE,Faenza,3.297137421456931,328,0.14797890696265711,0.03311637501379975,-8.298001848926956,-14.799572080485186,0.22379118547048574,-6.5015702315582296
2023-03-23,P036,ANNUAL,Imola,1.9843605238570365,201,0.19921463032934203,0.024716297919811003,-7.006787701393195,-16.070165786237407,0.12406868852428142,-9.063378084844212
2023-03-23,P037,ANNUAL,Imola,1.77998878845148,178,0.17561680507542712,0.019175505864674623,-7.554339280522459,-17.1725317020355,0.10918946997378055,-9.618192421513038
2023-03-23,P038,ANNUAL,Imola,1.6633032750356371,167,0.0706355535163137,0.024328896597384693,-11.509766472576121,-16.138775874330836,0.3444284837630074,-4.629009401754713
2023-03-23,P039,ANNUAL,Imola,3.6919313708525134,370,0.11921349079222293,0.01910747326658787,-9.236745948886437,-17.187967393672977,0.16027945444438219,-7.951221444786541
2023-03-23,P040,ANNUAL,Castel_Bolognese,1.5247924967245798,151,0.15697775100240643,0.022672701716447707,-8.041618972825397,-16.444967255446986,0.1444325808700122,-8.40334828262159
2023-03-23,P041,ANNUAL,Castel_Bolognese,1.4654585177199049,148,0.1822486865913143,0.02418714649094319,-7.39335592821785,-16.164153650542584,0.13271506611831962,-8.770797722324733
2023-03-23,P042,ANNUAL,Castel_Bolognese,2.428693267176382,245,0.14668444810169085,0.016133807587190248,-8.336159288400895,-17.922631267856303,0.10998989869740848,-9.58647197945541
2023-03-23,P043,ANNUAL,Castel_Bolognese,3.5177944746824332,353,0.08055423685579056,0.025884999445093423,-10.939116123558758,-15.869518399922612,0.3213362878905196,-4.930402276363853
2023-03-23,P044,ANNUAL,Faenza,1.6610601958768552,166,0.28658192945891114,0.038379639920116546,-5.4275119769199645,-14.158991041560451,0.1339220515144841,-8.731479064640489
2023-03-23,P045,ANNUAL,Faenza,2.5206803329840266,251,0.11111529221186837,0.023626150455756254,-9.542261672859153,-16.266070346950286,0.21262735295432822,-6.723808674091133
2023-03-23,P046,ANNUAL,Faenza,1.5921051212000719,159,0.1574626697590516,0.03782562460492617,-8.028223894252148,-14.222138918511565,0.24021963213761524,-6.193915024259416
2023-03-23,P047,ANNUAL,Faenza,2.3432589230863856,233,0.09734252571675911,0.023974423084903683,-10.116973894401529,-16.20251834795774,0.24628930581340044,-6.085544453556208
2023-04-04,P001,VINEYARD,Imola,1.9130941295244592,192,0.06691640436959763,0.018134080094265908,-11.744674031010927,-17.41504470418104,0.2709960325140367,-5.67037067317011
2023-04-04,P002,VINEYARD,Imola,2.5911511834798726,258,0.06763038047870924,0.04204908302486982,-11.698581692900337,-13.762434705338759,0.6217484320986086,-2.0638530124384227
2023-04-04,P003,VINEYARD,Imola,3.2184014498998685,323,0.06988833396877206,0.024522092618659463,-11.555953123204672,-16.104424715941533,0.3508753353544896,-4.548471592736862
2023-04-04,P004,VINEYARD,Imola,2.2713803924214653,230,0.11100200821200143,0.02010700069570347,-9.546691640286461,-16.966527070488016,0.1811408732110625,-7.419835430201554
2023-04-04,P005,VINEYARD,Castel_Bolognese,1.3227825441167154,132,0.08013618654204589,0.034147933845154264,-10.961713282765649,-14.666355686089297,0.42612376903207777,-3.704642403323647
2023-04-04,P006,VINEYARD,Castel_Bolognese,3.283078601794735,329,0.11143682077300585,0.025867306606102407,-9.529712865736448,-15.872487891807577,0.23212531034776643,-6.342775026071128
2023-04-04,P007,VINEYARD,Castel_Bolognese,1.6341771995019418,166,0.09226310181330485,0.02051413665996887,-10.349719488415857,-16.879467556505755,0.2223438867411958,-6.529748068089897
2023-04-04,P008,VINEYARD,Castel_Bolognese,3.1378819555604034,312,0.06840209235461095,0.021452025753648903,-11.649306134236925,-16.68531690328171,0.3136165139866929,-5.036010769044782
2023-04-04,P009,VINEYARD,Faenza,1.127335037414474,116,0.06637928585104387,0.021827894343255924,-11.779674243079405,-16.60988157062796,0.32883593222497226,-4.830207327548553
2023-04-04,P010,VINEYARD,Faenza,3.0861339275106148,309,0.07134969141274015,0.018492359800631946,-11.4660790086796,-17.330076652064367,0.25917925410017906,-5.863997643384769
2023-04-04,P011,VINEYARD,Faenza,2.2900730299202556,229,0.05622661815687819,0.014479555958255669,-12.50058037066353,-18.392447563596065,0.25752137391326263,-5.8918671929325335
2023-04-04,P012,VINEYARD,Faenza,1.6479114213760804,164,0.08550432928633399,0.0201537705583089,-10.680118953587803,-16.956436899955698,0.23570467982759843,-6.276317946367894
2023-04-04,P013,ORCHARD,Imola,1.1212221068519543,111,0.06860308478343057,0.021986391982650972,-11.63656355513351,-16.578460335126817,0.3204869292985679,-4.941896779993308
2023-04-04,P014,ORCHARD,Imola,1.0423997486130316,103,0.09712678581042197,0.022492993315591396,-10.126609830123215,-16.479527458119932,0.23158383269775448,-6.352917627996718
2023-04-04,P015,ORCHARD,Imola,1.7492436176504955,173,0.09516691242080892,0.02422901697596804,-10.215140206366037,-16.15664205778842,0.25459496751173566,-5.941501851422382
2023-04-04,P016,ORCHARD,Imola,1.3561007198771098,134,0.08913052547723055,0.02276890766250887,-10.49973533045967,-16.42657804146568,0.255455777250247,-5.926842711006012
2023-04-04,P017,ORCHARD,Castel_Bolognese,4.8815691430335795,493,0.08966534380360863,0.020919038677062938,-10.47375381962954,-16.794582771106754,0.23330127103378195,-6.320828951477212
2023-04-04,P018,ORCHARD,Castel_Bolognese,1.986698681743416,198,0.12041765364884126,0.027028420314456177,-9.193098393219328,-15.681793360534986,0.22445563001315183,-6.4886949673156575
2023-04-04,P019,ORCHARD,Castel_Bolognese,1.3057565462515373,128,0.11253195320023224,0.024542600142012816,-9.487241430800168,-16.10079428263099,0.21809450066456473,-6.613552851830821
2023-04-04,P020,ORCHARD,Castel_Bolognese,3.9838281908742994,399,0.12759747754847794,0.025393843244677198,-8.94157911019285,-15.952715656231613,0.19901524491367276,-7.011136546038763
2023-04-04,P021,ORCHARD,Faenza,2.4495404841857016,244,0.0737684661843127,0.010928722749250467,-11.321292464265921,-19.614305915146716,0.1481489763111616,-8.293013450880792
2023-04-04,P022,ORCHARD,Faenza,2.571818079338909,258,0.09939346278389526,0.024840960275497315,-10.026421786836107,-16.048316196754616,0.24992549388793708,-6.021894409918509
2023-04-04,P023,ORCHARD,Faenza,1.4711440486604825,149,0.09505323080608509,0.028805468250191053,-10.22033117121432,-15.405250606623717,0.30304565143036666,-5.184919435409397
2023-04-04,P024,ORCHARD,Faenza,1.2599808495088698,127,0.06384568334388452,0.015777668391361716,-11.948684603943757,-18.019571760051004,0.24712192845333505,-6.070887156107245
2023-04-04,P025,OLIVE,Imola,1.9150729844597532,192,0.1151719472448652,0.023500964171641197,-9.386532903605469,-16.28914319607686,0.20405111430195916,-6.902610292471392
2023-04-04,P026,OLIVE,Imola,1.1815758805827754,114,0.0973883952553335,0.025683294238293904,-10.114927903168159,-15.9034927274658,0.26372027355987626,-5.788564824297641
2023-04-04,P027,OLIVE,Imola,4.765880858111484,478,0.06730927758417618,0.01961018394135235,-11.719250706063738,-17.075183326789947,0.291344442329337,-5.355932620726213
2023-04-04,P028,OLIVE,Imola,4.328583603126005,434,0.05248080796137246,0.014995922219686313,-12.799994874573851,-18.240268208277502,0.2857410699683547,-5.440273333703648
2023-04-04,P029,OLIVE,Castel_Bolognese,1.2327611211807428,124,0.08501544205712215,0.020841147968425386,-10.705021826258124,-16.810783629818417,0.24514544021805063,-6.105761803560292
2023-04-04,P030,OLIVE,Castel_Bolognese,0.8616854169272335,83,0.10718587808400752,0.037006139295198116,-9.69862429887584,-14.317262207749106,0.3452520048041623,-4.618637908873266
2023-04-04,P031,OLIVE,Castel_Bolognese,0.8498648283629534,86,0.060659675382424234,0.01754006389853393,-12.170999181268902,-17.559688288302898,0.28915525491941646,-5.3886891070339935
2023-04-04,P032,OLIVE,Faenza,1.8067331179867738,182,0.16454088321508287,0.018458089939635863,-7.837261758373645,-17.338132421830736,0.11217935372030309,-9.500870663457091
2023-04-04,P033,OLIVE,Faenza,1.810513599398476,181,0.09541827107867154,0.01937144853493703,-10.20368456858995,-17.128379029149258,0.20301613428905496,-6.924694460559305
2023-04-04,P034,OLIVE,Faenza,1.8238712197133842,182,0.07396931388507505,0.023417682693964176,-11.309484096515842,-16.30456082919361,0.31658645273292463,-4.9950767326777665
2023-04-04,P035,OLIVE,Faenza,3.297137421456931,328,0.09563416171330595,0.02576390469287772,-10.19386944612811,-15.88988316076981,0.2694006433612424,-5.696013714641697
2023-04-04,P036,ANNUAL,Imola,1.9843605238570365,201,0.14580553785819023,0.014823924594869217,-8.36225980712286,-18.290368028172953,0.10166914654014647,-9.928108221050094
2023-04-04,P037,ANNUAL,Imola,1.77998878845148,178,0.12919035210703197,0.011654798653018609,-8.887699180988992,-19.334952249008733,0.09021415657542918,-10.447253068019739
2023-04-04,P038,ANNUAL,Imola,1.6633032750356371,167,0.029993884360228113,0.01909366616432717,-15.22967287259033,-17.19110674955258,0.6365853096921774,-1.961433876962254
2023-04-04,P039,ANNUAL,Imola,3.6919313708525134,370,0.10150649784938306,0.013459626244179703,-9.935061558807575,-18.70966999721553,0.13259866638440534,-8.774608438407954
2023-04-04,P040,ANNUAL,Castel_Bolognese,1.5247924967245798,151,0.10633217945497557,0.01634915584439276,-9.733352844435712,-17.86504666342323,0.15375548519924315,-8.131693818987518
2023-04-04,P041,ANNUAL,Castel_Bolognese,1.4654585177199049,148,0.13185194187571067,0.020318653259892017,-8.799134696650452,-16.921050808950227,0.15410204029490332,-8.121916112299774
2023-04-04,P042,ANNUAL,Castel_Bolognese,2.428693267176382,245,0.10287172882532587,0.012166708225042237,-9.87703961506988,-19.148269068213498,0.1182706693468821,-9.271229453143619
2023-04-04,P043,ANNUAL,Castel_Bolognese,3.5177944746824332,353,0.0315557245571409,0.013021460386710742,-15.009218434544891,-18.853403059119916,0.41264970364193554,-3.844184624575027
2023-04-04,P044,ANNUAL,Faenza,1.6610601958768552,166,0.12117429189832814,0.013907102377052945,-9.165895094681884,-18.567633482787695,0.11476941320789202,-9.401738388105812
2023-04-04,P045,ANNUAL,Faenza,2.5206803329840266,251,0.05496812836300448,0.013282707277351464,-12.598890502901824,-18.76713398176924,0.24164379746811976,-6.168243478867415
2023-04-04,P046,ANNUAL,Faenza,1.5921051212000719,159,0.09811454837989507,0.02255500488440102,-10.082665908601125,-16.467570745175816,0.22988440814168626,-6.384904836574691
2023-04-04,P047,ANNUAL,Faenza,2.3432589230863856,233,0.06896702339672864,0.023358905982713778,-11.613585176716644,-16.315475013197677,0.3386967398657048,-4.7018898364810315
2023-04-16,P001,VINEYARD,Imola,1.9130941295244592,192,0.09958043908894372,0.02597056166268885,-10.018259630828037,-15.855186578266562,0.2607998307729126,-5.836926947438524
2023-04-16,P002,VINEYARD,Imola,2.5911511834798726,258,0.08150738508390017,0.04330037172176233,-10.88803039654122,-13.635083753321489,0.5312447660686305,-2.747053356780269
2023-04-16,P003,VINEYARD,Imola,3.2184014498998685,323,0.08307303104768782,0.026763037321425907,-10.805399433415516,-15.72464600280869,0.322162764303889,-4.9192465693931755
2023-04-16,P004,VINEYARD,Imola,2.2713803924214653,230,0.11112602743441644,0.021176652154763755,-9.541842106603367,-16.74142696996939,0.19056428672627249,-7.19958486336602
2023-04-16,P005,VINEYARD,Castel_Bolognese,1.3227825441167154,132,0.12263267179668853,0.02871720736253668,-9.113938096650182,-15.418577958367617,0.2341725654493335,-6.304639861717433
2023-04-16,P006,VINEYARD,Castel_Bolognese,3.283078601794735,329,0.11384341259427527,0.02673757184115677,-9.436920942251682,-15.728780355134106,0.23486270511273566,-6.291859412882426
2023-04-16,P007,VINEYARD,Castel_Bolognese,1.6341771995019418,166,0.0651595640523606,0.014994155489334679,-11.860218299848839,-18.240779898344503,0.23011442306897187,-6.380561598495661
2023-04-16,P008,VINEYARD,Castel_Bolognese,3.1378819555604034,312,0.07213432541809595,0.02555768818069154,-11.418580252632944,-15.924784328210047,0.35430688555770457,-4.506204075577102
2023-04-16,P009,VINEYARD,Faenza,1.127335037414474,116,0.11781378607426224,0.02888515321858998,-9.288038872597312,-15.393253244420537,0.24517634294837648,-6.105214371823226
2023-04-16,P010,VINEYARD,Faenza,3.0861339275106148,309,0.09032692460638612,0.023869323645172864,-10.441827760978473,-16.221598868722076,0.2642548027533011,-5.779771107743601
2023-04-16,P011,VINEYARD,Faenza,2.2900730299202556,229,0.07382219649168081,0.01837203486753408,-11.318130370321938,-17.35842739023585,0.24886871077595837,-6.040297019913911
2023-04-16,P012,VINEYARD,Faenza,1.6479114213760804,164,0.0835199231827041,0.024590369030015498,-10.78209913783181,-16.09234953713629,0.2944251873438965,-5.310250399304479
2023-04-16,P013,ORCHARD,Imola,1.1212221068519543,111,0.08690445932249229,0.02690323370064164,-10.609579380569405,-15.701955157619025,0.30957253414127905,-5.092375777049619
2023-04-16,P014,ORCHARD,Imola,1.0423997486130316,103,0.1096773666591899,0.031216300210183106,-9.598829854533367,-15.0561857127737,0.2846193445470318,-5.457355858240333
2023-04-16,P015,ORCHARD,Imola,1.7492436176504955,173,0.09634663714795788,0.024742375512881946,-10.161634392189372,-16.065586061374006,0.2568058029351404,-5.903951669184634
2023-04-16,P016,ORCHARD,Imola,1.3561007198771098,134,0.09728189983141067,0.023347096323077358,-10.11967956592706,-16.317671249171365,0.239994247270436,-6.197991683244303
2023-04-16,P017,ORCHARD,Castel_Bolognese,4.8815691430335795,493,0.1103938022065477,0.024213662720521494,-9.570553083373769,-16.15939511301957,0.2193389686426194,-6.588842029645804
2023-04-16,P018,ORCHARD,Castel_Bolognese,1.986698681743416,198,0.1406127487807864,0.03267824245296946,-8.519753018329597,-14.857413093459542,0.23239885953665873,-6.337660075129944
2023-04-16,P019,ORCHARD,Castel_Bolognese,1.3057565462515373,128,0.11082873962004669,0.018648361838131677,-9.553476056731126,-17.293593126975093,0.16826287028133416,-7.7401170702439686
2023-04-16,P020,ORCHARD,Castel_Bolognese,3.9838281908742994,399,0.10353291921205539,0.02148119606343763,-9.849215404579555,-16.67941540975764,0.2074817963882579,-6.830200005178087
2023-04-16,P021,ORCHARD,Faenza,2.4495404841857016,244,0.10904673288469433,0.012647611403944672,-9.623873416524908,-18.979914865068352,0.11598340518205362,-9.356041448543444
2023-04-16,P022,ORCHARD,Faenza,2.571818079338909,258,0.11937645296457895,0.02778071674063455,-9.230813294550337,-15.562565536852624,0.23271521351767394,-6.331752242302287
2023-04-16,P023,ORCHARD,Faenza,1.4711440486604825,149,0.1313133275873909,0.03187508499187311,-8.81691193149509,-14.965486485516422,0.24274066903574418,-6.148574554021331
2023-04-16,P024,ORCHARD,Faenza,1.2599808495088698,127,0.0998583972512737,0.023004857988250773,-10.006154087446951,-16.381804433428677,0.23037479692732946,-6.375650345981725
2023-04-16,P025,OLIVE,Imola,1.9150729844597532,192,0.10678554987922932,0.02768251534628992,-9.71487511654832,-15.577944506537813,0.25923465653918404,-5.8630693899894935
2023-04-16,P026,OLIVE,Imola,1.1815758805827754,114,0.08938447569023099,0.029605018154701644,-10.487379029884284,-15.286346682592542,0.3312098429407383,-4.798967652708256
2023-04-16,P027,OLIVE,Imola,4.765880858111484,478,0.08193420254426646,0.026008701187687066,-10.8653476886846,-15.848813348900318,0.31743399435218017,-4.9834656602157175
2023-04-16,P028,OLIVE,Imola,4.328583603126005,434,0.05982627845819919,0.02015079276567574,-12.231080119554989,-16.957078633201036,0.3368217660363942,-4.725998513646045
2023-04-16,P029,OLIVE,Castel_Bolognese,1.2327611211807428,124,0.11145720413074858,0.02841678224954634,-9.52891855284997,-15.464251005951358,0.25495689104323027,-5.9353324531013865
2023-04-16,P030,OLIVE,Castel_Bolognese,0.8616854169272335,83,0.12399919371468475,0.040697732861770926,-9.065811387603592,-13.904297832329293,0.3282096571967568,-4.8384864447257
2023-04-16,P031,OLIVE,Castel_Bolognese,0.8498648283629534,86,0.0893975592889758,0.024224314389230554,-10.486743380474756,-16.157485057606856,0.2709728831737559,-5.670741677132099
2023-04-16,P032,OLIVE,Faenza,1.8067331179867738,182,0.10447622556239367,0.02249892397302684,-9.809825256462846,-16.47838251833145,0.21534970134990553,-6.668557261868605
2023-04-16,P033,OLIVE,Faenza,1.810513599398476,181,0.09738690607784861,0.02079058971091364,-10.114994312159427,-16.821331920267074,0.2134844461974608,-6.7063376081076465
2023-04-16,P034,OLIVE,Faenza,1.8238712197133842,182,0.11037296222543323,0.03334490812363124,-9.571373015563394,-14.769704748701578,0.30211120052685847,-5.198331733138184
2023-04-16,P035,OLIVE,Faenza,3.297137421456931,328,0.11869714264303627,0.0373831828729613,-9.255597355466586,-14.273237247518347,0.3149459375394198,-5.0176398920517595
2023-04-16,P036,ANNUAL,Imola,1.9843605238570365,201,0.13904252915240045,0.01590542021712557,-8.568523411044023,-17.984548524561436,0.1143924834659193,-9.416025113517415
2023-04-16,P037,ANNUAL,Imola,1.77998878845148,178,0.17197017882312282,0.018878445026642654,-7.6454685713560036,-17.24033780385405,0.1097774344123918,-9.594869232498047
2023-04-16,P038,ANNUAL,Imola,1.6633032750356371,167,0.0256629721233677,0.017102068652605225,-15.906930478040195,-17.66951354515794,0.6664102883481976,-1.762583067117744
2023-04-16,P039,ANNUAL,Imola,3.6919313708525134,370,0.12874345520158878,0.01672389992777057,-8.9027483950682,-17.766624398388593,0.129900971677232,-8.863876003320394
2023-04-16,P040,ANNUAL,Castel_Bolognese,1.5247924967245798,151,0.1155743586109174,0.018567198424889946,-9.371385080349143,-17.31253621322144,0.16065153765980794,-7.941151132872298
2023-04-16,P041,ANNUAL,Castel_Bolognese,1.4654585177199049,148,0.08595241237482107,0.017809769019132126,-10.65741929723053,-17.493417130110316,0.20720499317072485,-6.8359978328797855
2023-04-16,P042,ANNUAL,Castel_Bolognese,2.428693267176382,245,0.12371568154467612,0.022394683145518814,-9.075752480129434,-16.498550778554275,0.18101733641124276,-7.422798298424841
2023-04-16,P043,ANNUAL,Castel_Bolognese,3.5177944746824332,353,0.0222920754979821,0.00923867171851881,-16.51849494760755,-20.343904645791188,0.4144374856147918,-3.8254096981836416
2023-04-16,P044,ANNUAL,Faenza,1.6610601958768552,166,0.16888068432369865,0.019049557212022054,-7.724200198863071,-17.201151146135782,0.11279891059364254,-9.476950947272712
2023-04-16,P045,ANNUAL,Faenza,2.5206803329840266,251,0.10120712634383801,0.021907872922970837,-9.9478890624286,-16.593997868692615,0.21646571456383118,-6.646108806264014
2023-04-16,P046,ANNUAL,Faenza,1.5921051212000719,159,0.1690467118092303,0.03549556406624849,-7.719932724403319,-14.498259179850255,0.20997488615043478,-6.778326455446936
2023-04-16,P047,ANNUAL,Faenza,2.3432589230863856,233,0.13495000004128838,0.03292889720780271,-8.698271109745907,-14.824228136119821,0.2440081304018378,-6.125957026373914
2023-04-28,P001,VINEYARD,Imola,1.9130941295244592,192,0.09877405967563391,0.029812454018004548,-10.05357096089718,-15.25602273460416,0.301824731269589,-5.202451773706981
2023-04-28,P002,VINEYARD,Imola,2.5911511834798726,258,0.05499537790540692,0.03944308486182329,-12.59673809315361,-14.040291260311523,0.7172072702121646,-1.4435531671579147
2023-04-28,P003,VINEYARD,Imola,3.2184014498998685,323,0.07561393861223485,0.021494304781474013,-11.21398139625784,-16.67676597276556,0.28426379019484227,-5.462784576507719
2023-04-28,P004,VINEYARD,Imola,2.2713803924214653,230,0.10400520252954701,0.018009073360134725,-9.82944935957346,-17.445086328180828,0.17315550493753903,-7.61563696860737
2023-04-28,P005,VINEYARD,Castel_Bolognese,1.3227825441167154,132,0.08623082866666443,0.02162923222887471,-10.643374403677587,-16.649588964037672,0.25082946045300214,-6.006214560360084
2023-04-28,P006,VINEYARD,Castel_Bolognese,3.283078601794735,329,0.09975730466987587,0.02734923832073219,-10.01055293519223,-15.630547643107793,0.2741577512668198,-5.6199947079155645
2023-04-28,P007,VINEYARD,Castel_Bolognese,1.6341771995019418,166,0.060159162023519897,0.015154243876080376,-12.206982218029816,-18.1946572796268,0.25190250938262165,-5.987675061596982
2023-04-28,P008,VINEYARD,Castel_Bolognese,3.1378819555604034,312,0.07191239966628835,0.018784191386284642,-11.431962189029326,-17.262074955185156,0.26120935295516834,-5.830112766155829
2023-04-28,P009,VINEYARD,Faenza,1.127335037414474,116,0.13307416044047166,0.034838128465645275,-8.759062650929913,-14.57945183712441,0.261794839436387,-5.820389186194497
2023-04-28,P010,VINEYARD,Faenza,3.0861339275106148,309,0.11086080178714879,0.028115463431044495,-9.552219847506368,-15.510547535599983,0.2536105005358503,-5.958327688093615
2023-04-28,P011,VINEYARD,Faenza,2.2900730299202556,229,0.06575913326286072,0.020289084036309905,-11.820439196413261,-16.927375590265612,0.3085363664269694,-5.106936393852352
2023-04-28,P012,VINEYARD,Faenza,1.6479114213760804,164,0.07892310300205903,0.021543232056812,-11.027958480247724,-16.666891404465833,0.27296483839782576,-5.6389329242181105
2023-04-28,P013,ORCHARD,Imola,1.1212221068519543,111,0.07551213602224986,0.02650955162506114,-11.219832446100606,-15.765976177368628,0.3510634584254116,-4.546143731268023
2023-04-28,P014,ORCHARD,Imola,1.0423997486130316,103,0.1045425035855145,0.02541736907605986,-9.807071036226708,-15.948694048001808,0.24312952344085348,-6.1416230117751
2023-04-28,P015,ORCHARD,Imola,1.7492436176504955,173,0.09860562875522355,0.022357753324564654,-10.060982932985368,-16.505718397733755,0.2267391183120494,-6.444735464748389
2023-04-28,P016,ORCHARD,Imola,1.3561007198771098,134,0.13323361875572756,0.02290551267814503,-8.753861760824893,-16.4005998326805,0.17191991700038056,-7.646738071855604
2023-04-28,P017,ORCHARD,Castel_Bolognese,4.8815691430335795,493,0.12696525795313457,0.028226999257092364,-8.96315100645544,-15.493352881780634,0.2223206545802594,-6.530201875325192
2023-04-28,P018,ORCHARD,Castel_Bolognese,1.986698681743416,198,0.1717415221336514,0.03347454411024698,-7.651246922972249,-14.752853289314068,0.19491235255383768,-7.1016063663418185
2023-04-28,P019,ORCHARD,Castel_Bolognese,1.3057565462515373,128,0.08232645294629037,0.01981479567984934,-10.84460595860656,-17.030104015317328,0.2406856480598827,-6.1854980567107685
2023-04-28,P020,ORCHARD,Castel_Bolognese,3.9838281908742994,399,0.1170564646176751,0.023929515024903873,-9.3160459674517,-16.21066103064056,0.20442711218950144,-6.894615063188859
2023-04-28,P021,ORCHARD,Faenza,2.4495404841857016,244,0.0925021379743321,0.012838866122708213,-10.33848229426107,-18.914733297247476,0.13879534466836646,-8.576251002986409
2023-04-28,P022,ORCHARD,Faenza,2.571818079338909,258,0.11804710948016754,0.025944547391994748,-9.279446426571061,-15.859539012601967,0.21978130177218402,-6.580092586030904
2023-04-28,P023,ORCHARD,Faenza,1.4711440486604825,149,0.09940151022684654,0.027700092899769345,-10.026070172304193,-15.575187744088533,0.278668732864866,-5.549117571784339
2023-04-28,P024,ORCHARD,Faenza,1.2599808495088698,127,0.08795367295699795,0.015896776760745003,-10.557460196329068,-17.98690924542968,0.1807403400710418,-7.429449049100612
2023-04-28,P025,OLIVE,Imola,1.9150729844597532,192,0.09093224353273399,0.031110786243516486,-10.412820936167037,-15.070890130987593,0.3421315150144421,-4.658069194820555
2023-04-28,P026,OLIVE,Imola,1.1815758805827754,114,0.10514110352909356,0.03546738451379433,-9.782274690706764,-14.501708367073027,0.337331294073589,-4.719433676366264
2023-04-28,P027,OLIVE,Imola,4.765880858111484,478,0.0883284443930945,0.029692406629730467,-10.53899418124672,-15.27354600529467,0.33615905763706416,-4.734551824047951
2023-04-28,P028,OLIVE,Imola,4.328583603126005,434,0.06021757783745909,0.020708297990897698,-12.202767173217932,-16.83855594179298,0.34389124794746967,-4.635788768575046
2023-04-28,P029,OLIVE,Castel_Bolognese,1.2327611211807428,124,0.10673579429426501,0.02589552794327779,-9.716899136813705,-15.867752304072361,0.2426133436725563,-6.150853167258656
2023-04-28,P030,OLIVE,Castel_Bolognese,0.8616854169272335,83,0.10203509858573775,0.040912143818764804,-9.912504115704158,-13.881477626364198,0.40096147684306166,-3.968973510660041
2023-04-28,P031,OLIVE,Castel_Bolognese,0.8498648283629534,86,0.10910117346793413,0.0215971079210989,-9.621705782117706,-16.656044015342975,0.1979548636793214,-7.034338233225268
2023-04-28,P032,OLIVE,Faenza,1.8067331179867738,182,0.10402494462227428,0.025119627841267284,-9.828625067318148,-15.999867991578228,0.2414769643231183,-6.171242924260079
2023-04-28,P033,OLIVE,Faenza,1.810513599398476,181,0.08903995665685577,0.020502013295827154,-10.504150600805016,-16.882034891717787,0.23025632609906005,-6.377884290912772
2023-04-28,P034,OLIVE,Faenza,1.8238712197133842,182,0.10569854637423715,0.03139469378812054,-9.759309853130897,-15.03143748527852,0.2970210553034876,-5.272127632147622
2023-04-28,P035,OLIVE,Faenza,3.297137421456931,328,0.10881140820750194,0.031008367509745834,-9.633255691430607,-15.085210973605971,0.28497349699411373,-5.451955282175362
2023-04-28,P036,ANNUAL,Imola,1.9843605238570365,201,0.13051038517139443,0.01885196891386266,-8.843549286078588,-17.246432850459176,0.14444803675282292,-8.40288356438059
2023-04-28,P037,ANNUAL,Imola,1.77998878845148,178,0.12807064818406708,0.016013373211392443,-8.925503924436647,-17.955171744650976,0.1250354662715342,-9.029667820214332
2023-04-28,P038,ANNUAL,Imola,1.6633032750356371,167,0.02039094816079129,0.012096251888077952,-16.905625794486504,-19.173491781537717,0.5932167446405074,-2.267865987051213
2023-04-28,P039,ANNUAL,Imola,3.6919313708525134,370,0.09422980114012151,0.01577319420773435,-10.258117254035247,-18.020803493901262,0.16739071946336076,-7.7626862398660155
2023-04-28,P040,ANNUAL,Castel_Bolognese,1.5247924967245798,151,0.09807702972991578,0.016996325271216448,-10.084326952669386,-17.69644966089073,0.17329567706139629,-7.6121227082213405
2023-04-28,P041,ANNUAL,Castel_Bolognese,1.4654585177199049,148,0.07728459770363327,0.015800638247054775,-11.119070494041303,-18.01325369907882,0.20444744123073777,-6.894183205037515
2023-04-28,P042,ANNUAL,Castel_Bolognese,2.428693267176382,245,0.09407523088157177,0.023978401969510073,-10.265247071513928,-16.201797636454007,0.25488539060505416,-5.936550564940079
2023-04-28,P043,ANNUAL,Castel_Bolognese,3.5177944746824332,353,0.03866401758498747,0.010026108589624886,-14.126930203453478,-19.988675959907198,0.2593136775707923,-5.861745756453718
2023-04-28,P044,ANNUAL,Faenza,1.6610601958768552,166,0.14928734805210528,0.02016932772281748,-8.259769967222839,-16.953085773021815,0.13510406599076197,-8.69331580579898
2023-04-28,P045,ANNUAL,Faenza,2.5206803329840266,251,0.07860360158035955,0.01594384975427116,-11.0455755433411,-17.974068068313024,0.2028386668513037,-6.928492524971926
2023-04-28,P046,ANNUAL,Faenza,1.5921051212000719,159,0.11252156780950678,0.027236400435696233,-9.487642252601793,-15.648502893514264,0.24205493192030578,-6.160860640912471
2023-04-28,P047,ANNUAL,Faenza,2.3432589230863856,233,0.11668396618041357,0.0314766025218649,-9.329888172860514,-15.020121500624699,0.2697594498390347,-5.6902333277641866
2023-05-10,P001,VINEYARD,Imola,1.9130941295244592,192,0.15658578604537374,0.04512851899198722,-8.052476632373878,-13.455489187324911,0.28820316410399066,-5.403012554951036
2023-05-10,P002,VINEYARD,Imola,2.5911511834798726,258,0.12570780003804338,0.06193581071516224,-9.006377739577744,-12.080581732901383,0.49269664011635234,-3.0742039933236374
2023-05-10,P003,VINEYARD,Imola,3.2184014498998685,323,0.1566374267425515,0.04664803728253664,-8.051044601214404,-13.311666244854543,0.29780901188581915,-5.260621643640139
2023-05-10,P004,VINEYARD,Imola,2.2713803924214653,230,0.17629318752366563,0.054228825118068764,-7.537644697655912,-12.657698045681753,0.3076059028701213,-5.1200533480258414
2023-05-10,P005,VINEYARD,Castel_Bolognese,1.3227825441167154,132,0.1993967740598953,0.05897717908815001,-7.002818721994858,-12.293160038382847,0.2957780002520718,-5.2903413163879875
2023-05-10,P006,VINEYARD,Castel_Bolognese,3.283078601794735,329,0.1960536747446176,0.051510825153089225,-7.076250130610298,-12.88101493090435,0.26273838131413746,-5.804764800294052
2023-05-10,P007,VINEYARD,Castel_Bolognese,1.6341771995019418,166,0.1427214631967875,0.029557866846626424,-8.455107105083576,-15.29326911622528,0.20710176440575995,-6.838162011141705
2023-05-10,P008,VINEYARD,Castel_Bolognese,3.1378819555604034,312,0.1400317033358778,0.03532216246299541,-8.537736284281866,-14.519527162779953,0.2522440391821289,-5.981790878498085
2023-05-10,P009,VINEYARD,Faenza,1.127335037414474,116,0.16616299289182343,0.03354751524226419,-7.794656939844043,-14.743396411145394,0.20189522744155505,-6.94873947130135
2023-05-10,P010,VINEYARD,Faenza,3.0861339275106148,309,0.17874085417915508,0.044995331078840115,-7.477761709598491,-13.468325482667353,0.25173501204005944,-5.990563773068863
2023-05-10,P011,VINEYARD,Faenza,2.2900730299202556,229,0.11872914788113931,0.03419287908236663,-9.254426491165615,-14.660643295356087,0.28799060460365966,-5.406216804190472
2023-05-10,P012,VINEYARD,Faenza,1.6479114213760804,164,0.14377646327654764,0.037065821075130526,-8.423122037010508,-14.310263750256105,0.2578017307591999,-5.887141713245597
2023-05-10,P013,ORCHARD,Imola,1.1212221068519543,111,0.10978275658311071,0.0458787871222641,-9.59465868527954,-13.383880718751847,0.4179052207304678,-3.7892220334723037
2023-05-10,P014,ORCHARD,Imola,1.0423997486130316,103,0.1749783599911963,0.04534377380120523,-7.570156582710386,-13.434823379184621,0.25913932330538825,-5.864666796474236
2023-05-10,P015,ORCHARD,Imola,1.7492436176504955,173,0.17238756930294064,0.04483032891408384,-7.634940539276497,-13.484280747624123,0.26005546162845694,-5.849340208347624
2023-05-10,P016,ORCHARD,Imola,1.3561007198771098,134,0.2195062083539678,0.04678077091560213,-6.585531919788524,-13.299326255872906,0.2131182132223119,-6.713794336084381
2023-05-10,P017,ORCHARD,Castel_Bolognese,4.8815691430335795,493,0.21249328091226774,0.0595324362834073,-6.726547978906577,-12.252463441777959,0.280161499826371,-5.525915462871382
2023-05-10,P018,ORCHARD,Castel_Bolognese,1.986698681743416,198,0.28010117435696147,0.06234127913385329,-5.526850703421618,-12.052242910056837,0.22256700378701536,-6.525392206635217
2023-05-10,P019,ORCHARD,Castel_Bolognese,1.3057565462515373,128,0.21009741036687046,0.0527305897558108,-6.775793006178908,-12.779373713527386,0.250981626397646,-6.003580707348478
2023-05-10,P020,ORCHARD,Castel_Bolognese,3.9838281908742994,399,0.22264806591067696,0.045401664539462046,-6.523810731263751,-13.429282245206176,0.2039167255002184,-6.905471513942426
2023-05-10,P021,ORCHARD,Faenza,2.4495404841857016,244,0.23544457603673466,0.037512569237866854,-6.281113099970033,-14.258231899784002,0.15932653819986087,-7.977118799813969
2023-05-10,P022,ORCHARD,Faenza,2.571818079338909,258,0.207201776997179,0.04214285135399117,-6.836065243285425,-13.752760836920569,0.20339039541424847,-6.916695593635142
2023-05-10,P023,ORCHARD,Faenza,1.4711440486604825,149,0.15233046302709402,0.04572013282410851,-8.172132378220567,-13.398925165817953,0.3001378182378174,-5.226792787597386
2023-05-10,P024,ORCHARD,Faenza,1.2599808495088698,127,0.12316604633265593,0.03341217972631529,-9.095089993364464,-14.760951911612757,0.27127752104726344,-5.665861918248291
2023-05-10,P025,OLIVE,Imola,1.9150729844597532,192,0.14385079198594516,0.04627101278553406,-8.420877427122795,-13.346909945058291,0.3216597708412682,-4.926032517935497
2023-05-10,P026,OLIVE,Imola,1.1815758805827754,114,0.14761189397489816,0.0527666493302636,-8.308786473940517,-12.776404825440801,0.3574688184628044,-4.467618351500286
2023-05-10,P027,OLIVE,Imola,4.765880858111484,478,0.14359903355834375,0.04531467712979187,-8.428484829467184,-13.437611100382302,0.3155639422279307,-5.00912627091512
2023-05-10,P028,OLIVE,Imola,4.328583603126005,434,0.11623990196683165,0.029788384373913505,-9.34644764980527,-15.259530508810176,0.25626642718963616,-5.913082859004905
2023-05-10,P029,OLIVE,Castel_Bolognese,1.2327611211807428,124,0.1664296769867501,0.045842890255904246,-7.7876922971354805,-13.387280092208435,0.2754490129759365,-5.599587795072955
2023-05-10,P030,OLIVE,Castel_Bolognese,0.8616854169272335,83,0.1477029915136027,0.06125412378684584,-8.306107085831528,-12.128646681457148,0.4147114635874159,-3.8225395956256216
2023-05-10,P031,OLIVE,Castel_Bolognese,0.8498648283629534,86,0.15066915412628373,0.04032011528845963,-8.21975649901191,-13.944782347701139,0.2676069665504674,-5.72502584868923
2023-05-10,P032,OLIVE,Faenza,1.8067331179867738,182,0.15580515266692901,0.04487775259518197,-8.074181837763492,-13.479688999682454,0.28803766645073003,-5.40550716191896
2023-05-10,P033,OLIVE,Faenza,1.810513599398476,181,0.17220973901615289,0.047412056172297476,-7.63942291434203,-13.241112097323231,0.27531576578169215,-5.6016891829812
2023-05-10,P034,OLIVE,Faenza,1.8238712197133842,182,0.1318160436310611,0.041310030864654006,-8.800317275538648,-13.839444805415956,0.31339152448146856,-5.039127529877309
2023-05-10,P035,OLIVE,Faenza,3.297137421456931,328,0.1943465371831979,0.0550315190282673,-7.114231931115766,-12.593884992460964,0.2831618192218812,-5.479653061345196
2023-05-10,P036,ANNUAL,Imola,1.9843605238570365,201,0.2904650257409212,0.05086458173687037,-5.369061525753191,-12.935845223864435,0.1751143071601287,-7.566783698111246
2023-05-10,P037,ANNUAL,Imola,1.77998878845148,178,0.30052272366422617,0.06179958227184716,-5.221226837648512,-12.090144604717803,0.20564029740691353,-6.868917767069292
2023-05-10,P038,ANNUAL,Imola,1.6633032750356371,167,0.05273111867244372,0.01734051298528553,-12.779330151635872,-17.609380589138215,0.3288478117257799,-4.830050437502341
2023-05-10,P039,ANNUAL,Imola,3.6919313708525134,370,0.24533822860669446,0.053117859343419206,-6.102347747476613,-12.747594354110001,0.2165086935088835,-6.645246606633388
2023-05-10,P040,ANNUAL,Castel_Bolognese,1.5247924967245798,151,0.16943177884284233,0.026285918299972223,-7.71005129532438,-15.802768462794035,0.1551416061349029,-8.092717167469655
2023-05-10,P041,ANNUAL,Castel_Bolognese,1.4654585177199049,148,0.14533286881507249,0.028170462955745892,-8.37636153556855,-15.502060157237159,0.19383408024231014,-7.125698621668609
2023-05-10,P042,ANNUAL,Castel_Bolognese,2.428693267176382,245,0.20242165009282073,0.0395648925299091,-6.937430391988304,-14.02690009608678,0.19545781052454894,-7.089469704098477
2023-05-10,P043,ANNUAL,Castel_Bolognese,3.5177944746824332,353,0.05551706849684459,0.019608319409867014,-12.555734742761226,-17.075596272551177,0.35319443084393926,-4.519861529789949
2023-05-10,P044,ANNUAL,Faenza,1.6610601958768552,166,0.2524820070220045,0.03034055487151785,-5.9776956617695856,-15.179764810497879,0.12016917652620523,-9.202069148728295
2023-05-10,P045,ANNUAL,Faenza,2.5206803329840266,251,0.10733827202399057,0.03750589974521403,-9.692454004453525,-14.259004115987056,0.34941777092173887,-4.56655011153353
2023-05-10,P046,ANNUAL,Faenza,1.5921051212000719,159,0.15982409782192242,0.04932387833887676,-7.9635773840085005,-13.06942782138117,0.30861352581407286,-5.10585043737267
2023-05-10,P047,ANNUAL,Faenza,2.3432589230863856,233,0.22648141603485197,0.06074091475536895,-6.449674282853065,-12.16518671913678,0.2681938139508182,-5.715512436283715
2023-05-22,P001,VINEYARD,Imola,1.9130941295244592,192,0.11520799810144429,0.038744123696233146,-9.385173697778377,-14.117941574111937,0.3362971697686971,-4.732767876333559
2023-05-22,P002,VINEYARD,Imola,2.5911511834798726,258,0.08780841486773981,0.053574519556795444,-10.564638627327469,-12.710417149154978,0.6101296742173437,-2.145778521827509
2023-05-22,P003,VINEYARD,Imola,3.2184014498998685,323,0.14622872550582552,0.04015074914246336,-8.349673051945155,-13.96306347137411,0.2745749783674605,-5.613390419428953
2023-05-22,P004,VINEYARD,Imola,2.2713803924214653,230,0.18086611656067164,0.04716530179037996,-7.426427862028287,-13.263773823536935,0.260774669613467,-5.837345961508648
2023-05-22,P005,VINEYARD,Castel_Bolognese,1.3227825441167154,132,0.19282020080947515,0.057594238025503175,-7.1484746918571895,-12.396209630854644,0.2986940050042361,-5.247734938997455
2023-05-22,P006,VINEYARD,Castel_Bolognese,3.283078601794735,329,0.16647473396591864,0.04262437369946198,-7.786516704568976,-13.703419892514335,0.25604109815359855,-5.916903187945358
2023-05-22,P007,VINEYARD,Castel_Bolognese,1.6341771995019418,166,0.16001019065818153,0.03430567694132228,-7.9585235730857695,-14.646340064795263,0.21439682560348342,-6.6878164917094916
2023-05-22,P008,VINEYARD,Castel_Bolognese,3.1378819555604034,312,0.1282838421443907,0.03482817785324863,-8.918280412824231,-14.58069246442709,0.27149309898317164,-5.6624120516028595
2023-05-22,P009,VINEYARD,Faenza,1.127335037414474,116,0.15713300491715299,0.03326681357455151,-8.0373258422854,-14.779887955622655,0.2117111780054811,-6.742562113337255
2023-05-22,P010,VINEYARD,Faenza,3.0861339275106148,309,0.14101268974973738,0.03800332678849643,-8.507418033708012,-14.20178383839877,0.26950288556258967,-5.694365804690758
2023-05-22,P011,VINEYARD,Faenza,2.2900730299202556,229,0.13568793731745674,0.03232653828451662,-8.67458759483386,-14.904407997010372,0.23824179896614653,-6.229820402176511
2023-05-22,P012,VINEYARD,Faenza,1.6479114213760804,164,0.14533092560837182,0.046939833038600116,-8.376419604303873,-13.284584594869706,0.32298585343831415,-4.908164990565834
2023-05-22,P013,ORCHARD,Imola,1.1212221068519543,111,0.11770718205753747,0.034178319781481684,-9.291970373027297,-14.662492911637607,0.2903673266494026,-5.3705225386103095
2023-05-22,P014,ORCHARD,Imola,1.0423997486130316,103,0.1402014821261457,0.0395480008361843,-8.532473952437948,-14.02875465333378,0.2820797628986629,-5.496280700895832
2023-05-22,P015,ORCHARD,Imola,1.7492436176504955,173,0.14809953991991248,0.040453024127795174,-8.294462906385053,-13.930490064887522,0.2731475340819484,-5.63602715850247
2023-05-22,P016,ORCHARD,Imola,1.3561007198771098,134,0.19108766762178336,0.04028063376587051,-7.187673404522242,-13.949037049790183,0.21079661637608815,-6.761363645267942
2023-05-22,P017,ORCHARD,Castel_Bolognese,4.8815691430335795,493,0.15263312466397247,0.043367746807483704,-8.1635120492868,-13.628331412475154,0.28413063614441114,-5.464819363188354
2023-05-22,P018,ORCHARD,Castel_Bolognese,1.986698681743416,198,0.22130082950297028,0.04464371187725302,-6.550169582015828,-13.502397033896933,0.2017331429688736,-6.952227451881106
2023-05-22,P019,ORCHARD,Castel_Bolognese,1.3057565462515373,128,0.15997147787129506,0.04559868897194974,-7.9595744301478755,-13.410476437485674,0.2850426187137943,-5.450902007337798
2023-05-22,P020,ORCHARD,Castel_Bolognese,3.9838281908742994,399,0.23365402987278194,0.04583123137702918,-6.314267242205825,-13.38838474130629,0.19614997182793292,-7.074117499100464
2023-05-22,P021,ORCHARD,Faenza,2.4495404841857016,244,0.18252919876917464,0.03432231977368232,-7.386676525772998,-14.64423366777222,0.18803742089004685,-7.25755714199922
2023-05-22,P022,ORCHARD,Faenza,2.571818079338909,258,0.18731453382345134,0.0451833846755037,-7.274285242027361,-13.45021239311267,0.24121665176333928,-6.175927151085309
2023-05-22,P023,ORCHARD,Faenza,1.4711440486604825,149,0.17146730420473438,0.07453302005243381,-7.658186800362918,-11.276512809496221,0.4346777386984538,-3.618326009133304
2023-05-22,P024,ORCHARD,Faenza,1.2599808495088698,127,0.15021196746920037,0.031838507618843104,-8.23295465475722,-14.970472973442686,0.2119571972544152,-6.737518318685467
2023-05-22,P025,OLIVE,Imola,1.9150729844597532,192,0.10209173035885517,0.03965380018053111,-9.910094352389509,-14.017151861937844,0.3884134399637163,-4.107057509548336
2023-05-22,P026,OLIVE,Imola,1.1815758805827754,114,0.14919329591487585,0.03621417246432158,-8.26250691693046,-14.411214344805227,0.24273324241716623,-6.148707427874766
2023-05-22,P027,OLIVE,Imola,4.765880858111484,478,0.10972662891210622,0.03590689797858439,-9.596879632532032,-14.448221122499847,0.32723959839636296,-4.851341489967815
2023-05-22,P028,OLIVE,Imola,4.328583603126005,434,0.06972835375605503,0.025399821178455437,-11.565905881021363,-15.951693409187795,0.3642681894845364,-4.385787528166431
2023-05-22,P029,OLIVE,Castel_Bolognese,1.2327611211807428,124,0.13280683479482128,0.0469506362588295,-8.767795737835616,-13.28358517948959,0.3535257528828653,-4.515789441653974
2023-05-22,P030,OLIVE,Castel_Bolognese,0.8616854169272335,83,0.19300016285066146,0.044758138168289004,-7.144423245408593,-13.491279873817493,0.23190725596911385,-6.346856628408901
2023-05-22,P031,OLIVE,Castel_Bolognese,0.8498648283629534,86,0.1435791204661824,0.033965245798923245,-8.42908711386354,-14.689652381693897,0.2365611774793061,-6.260565267830357
2023-05-22,P032,OLIVE,Faenza,1.8067331179867738,182,0.13907738079081525,0.029064841020934203,-8.567434968700491,-15.366320482080177,0.208983235488525,-6.798885513379686
2023-05-22,P033,OLIVE,Faenza,1.810513599398476,181,0.11741895612473316,0.03208304085969431,-9.302617848958732,-14.937244756123656,0.273235616450318,-5.6346269071649235
2023-05-22,P034,OLIVE,Faenza,1.8238712197133842,182,0.11298717384400604,0.034018075364836295,-9.4697085425931,-14.682902610372635,0.3010790889575025,-5.213194067779535
2023-05-22,P035,OLIVE,Faenza,3.297137421456931,328,0.18030604318056892,0.053970597380567795,-7.439897171156917,-12.678427748632952,0.299327723178521,-5.238530577476036
2023-05-22,P036,ANNUAL,Imola,1.9843605238570365,201,0.25708769135807286,0.04852895919159425,-5.8991871566842775,-13.139990229685502,0.18876422646000157,-7.2408030730012225
2023-05-22,P037,ANNUAL,Imola,1.77998878845148,178,0.22240606561470566,0.06757791582076403,-6.528533725437843,-11.701952064868287,0.30384924814881364,-5.173418339430444
2023-05-22,P038,ANNUAL,Imola,1.6633032750356371,167,0.04191273502715512,0.013695861338386814,-13.776539982345133,-18.634106495914477,0.32677088072427896,-4.857566513569343
2023-05-22,P039,ANNUAL,Imola,3.6919313708525134,370,0.15547788466352064,0.04648954185934083,-8.083313767442045,-13.32644733639253,0.29901064038754926,-5.243133568950485
2023-05-22,P040,ANNUAL,Castel_Bolognese,1.5247924967245798,151,0.2238021885717152,0.01926409396410778,-6.501356708015395,-17.152514120671004,0.0860764324381698,-10.651157412655607
2023-05-22,P041,ANNUAL,Castel_Bolognese,1.4654585177199049,148,0.1527274728853356,0.029051249409472017,-8.16082834264304,-15.368351851335095,0.19021626470100142,-7.207523508692056
2023-05-22,P042,ANNUAL,Castel_Bolognese,2.428693267176382,245,0.2418348384907051,0.04055946835753869,-6.164811349293396,-13.919077462511629,0.16771557237439794,-7.7542661132182324
2023-05-22,P043,ANNUAL,Castel_Bolognese,3.5177944746824332,353,0.05012225264171534,0.02258128655029635,-12.999694187656313,-16.462513181339396,0.45052417559346847,-3.462818993683085
2023-05-22,P044,ANNUAL,Faenza,1.6610601958768552,166,0.17703478760927557,0.01974185758146895,-7.519413857157611,-17.046119854340585,0.11151400155906191,-9.526705997182974
2023-05-22,P045,ANNUAL,Faenza,2.5206803329840266,251,0.09031433769431248,0.029489921400345773,-10.442432985543117,-15.303263849741972,0.3265253574704882,-4.860830864198855
2023-05-22,P046,ANNUAL,Faenza,1.5921051212000719,159,0.15347184423568114,0.04495620999906985,-8.139712880347837,-13.47210308779517,0.2929280626225631,-5.3323902074473315
2023-05-22,P047,ANNUAL,Faenza,2.3432589230863856,233,0.22796772866481876,0.08451776617394496,-6.421266278010954,-10.73051989981646,0.37074443242013233,-4.309253621805505
2023-06-03,P001,VINEYARD,Imola,1.9130941295244592,192,0.10651488461492893,0.03590989643513846,-9.725896987563237,-14.44785847386117,0.33713500760911863,-4.721961486297933
2023-06-03,P002,VINEYARD,Imola,2.5911511834798726,258,0.08443696082880099,0.0436650420784546,-10.73467406807237,-13.598661169910953,0.5171318537504809,-2.8639871018385814
2023-06-03,P003,VINEYARD,Imola,3.2184014498998685,323,0.1019219442187079,0.03509468849367771,-9.917323005169367,-14.547586081050879,0.34432907223953874,-4.63026307588151
2023-06-03,P004,VINEYARD,Imola,2.2713803924214653,230,0.14321169893702734,0.035634350946739966,-8.440215031436288,-14.481311471467075,0.24882290491092496,-6.0410964400307865
2023-06-03,P005,VINEYARD,Castel_Bolognese,1.3227825441167154,132,0.12330352492404706,0.04098646089462846,-9.090245078877965,-13.873595805927685,0.33240299431727877,-4.783350727049721
2023-06-03,P006,VINEYARD,Castel_Bolognese,3.283078601794735,329,0.12527559861954085,0.03648686270005888,-9.02133513338691,-14.378634775678865,0.291252750752113,-5.357299642291956
2023-06-03,P007,VINEYARD,Castel_Bolognese,1.6341771995019418,166,0.10511789966868348,0.025153991042535347,-9.78323325214029,-15.993930980737654,0.23929312820953533,-6.210697728597364
2023-06-03,P008,VINEYARD,Castel_Bolognese,3.1378819555604034,312,0.11092498140314068,0.027597554532500606,-9.549706354219918,-15.591293998222627,0.2487947636628517,-6.04158764400271
2023-06-03,P009,VINEYARD,Faenza,1.127335037414474,116,0.11816211600370448,0.02541118885936408,-9.275217404406549,-15.949750160600784,0.21505360363187317,-6.674532756194235
2023-06-03,P010,VINEYARD,Faenza,3.0861339275106148,309,0.11761391727091039,0.030456125737743568,-9.295412850937215,-15.163253432105176,0.25895001581820726,-5.867840581167961
2023-06-03,P011,VINEYARD,Faenza,2.2900730299202556,229,0.10020764969191696,0.02771597703528391,-9.990991238562168,-15.57269807183253,0.27658544153560327,-5.581706833270359
2023-06-03,P012,VINEYARD,Faenza,1.6479114213760804,164,0.14567042514681816,0.04037576127320346,-8.366286122609173,-13.938792760878469,0.27717198760496226,-5.572506638269296
2023-06-03,P013,ORCHARD,Imola,1.1212221068519543,111,0.08345457387937082,0.028411057970679558,-10.785498560352291,-15.465125937225707,0.3404373978560629,-4.679627376873416
2023-06-03,P014,ORCHARD,Imola,1.0423997486130316,103,0.12436040501716067,0.03700578471338286,-9.053178722155979,-14.317303820753446,0.29756886613770983,-5.26412509859747
2023-06-03,P015,ORCHARD,Imola,1.7492436176504955,173,0.11862107278036245,0.03398431590462179,-9.258381526304117,-14.687214678879045,0.2864947610745925,-5.428833152574927
2023-06-03,P016,ORCHARD,Imola,1.3561007198771098,134,0.15450797505231936,0.030974440895187767,-8.110490992046648,-15.089965241230441,0.20047147006294805,-6.979474249183795
2023-06-03,P017,ORCHARD,Castel_Bolognese,4.8815691430335795,493,0.1597437475095777,0.04217276797473098,-7.965761314495603,-13.749678934906878,0.2640026206484385,-5.783917620411275
2023-06-03,P018,ORCHARD,Castel_Bolognese,1.986698681743416,198,0.25901141497447633,0.041772300325747996,-5.866810955666879,-13.791116082572312,0.1612759048857532,-7.924305126905434
2023-06-03,P019,ORCHARD,Castel_Bolognese,1.3057565462515373,128,0.13658639122149907,0.03433008405772853,-8.645925694087374,-14.643251331963597,0.2513433714055466,-5.997325637876222
2023-06-03,P020,ORCHARD,Castel_Bolognese,3.9838281908742994,399,0.16046620175746598,0.03183437793289211,-7.946164270344501,-14.971036321501279,0.19838681033285538,-7.024872051156777
2023-06-03,P021,ORCHARD,Faenza,2.4495404841857016,244,0.11307837032392377,0.019577892523900162,-9.466204591533993,-17.08234059953786,0.1731356091162034,-7.616136008003869
2023-06-03,P022,ORCHARD,Faenza,2.571818079338909,258,0.12889739905678949,0.028434389714844698,-8.89755845925732,-15.461560885413942,0.22059707893963867,-6.564002426156621
2023-06-03,P023,ORCHARD,Faenza,1.4711440486604825,149,0.14273506385467996,0.04967151617868835,-8.454693263386668,-13.038925833510973,0.3479979959882838,-4.584232570124306
2023-06-03,P024,ORCHARD,Faenza,1.2599808495088698,127,0.11613838679677858,0.030974191892158796,-9.350242107645773,-15.090000154233875,0.2667007244242,-5.739758046588102
2023-06-03,P025,OLIVE,Imola,1.9150729844597532,192,0.11454307454793404,0.03207586251664907,-9.410311637992434,-14.938216566620003,0.28003318963841806,-5.527904928627569
2023-06-03,P026,OLIVE,Imola,1.1815758805827754,114,0.12142623849866684,0.036061330004023354,-9.156874582037522,-14.429582597889791,0.29698136457071656,-5.27270801585227
2023-06-03,P027,OLIVE,Imola,4.765880858111484,478,0.09449658598984635,0.0301850530100698,-10.245838815706747,-15.202080571151104,0.3194300904512379,-4.956241755444358
2023-06-03,P028,OLIVE,Imola,4.328583603126005,434,0.0744284533719588,0.02149808038056137,-11.282610055815894,-16.67600317635519,0.2888422291018726,-5.393393120539297
2023-06-03,P029,OLIVE,Castel_Bolognese,1.2327611211807428,124,0.09550347206212821,0.03240314959698627,-10.199808392014608,-14.894127741726674,0.33928766040994757,-4.694319349712066
2023-06-03,P030,OLIVE,Castel_Bolognese,0.8616854169272335,83,0.14848125995282668,0.04856289377862431,-8.283283558595985,-13.136954423066909,0.3270641277832166,-4.853670864470923
2023-06-03,P031,OLIVE,Castel_Bolognese,0.8498648283629534,86,0.11746493319785872,0.02361939546413893,-9.300917639594427,-16.267312223003394,0.2010761409479905,-6.966394583408967
2023-06-03,P032,OLIVE,Faenza,1.8067331179867738,182,0.09610182181983204,0.0265967954937778,-10.172683792534055,-15.75170686045827,0.2767564130432453,-5.579023067924215
2023-06-03,P033,OLIVE,Faenza,1.810513599398476,181,0.08208198746594277,0.023837615776992307,-10.857521364544558,-16.227371846145573,0.29041226355396116,-5.369850481601016
2023-06-03,P034,OLIVE,Faenza,1.8238712197133842,182,0.09248901515748802,0.03005942842503498,-10.33909844988316,-15.220192817069726,0.3250053898168396,-4.8810943671865665
2023-06-03,P035,OLIVE,Faenza,3.297137421456931,328,0.1319836598775554,0.036370351608195226,-8.794798329174574,-14.392525004091084,0.2755670788485251,-5.597726674916509
2023-06-03,P036,ANNUAL,Imola,1.9843605238570365,201,0.11878988402548121,0.03518628145554172,-9.252205416693986,-14.5362662769936,0.2962060426626398,-5.284060860299615
2023-06-03,P037,ANNUAL,Imola,1.77998878845148,178,0.08657008986082974,0.03274649302632119,-10.626321316794039,-14.848352037903574,0.37826566980540877,-4.222030721109535
2023-06-03,P038,ANNUAL,Imola,1.6633032750356371,167,0.05285661655316453,0.017046545489975615,-12.769006402833723,-17.683636182343893,0.3225054231920003,-4.91462977951017
2023-06-03,P039,ANNUAL,Imola,3.6919313708525134,370,0.13842356127460262,0.032118151855428476,-8.58789981695373,-14.932494528728547,0.23202807065274791,-6.344594711774819
2023-06-03,P040,ANNUAL,Castel_Bolognese,1.5247924967245798,151,0.08016216372515982,0.013683942996199853,-10.960305689067805,-18.63788743642735,0.17070326398768337,-7.677581747359541
2023-06-03,P041,ANNUAL,Castel_Bolognese,1.4654585177199049,148,0.08783271746407892,0.01859738052872991,-10.563436803652886,-17.305482225580132,0.21173636733186252,-6.742045421927248
2023-06-03,P042,ANNUAL,Castel_Bolognese,2.428693267176382,245,0.09003647297468721,0.03006329227581012,-10.455815260841417,-15.219634609106649,0.3339012655933567,-4.7638193482652325
2023-06-03,P043,ANNUAL,Castel_Bolognese,3.5177944746824332,353,0.05256697063785437,0.018897013120727862,-12.792870500535155,-17.236068353874828,0.35948453737069264,-4.443197853339673
2023-06-03,P044,ANNUAL,Faenza,1.6610601958768552,166,0.17049093598342804,0.013599432059507593,-7.68298704982442,-18.664792282895036,0.07976630535261697,-10.981805233070618
2023-06-03,P045,ANNUAL,Faenza,2.5206803329840266,251,0.06610248859719452,0.01863804248632841,-11.797821900804026,-17.29599702605874,0.2819567444714847,-5.498175125254714
2023-06-03,P046,ANNUAL,Faenza,1.5921051212000719,159,0.12817046746799032,0.03692214930160615,-8.922120317065291,-14.327130258839723,0.2880706455317189,-5.405009941774433
2023-06-03,P047,ANNUAL,Faenza,2.3432589230863856,233,0.2210698061394845,0.07294428338148819,-6.554705695988593,-11.37008737946764,0.3299604077793592,-4.815381683479047
2023-06-15,P001,VINEYARD,Imola,1.9130941295244592,192,0.14849924398974204,0.0443862072667495,-8.282757573361227,-13.527519631858025,0.298898540317253,-5.244762058496796
2023-06-15,P002,VINEYARD,Imola,2.5911511834798726,258,0.11535090260034384,0.04148498618643182,-9.379790028523368,-13.821090501829246,0.3596416261272338,-4.441300473305878
2023-06-15,P003,VINEYARD,Imola,3.2184014498998685,323,0.1799451060500861,0.04273843194066832,-7.448599603161236,-13.691814160046054,0.23750816501101432,-6.243214556884817
2023-06-15,P004,VINEYARD,Imola,2.2713803924214653,230,0.16303644164100936,0.04422173938997414,-7.8771531194742845,-13.543641791564209,0.2712383743466763,-5.6664886720899235
2023-06-15,P005,VINEYARD,Castel_Bolognese,1.3227825441167154,132,0.19228489750601124,0.05099769764946717,-7.160548249002211,-12.924494301903433,0.26521946502778704,-5.763946052901222
2023-06-15,P006,VINEYARD,Castel_Bolognese,3.283078601794735,329,0.28242904307903854,0.052906874131332056,-5.4909064543747395,-12.764878968995532,0.1873280224814766,-7.273972514620791
2023-06-15,P007,VINEYARD,Castel_Bolognese,1.6341771995019418,166,0.15567325953259525,0.03775049316842692,-8.077859811043318,-14.230773704208211,0.2424982510276444,-6.152913893164893
2023-06-15,P008,VINEYARD,Castel_Bolognese,3.1378819555604034,312,0.15528547196672896,0.03899202504768395,-8.088691736328032,-14.09024209177318,0.25109898919609347,-6.001550355445147
2023-06-15,P009,VINEYARD,Faenza,1.127335037414474,116,0.13564087986817647,0.032235312869708085,-8.676094017260475,-14.916681102542288,0.23765190037867787,-6.240587085281813
2023-06-15,P010,VINEYARD,Faenza,3.0861339275106148,309,0.11619924475411766,0.027050957740751672,-9.347966946667302,-15.678173540635028,0.23279805129536427,-6.330206593967724
2023-06-15,P011,VINEYARD,Faenza,2.2900730299202556,229,0.13729984369372958,0.03679528824708477,-8.623299571768602,-14.342077905466567,0.26799220783646965,-5.718778333697967
2023-06-15,P012,VINEYARD,Faenza,1.6479114213760804,164,0.1917277505485023,0.041841742917668165,-7.173150230747309,-13.783902332287285,0.21823519442524966,-6.610752101539977
2023-06-15,P013,ORCHARD,Imola,1.1212221068519543,111,0.09709194899947794,0.03089286158750723,-10.128167809062491,-15.101418613941306,0.3181814960545631,-4.9732508048788135
2023-06-15,P014,ORCHARD,Imola,1.0423997486130316,103,0.1589968439951105,0.04020643898837485,-7.986114961142119,-13.957043898710594,0.25287570481343197,-5.970928937568475
2023-06-15,P015,ORCHARD,Imola,1.7492436176504955,173,0.1401463116093867,0.04206362356986269,-8.534183275773955,-13.760933177502398,0.3001407820642592,-5.226749901728446
2023-06-15,P016,ORCHARD,Imola,1.3561007198771098,134,0.16025435994031714,0.03327047441905336,-7.951901460695923,-14.779410062815234,0.20761041653683648,-6.827508602119313
2023-06-15,P017,ORCHARD,Castel_Bolognese,4.8815691430335795,493,0.17400718211341823,0.04223464308854412,-7.594328259251368,-13.743311715495441,0.2427178152969312,-6.148983456244074
2023-06-15,P018,ORCHARD,Castel_Bolognese,1.986698681743416,198,0.2835805477819057,0.0532040756002934,-5.473235629132223,-12.740550981011562,0.1876153918752257,-7.267315351879339
2023-06-15,P019,ORCHARD,Castel_Bolognese,1.3057565462515373,128,0.20458271939423867,0.04324707966588903,-6.891310528754535,-13.640432136976715,0.21139165514048266,-6.749121608222178
2023-06-15,P020,ORCHARD,Castel_Bolognese,3.9838281908742994,399,0.18731253773888998,0.04268875275096648,-7.274331522105669,-13.696865339120487,0.22790120333788744,-6.42253381701482
2023-06-15,P021,ORCHARD,Faenza,2.4495404841857016,244,0.3016841514188735,0.04073210900313542,-5.20447504316624,-13.900631026880896,0.13501574017582682,-8.696155983714657
2023-06-15,P022,ORCHARD,Faenza,2.571818079338909,258,0.14812250766007937,0.03850093690404134,-8.29378944113034,-14.145287019900861,0.2599263104051388,-5.8514975787705215
2023-06-15,P023,ORCHARD,Faenza,1.4711440486604825,149,0.16191612151545165,0.04549858125314216,-7.90709907660275,-13.42002145398668,0.2810009332443171,-5.51292237738393
2023-06-15,P024,ORCHARD,Faenza,1.2599808495088698,127,0.11842689299442637,0.03690606885127665,-9.265496645652746,-14.32902212380133,0.31163587862609543,-5.063525478148584
2023-06-15,P025,OLIVE,Imola,1.9150729844597532,192,0.11504762922413647,0.03989664962379417,-9.391223263693828,-13.990635732604119,0.3467837615851021,-4.599412468910292
2023-06-15,P026,OLIVE,Imola,1.1815758805827754,114,0.12999224087648226,0.039260743594352616,-8.860825695785072,-14.060414791663263,0.3020237464146642,-5.199589095878191
2023-06-15,P027,OLIVE,Imola,4.765880858111484,478,0.10905962367249832,0.03675847865103366,-9.623360052484948,-14.346424713646437,0.3370493810011476,-4.723064661161489
2023-06-15,P028,OLIVE,Imola,4.328583603126005,434,0.08461937501872052,0.025243452328476145,-10.725301866024942,-15.978512506689004,0.2983176408817896,-5.2532106406640615
2023-06-15,P029,OLIVE,Castel_Bolognese,1.2327611211807428,124,0.10565772499408453,0.03787233422870838,-9.760987447105245,-14.216779266878262,0.3584435897217051,-4.455791819773017
2023-06-15,P030,OLIVE,Castel_Bolognese,0.8616854169272335,83,0.14543664697782102,0.054598746686635245,-8.373261466070922,-12.62817326403791,0.3754125787495741,-4.2549117979669875
2023-06-15,P031,OLIVE,Castel_Bolognese,0.8498648283629534,86,0.15848846529978652,0.03593297925409536,-8.000023400010651,-14.445067733332333,0.22672299328614776,-6.445044333321681
2023-06-15,P032,OLIVE,Faenza,1.8067331179867738,182,0.09635101568854444,0.026131894073582122,-10.161437028496783,-15.8282911090439,0.27121555374209766,-5.6668540805471155
2023-06-15,P033,OLIVE,Faenza,1.810513599398476,181,0.08430636712241897,0.024861752482655958,-10.74139624643225,-16.044682615864865,0.2948976848516659,-5.303286369432614
2023-06-15,P034,OLIVE,Faenza,1.8238712197133842,182,0.1532527374124134,0.043969317247251886,-8.145917593381727,-13.568502780248954,0.2869072226026704,-5.422585186867228
2023-06-15,P035,OLIVE,Faenza,3.297137421456931,328,0.15053853446549578,0.03967655534151851,-8.223523162587428,-14.014660396708008,0.26356411321788564,-5.79113723412058
2023-06-15,P036,ANNUAL,Imola,1.9843605238570365,201,0.15431451508358343,0.02150124157385076,-8.11593221543972,-16.675364613353786,0.13933388937654215,-8.559432397914064
2023-06-15,P037,ANNUAL,Imola,1.77998878845148,178,0.15723364879743437,0.058868714257698046,-8.034545071308555,-12.301154494415204,0.37440277388422866,-4.26660942310665
2023-06-15,P038,ANNUAL,Imola,1.6633032750356371,167,0.06269251944463768,0.022579877983087193,-12.027842766769574,-16.462784092407723,0.36016861633750363,-4.434941325638149
2023-06-15,P039,ANNUAL,Imola,3.6919313708525134,370,0.1767373131034342,0.04260929077611984,-7.526717517710944,-13.704956944918953,0.2410882570744021,-6.17823942720801
2023-06-15,P040,ANNUAL,Castel_Bolognese,1.5247924967245798,151,0.1237310152130806,0.02805448787299213,-9.075214236728236,-15.519976548152234,0.22673771668872775,-6.444762311423999
2023-06-15,P041,ANNUAL,Castel_Bolognese,1.4654585177199049,148,0.18828718034500205,0.040478911798296345,-7.251792481987086,-13.927711712262496,0.21498495927405198,-6.67591923027541
2023-06-15,P042,ANNUAL,Castel_Bolognese,2.428693267176382,245,0.14013115416984168,0.04466062187008103,-8.534653009745774,-13.500752339545867,0.3187058733274365,-4.966099329800093
2023-06-15,P043,ANNUAL,Castel_Bolognese,3.5177944746824332,353,0.06287748531224707,0.023023126915983707,-12.015048355572816,-16.378356924293595,0.3661585192482139,-4.363308568720779
2023-06-15,P044,ANNUAL,Faenza,1.6610601958768552,166,0.16652442959238248,0.023254789061373078,-7.785220452874072,-16.33487595515921,0.13964791303171561,-8.549655502285137
2023-06-15,P045,ANNUAL,Faenza,2.5206803329840266,251,0.07713944867134569,0.026917045639152547,-11.127234694348191,-15.699726091220656,0.3489400832229591,-4.572491396872464
2023-06-15,P046,ANNUAL,Faenza,1.5921051212000719,159,0.1732481547028014,0.042038345984739704,-7.613313824400158,-13.763543797948854,0.24264816013108134,-6.150229973548697
2023-06-15,P047,ANNUAL,Faenza,2.3432589230863856,233,0.1969834203979744,0.062305733929248326,-7.055703257809678,-12.054719838505765,0.3162993809497737,-4.999016580696088
2023-06-27,P001,VINEYARD,Imola,1.9130941295244592,192,0.1271812032791786,0.03819993993965909,-8.955770704120424,-14.179373199127713,0.3003583780836344,-5.22360249500729
2023-06-27,P002,VINEYARD,Imola,2.5911511834798726,258,0.1198552926901237,0.040545075128302556,-9.21342783195928,-13.920618905156141,0.3382835602690372,-4.707191073196862
2023-06-27,P003,VINEYARD,Imola,3.2184014498998685,323,0.14892213548253933,0.04382954907225843,-8.270407448036753,-13.582329974372406,0.294311849143456,-5.311922526335654
2023-06-27,P004,VINEYARD,Imola,2.2713803924214653,230,0.15670085469179829,0.03307348965950634,-8.049286347571952,-14.805199792649946,0.21106132270022268,-6.7559134450779945
2023-06-27,P005,VINEYARD,Castel_Bolognese,1.3227825441167154,132,0.15333899045645288,0.04485821575773033,-8.14347400350914,-13.481580045377704,0.29254278787279303,-5.338106041868562
2023-06-27,P006,VINEYARD,Castel_Bolognese,3.283078601794735,329,0.15101418508312986,0.04250659939966032,-8.209822565877246,-13.715436379412951,0.28147421632121117,-5.505613813535705
2023-06-27,P007,VINEYARD,Castel_Bolognese,1.6341771995019418,166,0.1197116112628256,0.03140762723219323,-9.21863723755578,-15.029648722258006,0.26236074262870046,-5.8110114847022265
2023-06-27,P008,VINEYARD,Castel_Bolognese,3.1378819555604034,312,0.1590717049817053,0.03905145886192958,-7.984070639935707,-14.083627373602699,0.24549594704112118,-6.099556733666991
2023-06-27,P009,VINEYARD,Faenza,1.127335037414474,116,0.12727059985928493,0.032578277610370826,-8.952719089428783,-14.87071880251114,0.25597645997104257,-5.917999713082358
2023-06-27,P010,VINEYARD,Faenza,3.0861339275106148,309,0.11492431832290582,0.02599275041624759,-9.395880636009588,-15.851477633077725,0.2261727613055323,-6.455596997068136
2023-06-27,P011,VINEYARD,Faenza,2.2900730299202556,229,0.10545302846155832,0.02927811578013751,-9.769409434232404,-15.334568761320826,0.27764129875900634,-5.5651593270884225
2023-06-27,P012,VINEYARD,Faenza,1.6479114213760804,164,0.16052986556527818,0.03870019178110652,-7.944441580031008,-14.122868828035713,0.24107783087483742,-6.178427248004704
2023-06-27,P013,ORCHARD,Imola,1.1212221068519543,111,0.09616820571256114,0.027367550787423645,-10.169684868592025,-15.627640672994707,0.2845800291753701,-5.4579558044026815
2023-06-27,P014,ORCHARD,Imola,1.0423997486130316,103,0.12847874331676845,0.04188622063188588,-8.9116871998929,-13.779288239969619,0.32601673670339426,-4.867601040076719
2023-06-27,P015,ORCHARD,Imola,1.7492436176504955,173,0.11477877557105412,0.03167653831012676,-9.401384125004652,-14.992622852566049,0.2759790575611892,-5.5912387275613975
2023-06-27,P016,ORCHARD,Imola,1.3561007198771098,134,0.17218757967061515,0.03523478233741958,-7.639981785214754,-14.53028407009045,0.20463022016350815,-6.890302284875696
2023-06-27,P017,ORCHARD,Castel_Bolognese,4.8815691430335795,493,0.1548334685499963,0.041409625172139,-8.101351571187966,-13.828987005869347,0.26744621534308444,-5.72763543468138
2023-06-27,P018,ORCHARD,Castel_Bolognese,1.986698681743416,198,0.2789388754677893,0.04343645251591248,-5.544909542725835,-13.621456510912907,0.15572032561997026,-8.076546968187072
2023-06-27,P019,ORCHARD,Castel_Bolognese,1.3057565462515373,128,0.12259588317829184,0.036174817934806924,-9.115241133654825,-14.415936459755503,0.2950736761869703,-5.300695326100678
2023-06-27,P020,ORCHARD,Castel_Bolognese,3.9838281908742994,399,0.2016540533842001,0.04106460660836078,-6.953930439529222,-13.865323332807552,0.2036388851064784,-6.911392893278332
2023-06-27,P021,ORCHARD,Faenza,2.4495404841857016,244,0.11372859608840014,0.02165079649087408,-9.441303219268313,-16.64526122163793,0.19037249412667617,-7.203958002369616
2023-06-27,P022,ORCHARD,Faenza,2.571818079338909,258,0.12429569865208726,0.034809972877910204,-9.055439001917065,-14.582963150948707,0.2800577433926001,-5.527524149031642
2023-06-27,P023,ORCHARD,Faenza,1.4711440486604825,149,0.14505423532936396,0.04003970814406272,-8.384695860387165,-13.975090968242132,0.27603267187026637,-5.590395107854967
2023-06-27,P024,ORCHARD,Faenza,1.2599808495088698,127,0.07883101185475748,0.025569753428026448,-11.03302898908163,-15.92273459903419,0.32436160371932743,-4.889705609952559
2023-06-27,P025,OLIVE,Imola,1.9150729844597532,192,0.11865355399398443,0.03421841088371972,-9.257192489606732,-14.657401631308819,0.28838926211560884,-5.4002091417020885
2023-06-27,P026,OLIVE,Imola,1.1815758805827754,114,0.1040518459324774,0.04111607731401659,-9.827502107798145,-13.859883259714483,0.39514990767869834,-4.032381151916338
2023-06-27,P027,OLIVE,Imola,4.765880858111484,478,0.10267566076663,0.0325220761904454,-9.885324935741117,-14.878217370855984,0.31674572091982295,-4.992892435114867
2023-06-27,P028,OLIVE,Imola,4.328583603126005,434,0.06241792344063314,0.02084112494930728,-12.046906838167237,-16.810788426618238,0.3338964803776221,-4.763881588451002
2023-06-27,P029,OLIVE,Castel_Bolognese,1.2327611211807428,124,0.12568470356505243,0.03629691040353669,-9.00717574832151,-14.401303405782278,0.28879338037146246,-5.394127657460767
2023-06-27,P030,OLIVE,Castel_Bolognese,0.8616854169272335,83,0.18458371519683356,0.038412953827934096,-7.338066170269232,-14.155222957546808,0.20810586560668085,-6.817156787277577
2023-06-27,P031,OLIVE,Castel_Bolognese,0.8498648283629534,86,0.09570673996106137,0.030794744325671777,-10.190574768017758,-15.115233973022821,0.3217615012088044,-4.924659205005064
2023-06-27,P032,OLIVE,Faenza,1.8067331179867738,182,0.08717879713871159,0.026793320847490986,-10.595891275140673,-15.719734552473374,0.3073375835280189,-5.1238432773327025
2023-06-27,P033,OLIVE,Faenza,1.810513599398476,181,0.07396341668884399,0.022690512031543156,-11.309830351164596,-16.441557037640408,0.3067802036106534,-5.13172668647581
2023-06-27,P034,OLIVE,Faenza,1.8238712197133842,182,0.07835937433640708,0.02654612482945015,-11.059090403053094,-15.759988677282315,0.338774078459128,-4.70089827422922
2023-06-27,P035,OLIVE,Faenza,3.297137421456931,328,0.12190063539665283,0.02947036096564971,-9.139940306528162,-15.306145446919901,0.241757238342163,-6.166205140391741
2023-06-27,P036,ANNUAL,Imola,1.9843605238570365,201,0.11172008784997522,0.020874538400965693,-9.518687314677702,-16.803831192996864,0.18684677753742315,-7.285143878319163
2023-06-27,P037,ANNUAL,Imola,1.77998878845148,178,0.1374337085512247,0.04396864814746581,-8.619067342173294,-13.568568869188729,0.3199262292414796,-4.949501527015435
2023-06-27,P038,ANNUAL,Imola,1.6633032750356371,167,0.0682502439033664,0.016324079983092533,-11.658957922623438,-17.87171285980938,0.23917980434187663,-6.212754937185943
2023-06-27,P039,ANNUAL,Imola,3.6919313708525134,370,0.13338509802580686,0.03495036046322737,-8.74892687710849,-14.56548340765702,0.26202597576878717,-5.81655653054853
2023-06-27,P040,ANNUAL,Castel_Bolognese,1.5247924967245798,151,0.053224000759077385,0.016029385788156495,-12.738924833681262,-17.950831185644397,0.3011683744090334,-5.211906351963135
2023-06-27,P041,ANNUAL,Castel_Bolognese,1.4654585177199049,148,0.11030703380301192,0.024203557049150805,-9.573967935939077,-16.16120803718037,0.21941988842138488,-6.58724010124129
2023-06-27,P042,ANNUAL,Castel_Bolognese,2.428693267176382,245,0.14701384670120113,0.040694574684816964,-8.3264175870272,-13.904634861433395,0.2768077674174924,-5.578217274406196
2023-06-27,P043,ANNUAL,Castel_Bolognese,3.5177944746824332,353,0.05027728511954502,0.015513007629335602,-12.986281814521403,-18.093039939211128,0.30854903148509516,-5.106758124689723
2023-06-27,P044,ANNUAL,Faenza,1.6610601958768552,166,0.12887498752090587,0.024401031476613808,-8.898313637615946,-16.12591814844332,0.1893387688798458,-7.227604510827369
2023-06-27,P045,ANNUAL,Faenza,2.5206803329840266,251,0.0592193250095405,0.014710708158610173,-12.275365470700317,-18.323664202721957,0.24841060171219806,-6.048298732021639
2023-06-27,P046,ANNUAL,Faenza,1.5921051212000719,159,0.11910099013702674,0.037370526392903156,-9.24084628028057,-14.274707847320302,0.3137717524422596,-5.033861567039732
2023-06-27,P047,ANNUAL,Faenza,2.3432589230863856,233,0.13645185592540343,0.04379816551976577,-8.650205529755427,-13.585440794805486,0.3209788919522626,-4.935235265050059
2023-07-09,P001,VINEYARD,Imola,1.9130941295244592,192,0.11347579707702,0.03608235493205333,-9.450967580018512,-14.427051257692122,0.3179740161469231,-4.9760836776736115
2023-07-09,P002,VINEYARD,Imola,2.5911511834798726,258,0.1158279335025207,0.03616862979630918,-9.361866918774574,-14.416679436346659,0.3122617204900928,-5.054812517572085
2023-07-09,P003,VINEYARD,Imola,3.2184014498998685,323,0.15225676346812456,0.038631892555476895,-8.174234062704981,-14.130540154827457,0.2537285810857565,-5.956306092122477
2023-07-09,P004,VINEYARD,Imola,2.2713803924214653,230,0.12526369652022487,0.0339867667902423,-9.021747764551773,-14.686901485073967,0.2713217614870151,-5.665153720522192
2023-07-09,P005,VINEYARD,Castel_Bolognese,1.3227825441167154,132,0.14376506133174355,0.04662610228512098,-8.423466460426969,-13.313708879299194,0.32432151353888,-4.890242418872223
2023-07-09,P006,VINEYARD,Castel_Bolognese,3.283078601794735,329,0.17323455941441573,0.04155869957761652,-7.613654641329154,-13.813380505061332,0.23989843434299293,-6.199725863732178
2023-07-09,P007,VINEYARD,Castel_Bolognese,1.6341771995019418,166,0.16631424485380392,0.0322303038247558,-7.790705517638898,-14.917356005133254,0.1937916012731644,-7.126650487494354
2023-07-09,P008,VINEYARD,Castel_Bolognese,3.1378819555604034,312,0.13668990845624834,0.04137308020085001,-8.642635473454499,-13.832821449387865,0.30267838107516687,-5.190185975933364
2023-07-09,P009,VINEYARD,Faenza,1.127335037414474,116,0.10615691303371869,0.03204538607327589,-9.740517189295497,-14.94234491797708,0.3018681040875528,-5.2018277286815815
2023-07-09,P010,VINEYARD,Faenza,3.0861339275106148,309,0.11472522643994552,0.02818689719264465,-9.40341076439825,-15.499527285369869,0.24569049081284197,-6.096116520971621
2023-07-09,P011,VINEYARD,Faenza,2.2900730299202556,229,0.1083115151225219,0.02520469437438718,-9.653253689672702,-15.985185643365988,0.23270558394345836,-6.3319319536932825
2023-07-09,P012,VINEYARD,Faenza,1.6479114213760804,164,0.15376051304089586,0.030079057874589612,-8.131551805960662,-15.217357706826128,0.1956227725813418,-7.085805900865468
2023-07-09,P013,ORCHARD,Imola,1.1212221068519543,111,0.07677851506584399,0.026901589123414713,-11.14760291605775,-15.702220647133702,0.35037912755077844,-4.554617731075951
2023-07-09,P014,ORCHARD,Imola,1.0423997486130316,103,0.15139614277094313,0.044609742646006124,-8.198851895297008,-13.505702821998051,0.29465574108779674,-5.306850926701045
2023-07-09,P015,ORCHARD,Imola,1.7492436176504955,173,0.09684760946069838,0.028325016136588044,-10.139110947263939,-15.478298340495908,0.29246995660830005,-5.339187393231969
2023-07-09,P016,ORCHARD,Imola,1.3561007198771098,134,0.1615557520191616,0.03303976636379957,-7.916775747821427,-14.80963032394978,0.20450999701874328,-6.892854576128351
2023-07-09,P017,ORCHARD,Castel_Bolognese,4.8815691430335795,493,0.1672324892473511,0.042777631577278125,-7.766793457358185,-13.687832642103274,0.2557973738823343,-5.921039184745091
2023-07-09,P018,ORCHARD,Castel_Bolognese,1.986698681743416,198,0.26808665540408005,0.040303557330385,-5.7172480343081045,-13.94656619844644,0.15033779756637455,-8.229318164138334
2023-07-09,P019,ORCHARD,Castel_Bolognese,1.3057565462515373,128,0.13643892633263022,0.039714063197607175,-8.6506170680824,-14.010556774280312,0.29107575283014603,-5.35993970619791
2023-07-09,P020,ORCHARD,Castel_Bolognese,3.9838281908742994,399,0.17867471267443552,0.027318253567008146,-7.479369076121738,-15.63547068184316,0.15289378758808994,-8.156101605721421
2023-07-09,P021,ORCHARD,Faenza,2.4495404841857016,244,0.1272431625144892,0.02136546264967469,-8.953655454313564,-16.70287698492686,0.16791049693724647,-7.749221530613295
2023-07-09,P022,ORCHARD,Faenza,2.571818079338909,258,0.13549445586120204,0.029841546893350838,-8.680784748128001,-15.251786681352314,0.22024182984962834,-6.571001933224315
2023-07-09,P023,ORCHARD,Faenza,1.4711440486604825,149,0.14522632371459232,0.04729296913332987,-8.379546563093127,-13.252034193797414,0.32565011578942754,-4.872487630704284
2023-07-09,P024,ORCHARD,Faenza,1.2599808495088698,127,0.10440524913898604,0.02488613185128124,-9.812776659430636,-16.04042602234111,0.23836092587789717,-6.227649362910473
2023-07-09,P025,OLIVE,Imola,1.9150729844597532,192,0.10776236042147502,0.037497020079172216,-9.675329044157833,-14.260032446614755,0.3479602704739916,-4.584703402456922
2023-07-09,P026,OLIVE,Imola,1.1815758805827754,114,0.10559301218834885,0.04176188693300151,-9.763648210868102,-13.792198867759918,0.3954985852521169,-4.028550656891817
2023-07-09,P027,OLIVE,Imola,4.765880858111484,478,0.09516188667923461,0.031197149469224916,-10.21536956228527,-15.058850863130308,0.32783239758982713,-4.8434813008450375
2023-07-09,P028,OLIVE,Imola,4.328583603126005,434,0.07271947992605067,0.01999748186025906,-11.38349235754929,-16.99024688488357,0.2749948415554504,-5.606754527334282
2023-07-09,P029,OLIVE,Castel_Bolognese,1.2327611211807428,124,0.10634348717247767,0.030692605925123056,-9.732891025799233,-15.129662366624995,0.28861763650220496,-5.3967713408257625
2023-07-09,P030,OLIVE,Castel_Bolognese,0.8616854169272335,83,0.1419868244823203,0.039590788915394304,-8.47751953645833,-14.024058440879381,0.27883424437261084,-5.546538904421051
2023-07-09,P031,OLIVE,Castel_Bolognese,0.8498648283629534,86,0.10000987697479337,0.028908711706483087,-9.999571069617257,-15.389712618828561,0.2890585668230477,-5.390141549211302
2023-07-09,P032,OLIVE,Faenza,1.8067331179867738,182,0.09216907502735382,0.025095856705025493,-10.35414770897119,-16.003979740837565,0.2722806613560739,-5.649832031866376
2023-07-09,P033,OLIVE,Faenza,1.810513599398476,181,0.08857256986036156,0.022275189699306672,-10.527007544417328,-16.52178588749615,0.2514908366599779,-5.994778343078821
2023-07-09,P034,OLIVE,Faenza,1.8238712197133842,182,0.11952640763023398,0.03710416376406511,-9.2253613303319,-14.305773518865303,0.3104264948617069,-5.080412188533405
2023-07-09,P035,OLIVE,Faenza,3.297137421456931,328,0.12549261835108444,0.03280373570145812,-9.01381819232143,-14.840766958570297,0.26139972320670485,-5.826948766248867
2023-07-09,P036,ANNUAL,Imola,1.9843605238570365,201,0.14276617062996275,0.023800757959188512,-8.453746892633983,-16.23409212176617,0.16671146850942697,-7.7803452291321875
2023-07-09,P037,ANNUAL,Imola,1.77998878845148,178,0.136880797846766,0.03772820404657487,-8.636574720566841,-14.233338677708115,0.27562817166517745,-5.596763957141276
2023-07-09,P038,ANNUAL,Imola,1.6633032750356371,167,0.058461071811839495,0.011725873251384246,-12.331332266504864,-19.308548045501567,0.20057574874994905,-6.977215778996703
2023-07-09,P039,ANNUAL,Imola,3.6919313708525134,370,0.14779388956926964,0.030573643878656062,-8.303435211590935,-15.146527973849919,0.20686676538360182,-6.843092762258984
2023-07-09,P040,ANNUAL,Castel_Bolognese,1.5247924967245798,151,0.09225891532980843,0.02413975549183342,-10.349916556138133,-16.17267133123728,0.2616522794088603,-5.822754775099147
2023-07-09,P041,ANNUAL,Castel_Bolognese,1.4654585177199049,148,0.10672797821462154,0.019926289996333623,-9.717217174878986,-17.00573553487458,0.18670165339648265,-7.288518359995596
2023-07-09,P042,ANNUAL,Castel_Bolognese,2.428693267176382,245,0.15081532240218046,0.040354793898913326,-8.215545331567665,-13.941048663897975,0.26757754620779756,-5.72550333233031
2023-07-09,P043,ANNUAL,Castel_Bolognese,3.5177944746824332,353,0.042110263174742715,0.010239503480937258,-13.756120443792746,-19.897211020239737,0.2431593324042392,-6.141090576446992
2023-07-09,P044,ANNUAL,Faenza,1.6610601958768552,166,0.14410370224750185,0.03734922497421054,-8.413248613441908,-14.277184057071077,0.25918296609799985,-5.863935443629168
2023-07-09,P045,ANNUAL,Faenza,2.5206803329840266,251,0.09284762215180939,0.019098243676126003,-10.322292141597584,-17.190065697595294,0.20569448342898486,-6.86777355599771
2023-07-09,P046,ANNUAL,Faenza,1.5921051212000719,159,0.08734676433996584,0.025926552349760098,-10.587531783207227,-15.862552308212262,0.2968232715392905,-5.2750205250050355
2023-07-09,P047,ANNUAL,Faenza,2.3432589230863856,233,0.14478913083864384,0.041451328164246334,-8.392640389259832,-13.824615494282519,0.2862875681631144,-5.431975105022687
2023-07-21,P001,VINEYARD,Imola,1.9130941295244592,192,0.122019222821109,0.03430088397484118,-9.135717454932683,-14.646946875243207,0.2811104937549825,-5.511229420310524
2023-07-21,P002,VINEYARD,Imola,2.5911511834798726,258,0.10066622515865999,0.042179912184328996,-9.971162165132883,-13.7489432876678,0.4190075878761646,-3.7777811225349165
2023-07-21,P003,VINEYARD,Imola,3.2184014498998685,323,0.14048431648789175,0.040854146283108385,-8.52372157203401,-13.887638603924113,0.2908093038743551,-5.363917031890102
2023-07-21,P004,VINEYARD,Imola,2.2713803924214653,230,0.12451415179378313,0.0339076894659387,-9.047812855427992,-14.697018028606887,0.2723199650598405,-5.6492051731788955
2023-07-21,P005,VINEYARD,Castel_Bolognese,1.3227825441167154,132,0.17091294874747595,0.04389415329999544,-7.6722503291095485,-13.57593323918512,0.2568216956156382,-5.90368291007557
2023-07-21,P006,VINEYARD,Castel_Bolognese,3.283078601794735,329,0.1877676851164244,0.041578468439200364,-7.263791478696641,-13.811315121342837,0.22143569812569106,-6.547523642646197
2023-07-21,P007,VINEYARD,Castel_Bolognese,1.6341771995019418,166,0.15593433786318245,0.035770643278058754,-8.07058239510112,-14.464732496861101,0.2293955505133455,-6.3941501017599816
2023-07-21,P008,VINEYARD,Castel_Bolognese,3.1378819555604034,312,0.15185551196097946,0.03554535086433857,-8.185694396970318,-14.492171945404257,0.23407349792790033,-6.306477548433939
2023-07-21,P009,VINEYARD,Faenza,1.127335037414474,116,0.10938258568659939,0.03454461269851389,-9.610518145859066,-14.616196721027151,0.3158145556870484,-5.0056785751680835
2023-07-21,P010,VINEYARD,Faenza,3.0861339275106148,309,0.10012612415893564,0.028847335700644933,-9.99452594869935,-15.398942914836407,0.28810998071646104,-5.404416966137057
2023-07-21,P011,VINEYARD,Faenza,2.2900730299202556,229,0.10065831955701243,0.027129505891108876,-9.97150324219115,-15.665581159589719,0.26952075109641427,-5.69407791739857
2023-07-21,P012,VINEYARD,Faenza,1.6479114213760804,164,0.15177424186159197,0.04504599862891,-8.188019278251302,-13.46343780724077,0.2967960707719361,-5.275418528989468
2023-07-21,P013,ORCHARD,Imola,1.1212221068519543,111,0.08123462846888616,0.02464685418752131,-10.902588014593519,-16.08238504223881,0.3034032979785382,-5.179797027645287
2023-07-21,P014,ORCHARD,Imola,1.0423997486130316,103,0.09341184530877372,0.03662350410324277,-10.29598048544508,-14.362401051490899,0.3920648819449336,-4.06642056604582
2023-07-21,P015,ORCHARD,Imola,1.7492436176504955,173,0.09128868569097767,0.023905025477483438,-10.395830455376252,-16.215107891058377,0.2618618648799984,-5.819277435682126
2023-07-21,P016,ORCHARD,Imola,1.3561007198771098,134,0.14801851572441077,0.0379745907275312,-8.296839550511574,-14.205068980637968,0.25655297610357364,-5.908229430126393
2023-07-21,P017,ORCHARD,Castel_Bolognese,4.8815691430335795,493,0.15778188066628834,0.03306203063683203,-8.019428717125699,-14.806704760129739,0.20954263250771393,-6.78727604300404
2023-07-21,P018,ORCHARD,Castel_Bolognese,1.986698681743416,198,0.2631531164351136,0.040900385825697216,-5.797914824106832,-13.882725951422684,0.1554242882614014,-8.08481112731585
2023-07-21,P019,ORCHARD,Castel_Bolognese,1.3057565462515373,128,0.12068598897894844,0.03477087384817423,-9.183431463262476,-14.587843946583801,0.2881102781056002,-5.404412483321322
2023-07-21,P020,ORCHARD,Castel_Bolognese,3.9838281908742994,399,0.164763096271825,0.023375396568907008,-7.831400552617898,-16.31241012488512,0.1418727682219715,-8.481009572267219
2023-07-21,P021,ORCHARD,Faenza,2.4495404841857016,244,0.08653340187137488,0.017431970783051285,-10.62816222611961,-17.586535106628013,0.20144788493306368,-6.958372880508401
2023-07-21,P022,ORCHARD,Faenza,2.571818079338909,258,0.12902240401725898,0.03391653303663398,-8.893348703500202,-14.695885479251116,0.2628732063626489,-5.802536775750914
2023-07-21,P023,ORCHARD,Faenza,1.4711440486604825,149,0.1307783115080139,0.03628685397577266,-8.83464274156969,-14.402506829482018,0.2774684392033082,-5.567864087912328
2023-07-21,P024,ORCHARD,Faenza,1.2599808495088698,127,0.09781470311086947,0.028801917677789224,-10.095958589140999,-15.40578595256203,0.29445386799511397,-5.3098273634210305
2023-07-21,P025,OLIVE,Imola,1.9150729844597532,192,0.09538664174033329,0.0349084620247595,-10.205124410680957,-14.570692846396668,0.3659680369059351,-4.365568435715711
2023-07-21,P026,OLIVE,Imola,1.1815758805827754,114,0.08922233510958522,0.03439715448276777,-10.495264146750271,-14.634774831129583,0.3855217916065555,-4.139510684379311
2023-07-21,P027,OLIVE,Imola,4.765880858111484,478,0.10172075138789714,0.03300161545932542,-9.925904404505928,-14.814648004888134,0.3244334613050449,-4.888743600382205
2023-07-21,P028,OLIVE,Imola,4.328583603126005,434,0.07981048172665975,0.022940908516821568,-10.979400678333235,-16.393893869565748,0.2874423010675605,-5.414493191232511
2023-07-21,P029,OLIVE,Castel_Bolognese,1.2327611211807428,124,0.10075272344833901,0.027435599627243654,-9.967432056077026,-15.616855435066368,0.2723062830287785,-5.64942337898934
2023-07-21,P030,OLIVE,Castel_Bolognese,0.8616854169272335,83,0.12897073634597192,0.042977527704045,-8.895088205938226,-13.66758571054275,0.3332347237962195,-4.772497504604527
2023-07-21,P031,OLIVE,Castel_Bolognese,0.8498648283629534,86,0.09089666730615982,0.02994344973676773,-10.414520397381866,-15.236981667405875,0.32942296592582054,-4.822461270024009
2023-07-21,P032,OLIVE,Faenza,1.8067331179867738,182,0.0945265258938729,0.025217668237778674,-10.244463033127928,-15.982950731270504,0.26677874807428265,-5.738487698142576
2023-07-21,P033,OLIVE,Faenza,1.810513599398476,181,0.06729177774563021,0.023753045337758343,-11.72037998151242,-16.242807023086762,0.3529858495869626,-4.522427041574345
2023-07-21,P034,OLIVE,Faenza,1.8238712197133842,182,0.13740340977456872,0.04032784791990787,-8.62002489780796,-13.943949533319905,0.29349961537396974,-5.323924635511946
2023-07-21,P035,OLIVE,Faenza,3.297137421456931,328,0.10966154984652815,0.035183955875520666,-9.599456205258685,-14.536553326351127,0.320841315162523,-4.937097121092441
2023-07-21,P036,ANNUAL,Imola,1.9843605238570365,201,0.13375806819591948,0.02149931326582657,-8.736800121681473,-16.675754121599898,0.1607328332100003,-7.938953999918427
2023-07-21,P037,ANNUAL,Imola,1.77998878845148,178,0.11614290553699719,0.029960612282470874,-9.35007313459395,-15.234493155326065,0.25796334389901204,-5.884420020732115
2023-07-21,P038,ANNUAL,Imola,1.6633032750356371,167,0.050036107234567584,0.01163575647560556,-13.0071648539566,-19.34205376665907,0.23254719678846172,-6.3348889127024695
2023-07-21,P039,ANNUAL,Imola,3.6919313708525134,370,0.14904928881977056,0.03233040920962152,-8.266700918378994,-14.90388798439608,0.2169108585866199,-6.637187066017084
2023-07-21,P040,ANNUAL,Castel_Bolognese,1.5247924967245798,151,0.10747359327922594,0.024625275296387295,-9.686982306498294,-16.086189056411694,0.2291286123876834,-6.399206749913402
2023-07-21,P041,ANNUAL,Castel_Bolognese,1.4654585177199049,148,0.1185998004433271,0.02504381091126266,-9.25916041717412,-16.01299583936004,0.2111623360043497,-6.7538354221859205
2023-07-21,P042,ANNUAL,Castel_Bolognese,2.428693267176382,245,0.09992111548021132,0.029039355637315585,-10.003427263133009,-15.370130245512456,0.2906228127834164,-5.366702982379447
2023-07-21,P043,ANNUAL,Castel_Bolognese,3.5177944746824332,353,0.04481388073910566,0.008921318760052028,-13.485874459418381,-20.495709429466764,0.19907489851168084,-7.009834970048382
2023-07-21,P044,ANNUAL,Faenza,1.6610601958768552,166,0.15564099537679948,0.03984273534761854,-8.07876000399334,-13.996508533407715,0.2559912653549996,-5.917748529414376
2023-07-21,P045,ANNUAL,Faenza,2.5206803329840266,251,0.06836889851170469,0.014653434401815869,-11.651414169427587,-18.340605755178306,0.21432895250326747,-6.689191585750718
2023-07-21,P046,ANNUAL,Faenza,1.5921051212000719,159,0.09744608356564674,0.025123414560074702,-10.112356108306887,-15.999213353241418,0.25781861764767333,-5.886857244934529
2023-07-21,P047,ANNUAL,Faenza,2.3432589230863856,233,0.11840563644794948,0.025007383128460257,-9.26627623457879,-16.01931752185173,0.21120095190277008,-6.753041287272939
2023-08-02,P001,VINEYARD,Imola,1.9130941295244592,192,0.10924063886826237,0.03202240732207429,-9.616157686554306,-14.94546022591791,0.29313639735017827,-5.329302539363604
2023-08-02,P002,VINEYARD,Imola,2.5911511834798726,258,0.08498229103004054,0.035233856839409404,-10.706715649822947,-14.530398145992454,0.41460234140963,-3.823682496169508
2023-08-02,P003,VINEYARD,Imola,3.2184014498998685,323,0.11625950871145024,0.0396700542126047,-9.345715166140794,-14.015372060239846,0.3412198679685084,-4.6696568940990515
2023-08-02,P004,VINEYARD,Imola,2.2713803924214653,230,0.1251600063527408,0.02986912759344863,-9.025344234823784,-15.247774619249743,0.23864753976815808,-6.2224303844259605
2023-08-02,P005,VINEYARD,Castel_Bolognese,1.3227825441167154,132,0.15796971007842908,0.03421423635727754,-8.014261789119958,-14.657931487707408,0.21658732133072092,-6.643669698587448
2023-08-02,P006,VINEYARD,Castel_Bolognese,3.283078601794735,329,0.13336347987858357,0.03398210762244137,-8.749630809038877,-14.68749689021694,0.25480819526739457,-5.937866081178064
2023-08-02,P007,VINEYARD,Castel_Bolognese,1.6341771995019418,166,0.11973568569330206,0.032426008786332894,-9.217763943726279,-14.891065039555915,0.27081323833055715,-5.673301095829636
2023-08-02,P008,VINEYARD,Castel_Bolognese,3.1378819555604034,312,0.12380520287805642,0.033940179949590504,-9.072611038316511,-14.692858593988085,0.2741417901719392,-5.620247555671575
2023-08-02,P009,VINEYARD,Faenza,1.127335037414474,116,0.1021422025394337,0.03384401960748023,-9.90794781487245,-14.705180620137119,0.331342175575411,-4.797232805264668
2023-08-02,P010,VINEYARD,Faenza,3.0861339275106148,309,0.10383910894345696,0.02976051052809244,-9.836390472636603,-15.263596229369236,0.2866021370069517,-5.427205756732633
2023-08-02,P011,VINEYARD,Faenza,2.2900730299202556,229,0.08250967927244553,0.028549782423440806,-10.834951010496464,-15.44397197143496,0.34601737244875136,-4.609020960938496
2023-08-02,P012,VINEYARD,Faenza,1.6479114213760804,164,0.1356027881137845,0.03463468529715589,-8.677313808968076,-14.604887541605208,0.25541278154320746,-5.927573732637134
2023-08-02,P013,ORCHARD,Imola,1.1212221068519543,111,0.06337204677900216,0.024603719420328334,-11.981022658829454,-16.089992342941176,0.38824246131940604,-4.108969684111721
2023-08-02,P014,ORCHARD,Imola,1.0423997486130316,103,0.116002766361225,0.026103814448980453,-9.35531653867137,-15.832960262593442,0.2250275167377896,-6.477643723922071
2023-08-02,P015,ORCHARD,Imola,1.7492436176504955,173,0.09984141245828887,0.026498849789014442,-10.006892836462097,-15.76772976671691,0.26540940413963965,-5.760836930254815
2023-08-02,P016,ORCHARD,Imola,1.3561007198771098,134,0.13531389779675362,0.03273697920254807,-8.686575956679247,-14.849613975016833,0.24193360575363956,-6.163038018337588
2023-08-02,P017,ORCHARD,Castel_Bolognese,4.8815691430335795,493,0.14537373586401012,0.03246008432574162,-8.375140487702659,-14.886503562856126,0.2232871304628672,-6.511363075153467
2023-08-02,P018,ORCHARD,Castel_Bolognese,1.986698681743416,198,0.21787573271101773,0.04587841671280036,-6.617911393572608,-13.383915782328202,0.2105714855984066,-6.766004388755595
2023-08-02,P019,ORCHARD,Castel_Bolognese,1.3057565462515373,128,0.12038016293081455,0.030924424732802436,-9.194450732067281,-15.096983705248165,0.2568897065754552,-5.902532973180884
2023-08-02,P020,ORCHARD,Castel_Bolognese,3.9838281908742994,399,0.1838620277518467,0.0414615553969466,-7.355079545065867,-13.823544097279154,0.22550363391458983,-6.4684645522132875
2023-08-02,P021,ORCHARD,Faenza,2.4495404841857016,244,0.07544323103502393,0.01735870487087208,-11.223797201828017,-17.604826805659712,0.23008962676603067,-6.381029603831696
2023-08-02,P022,ORCHARD,Faenza,2.571818079338909,258,0.13940002756236597,0.03645421819068318,-8.557371403686961,-14.382522113530111,0.26150796974824114,-5.82515070984315
2023-08-02,P023,ORCHARD,Faenza,1.4711440486604825,149,0.12158076802656155,0.03829275069745795,-9.151351175016343,-14.168834356941035,0.3149573022033567,-5.017483181924693
2023-08-02,P024,ORCHARD,Faenza,1.2599808495088698,127,0.10464624616163452,0.025925166376932398,-9.802763459256582,-15.862784478086688,0.24774100675230049,-6.060021018830106
2023-08-02,P025,OLIVE,Imola,1.9150729844597532,192,0.09113366666133516,0.030203469864015158,-10.403211560213581,-15.199431611411804,0.3314194520040028,-4.796220051198225
2023-08-02,P026,OLIVE,Imola,1.1815758805827754,114,0.0915863118052744,0.03065626623452102,-10.381694297344728,-15.134807409522379,0.3347254150784085,-4.75311311217765
2023-08-02,P027,OLIVE,Imola,4.765880858111484,478,0.08551199819939406,0.03106668309764508,-10.679729450822146,-15.077051126699288,0.3633020365774264,-4.3973216758771425
2023-08-02,P028,OLIVE,Imola,4.328583603126005,434,0.052992970036763336,0.01623583554015559,-12.757817393943185,-17.895253564902944,0.30637715774171825,-5.1374361709597585
2023-08-02,P029,OLIVE,Castel_Bolognese,1.2327611211807428,124,0.08181768403418603,0.0232148005912501,-10.871528179861247,-16.342350424518955,0.2837381779414609,-5.47082224465771
2023-08-02,P030,OLIVE,Castel_Bolognese,0.8616854169272335,83,0.1421502055712493,0.03073387292314725,-8.472525079158912,-15.123827087586083,0.21620702410973758,-6.651302008427172
2023-08-02,P031,OLIVE,Castel_Bolognese,0.8498648283629534,86,0.10758791244480499,0.022288877235422302,-9.682365191287849,-16.51911807820419,0.20716897213575916,-6.836752886916343
2023-08-02,P032,OLIVE,Faenza,1.8067331179867738,182,0.08578993159008551,0.024331203807698012,-10.665636784851802,-16.138364034363356,0.2836137453046984,-5.472727249511555
2023-08-02,P033,OLIVE,Faenza,1.810513599398476,181,0.061620096789251046,0.016351418950445746,-12.102776238541216,-17.864445539755827,0.26535854051592583,-5.761669301214613
2023-08-02,P034,OLIVE,Faenza,1.8238712197133842,182,0.0967282633512066,0.024517824018762988,-10.144466094328838,-16.10518076509997,0.25347114865220155,-5.960714670771134
2023-08-02,P035,OLIVE,Faenza,3.297137421456931,328,0.11394270277218665,0.03089437349174149,-9.433134830966033,-15.10120607435594,0.2711395529515453,-5.668071243389905
2023-08-02,P036,ANNUAL,Imola,1.9843605238570365,201,0.13227341922732136,0.018626683512100235,-8.785274199297458,-17.29864464513978,0.14081955105499272,-8.513370445842327
2023-08-02,P037,ANNUAL,Imola,1.77998878845148,178,0.11217167862596807,0.02611417684630815,-9.501167809504,-15.831236591526764,0.23280543864717243,-6.3300687820227655
2023-08-02,P038,ANNUAL,Imola,1.6633032750356371,167,0.1200134314953567,0.02445995043907426,-9.207701464699783,-16.115444272694134,0.20381010803795416,-6.90774280799435
2023-08-02,P039,ANNUAL,Imola,3.6919313708525134,370,0.12575592484224488,0.02677745252117716,-9.004715445171463,-15.722307420596547,0.21293193584929113,-6.717591975425082
2023-08-02,P040,ANNUAL,Castel_Bolognese,1.5247924967245798,151,0.0566646752027881,0.016917218386337456,-12.466875962291157,-17.71671044297878,0.2985496400675578,-5.249834480687622
2023-08-02,P041,ANNUAL,Castel_Bolognese,1.4654585177199049,148,0.13827605347929373,0.024585854411565675,-8.592530241008781,-16.093146944398967,0.17780269101509544,-7.500616703390186
2023-08-02,P042,ANNUAL,Castel_Bolognese,2.428693267176382,245,0.11836829312449815,0.033711831522535304,-9.267646148865772,-14.722176521505476,0.2848045758932898,-5.454530372639706
2023-08-02,P043,ANNUAL,Castel_Bolognese,3.5177944746824332,353,0.05221549998810541,0.010506211396137902,-12.822005590650754,-19.78553864978509,0.201208671726426,-6.963533059134334
2023-08-02,P044,ANNUAL,Faenza,1.6610601958768552,166,0.13812783173094673,0.031062350081033016,-8.597188054955684,-15.077656899913963,0.22488118210338692,-6.4804688449582795
2023-08-02,P045,ANNUAL,Faenza,2.5206803329840266,251,0.07615782316788972,0.01717963587470442,-11.18285477959775,-17.649860453524166,0.22557939762579554,-6.467005673926415
2023-08-02,P046,ANNUAL,Faenza,1.5921051212000719,159,0.07869202686977461,0.025878608917946334,-11.040692684271534,-15.87059072497038,0.32885935141526057,-4.829898040698849
2023-08-02,P047,ANNUAL,Faenza,2.3432589230863856,233,0.1475266182531359,0.03232312733667219,-8.311296127875726,-14.904866268778381,0.21910030691010646,-6.593570140902654
2023-08-14,P001,VINEYARD,Imola,1.9130941295244592,192,0.10416533091726403,0.02853033464634791,-9.82276802117785,-15.446931342591546,0.27389472481020444,-5.624163321413697
2023-08-14,P002,VINEYARD,Imola,2.5911511834798726,258,0.09061165210292783,0.037260834152933006,-10.428159511243003,-14.287474268428674,0.41121459865457016,-3.8593147571856736
2023-08-14,P003,VINEYARD,Imola,3.2184014498998685,323,0.12489130507128157,0.03642838358037151,-9.034677961415408,-14.385600990764939,0.2916807023481743,-5.3509230293495325
2023-08-14,P004,VINEYARD,Imola,2.2713803924214653,230,0.11583659828681013,0.026171173029781683,-9.361542046600444,-15.821768112178113,0.22593181616903277,-6.460226065577666
2023-08-14,P005,VINEYARD,Castel_Bolognese,1.3227825441167154,132,0.1582693879238584,0.040776258489737906,-8.006030771867588,-13.895926263216689,0.2576383154356729,-5.889895491349102
2023-08-14,P006,VINEYARD,Castel_Bolognese,3.283078601794735,329,0.131377429041819,0.03272188974312283,-8.814792412038077,-14.851616230535425,0.24906781919675913,-6.036823818497349
2023-08-14,P007,VINEYARD,Castel_Bolognese,1.6341771995019418,166,0.11237087138894811,0.032643290416124356,-9.493462513515844,-14.86206071194461,0.29049601567239325,-5.368598198428765
2023-08-14,P008,VINEYARD,Castel_Bolognese,3.1378819555604034,312,0.14086093022846258,0.028319289800352775,-8.512094479062444,-15.479176422130358,0.20104431906293443,-6.967081943067916
2023-08-14,P009,VINEYARD,Faenza,1.127335037414474,116,0.09139859756647513,0.027728157342764837,-10.39060468093454,-15.570789902295285,0.3033761795152039,-5.1801852213607456
2023-08-14,P010,VINEYARD,Faenza,3.0861339275106148,309,0.09922702322355366,0.026902412085471415,-10.033700371336543,-15.702087791631493,0.27111981405369373,-5.66838742029495
2023-08-14,P011,VINEYARD,Faenza,2.2900730299202556,229,0.09918258854850931,0.028731329122550102,-10.035645613235582,-15.416442829103282,0.2896811783501483,-5.3807972158677
2023-08-14,P012,VINEYARD,Faenza,1.6479114213760804,164,0.1351625322159834,0.0342540024473082,-8.691436804875005,-14.652886755811101,0.2534282384749341,-5.961449950936094
2023-08-14,P013,ORCHARD,Imola,1.1212221068519543,111,0.06429888868519852,0.019522580561471416,-11.917965331730837,-17.094627763448678,0.30362236363138695,-5.176662431717839
2023-08-14,P014,ORCHARD,Imola,1.0423997486130316,103,0.10128994126921718,0.028742422177953628,-9.944336806828996,-15.414766358471033,0.28376383496520674,-5.470429551642036
2023-08-14,P015,ORCHARD,Imola,1.7492436176504955,173,0.08456712124621593,0.027308147804370162,-10.72798452998217,-15.637077552106984,0.3229168428810872,-4.909093022124815
2023-08-14,P016,ORCHARD,Imola,1.3561007198771098,134,0.1243493535013786,0.03252800536661673,-9.053564683073038,-14.877425670541724,0.2615856411851478,-5.823860987468686
2023-08-14,P017,ORCHARD,Castel_Bolognese,4.8815691430335795,493,0.15379665286467234,0.03291306064915645,-8.13053116148508,-14.826317299440262,0.21400375129175978,-6.695786137955181
2023-08-14,P018,ORCHARD,Castel_Bolognese,1.986698681743416,198,0.2786534663402673,0.04036232723261823,-5.549355501204777,-13.940238009300286,0.14484774857719257,-8.390882508095508
2023-08-14,P019,ORCHARD,Castel_Bolognese,1.3057565462515373,128,0.11258544999873266,0.02874038332083728,-9.48517731985224,-15.415074438213388,0.2552761775270322,-5.9298971183611435
2023-08-14,P020,ORCHARD,Castel_Bolognese,3.9838281908742994,399,0.20782559137688694,0.04285244533283295,-6.82300975020206,-13.680243904442989,0.2061942663024643,-6.857234154240928
2023-08-14,P021,ORCHARD,Faenza,2.4495404841857016,244,0.0731310378225734,0.015078502714817152,-11.35898263340163,-18.2164178147533,0.20618472216133193,-6.857435181351667
2023-08-14,P022,ORCHARD,Faenza,2.571818079338909,258,0.15905310239556225,0.03273124805860972,-7.9845785538319465,-14.850374345137702,0.20578817744282463,-6.865795791305755
2023-08-14,P023,ORCHARD,Faenza,1.4711440486604825,149,0.13006338822161592,0.034820949530616506,-8.858449365745866,-14.581593903041394,0.2677229157776887,-5.723144537295529
2023-08-14,P024,ORCHARD,Faenza,1.2599808495088698,127,0.11412867308249623,0.025484840205951233,-9.426052320312287,-15.937180851630185,0.22329918956938974,-6.511128531317896
2023-08-14,P025,OLIVE,Imola,1.9150729844597532,192,0.08652495014636467,0.032700930096325465,-10.628586422639989,-14.854398947416325,0.37793642228061297,-4.225812524776336
2023-08-14,P026,OLIVE,Imola,1.1815758805827754,114,0.09354156193633874,0.03629565520800258,-10.28995382613643,-14.401453593198754,0.38801634756434994,-4.111499767062325
2023-08-14,P027,OLIVE,Imola,4.765880858111484,478,0.08374839677440322,0.025683891109023322,-10.770234980665723,-15.903391800127674,0.3066791974323898,-5.133156819461949
2023-08-14,P028,OLIVE,Imola,4.328583603126005,434,0.05202995288112815,0.014869285147628546,-12.8374656740543,-18.277099100189265,0.28578317534901715,-5.439633426134964
2023-08-14,P029,OLIVE,Castel_Bolognese,1.2327611211807428,124,0.08959606256816656,0.03317541001935399,-10.477110756335437,-14.791837009264501,0.3702775442181228,-4.3147262529290655
2023-08-14,P030,OLIVE,Castel_Bolognese,0.8616854169272335,83,0.08818797176950667,0.032635901358921124,-10.545906455978724,-14.863043881832677,0.37007202574315073,-4.317137425853955
2023-08-14,P031,OLIVE,Castel_Bolognese,0.8498648283629534,86,0.09473480440156404,0.018720924854278564,-10.234904372310819,-17.276726999788877,0.1976140128492152,-7.041822627478057
2023-08-14,P032,OLIVE,Faenza,1.8067331179867738,182,0.07992819980155308,0.018872283722765254,-10.972999684020241,-17.24175542962589,0.2361154607462903,-6.268755745605646
2023-08-14,P033,OLIVE,Faenza,1.810513599398476,181,0.060125413530850935,0.014376351759043516,-12.20941923615217,-18.42351309497956,0.23910607702792547,-6.214093858827388
2023-08-14,P034,OLIVE,Faenza,1.8238712197133842,182,0.08595996463650858,0.02505454814041054,-10.657037718470942,-16.01113425365962,0.2914676413183338,-5.354096535188678
2023-08-14,P035,OLIVE,Faenza,3.297137421456931,328,0.10201496231687687,0.02474083501289076,-9.913361265213656,-16.065856468503476,0.24252163066081683,-6.1524952032898215
2023-08-14,P036,ANNUAL,Imola,1.9843605238570365,201,0.11789295696352252,0.02393253226834002,-9.285121392920402,-16.210113468532075,0.2030022223952278,-6.924992075611672
2023-08-14,P037,ANNUAL,Imola,1.77998878845148,178,0.12450930811046215,0.02486941922623455,-9.0479818021561,-16.04334356659564,0.1997394379878081,-6.995361764439539
2023-08-14,P038,ANNUAL,Imola,1.6633032750356371,167,0.1128864632529056,0.021076675588097758,-9.473581332480816,-16.76197889076262,0.18670684669142792,-7.288397558281804
2023-08-14,P039,ANNUAL,Imola,3.6919313708525134,370,0.11602962312062044,0.023138212466713142,-9.354311183989175,-16.356701953336604,0.19941642353400946,-7.002390769347429
2023-08-14,P040,ANNUAL,Castel_Bolognese,1.5247924967245798,151,0.06518262165247013,0.020260467277284686,-11.858681761460472,-16.933505425094978,0.3108262104784014,-5.074823663634506
2023-08-14,P041,ANNUAL,Castel_Bolognese,1.4654585177199049,148,0.14822353588769566,0.024411736323649215,-8.290828308061396,-16.124013295970844,0.16469541208452365,-7.833184987909449
2023-08-14,P042,ANNUAL,Castel_Bolognese,2.428693267176382,245,0.08482794500887395,0.018534073377104134,-10.714610538296052,-17.32029121923067,0.21849018475179688,-6.605680680934616
2023-08-14,P043,ANNUAL,Castel_Bolognese,3.5177944746824332,353,0.05754088247907229,0.011120912772616525,-12.400234818121758,-19.538595656458714,0.19326976392239412,-7.138360838336956
2023-08-14,P044,ANNUAL,Faenza,1.6610601958768552,166,0.1964615288987217,0.04119506983804595,-7.067224805188382,-13.851547565457661,0.2096851738300505,-6.784322760269276
2023-08-14,P045,ANNUAL,Faenza,2.5206803329840266,251,0.1220470585107091,0.016009896143016764,-9.134726831698721,-17.95611485361214,0.13117805818820258,-8.82138802191342
2023-08-14,P046,ANNUAL,Faenza,1.5921051212000719,159,0.1035408339691612,0.025840638697428524,-9.848883413172093,-15.876967561823411,0.2495695437910511,-6.028084148651319
2023-08-14,P047,ANNUAL,Faenza,2.3432589230863856,233,0.18142035905703455,0.04288344239904006,-7.413139778603124,-13.677103596282283,0.23637613012086728,-6.26396381767916
2023-08-26,P001,VINEYARD,Imola,1.9130941295244592,192,0.09995047021463203,0.030460229322973948,-10.002151584129013,-15.162668313569277,0.30475323685385514,-5.160516729440264
2023-08-26,P002,VINEYARD,Imola,2.5911511834798726,258,0.08980475318466508,0.0459144287959261,-10.467006763923681,-13.380508142070603,0.5112694725802819,-2.913501378146923
2023-08-26,P003,VINEYARD,Imola,3.2184014498998685,323,0.11741329846044443,0.03994908801715348,-9.30282711257849,-13.984931305837485,0.3402432990212944,-4.682104193258994
2023-08-26,P004,VINEYARD,Imola,2.2713803924214653,230,0.09836422321589097,0.03038991849221613,-10.071628333291795,-15.172704647251983,0.3089529658107092,-5.101076313960187
2023-08-26,P005,VINEYARD,Castel_Bolognese,1.3227825441167154,132,0.1297552172997684,0.03431355480499791,-8.868751706745272,-14.645342877082292,0.2644483629951052,-5.77659117033702
2023-08-26,P006,VINEYARD,Castel_Bolognese,3.283078601794735,329,0.1260008589792034,0.02971494588491402,-8.996264941788139,-15.270250563162422,0.2358312961169456,-6.2739856213742815
2023-08-26,P007,VINEYARD,Castel_Bolognese,1.6341771995019418,166,0.11328026647847819,0.03068142449090549,-9.458457380265122,-15.131244806364169,0.27084527115527723,-5.672787426099047
2023-08-26,P008,VINEYARD,Castel_Bolognese,3.1378819555604034,312,0.1301736277050506,0.030060081336742792,-8.854769919757997,-15.220098486309876,0.2309229746969439,-6.365328566551877
2023-08-26,P009,VINEYARD,Faenza,1.127335037414474,116,0.08230608117220731,0.031456221344655956,-10.845680758209612,-15.022934478832944,0.382185871282594,-4.17725372062333
2023-08-26,P010,VINEYARD,Faenza,3.0861339275106148,309,0.09545390562886752,0.0259391754145303,-10.202062971460188,-15.860438339038796,0.2717455639309711,-5.658375367578607
2023-08-26,P011,VINEYARD,Faenza,2.2900730299202556,229,0.09108759745890396,0.023598266610932662,-10.40540752794813,-16.271198965618606,0.25907222573939886,-5.8657914376704765
2023-08-26,P012,VINEYARD,Faenza,1.6479114213760804,164,0.13990357143395557,0.036955483172588593,-8.541711987729208,-14.323211151871693,0.26414967676528694,-5.781499164142485
2023-08-26,P013,ORCHARD,Imola,1.1212221068519543,111,0.06529208806318205,0.019228135030045435,-11.851394422882118,-17.160628366891306,0.2944941048820294,-5.309233944009188
2023-08-26,P014,ORCHARD,Imola,1.0423997486130316,103,0.09388999886883115,0.023638309784305905,-10.273806661726738,-16.263835801423927,0.2517660035051205,-5.990029139697189
2023-08-26,P015,ORCHARD,Imola,1.7492436176504955,173,0.10284089635131675,0.02275145812380004,-9.878341467439354,-16.429907645089596,0.2212296754598321,-6.551566177650242
2023-08-26,P016,ORCHARD,Imola,1.3561007198771098,134,0.15274132904944135,0.03971941240910274,-8.160434347866651,-14.009971848839033,0.26004364801779245,-5.8495375009723825
2023-08-26,P017,ORCHARD,Castel_Bolognese,4.8815691430335795,493,0.14378680169401015,0.03255063215077951,-8.422809763629001,-14.874405727815219,0.2263812239182416,-6.45159596418622
2023-08-26,P018,ORCHARD,Castel_Bolognese,1.986698681743416,198,0.23390403534803125,0.04066855527667536,-6.309622856116892,-13.907412553434392,0.17386854919438935,-7.597789697317499
2023-08-26,P019,ORCHARD,Castel_Bolognese,1.3057565462515373,128,0.08860893856035545,0.02699261615634896,-10.52522465792043,-15.68755021067629,0.3046263344861433,-5.162325552755861
2023-08-26,P020,ORCHARD,Castel_Bolognese,3.9838281908742994,399,0.18016985735685603,0.046640005249782165,-7.443178652913542,-13.312414093650094,0.25886686005086834,-5.869235440736551
2023-08-26,P021,ORCHARD,Faenza,2.4495404841857016,244,0.07133973679948048,0.017150940016660166,-11.466684972789112,-17.657120719558705,0.24041215718061165,-6.19043574676959
2023-08-26,P022,ORCHARD,Faenza,2.571818079338909,258,0.11624735615454442,0.030747903229365516,-9.346169156040236,-15.121844944239847,0.26450410784816375,-5.775675788199609
2023-08-26,P023,ORCHARD,Faenza,1.4711440486604825,149,0.12297026755525761,0.03507661736951578,-9.101998820370603,-14.549822946841608,0.2852447023729036,-5.447824126471003
2023-08-26,P024,ORCHARD,Faenza,1.2599808495088698,127,0.10286140999221426,0.02173437869660263,-9.877475268004508,-16.628527701266393,0.2112976936467013,-6.751052433261885
2023-08-26,P025,OLIVE,Imola,1.9150729844597532,192,0.09641373587267783,0.028968388088590775,-10.158610886205341,-15.380756699224564,0.3004591392127558,-5.222145813019225
2023-08-26,P026,OLIVE,Imola,1.1815758805827754,114,0.11470450160273335,0.0273812610754057,-9.404195377843148,-15.625465538105827,0.23871130332999257,-6.22127016026268
2023-08-26,P027,OLIVE,Imola,4.765880858111484,478,0.08515935352220196,0.028312817823812054,-10.69767644119648,-15.480169054694745,0.3324686796316578,-4.782492613498265
2023-08-26,P028,OLIVE,Imola,4.328583603126005,434,0.04645863636332448,0.014123036453182795,-13.329335415993807,-18.500719199209133,0.30399162693315396,-5.171383783215328
2023-08-26,P029,OLIVE,Castel_Bolognese,1.2327611211807428,124,0.10712915417107363,0.029790778013487017,-9.700923240083574,-15.259181546381921,0.27808282669640405,-5.558258306298347
2023-08-26,P030,OLIVE,Castel_Bolognese,0.8616854169272335,83,0.10612861233123813,0.0420527237366481,-9.74167514285573,-13.762058698901471,0.39624303769653835,-4.020383556045742
2023-08-26,P031,OLIVE,Castel_Bolognese,0.8498648283629534,86,0.07020254461311323,0.029481649756171676,-11.536471458273873,-15.304482175580741,0.4199512983275076,-3.7680107173068658
2023-08-26,P032,OLIVE,Faenza,1.8067331179867738,182,0.07015580430647338,0.023389584251812527,-11.539363920056555,-16.309774976755996,0.3333948556791663,-4.770411056699443
2023-08-26,P033,OLIVE,Faenza,1.810513599398476,181,0.06494712792028215,0.01388268649979438,-11.874400494554983,-18.575264835108957,0.21375366308475352,-6.700864340553973
2023-08-26,P034,OLIVE,Faenza,1.8238712197133842,182,0.10398938809777354,0.028036493163908945,-9.830109772947305,-15.522763093504775,0.2696091752895815,-5.692653320557469
2023-08-26,P035,OLIVE,Faenza,3.297137421456931,328,0.1129685485474311,0.028440530898855863,-9.470424511497008,-15.460623008996713,0.25175618581055587,-5.990198497499702
2023-08-26,P036,ANNUAL,Imola,1.9843605238570365,201,0.10499665246748213,0.021274373215618567,-9.788245470069736,-16.721432262143765,0.20261953801057916,-6.933186792074028
2023-08-26,P037,ANNUAL,Imola,1.77998878845148,178,0.09968017798251985,0.028112562933120498,-10.013911952358965,-15.51099559338388,0.2820276157417213,-5.497083641024917
2023-08-26,P038,ANNUAL,Imola,1.6633032750356371,167,0.1171317421412932,0.020665008797795474,-9.313253972526157,-16.847644054883357,0.17642535165973858,-7.534390082357202
2023-08-26,P039,ANNUAL,Imola,3.6919313708525134,370,0.10948100043712436,0.02306383257555599,-9.606612426618277,-16.3706852322894,0.2106651609271848,-6.764072805671121
2023-08-26,P040,ANNUAL,Castel_Bolognese,1.5247924967245798,151,0.06932257408189853,0.023465444858105765,-11.591253194605851,-16.295712080149123,0.3384964446124491,-4.704458885543272
2023-08-26,P041,ANNUAL,Castel_Bolognese,1.4654585177199049,148,0.1538633472235823,0.024306965299655457,-8.128648239266132,-16.142692590045883,0.15797761935033466,-8.01404435077975
2023-08-26,P042,ANNUAL,Castel_Bolognese,2.428693267176382,245,0.09584875472498183,0.0163553386926651,-10.184135251394084,-17.86340457908154,0.17063694504527846,-7.6792693276874555
2023-08-26,P043,ANNUAL,Castel_Bolognese,3.5177944746824332,353,0.1378834601649988,0.021197763683205792,-8.60487826571677,-16.73709953753913,0.15373681265207156,-8.132221271822358
2023-08-26,P044,ANNUAL,Faenza,1.6610601958768552,166,0.12275498171886766,0.030267597299562878,-9.109608740391032,-15.190220528114192,0.24656919723943632,-6.0806117877231625
2023-08-26,P045,ANNUAL,Faenza,2.5206803329840266,251,0.13230861776853461,0.01821762270320103,-8.78411867623295,-17.395082966408992,0.1376903712732574,-8.610964290176042
2023-08-26,P046,ANNUAL,Faenza,1.5921051212000719,159,0.0915036068163203,0.02273040380820913,-10.385617869220457,-16.43392848915627,0.2484099217404292,-6.048310619935809
2023-08-26,P047,ANNUAL,Faenza,2.3432589230863856,233,0.11528581695015594,0.02094833248258916,-9.382241185436554,-16.78850541787551,0.18170780271823214,-7.406264232438953
2023-09-07,P001,VINEYARD,Imola,1.9130941295244592,192,0.08329570064476381,0.029055519136212144,-10.793774143728275,-15.36771360597669,0.34882375574373237,-4.573939462248416
2023-09-07,P002,VINEYARD,Imola,2.5911511834798726,258,0.07869125875940387,0.038765002915621266,-11.040735075824635,-14.115601790300039,0.49262146173241533,-3.0748667144754025
2023-09-07,P003,VINEYARD,Imola,3.2184014498998685,323,0.1107614068977604,0.03127149222332165,-9.556115364579421,-15.048513944560804,0.28233202429603627,-5.492398579981385
2023-09-07,P004,VINEYARD,Imola,2.2713803924214653,230,0.09212860311988903,0.02622568631625694,-10.356055136839332,-15.81273137663934,0.2846638875239307,-5.456676239800007
2023-09-07,P005,VINEYARD,Castel_Bolognese,1.3227825441167154,132,0.1282627017547687,0.036075035872107204,-8.918996162445282,-14.427932283827573,0.2812589737980158,-5.508936121382291
2023-09-07,P006,VINEYARD,Castel_Bolognese,3.283078601794735,329,0.1638245951712675,0.03488935354111948,-7.856208965602985,-14.57307077445715,0.21296773848056838,-6.7168618088541665
2023-09-07,P007,VINEYARD,Castel_Bolognese,1.6341771995019418,166,0.10821528470211,0.02632434956774295,-9.657113936382256,-15.796423507267061,0.24325907047426243,-6.139309570884804
2023-09-07,P008,VINEYARD,Castel_Bolognese,3.1378819555604034,312,0.12482562800272344,0.031191725713702347,-9.036962403144603,-15.059605967976701,0.24988238563495796,-6.022643564832099
2023-09-07,P009,VINEYARD,Faenza,1.127335037414474,116,0.09154380098434872,0.024394220672547817,-10.383710592207391,-16.127130518299854,0.26647594277539893,-5.743419926092463
2023-09-07,P010,VINEYARD,Faenza,3.0861339275106148,309,0.08554978029724078,0.025554134442642765,-10.677811014451311,-15.925388246735343,0.2987048517699929,-5.2475772322840335
2023-09-07,P011,VINEYARD,Faenza,2.2900730299202556,229,0.08664590566862358,0.021615970298224922,-10.622519544449872,-16.652252650710214,0.24947480358616123,-6.029733106260339
2023-09-07,P012,VINEYARD,Faenza,1.6479114213760804,164,0.14356861651943223,0.034425483337921524,-8.429404846203116,-14.631199534815364,0.2397841824523118,-6.201794688612248
2023-09-07,P013,ORCHARD,Imola,1.1212221068519543,111,0.05145038999952711,0.015539281259013995,-12.886113288898741,-18.08569072566178,0.30202455723186583,-5.199577436763038
2023-09-07,P014,ORCHARD,Imola,1.0423997486130316,103,0.1086782632956227,0.02227633912116289,-9.63857310327336,-16.521561793022688,0.20497511135752688,-6.882988689749327
2023-09-07,P015,ORCHARD,Imola,1.7492436176504955,173,0.08663323856459532,0.025014912661143467,-10.623154502963239,-16.018010091047643,0.2887449791282118,-5.394855588084403
2023-09-07,P016,ORCHARD,Imola,1.3561007198771098,134,0.15383887763566045,0.03286397201356603,-8.12933897246029,-14.832799479209067,0.21362592160480007,-6.703460506748776
2023-09-07,P017,ORCHARD,Castel_Bolognese,4.8815691430335795,493,0.14217075399117465,0.033489011450997475,-8.471897333289265,-14.750976720395094,0.23555485576925567,-6.279079387105828
2023-09-07,P018,ORCHARD,Castel_Bolognese,1.986698681743416,198,0.214170699412323,0.0424726444174244,-6.692399450539352,-13.718906982713378,0.1983121152144895,-7.0265075321740245
2023-09-07,P019,ORCHARD,Castel_Bolognese,1.3057565462515373,128,0.1155989473045338,0.03976217815215932,-9.370461207763352,-14.005298331893755,0.3439666111094409,-4.634837124130401
2023-09-07,P020,ORCHARD,Castel_Bolognese,3.9838281908742994,399,0.20229887213548622,0.047367459256435394,-6.940065385178761,-13.24519909772845,0.23414593841488077,-6.305133712549691
2023-09-07,P021,ORCHARD,Faenza,2.4495404841857016,244,0.08298166079416139,0.018868927325725128,-10.810178774544784,-17.2425278821662,0.2273867158736446,-6.432349107621417
2023-09-07,P022,ORCHARD,Faenza,2.571818079338909,258,0.12306868429331816,0.02926072768881455,-9.098524423473275,-15.337148775508666,0.23775932810880973,-6.23862435203539
2023-09-07,P023,ORCHARD,Faenza,1.4711440486604825,149,0.10828190946939008,0.028577609322090077,-9.654440943800347,-15.43974105203941,0.26391859417817715,-5.785300108239064
2023-09-07,P024,ORCHARD,Faenza,1.2599808495088698,127,0.07912963859032927,0.016942957467509536,-11.01660817825936,-17.710107793823237,0.2141164520569439,-6.693499615563875
2023-09-07,P025,OLIVE,Imola,1.9150729844597532,192,0.08526156137425762,0.02677353653901567,-10.692467184867365,-15.722942586996586,0.31401649356962397,-5.0304754021292215
2023-09-07,P026,OLIVE,Imola,1.1815758805827754,114,0.1012088525223366,0.0272727832198143,-9.947814990233217,-15.642705395307333,0.26947033327737063,-5.694890405074116
2023-09-07,P027,OLIVE,Imola,4.765880858111484,478,0.06885760089491638,0.02476893618184621,-11.620481128577484,-16.060926458273805,0.3597124480076803,-4.44044532969632
2023-09-07,P028,OLIVE,Imola,4.328583603126005,434,0.04373544222173122,0.012749307488481845,-13.591664778390378,-18.945134044142577,0.29150974223251325,-5.3534692657521985
2023-09-07,P029,OLIVE,Castel_Bolognese,1.2327611211807428,124,0.08239612916123963,0.029488001634637193,-10.84093190285902,-15.303546580503307,0.35788090939238915,-4.462614677644286
2023-09-07,P030,OLIVE,Castel_Bolognese,0.8616854169272335,83,0.08390707091753741,0.030251632725079376,-10.762014392777015,-15.192511808674807,0.3605373467846377,-4.430497415897793
2023-09-07,P031,OLIVE,Castel_Bolognese,0.8498648283629534,86,0.07188596983635148,0.017766713018550775,-11.433558636814956,-17.50392912653246,0.24715132951529659,-6.070370489717503
2023-09-07,P032,OLIVE,Faenza,1.8067331179867738,182,0.06699543109593484,0.01716921706990963,-11.739548139780167,-17.652495085647963,0.25627444721303433,-5.9129469458677955
2023-09-07,P033,OLIVE,Faenza,1.810513599398476,181,0.05511457460176056,0.012099507738172349,-12.587335403109742,-19.17232298356627,0.21953372271489593,-6.584987580456531
2023-09-07,P034,OLIVE,Faenza,1.8238712197133842,182,0.09771789618573345,0.03302076091519096,-10.100258917268686,-14.812129232760991,0.33791927788158727,-4.711870315492307
2023-09-07,P035,OLIVE,Faenza,3.297137421456931,328,0.09120878241899447,0.022585724523041126,-10.399633417980072,-16.461659732313528,0.24762664212846228,-6.062026314333457
2023-09-07,P036,ANNUAL,Imola,1.9843605238570365,201,0.13707191439632752,0.020902271435795285,-8.630515216672146,-16.798065168348636,0.1524912782304827,-8.16754995167649
2023-09-07,P037,ANNUAL,Imola,1.77998878845148,178,0.10668891494612345,0.022331590248857825,-9.718807017359778,-16.510803493999965,0.20931500015849813,-6.79199647664019
2023-09-07,P038,ANNUAL,Imola,1.6633032750356371,167,0.11177093370588953,0.02018724560938374,-9.51671121068225,-16.949229330746423,0.1806126596607291,-7.432518120064175
2023-09-07,P039,ANNUAL,Imola,3.6919313708525134,370,0.10439070320713359,0.023234408171344045,-9.813381768665455,-16.338683854271185,0.22257162235263409,-6.5253020856057296
2023-09-07,P040,ANNUAL,Castel_Bolognese,1.5247924967245798,151,0.059058126395210526,0.014230869602510668,-12.287203350398933,-18.467685607707615,0.2409637838369481,-6.180482257308684
2023-09-07,P041,ANNUAL,Castel_Bolognese,1.4654585177199049,148,0.15520535263459426,0.025100980594288558,-8.090933051166036,-16.003093120500395,0.1617275446252471,-7.91216006933436
2023-09-07,P042,ANNUAL,Castel_Bolognese,2.428693267176382,245,0.11090278323663741,0.017005326281472735,-9.550575545799122,-17.69415030836009,0.15333543293668145,-8.14357476256097
2023-09-07,P043,ANNUAL,Castel_Bolognese,3.5177944746824332,353,0.09847024117435511,0.014954335965801865,-10.066949984005891,-18.25232866670826,0.1518665516348554,-8.185378682702366
2023-09-07,P044,ANNUAL,Faenza,1.6610601958768552,166,0.09113141161064248,0.018078462520883565,-10.403319025239968,-17.428385067748426,0.1983779489570897,-7.025066042508459
2023-09-07,P045,ANNUAL,Faenza,2.5206803329840266,251,0.13259501603851281,0.017400894297353656,-8.774727998200163,-17.594284311182435,0.13123339637667444,-8.81955631298227
2023-09-07,P046,ANNUAL,Faenza,1.5921051212000719,159,0.07326096714526978,0.01901300598826236,-11.351273523506794,-17.209492150172526,0.2595243651446931,-5.858218626665732
2023-09-07,P047,ANNUAL,Faenza,2.3432589230863856,233,0.1460689214725735,0.01916612277822689,-8.354421774178086,-17.174657340874045,0.1312128725604755,-8.820235566695958
2023-09-19,P001,VINEYARD,Imola,1.9130941295244592,192,0.08855978338882171,0.02485066813096637,-10.52763454382659,-16.046619304038412,0.2806089534101446,-5.518984760211822
2023-09-19,P002,VINEYARD,Imola,2.5911511834798726,258,0.08851156097136495,0.04637155209328662,-10.53000000057499,-13.337483676739843,0.5239039011896833,-2.8074836761648547
2023-09-19,P003,VINEYARD,Imola,3.2184014498998685,323,0.10736317666760724,0.035070284935804344,-9.691446470558349,-14.550607055885624,0.326650961943691,-4.859160585327275
2023-09-19,P004,VINEYARD,Imola,2.2713803924214653,230,0.10436965736520032,0.02070434032736913,-9.814257422743129,-16.839386022418953,0.19837509147819163,-7.0251285996758215
2023-09-19,P005,VINEYARD,Castel_Bolognese,1.3227825441167154,132,0.13732084519032275,0.035518257561224426,-8.622635322171314,-14.495483477950886,0.25865160902554263,-5.8728481557795735
2023-09-19,P006,VINEYARD,Castel_Bolognese,3.283078601794735,329,0.12911092047791894,0.03442087781114509,-8.890370226234301,-14.631780583642016,0.26659927513282566,-5.741410357407713
2023-09-19,P007,VINEYARD,Castel_Bolognese,1.6341771995019418,166,0.09681041600429509,0.031615424160677266,-10.140779136644543,-15.00100987204998,0.3265704814167374,-4.860230735405437
2023-09-19,P008,VINEYARD,Castel_Bolognese,3.1378819555604034,312,0.11460437248341548,0.03144380503232615,-9.40798812480374,-15.024649052358921,0.27436828413223424,-5.6166609275551815
2023-09-19,P009,VINEYARD,Faenza,1.127335037414474,116,0.09878580434376309,0.02381451731820687,-10.053054596443133,-16.231582165107213,0.24107226211708643,-6.178527568664083
2023-09-19,P010,VINEYARD,Faenza,3.0861339275106148,309,0.08345072714063342,0.02412055334691139,-10.785698747811534,-16.17612733316561,0.28903946284689386,-5.3904285853540745
2023-09-19,P011,VINEYARD,Faenza,2.2900730299202556,229,0.08510264293107664,0.020436773088854214,-10.700569523412716,-16.895876770470785,0.24014263699666358,-6.195307247058068
2023-09-19,P012,VINEYARD,Faenza,1.6479114213760804,164,0.1404096435119466,0.03571827759080362,-8.52603063287421,-14.47109491856423,0.2543862137771511,-5.945064285690017
2023-09-19,P013,ORCHARD,Imola,1.1212221068519543,111,0.053921924165643016,0.014814311583937556,-12.682346187054705,-18.29318525233117,0.2747363305958705,-5.6108390652764655
2023-09-19,P014,ORCHARD,Imola,1.0423997486130316,103,0.10832107260606243,0.021083902047711958,-9.652870482103728,-16.76049010112032,0.19464266315372464,-7.107619619016593
2023-09-19,P015,ORCHARD,Imola,1.7492436176504955,173,0.08619121433036521,0.025056712940399874,-10.645370005592829,-16.010759024351838,0.2907107543973003,-5.365389018759008
2023-09-19,P016,ORCHARD,Imola,1.3561007198771098,134,0.1517234651177232,0.03252094581639811,-8.18947247274799,-14.878368321779273,0.21434354792229998,-6.688895849031286
2023-09-19,P017,ORCHARD,Castel_Bolognese,4.8815691430335795,493,0.13730284917351562,0.0330883916646892,-8.623204506183267,-14.803243421821271,0.2409883834447889,-6.180038915638004
2023-09-19,P018,ORCHARD,Castel_Bolognese,1.986698681743416,198,0.23795438328325147,0.045621664291529945,-6.235062907887561,-13.408288755818663,0.1917244123098322,-7.173225847931102
2023-09-19,P019,ORCHARD,Castel_Bolognese,1.3057565462515373,128,0.10880582971731201,0.03492217961320421,-9.633478349114391,-14.568986583099226,0.3209587179651622,-4.935508233984835
2023-09-19,P020,ORCHARD,Castel_Bolognese,3.9838281908742994,399,0.21932556560463773,0.04766996684052367,-6.589107419937634,-13.217551501703484,0.21734797176565754,-6.628444081765849
2023-09-19,P021,ORCHARD,Faenza,2.4495404841857016,244,0.0931550579099748,0.01582262765894812,-10.307935598471001,-18.0072139169683,0.16985258786741492,-7.699278318497299
2023-09-19,P022,ORCHARD,Faenza,2.571818079338909,258,0.10668278681186512,0.03497937170774207,-9.719056480139663,-14.561879954951692,0.32788205813772114,-4.842823474812029
2023-09-19,P023,ORCHARD,Faenza,1.4711440486604825,149,0.13277059120919882,0.034385937644206235,-8.768981108864681,-14.636191287117303,0.25898760660051845,-5.867210178252622
2023-09-19,P024,ORCHARD,Faenza,1.2599808495088698,127,0.07426744923875557,0.016271409978283437,-11.292014919394802,-17.885748121979713,0.21909208064994912,-6.593733202584914
2023-09-19,P025,OLIVE,Imola,1.9150729844597532,192,0.08872020628768951,0.026632062283169944,-10.519774570583882,-15.745952021858216,0.30018034670491195,-5.226177451274333
2023-09-19,P026,OLIVE,Imola,1.1815758805827754,114,0.09512088091619182,0.02948491992592289,-10.217241363617198,-15.304000473257897,0.30997315880517523,-5.086759109640699
2023-09-19,P027,OLIVE,Imola,4.765880858111484,478,0.07419291666853066,0.024370134728239793,-11.296375556187304,-16.131420698481293,0.32846983003940217,-4.835045142293988
2023-09-19,P028,OLIVE,Imola,4.328583603126005,434,0.04238951989355141,0.013538988486837922,-13.72741502251362,-18.684137810714322,0.31939471173150913,-4.956722788200701
2023-09-19,P029,OLIVE,Castel_Bolognese,1.2327611211807428,124,0.09908982050875502,0.027505200048307737,-10.039709582689904,-15.605851920317859,0.27757846272289427,-5.566142337627954
2023-09-19,P030,OLIVE,Castel_Bolognese,0.8616854169272335,83,0.10849697421114128,0.029194679234670586,-9.645823733521182,-15.346962920303627,0.2690828886882696,-5.701139186782445
2023-09-19,P031,OLIVE,Castel_Bolognese,0.8498648283629534,86,0.08956054290539997,0.017571114312294266,-10.478832824433336,-17.552006958561496,0.1961925837235499,-7.073174134128156
2023-09-19,P032,OLIVE,Faenza,1.8067331179867738,182,0.0756877254653763,0.01730868757374912,-11.209745457956412,-17.61735861130232,0.22868552948743398,-6.407613153345906
2023-09-19,P033,OLIVE,Faenza,1.810513599398476,181,0.04958428721874952,0.012484507033220642,-13.046559254312536,-19.036286016489445,0.25178353332262526,-5.98972676217691
2023-09-19,P034,OLIVE,Faenza,1.8238712197133842,182,0.10410092539757818,0.029581180735296763,-9.82545409843206,-15.289844950926803,0.2841586721954822,-5.464390852494745
2023-09-19,P035,OLIVE,Faenza,3.297137421456931,328,0.11393882139449621,0.02123422509417074,-9.433282772833588,-16.72963583200085,0.18636514608704258,-7.296353059167261
2023-09-19,P036,ANNUAL,Imola,1.9843605238570365,201,0.13069670030207775,0.02229453796354025,-8.837353769082805,-16.518015236267377,0.17058225580302447,-7.680661467184572
2023-09-19,P037,ANNUAL,Imola,1.77998878845148,178,0.09187968568143885,0.02643542913615369,-10.367804991871788,-15.778136351377876,0.2877178882371173,-5.410331359506088
2023-09-19,P038,ANNUAL,Imola,1.6633032750356371,167,0.10303821568628271,0.022304384997058772,-9.870016706006354,-16.516097471395128,0.21646711221172782,-6.646080765388773
2023-09-19,P039,ANNUAL,Imola,3.6919313708525134,370,0.1018058031596042,0.019482846775192866,-9.922274655320544,-17.103475850124326,0.1913726543137132,-7.1812011948037835
2023-09-19,P040,ANNUAL,Castel_Bolognese,1.5247924967245798,151,0.05820235788871515,0.015145294010540508,-12.35059420894524,-18.197222914353855,0.2602178770746507,-5.846628705408614
2023-09-19,P041,ANNUAL,Castel_Bolognese,1.4654585177199049,148,0.1562492297962308,0.02556512939013742,-8.061821147587438,-15.923520048822715,0.1636176346179604,-7.861698901235279
2023-09-19,P042,ANNUAL,Castel_Bolognese,2.428693267176382,245,0.09040576626299596,0.01731944278984958,-10.438038684589799,-17.614660844425934,0.1915745367332682,-7.176622159836135
2023-09-19,P043,ANNUAL,Castel_Bolognese,3.5177944746824332,353,0.1053361689233915,0.014180420109047093,-9.774224809822112,-18.483109025564588,0.13462061753318727,-8.708884215742476
2023-09-19,P044,ANNUAL,Faenza,1.6610601958768552,166,0.09958598928817783,0.01637405187665788,-10.018017579903983,-17.858438380022456,0.16442124031398958,-7.840420800118471
2023-09-19,P045,ANNUAL,Faenza,2.5206803329840266,251,0.12054249970798948,0.01681509826599483,-9.188598067445806,-17.743005903621548,0.1394951847417209,-8.554407836175741
2023-09-19,P046,ANNUAL,Faenza,1.5921051212000719,159,0.06766217816972507,0.020176983789874696,-11.696540255863788,-16.95143754913652,0.29820180691290155,-5.254897293272734
2023-09-19,P047,ANNUAL,Faenza,2.3432589230863856,233,0.12717567688821468,0.019384897693735848,-8.955959421728476,-17.125364866951116,0.1524261412878097,-8.16940544522264
2023-10-01,P001,VINEYARD,Imola,1.9130941295244592,192,0.07484290512123455,0.02567391368453779,-11.25849363159811,-15.90507923224032,0.34303737465762196,-4.646585600642211
2023-10-01,P002,VINEYARD,Imola,2.5911511834798726,258,0.06282866300740676,0.03184256186643832,-12.018421819629346,-14.96991998732751,0.5068158439514217,-2.951498167698163
2023-10-01,P003,VINEYARD,Imola,3.2184014498998685,323,0.08557115395440959,0.026639547961657354,-10.676726113710748,-15.744731488494633,0.3113145812647369,-5.068005374783883
2023-10-01,P004,VINEYARD,Imola,2.2713803924214653,230,0.09024268251074397,0.01846046738286057,-10.44588003539163,-17.337573076856373,0.20456470119516598,-6.891693041464741
2023-10-01,P005,VINEYARD,Castel_Bolognese,1.3227825441167154,132,0.12641562106595797,0.03426468834478521,-8.981992573544685,-14.651532139634867,0.27104789784568983,-5.6695395660901795
2023-10-01,P006,VINEYARD,Castel_Bolognese,3.283078601794735,329,0.10994279898680452,0.02806494666948507,-9.58833210711652,-15.518357787131619,0.25526862084758695,-5.930025680015097
2023-10-01,P007,VINEYARD,Castel_Bolognese,1.6341771995019418,166,0.08496550059910998,0.02461800734366638,-10.707573794722123,-16.087471030973553,0.2897412146115721,-5.379897236251431
2023-10-01,P008,VINEYARD,Castel_Bolognese,3.1378819555604034,312,0.09697607100511399,0.02545807410318118,-10.133354153469558,-15.941744537066091,0.26251913321832415,-5.808390383596532
2023-10-01,P009,VINEYARD,Faenza,1.127335037414474,116,0.09405636318541806,0.02109655058653704,-10.266118178399923,-16.757885486689958,0.2242968989237692,-6.491767308290033
2023-10-01,P010,VINEYARD,Faenza,3.0861339275106148,309,0.08084522738666981,0.023118285522540024,-10.923456131207558,-16.36044376813328,0.2859573319272015,-5.436987636925722
2023-10-01,P011,VINEYARD,Faenza,2.2900730299202556,229,0.0830763231426087,0.01935331426829295,-10.805227330590899,-17.132446510493217,0.2329582429288677,-6.327219179902318
2023-10-01,P012,VINEYARD,Faenza,1.6479114213760804,164,0.14631671192715082,0.029236506494670744,-8.34706067017284,-15.340745229840136,0.1998165903921298,-6.993684559667294
2023-10-01,P013,ORCHARD,Imola,1.1212221068519543,111,0.052121996611088246,0.013263110518203797,-12.829789563406921,-18.77354611491399,0.2544628253051659,-5.94375655150707
2023-10-01,P014,ORCHARD,Imola,1.0423997486130316,103,0.09958764711774669,0.021407675707839358,-10.01794528256115,-16.694304827315264,0.21496316388043746,-6.6763595447541135
2023-10-01,P015,ORCHARD,Imola,1.7492436176504955,173,0.0794820728243431,0.024519577318253372,-10.997308153866358,-16.104870206924634,0.3084919208441142,-5.107562053058277
2023-10-01,P016,ORCHARD,Imola,1.3561007198771098,134,0.14204027509289002,0.03064400385092221,-8.47588495260816,-15.136544917561267,0.2157416537730722,-6.660659964953108
2023-10-01,P017,ORCHARD,Castel_Bolognese,4.8815691430335795,493,0.12529763455821946,0.03135378985301144,-9.020571277928369,-15.03709956818202,0.25023449136578013,-6.016528290253651
2023-10-01,P018,ORCHARD,Castel_Bolognese,1.986698681743416,198,0.2138242395500643,0.03841629170229414,-6.699430638319774,-14.15484559592969,0.17966294084866574,-7.455414957609917
2023-10-01,P019,ORCHARD,Castel_Bolognese,1.3057565462515373,128,0.10350556613411754,0.030513119309034664,-9.850362948801656,-15.155133928343425,0.29479689304338696,-5.30477097954177
2023-10-01,P020,ORCHARD,Castel_Bolognese,3.9838281908742994,399,0.18612413155031682,0.0353179220110178,-7.301973156402248,-14.520048567846375,0.18975466381945186,-7.2180754114441275
2023-10-01,P021,ORCHARD,Faenza,2.4495404841857016,244,0.08868384846776235,0.013661662328484484,-10.521554687820913,-18.64496453204713,0.1540490468616804,-8.123409844226217
2023-10-01,P022,ORCHARD,Faenza,2.571818079338909,258,0.10082382780983466,0.025059943024227902,-9.964368184518074,-16.010199207437662,0.24855179146236978,-6.045831022919589
2023-10-01,P023,ORCHARD,Faenza,1.4711440486604825,149,0.12859161755682638,0.02849018482503875,-8.907873406455971,-15.453047333426895,0.2215555365609158,-6.545173926970923
2023-10-01,P024,ORCHARD,Faenza,1.2599808495088698,127,0.07083540814598714,0.013508179485357888,-11.497495993946522,-18.69403177457514,0.1906981245526025,-7.196535780628616
2023-10-01,P025,OLIVE,Imola,1.9150729844597532,192,0.07412031753725994,0.02317525560890014,-11.300627287974955,-16.349754671544396,0.3126707545100579,-5.049127383569444
2023-10-01,P026,OLIVE,Imola,1.1815758805827754,114,0.08116311906722554,0.024173086566295018,-10.906412715492861,-16.16667892698428,0.29783338595295983,-5.260266211491419
2023-10-01,P027,OLIVE,Imola,4.765880858111484,478,0.06334348330001452,0.02039818261909809,-11.982980581668219,-16.904085244200154,0.32202495910251616,-4.921104662531935
2023-10-01,P028,OLIVE,Imola,4.328583603126005,434,0.040520508404529317,0.012274006198692535,-13.9232511425212,-19.110136617220167,0.30290849453706675,-5.186885474698966
2023-10-01,P029,OLIVE,Castel_Bolognese,1.2327611211807428,124,0.0725823801100975,0.025980335960705436,-11.391687945849863,-15.85355237214603,0.357942739288748,-4.461864426296163
2023-10-01,P030,OLIVE,Castel_Bolognese,0.8616854169272335,83,0.1210679521851511,0.03028476028422634,-9.169708034392812,-15.187758595984919,0.2501467955608218,-6.018050561592107
2023-10-01,P031,OLIVE,Castel_Bolognese,0.8498648283629534,86,0.06643624050369443,0.01839532026327973,-11.77594951396679,-17.352926466823043,0.27688683350853954,-5.576976952856252
2023-10-01,P032,OLIVE,Faenza,1.8067331179867738,182,0.07605439089852703,0.01608132546163768,-11.18875707476171,-17.936781585134554,0.21144506282475706,-6.7480245103728445
2023-10-01,P033,OLIVE,Faenza,1.810513599398476,181,0.045870354584320476,0.011313429809798029,-13.384679026973492,-19.464057132302624,0.24663924908191606,-6.079378105329132
2023-10-01,P034,OLIVE,Faenza,1.8238712197133842,182,0.10646564305688326,0.030205012288886113,-9.72790518404527,-15.199209832421015,0.2837066627470418,-5.471304648375746
2023-10-01,P035,OLIVE,Faenza,3.297137421456931,328,0.0965902961779204,0.01987134690947331,-10.150665022394595,-17.017726947660346,0.2057281910894037,-6.867061925265753
2023-10-01,P036,ANNUAL,Imola,1.9843605238570365,201,0.1387041725996715,0.01613577828506258,-8.579104739681338,-17.922100822119624,0.11633232066949943,-9.342996082438287
2023-10-01,P037,ANNUAL,Imola,1.77998878845148,178,0.09101342334506217,0.018929173170557517,-10.408945499342344,-17.228683556773408,0.20798221267637326,-6.819738057431063
2023-10-01,P038,ANNUAL,Imola,1.6633032750356371,167,0.10260991957373247,0.01848805171554674,-9.888106527924828,-17.331088527006713,0.18017801585217857,-7.442981999081884
2023-10-01,P039,ANNUAL,Imola,3.6919313708525134,370,0.07500296766693527,0.014154352009850176,-11.24921552396623,-18.491100079652863,0.18871722613304087,-7.241884555686634
2023-10-01,P040,ANNUAL,Castel_Bolognese,1.5247924967245798,151,0.051281530792448696,0.012101063312074502,-12.90039019277252,-19.171764668507155,0.23597312960588157,-6.271374475734638
2023-10-01,P041,ANNUAL,Castel_Bolognese,1.4654585177199049,148,0.10563398517567564,0.019794818152346322,-9.76196335592547,-17.034484835958025,0.18739062167754397,-7.272521480032558
2023-10-01,P042,ANNUAL,Castel_Bolognese,2.428693267176382,245,0.08377909554662753,0.016282550414682042,-10.768643324592713,-17.88277568471901,0.19435099303047423,-7.1141323601262965
2023-10-01,P043,ANNUAL,Castel_Bolognese,3.5177944746824332,353,0.09292031862580405,0.013253879125913337,-10.318893096639757,-18.776569944502345,0.14263703915273407,-8.457676847862587
2023-10-01,P044,ANNUAL,Faenza,1.6610601958768552,166,0.07910986269925194,0.011562945757409087,-11.017693692349628,-19.369315116581877,0.1461631377286972,-8.351621424232247
2023-10-01,P045,ANNUAL,Faenza,2.5206803329840266,251,0.10829942480501425,0.013843521347781457,-9.653738499736797,-18.5875342524117,0.12782636078359397,-8.933795752674904
2023-10-01,P046,ANNUAL,Faenza,1.5921051212000719,159,0.07489372481761863,0.015363811737851901,-11.255545693666281,-18.135010231492075,0.2051415091887323,-6.8794645378257915
2023-10-01,P047,ANNUAL,Faenza,2.3432589230863856,233,0.12299067276038325,0.017892672508443373,-9.101278228881798,-17.473247869348178,0.14547991410131397,-8.37196964046638
2023-10-13,P001,VINEYARD,Imola,1.9130941295244592,192,0.06767637070151977,0.02387389708746923,-11.695629393686431,-16.220766825668335,0.35276562321526955,-4.525137431981904
2023-10-13,P002,VINEYARD,Imola,2.5911511834798726,258,0.07353979476922473,0.034040528984899204,-11.334775864703872,-14.68003699661548,0.46288583061350397,-3.3452611319116077
2023-10-13,P003,VINEYARD,Imola,3.2184014498998685,323,0.09192644767809209,0.030815750934275864,-10.365595220393955,-15.112272446901244,0.33522181823218516,-4.7466772265072885
2023-10-13,P004,VINEYARD,Imola,2.2713803924214653,230,0.10594897499388975,0.018604807800653836,-9.74903240526107,-17.303748121539556,0.1756015837031628,-7.554715716278487
2023-10-13,P005,VINEYARD,Castel_Bolognese,1.3227825441167154,132,0.10762547710063783,0.03076502025324964,-9.680849103191013,-15.119427946708115,0.2858525795382264,-5.438578843517101
2023-10-13,P006,VINEYARD,Castel_Bolognese,3.283078601794735,329,0.17219250652610713,0.031774157578957844,-7.639857520993958,-14.97925954972537,0.18452694731022093,-7.3394020287314135
2023-10-13,P007,VINEYARD,Castel_Bolognese,1.6341771995019418,166,0.07673415473202266,0.018214415598952448,-11.150112865074412,-17.395847583348672,0.23737038171023492,-6.245734718274259
2023-10-13,P008,VINEYARD,Castel_Bolognese,3.1378819555604034,312,0.11528996904738821,0.02918555315148133,-9.382084774137017,-15.3483207112684,0.25314911082580865,-5.966235937131384
2023-10-13,P009,VINEYARD,Faenza,1.127335037414474,116,0.08933177041211005,0.021780834501159602,-10.489940589072988,-16.61925484896778,0.24381957729796583,-6.129314259894794
2023-10-13,P010,VINEYARD,Faenza,3.0861339275106148,309,0.08152006731691099,0.02017350464118916,-10.887354703736749,-16.952186474435,0.2474667318755299,-6.06483177069825
2023-10-13,P011,VINEYARD,Faenza,2.2900730299202556,229,0.0941158491532485,0.019860257739282527,-10.263372350190865,-17.020151196864663,0.21101926952753877,-6.7567788466737975
2023-10-13,P012,VINEYARD,Faenza,1.6479114213760804,164,0.10518908116784764,0.025661916633863455,-9.780293384584958,-15.907109102204247,0.24395988964781776,-6.126815717619291
2023-10-13,P013,ORCHARD,Imola,1.1212221068519543,111,0.048055836914090426,0.013116742563979314,-13.182538549126818,-18.821740050622886,0.27294795817265977,-5.639201501496068
2023-10-13,P014,ORCHARD,Imola,1.0423997486130316,103,0.09784014897366751,0.019972756016746307,-10.094828947044723,-16.99562003217421,0.20413660676377068,-6.900791085129484
2023-10-13,P015,ORCHARD,Imola,1.7492436176504955,173,0.08413042339114095,0.02290556198416676,-10.750469254672074,-16.400590484140515,0.27226253073366496,-5.650121229468439
2023-10-13,P016,ORCHARD,Imola,1.3561007198771098,134,0.14402189818836414,0.02960183666741003,-8.415714694372006,-15.286813419891956,0.2055370540158707,-6.871098725519948
2023-10-13,P017,ORCHARD,Castel_Bolognese,4.8815691430335795,493,0.12004459774760155,0.02988616293806273,-9.206573793070529,-15.245298401228595,0.24895883279062297,-6.038724608158066
2023-10-13,P018,ORCHARD,Castel_Bolognese,1.986698681743416,198,0.23119231958807718,0.04186192632304749,-6.360265976560127,-13.781807909944357,0.18106971026388005,-7.421541933384232
2023-10-13,P019,ORCHARD,Castel_Bolognese,1.3057565462515373,128,0.10583245861926116,0.03020551203371724,-9.75381114556846,-15.199137978576026,0.2854087718247522,-5.445326833007566
2023-10-13,P020,ORCHARD,Castel_Bolognese,3.9838281908742994,399,0.20114778249260776,0.03472914535991082,-6.9648475084580195,-14.593059039924816,0.1726548755822706,-7.628211531466795
2023-10-13,P021,ORCHARD,Faenza,2.4495404841857016,244,0.08450944057558893,0.013124155519972936,-10.730947731701875,-18.819286319079122,0.1552980996038439,-8.088338587377251
2023-10-13,P022,ORCHARD,Faenza,2.571818079338909,258,0.1220948916044115,0.025975328279919056,-9.133025063616396,-15.854389550602384,0.21274705221967305,-6.721364486985987
2023-10-13,P023,ORCHARD,Faenza,1.4711440486604825,149,0.1037888474162393,0.032518701759110764,-9.838493108980163,-14.878668010271968,0.31331595415735136,-5.0401749012918025
2023-10-13,P024,ORCHARD,Faenza,1.2599808495088698,127,0.06941195721114714,0.01843893987412645,-11.585657096097833,-17.34264051831849,0.2656450072144813,-5.756983422220658
2023-10-13,P025,OLIVE,Imola,1.9150729844597532,192,0.08229805306958345,0.02541842127053921,-10.846104387991273,-15.948514268262684,0.30885811173501027,-5.102409880271409
2023-10-13,P026,OLIVE,Imola,1.1815758805827754,114,0.0718760495972738,0.025036004380110586,-11.434158003061256,-16.014349811378462,0.34832193088502994,-4.580191808317205
2023-10-13,P027,OLIVE,Imola,4.765880858111484,478,0.07002360188639938,0.020957504282218393,-11.54755553680167,-16.786604364304353,0.2992920060898631,-5.239048827502682
2023-10-13,P028,OLIVE,Imola,4.328583603126005,434,0.040927512163493766,0.01093839388287064,-13.87984653754543,-19.610464420806608,0.2672626139398571,-5.730617883261178
2023-10-13,P029,OLIVE,Castel_Bolognese,1.2327611211807428,124,0.08290260825907031,0.02299321919018703,-10.814318055811832,-16.384002206115273,0.2773521807460305,-5.569684150303445
2023-10-13,P030,OLIVE,Castel_Bolognese,0.8616854169272335,83,0.10697066833276346,0.02831918151533029,-9.707352907965118,-15.479193028365184,0.26473781978472094,-5.771840120400066
2023-10-13,P031,OLIVE,Castel_Bolognese,0.8498648283629534,86,0.06976452727563852,0.0203880472704335,-11.563653442017724,-16.90624368154517,0.2922408861150977,-5.3425902395274445
2023-10-13,P032,OLIVE,Faenza,1.8067331179867738,182,0.07151588110335089,0.012650576010755785,-11.455975063150172,-18.978896995792688,0.1768918429806361,-7.5229219326425145
2023-10-13,P033,OLIVE,Faenza,1.810513599398476,181,0.04281450083571903,0.010995761300977422,-13.684091149507708,-19.587746965107748,0.2568232978627639,-5.9036558156000405
2023-10-13,P034,OLIVE,Faenza,1.8238712197133842,182,0.09799544850957918,0.023919296049216127,-10.087940950531992,-16.21251605889298,0.24408578574828385,-6.124575108360988
2023-10-13,P035,OLIVE,Faenza,3.297137421456931,328,0.09943338012799802,0.02115536321993781,-10.024677969728206,-16.745795137947272,0.21275916792434352,-6.721117168219065
2023-10-13,P036,ANNUAL,Imola,1.9843605238570365,201,0.1439473776804719,0.018454892982483206,-8.417962423473732,-17.33888468878065,0.128205829657061,-8.920922265306917
2023-10-13,P037,ANNUAL,Imola,1.77998878845148,178,0.09223889405682181,0.01849000471162746,-10.350859128675097,-17.330629781737883,0.2004577884491664,-6.979770653062786
2023-10-13,P038,ANNUAL,Imola,1.6633032750356371,167,0.10688406137559942,0.01793466318499096,-9.710870522534442,-17.46306775011064,0.16779548750460627,-7.752197227576195
2023-10-13,P039,ANNUAL,Imola,3.6919313708525134,370,0.07480128782272742,0.016507783146398898,-11.260909250033249,-17.823112448431388,0.22068848848593242,-6.56220319839814
2023-10-13,P040,ANNUAL,Castel_Bolognese,1.5247924967245798,151,0.044643381080090604,0.010337272810052759,-13.502429213997665,-19.855940221479496,0.23155219340371205,-6.353511007481833
2023-10-13,P041,ANNUAL,Castel_Bolognese,1.4654585177199049,148,0.10217566404340638,0.011609818539393411,-9.90652531111353,-19.35174568199066,0.11362606397606885,-9.44522037087713
2023-10-13,P042,ANNUAL,Castel_Bolognese,2.428693267176382,245,0.08182011233756736,0.014004835803821987,-10.87139928558592,-18.53721978587081,0.17116617667355272,-7.66582050028489
2023-10-13,P043,ANNUAL,Castel_Bolognese,3.5177944746824332,353,0.09667774393795739,0.013686386115120845,-10.1467349279819,-18.637112120160946,0.14156708211875565,-8.490377192179047
2023-10-13,P044,ANNUAL,Faenza,1.6610601958768552,166,0.07116743261331177,0.011760550807791212,-11.47718701195463,-19.29572337513075,0.1652518627683559,-7.818536363176115
2023-10-13,P045,ANNUAL,Faenza,2.5206803329840266,251,0.11408498123347521,0.01518198630152886,-9.42771524703091,-18.18671404767275,0.13307611692076177,-8.758998800641843
2023-10-13,P046,ANNUAL,Faenza,1.5921051212000719,159,0.08068043015803555,0.01566770615395885,-10.93231794956506,-18.04994582191245,0.19419462840330912,-7.117627872347389
2023-10-13,P047,ANNUAL,Faenza,2.3432589230863856,233,0.16439511211261218,0.020563966402775996,-7.841110992903618,-16.86893114350856,0.12508867288395709,-9.027820150604946
2023-10-25,P001,VINEYARD,Imola,1.9130941295244592,192,0.11781495210986274,0.042041837815001294,-9.287995889484904,-13.763183074994483,0.3568463684965655,-4.475187185509578
2023-10-25,P002,VINEYARD,Imola,2.5911511834798726,258,0.10212174553221973,0.05174436617837569,-9.90881770556661,-12.861369283992872,0.5066929272380111,-2.952551578426261
2023-10-25,P003,VINEYARD,Imola,3.2184014498998685,323,0.1155391373086271,0.04081486212810496,-9.372708795114278,-13.891816662012966,0.3532557285682398,-4.519107866898688
2023-10-25,P004,VINEYARD,Imola,2.2713803924214653,230,0.16601919901111853,0.03150988644717828,-7.798416858006089,-15.0155316189908,0.1897966418032653,-7.2171147609847095
2023-10-25,P005,VINEYARD,Castel_Bolognese,1.3227825441167154,132,0.15192262018381647,0.039537056158720094,-8.183775580027389,-14.029956704198982,0.26024469635188513,-5.846181124171594
2023-10-25,P006,VINEYARD,Castel_Bolognese,3.283078601794735,329,0.23167904380901425,0.0491229228131858,-6.3511324790924935,-13.087158005828092,0.21203006541101113,-6.7360255267356
2023-10-25,P007,VINEYARD,Castel_Bolognese,1.6341771995019418,166,0.2145138090050005,0.03763313581942614,-6.685447455228999,-14.244295921416857,0.17543456057203702,-7.5588484661878566
2023-10-25,P008,VINEYARD,Castel_Bolognese,3.1378819555604034,312,0.12492346615554431,0.03889421939861794,-9.033559742389695,-14.101149403152096,0.3113443822491292,-5.0675896607624
2023-10-25,P009,VINEYARD,Faenza,1.127335037414474,116,0.11960050357698367,0.032307224717505016,-9.222669917502435,-14.907003475113168,0.27012615960023706,-5.684333557610735
2023-10-25,P010,VINEYARD,Faenza,3.0861339275106148,309,0.12577039151660446,0.03193704742323426,-9.004215871453395,-14.95705236822101,0.253931366819494,-5.952836496767617
2023-10-25,P011,VINEYARD,Faenza,2.2900730299202556,229,0.15931716650789482,0.0360867162702776,-7.977374262203339,-14.426526349973273,0.22650864976618418,-6.449152087769932
2023-10-25,P012,VINEYARD,Faenza,1.6479114213760804,164,0.156563201056021,0.03579807664812883,-8.053103077719113,-14.461403064159985,0.22864936592168722,-6.408299986440872
2023-10-25,P013,ORCHARD,Imola,1.1212221068519543,111,0.08693554636661534,0.022866705466095393,-10.60802612108673,-16.407964021165476,0.26303056024591315,-5.7999379000787465
2023-10-25,P014,ORCHARD,Imola,1.0423997486130316,103,0.14517431402380027,0.03037762512606614,-8.381102174136815,-15.17446181591074,0.20924931059833318,-6.793359641773926
2023-10-25,P015,ORCHARD,Imola,1.7492436176504955,173,0.1326103682247545,0.03787380051556867,-8.774225190174912,-14.216611126208235,0.2856021065515655,-5.442385936033325
2023-10-25,P016,ORCHARD,Imola,1.3561007198771098,134,0.17922740785488442,0.04270030791634944,-7.465955763146975,-13.695689932211286,0.2382465295203216,-6.229734169064311
2023-10-25,P017,ORCHARD,Castel_Bolognese,4.8815691430335795,493,0.23444921691084006,0.053632349743078976,-6.299512135195826,-12.70573175289438,0.2287589203741086,-6.4062196176985555
2023-10-25,P018,ORCHARD,Castel_Bolognese,1.986698681743416,198,0.2502981900152835,0.041949487526458926,-6.015422909000343,-13.772733403368418,0.16759804585042123,-7.757310494368075
2023-10-25,P019,ORCHARD,Castel_Bolognese,1.3057565462515373,128,0.1801498769200407,0.03488292517431546,-7.443660302550703,-14.573871036191449,0.19363280048089182,-7.130210733640746
2023-10-25,P020,ORCHARD,Castel_Bolognese,3.9838281908742994,399,0.24748681436169118,0.04709005485846659,-6.064479345183013,-13.270708036172596,0.19027298476453994,-7.206228690989581
2023-10-25,P021,ORCHARD,Faenza,2.4495404841857016,244,0.25478063291702113,0.03467184654055316,-5.938335878631426,-14.60023028230604,0.136085094630585,-8.661894403674614
2023-10-25,P022,ORCHARD,Faenza,2.571818079338909,258,0.1625159130280101,0.036599336917577094,-7.891041079042099,-14.36526782792637,0.22520463526097342,-6.4742267488842735
2023-10-25,P023,ORCHARD,Faenza,1.4711440486604825,149,0.16813804631765256,0.04645025397607144,-7.743340031802589,-13.330119070717428,0.27626260084119164,-5.586779038914838
2023-10-25,P024,ORCHARD,Faenza,1.2599808495088698,127,0.10579401565583672,0.027793236773490437,-9.755388979071954,-15.560608727617103,0.2627108594110452,-5.805219748545147
2023-10-25,P025,OLIVE,Imola,1.9150729844597532,192,0.10789172366882364,0.03634316496997295,-9.670118685962175,-14.395772545419636,0.33684849712410947,-4.725653859457463
2023-10-25,P026,OLIVE,Imola,1.1815758805827754,114,0.09801855222567131,0.03527239893089261,-10.086917164841267,-14.525650022826193,0.35985431461672496,-4.438732857984926
2023-10-25,P027,OLIVE,Imola,4.765880858111484,478,0.07848235962047362,0.027359526846986497,-11.052279481007666,-15.628914175337815,0.34860734283846945,-4.576634694330149
2023-10-25,P028,OLIVE,Imola,4.328583603126005,434,0.06126556616740018,0.015518681370987972,-12.127835487313433,-18.091451836985172,0.25330185195033045,-5.963616349671738
2023-10-25,P029,OLIVE,Castel_Bolognese,1.2327611211807428,124,0.12730985146857077,0.03243664361446375,-8.951379885466748,-14.889640908089298,0.2547850244132242,-5.938261022622552
2023-10-25,P030,OLIVE,Castel_Bolognese,0.8616854169272335,83,0.14978389657405486,0.043455332326871085,-8.245348755882244,-13.619569244386486,0.29012018862379024,-5.374220488504243
2023-10-25,P031,OLIVE,Castel_Bolognese,0.8498648283629534,86,0.11301461652700984,0.02237375713018484,-9.46865384246562,-16.502610805481137,0.1979722430402411,-7.033956963015516
2023-10-25,P032,OLIVE,Faenza,1.8067331179867738,182,0.08704965702861875,0.019182125520943612,-10.602329356422475,-17.17103271468179,0.22035842731278343,-6.568703358259317
2023-10-25,P033,OLIVE,Faenza,1.810513599398476,181,0.05948030043043484,0.017927001760397826,-12.256268465564295,-17.464923388704108,0.3013939343054318,-5.208654923139814
2023-10-25,P034,OLIVE,Faenza,1.8238712197133842,182,0.09514638045188653,0.03521532257814165,-10.216077284455078,-14.532683290446087,0.3701173119869681,-4.316606005991009
2023-10-25,P035,OLIVE,Faenza,3.297137421456931,328,0.1650495918626647,0.034563090753026035,-7.823855452628531,-14.61387428317974,0.20941033760195824,-6.790018830551209
2023-10-25,P036,ANNUAL,Imola,1.9843605238570365,201,0.3806901829159675,0.04591081973480348,-4.1942832245118575,-13.380849528640484,0.12059890639454106,-9.186566304128627
2023-10-25,P037,ANNUAL,Imola,1.77998878845148,178,0.22663612981860556,0.0449221190012824,-6.446708547105925,-13.475397660156796,0.19821252258956704,-7.028689113050871
2023-10-25,P038,ANNUAL,Imola,1.6633032750356371,167,0.20125927715869008,0.03726018409796818,-6.962440914521909,-14.287550036390734,0.18513523760988693,-7.325109121868824
2023-10-25,P039,ANNUAL,Imola,3.6919313708525134,370,0.13912984363331987,0.022228655927638348,-8.565797029691398,-16.530867964488824,0.15976914332069916,-7.965070934797427
2023-10-25,P040,ANNUAL,Castel_Bolognese,1.5247924967245798,151,0.06238214241106384,0.016435906772088532,-12.049397142001375,-17.84206330812596,0.26347134190719185,-5.792666166124587
2023-10-25,P041,ANNUAL,Castel_Bolognese,1.4654585177199049,148,0.1128241655139907,0.012683639982463541,-9.475978699860512,-18.96756093659176,0.11241953286054407,-9.491582236731247
2023-10-25,P042,ANNUAL,Castel_Bolognese,2.428693267176382,245,0.1944843139043268,0.03307657250754383,-7.111154208653269,-14.80479499669108,0.17007321487025057,-7.693640788037811
2023-10-25,P043,ANNUAL,Castel_Bolognese,3.5177944746824332,353,0.244737022817557,0.03466402356995655,-6.113003273824153,-14.601210286731224,0.14163784118513767,-8.48820701290707
2023-10-25,P044,ANNUAL,Faenza,1.6610601958768552,166,0.19786037962479763,0.028467428200059087,-7.0364116199874545,-15.456517660449528,0.1438763447944547,-8.420106040462073
2023-10-25,P045,ANNUAL,Faenza,2.5206803329840266,251,0.2911447878793416,0.03826377905563885,-5.358909802957892,-14.172121398507558,0.13142525866372856,-8.813211595549665
2023-10-25,P046,ANNUAL,Faenza,1.5921051212000719,159,0.11328627105872587,0.035993569120530436,-9.458227182452447,-14.437750865924993,0.31772225163869966,-4.979523683472548
2023-10-25,P047,ANNUAL,Faenza,2.3432589230863856,233,0.3733424436253028,0.062361917874172265,-4.278926342782576,-12.050805370149142,0.16703677532244493,-7.771879027366565
2023-11-06,P001,VINEYARD,Imola,1.9130941295244592,192,0.11741936072940007,0.037673509233475976,-9.302602883975457,-14.239639240029705,0.32084580429880577,-4.9370363560542465
2023-11-06,P002,VINEYARD,Imola,2.5911511834798726,258,0.0896947631872324,0.04416122125432819,-10.472329124216749,-13.549589249373284,0.49235005127494796,-3.077260125156536
2023-11-06,P003,VINEYARD,Imola,3.2184014498998685,323,0.1121218110385694,0.04007337700241121,-9.503098959482745,-13.97144057823983,0.3574092911202277,-4.468341618757085
2023-11-06,P004,VINEYARD,Imola,2.2713803924214653,230,0.1549283739503311,0.027508478129849485,-8.098690372337572,-15.60533435713225,0.17755610175492129,-7.506643984794678
2023-11-06,P005,VINEYARD,Castel_Bolognese,1.3227825441167154,132,0.14038198963372092,0.0483059108991063,-8.526886066251688,-13.159997240352341,0.3441033356568328,-4.633111174100652
2023-11-06,P006,VINEYARD,Castel_Bolognese,3.283078601794735,329,0.15039442695314942,0.04155571651177928,-8.227682567519457,-13.81369225098792,0.2763115452723832,-5.586009683468461
2023-11-06,P007,VINEYARD,Castel_Bolognese,1.6341771995019418,166,0.19668618362980433,0.031854119050843885,-7.062261463545899,-14.968344011500676,0.16195402474633686,-7.906082547954777
2023-11-06,P008,VINEYARD,Castel_Bolognese,3.1378819555604034,312,0.12959739184962252,0.04007942076676931,-8.874037385635328,-13.970785635782754,0.3092610136265335,-5.096748250147427
2023-11-06,P009,VINEYARD,Faenza,1.127335037414474,116,0.12445439989196844,0.031227146146883225,-9.049897449772448,-15.054677041878,0.2509123516242871,-6.004779592105553
2023-11-06,P010,VINEYARD,Faenza,3.0861339275106148,309,0.12817459880196547,0.033713896303742066,-8.92198033266266,-14.72191053310205,0.2630310265751742,-5.799930200439393
2023-11-06,P011,VINEYARD,Faenza,2.2900730299202556,229,0.1634713057184584,0.032925944437789345,-7.8655846845803765,-14.824617590165097,0.2014172719369887,-6.95903290558472
2023-11-06,P012,VINEYARD,Faenza,1.6479114213760804,164,0.13335418891979428,0.027867635882391436,-8.749933377080477,-15.548998725777313,0.2089745819619689,-6.799065348696836
2023-11-06,P013,ORCHARD,Imola,1.1212221068519543,111,0.07090931553561408,0.017589917989565176,-11.492967067075462,-17.547361853726883,0.24806216019291105,-6.0543947866514225
2023-11-06,P014,ORCHARD,Imola,1.0423997486130316,103,0.14327286632315625,0.027470440160736298,-8.438360505092241,-15.611343817935829,0.19173511960580097,-7.172983312843588
2023-11-06,P015,ORCHARD,Imola,1.7492436176504955,173,0.12306805943391916,0.0320634503574299,-9.098546474060672,-14.939897449087598,0.2605342970784895,-5.841350975026927
2023-11-06,P016,ORCHARD,Imola,1.3561007198771098,134,0.17153732322934848,0.0382608150813117,-7.656413711954869,-14.172457823080586,0.223046590450501,-6.516044111125716
2023-11-06,P017,ORCHARD,Castel_Bolognese,4.8815691430335795,493,0.23083663135615856,0.054731322475095066,-6.366952720609428,-12.617640578560836,0.23709981450322734,-6.250687857951408
2023-11-06,P018,ORCHARD,Castel_Bolognese,1.986698681743416,198,0.26786036804468943,0.04411312485715807,-5.720915387723569,-13.554321768588093,0.16468701651973502,-7.833406380864525
2023-11-06,P019,ORCHARD,Castel_Bolognese,1.3057565462515373,128,0.1729214500519447,0.03729427761572879,-7.6215113129870495,-14.283578006461502,0.21567178394887263,-6.662066693474452
2023-11-06,P020,ORCHARD,Castel_Bolognese,3.9838281908742994,399,0.23007595072264658,0.0462805498344707,-6.3812877470074705,-13.346014900690758,0.2011533569202166,-6.964727153683286
2023-11-06,P021,ORCHARD,Faenza,2.4495404841857016,244,0.13838826416090863,0.021537085580944894,-8.589007381037263,-16.668130662074283,0.15562797692081035,-8.07912328103702
2023-11-06,P022,ORCHARD,Faenza,2.571818079338909,258,0.14289958066083203,0.03600623586410007,-8.449690456453762,-14.4362227793159,0.25196880003139976,-5.986532322862137
2023-11-06,P023,ORCHARD,Faenza,1.4711440486604825,149,0.14034631523309937,0.04958049851725965,-8.527989852022483,-13.046891108435794,0.35327253469328385,-4.518901256413312
2023-11-06,P024,ORCHARD,Faenza,1.2599808495088698,127,0.1191214526028145,0.030343296321651596,-9.240100193060794,-15.179372417252264,0.2547257077432136,-5.93927222419147
2023-11-06,P025,OLIVE,Imola,1.9150729844597532,192,0.08246357957250439,0.02972079365281388,-10.837378173051551,-15.269395975213047,0.36041115128506507,-4.432017802161497
2023-11-06,P026,OLIVE,Imola,1.1815758805827754,114,0.08057274443930701,0.027859707779594158,-10.938118433244535,-15.550234432019092,0.3457708679711168,-4.6121159987745575
2023-11-06,P027,OLIVE,Imola,4.765880858111484,478,0.0761635593278918,0.025635346613442488,-11.182527684005974,-15.911608061234158,0.336582833571101,-4.729080377228187
2023-11-06,P028,OLIVE,Imola,4.328583603126005,434,0.06279774104601227,0.0168469741453378,-12.020559783789931,-17.73478090637652,0.2682735694743212,-5.714221122586593
2023-11-06,P029,OLIVE,Castel_Bolognese,1.2327611211807428,124,0.12193048572648436,0.03007551120413888,-9.138876961247716,-15.217869820679244,0.24666112846958188,-6.078992859431528
2023-11-06,P030,OLIVE,Castel_Bolognese,0.8616854169272335,83,0.15861099734004722,0.042965535983353495,-7.996667040391042,-13.66879766132393,0.27088623553157154,-5.672130620932889
2023-11-06,P031,OLIVE,Castel_Bolognese,0.8498648283629534,86,0.10052708246160386,0.023610111152709917,-9.97716921535514,-16.26901968325977,0.23486318884990776,-6.291850467904632
2023-11-06,P032,OLIVE,Faenza,1.8067331179867738,182,0.09314753421183143,0.023654064918346294,-10.308286371968215,-16.260942156065013,0.2539419332835307,-5.9526557840967955
2023-11-06,P033,OLIVE,Faenza,1.810513599398476,181,0.07129410155199839,0.014094936095425108,-11.469463995925151,-18.509368888216205,0.19770129349543678,-7.039904892291053
2023-11-06,P034,OLIVE,Faenza,1.8238712197133842,182,0.08970694129283611,0.026846016764865963,-10.471739510635631,-15.711201429390197,0.29926353945377304,-5.239461918754566
2023-11-06,P035,OLIVE,Faenza,3.297137421456931,328,0.12185633526660683,0.027304235818829934,-9.141518870799455,-15.637699738367168,0.22406907083732322,-6.496180867567713
2023-11-06,P036,ANNUAL,Imola,1.9843605238570365,201,0.2864918889320312,0.035724952335084846,-5.428876691308878,-14.470283419806155,0.12469795381732575,-9.041406728497277
2023-11-06,P037,ANNUAL,Imola,1.77998878845148,178,0.22984948628739024,0.03706446791256077,-6.385564625588795,-14.310422301111704,0.16125538721551694,-7.924857675522908
2023-11-06,P038,ANNUAL,Imola,1.6633032750356371,167,0.15422290597044067,0.028670084701772937,-8.11851117868918,-15.425710239890488,0.18590030139406158,-7.30719906120131
2023-11-06,P039,ANNUAL,Imola,3.6919313708525134,370,0.12592638173719517,0.017721990954659476,-8.998832751135144,-17.51487489443838,0.1407329481732015,-8.516042143303233
2023-11-06,P040,ANNUAL,Castel_Bolognese,1.5247924967245798,151,0.08190226271156444,0.014953169737331915,-10.86704099832107,-18.252667368701275,0.18257334098317357,-7.385626370380207
2023-11-06,P041,ANNUAL,Castel_Bolognese,1.4654585177199049,148,0.1287664237205644,0.01285667611109848,-8.901973659658683,-18.908712968235623,0.09984494202462833,-10.00673930857694
2023-11-06,P042,ANNUAL,Castel_Bolognese,2.428693267176382,245,0.1568303505680999,0.021215033903717994,-8.045698867489493,-16.73356269851366,0.13527377721766848,-8.687863831024167
2023-11-06,P043,ANNUAL,Castel_Bolognese,3.5177944746824332,353,0.20629657494701,0.023588386672963164,-6.855079823708219,-16.27301761657424,0.11434211488495216,-9.417937792866024
2023-11-06,P044,ANNUAL,Faenza,1.6610601958768552,166,0.21957496425742845,0.02024915199221886,-6.584171792705976,-16.93593159748646,0.09221976676939757,-10.351759804780482
2023-11-06,P045,ANNUAL,Faenza,2.5206803329840266,251,0.18493472057509708,0.02177748659744384,-7.329815445542655,-16.6199224486713,0.11775769595737205,-9.290107003128647
2023-11-06,P046,ANNUAL,Faenza,1.5921051212000719,159,0.12040095121465014,0.030257746512831758,-9.193700819682125,-15.191634197855837,0.25130820153479033,-5.997933378173711
2023-11-06,P047,ANNUAL,Faenza,2.3432589230863856,233,0.26453789078946277,0.03508904683223801,-5.775121134881108,-14.548284289097493,0.13264280110316695,-8.773163154216386
2023-11-18,P001,VINEYARD,Imola,1.9130941295244592,192,0.09028059520642273,0.03005850123008713,-10.44405586346459,-15.220326778984862,0.3329453152292544,-4.776270915520271
2023-11-18,P002,VINEYARD,Imola,2.5911511834798726,258,0.06479897736319044,0.03236760255021527,-11.884318479724296,-14.898894673497194,0.49950792230560626,-3.014576193772899
2023-11-18,P003,VINEYARD,Imola,3.2184014498998685,323,0.09733049911172952,0.03348882651481282,-10.117510495526583,-14.75100070348172,0.3440733050836375,-4.633490207955139
2023-11-18,P004,VINEYARD,Imola,2.2713803924214653,230,0.10450766276082267,0.025750164630944313,-9.80851864837772,-15.892199899982424,0.24639499105320545,-6.083681251604702
2023-11-18,P005,VINEYARD,Castel_Bolognese,1.3227825441167154,132,0.1273186935789206,0.040333443730505125,-8.951078263373738,-13.943346956887435,0.3167912157809236,-4.9922686935136955
2023-11-18,P006,VINEYARD,Castel_Bolognese,3.283078601794735,329,0.09965916202151667,0.030139307521204365,-10.014827688904415,-15.208667302289065,0.30242385055071214,-5.193839613384651
2023-11-18,P007,VINEYARD,Castel_Bolognese,1.6341771995019418,166,0.09835248382156153,0.01867944297537836,-10.072146678099514,-17.286360786587288,0.1899234493077776,-7.214214108487775
2023-11-18,P008,VINEYARD,Castel_Bolognese,3.1378819555604034,312,0.07935599200666332,0.022638824335538234,-11.004202749938214,-16.451461303921477,0.2852818516040642,-5.447258553983262
2023-11-18,P009,VINEYARD,Faenza,1.127335037414474,116,0.0972937168071753,0.022437399482065492,-10.119152054056627,-16.490274796812635,0.23061509230378954,-6.371122742756006
2023-11-18,P010,VINEYARD,Faenza,3.0861339275106148,309,0.09993864213113453,0.024693222075978048,-10.002665556234865,-16.074222377911,0.24708382612980498,-6.071556821676136
2023-11-18,P011,VINEYARD,Faenza,2.2900730299202556,229,0.1175781717955025,0.019396551327544007,-9.296732968710206,-17.1227547999541,0.16496728118276413,-7.826021831243897
2023-11-18,P012,VINEYARD,Faenza,1.6479114213760804,164,0.09668598971443206,0.020700575139305396,-10.146364528098067,-16.840175880524196,0.2141010833156469,-6.693811352426129
2023-11-18,P013,ORCHARD,Imola,1.1212221068519543,111,0.05364280813247771,0.014296712253142047,-12.704884954640283,-18.447638236876436,0.2665168500842556,-5.742753282236155
2023-11-18,P014,ORCHARD,Imola,1.0423997486130316,103,0.10013882056312653,0.02150811379757321,-9.993975280353958,-16.673976743742305,0.21478297504028127,-6.680001463388346
2023-11-18,P015,ORCHARD,Imola,1.7492436176504955,173,0.08767262268057793,0.02400536879068079,-10.57136001559429,-16.19691617646186,0.2738068972584607,-5.625556160867568
2023-11-18,P016,ORCHARD,Imola,1.3561007198771098,134,0.12501865683762886,0.028647301920147528,-9.030251713357881,-15.42916274791521,0.2291442145099506,-6.398911034557329
2023-11-18,P017,ORCHARD,Castel_Bolognese,4.8815691430335795,493,0.19257828384698283,0.051539197105075596,-7.153926878094076,-12.878623513177342,0.26762725306051205,-5.724696635083265
2023-11-18,P018,ORCHARD,Castel_Bolognese,1.986698681743416,198,0.22129748399472898,0.033057878786378135,-6.550235236842069,-14.807250170962849,0.14938208148433144,-8.257014934120779
2023-11-18,P019,ORCHARD,Castel_Bolognese,1.3057565462515373,128,0.10079186897200998,0.022084587555582402,-9.965745016506167,-16.559107070692647,0.2191108050761051,-6.593362054186481
2023-11-18,P020,ORCHARD,Castel_Bolognese,3.9838281908742994,399,0.25316476050698966,0.04018128983779136,-5.96596746452704,-13.959761263123989,0.15871596725122408,-7.99379379859695
2023-11-18,P021,ORCHARD,Faenza,2.4495404841857016,244,0.08903532760736883,0.01465163461780023,-10.504376389651277,-18.34113920300405,0.16455978780031597,-7.836762813352774
2023-11-18,P022,ORCHARD,Faenza,2.571818079338909,258,0.11243219040478616,0.029657797368113383,-9.491093283251613,-15.278611063890695,0.26378386173334634,-5.787517780639081
2023-11-18,P023,ORCHARD,Faenza,1.4711440486604825,149,0.10563714220969869,0.034792005790760056,-9.761833562283295,-14.585205330590078,0.3293539096475648,-4.823371768306784
2023-11-18,P024,ORCHARD,Faenza,1.2599808495088698,127,0.09020645482333627,0.02430461296137041,-10.447623849208323,-16.143112904536427,0.26943319088383955,-5.695489055328106
2023-11-18,P025,OLIVE,Imola,1.9150729844597532,192,0.07490626119154815,0.02278980447348052,-11.25481879399447,-16.422594008596747,0.3042443196464322,-5.167775214602277
2023-11-18,P026,OLIVE,Imola,1.1815758805827754,114,0.08187041194750029,0.028148885808166182,-10.868730243646109,-15.505387907572787,0.3438224523191206,-4.636657663926677
2023-11-18,P027,OLIVE,Imola,4.765880858111484,478,0.07057161613028481,0.01880164567681193,-11.513699368604957,-17.258041359980815,0.26641937237347,-5.744341991375856
2023-11-18,P028,OLIVE,Imola,4.328583603126005,434,0.05208630475949513,0.01400713736839455,-12.83276452309786,-18.536506121903113,0.2689216951187366,-5.703741598805251
2023-11-18,P029,OLIVE,Castel_Bolognese,1.2327611211807428,124,0.08385819319875971,0.024256028672454938,-10.764544991022795,-16.15180302678911,0.2892505519998932,-5.387258035766315
2023-11-18,P030,OLIVE,Castel_Bolognese,0.8616854169272335,83,0.10528392093368323,0.04101499024195125,-9.776379496405115,-13.870573874378238,0.3895655659308697,-4.094194377973123
2023-11-18,P031,OLIVE,Castel_Bolognese,0.8498648283629534,86,0.06482768467042682,0.018020902023932268,-11.88239489006592,-17.442234744994682,0.2779815770923725,-5.559839854928763
2023-11-18,P032,OLIVE,Faenza,1.8067331179867738,182,0.06494424115497988,0.017695255022352703,-11.874593533746188,-17.521431739700976,0.27246842379951103,-5.646838205954788
2023-11-18,P033,OLIVE,Faenza,1.810513599398476,181,0.04977373265820807,0.012389605381212181,-13.029997891921452,-19.069425260283985,0.24891855039867178,-6.0394273683625315
2023-11-18,P034,OLIVE,Faenza,1.8238712197133842,182,0.08159389897444091,0.019952193873545545,-10.883423135597749,-17.000093438473918,0.2445304627469208,-6.11667030287617
2023-11-18,P035,OLIVE,Faenza,3.297137421456931,328,0.09042870139464645,0.022602347019639594,-10.436937058190809,-16.45846461527165,0.2499466062328934,-6.021527557080841
2023-11-18,P036,ANNUAL,Imola,1.9843605238570365,201,0.18062610019795336,0.018903465587089757,-7.432194945931072,-17.234585689814136,0.10465522738061057,-9.802390743883064
2023-11-18,P037,ANNUAL,Imola,1.77998878845148,178,0.16580254243414724,0.027524056452002083,-7.804088142160528,-15.602875600841884,0.16600503254004065,-7.798787458681357
2023-11-18,P038,ANNUAL,Imola,1.6633032750356371,167,0.09264406976764074,0.01589122022820001,-10.33182375045756,-17.98842753640487,0.17152981586470187,-7.656603785947311
2023-11-18,P039,ANNUAL,Imola,3.6919313708525134,370,0.07112770713362339,0.014310476572152127,-11.479611909544039,-18.44345902983094,0.20119412179655793,-6.963847120286903
2023-11-18,P040,ANNUAL,Castel_Bolognese,1.5247924967245798,151,0.049149577906787,0.01066315609388152,-13.084802075071334,-19.72114233274719,0.21695315703635085,-6.6363402576758554
2023-11-18,P041,ANNUAL,Castel_Bolognese,1.4654585177199049,148,0.11549067502287594,0.01165993432231197,-9.374530802705284,-19.333038958495457,0.10095996339100466,-9.958508155790172
2023-11-18,P042,ANNUAL,Castel_Bolognese,2.428693267176382,245,0.0965262449517542,0.013116663479607325,-10.153545883344197,-18.821766235485274,0.13588701690574728,-8.668220352141077
2023-11-18,P043,ANNUAL,Castel_Bolognese,3.5177944746824332,353,0.1201740431865788,0.013970347920765113,-9.201893269937258,-18.547927779812444,0.11625096027663102,-9.346034509875183
2023-11-18,P044,ANNUAL,Faenza,1.6610601958768552,166,0.14151867447667812,0.01558429126891431,-8.491862478637396,-18.073129434672484,0.1101218007202474,-9.581266956035089
2023-11-18,P045,ANNUAL,Faenza,2.5206803329840266,251,0.09806303007609815,0.011890090826668765,-10.084946914998131,-19.248148278564646,0.1212494741131485,-9.163201363566513
2023-11-18,P046,ANNUAL,Faenza,1.5921051212000719,159,0.0951210153552721,0.021285614414644317,-10.217235225521241,-16.71913809285838,0.22377404546349342,-6.501902867337137
2023-11-18,P047,ANNUAL,Faenza,2.3432589230863856,233,0.16101104831682767,0.018923924042735362,-7.931443223631462,-17.229888038007655,0.11753183548931391,-9.298444814376193
2023-11-30,P001,VINEYARD,Imola,1.9130941295244592,192,0.10294143616920337,0.030081551619029295,-9.87409777061085,-15.216997664114073,0.2922200499474738,-5.342899893503223
2023-11-30,P002,VINEYARD,Imola,2.5911511834798726,258,0.0663750484520786,0.03805088478162191,-11.779951488865546,-14.196352403044838,0.5732709153364137,-2.4164009141792935
2023-11-30,P003,VINEYARD,Imola,3.2184014498998685,323,0.09951459587012466,0.02622785114743761,-10.021132163300004,-15.812372897771368,0.26355783207588235,-5.791240734471365
2023-11-30,P004,VINEYARD,Imola,2.2713803924214653,230,0.12970564601052068,0.023685591200204647,-8.87041118920967,-16.255157706665628,0.1826103329247785,-7.384746517455954
2023-11-30,P005,VINEYARD,Castel_Bolognese,1.3227825441167154,132,0.09675477574946302,0.038538562105686375,-10.143275893018131,-14.141044931371168,0.3983117299085907,-3.9977690383530367
2023-11-30,P006,VINEYARD,Castel_Bolognese,3.283078601794735,329,0.14376715521999042,0.034897613010757056,-8.423403207402854,-14.572042776743244,0.24273703515491582,-6.148639569340389
2023-11-30,P007,VINEYARD,Castel_Bolognese,1.6341771995019418,166,0.14484750946243125,0.026517165092616736,-8.39088967743767,-15.76472907508701,0.18306952733277357,-7.373839397649339
2023-11-30,P008,VINEYARD,Castel_Bolognese,3.1378819555604034,312,0.09770785121677014,0.030083442871005107,-10.100705375798686,-15.21672462817209,0.3078917660799168,-5.116019252373402
2023-11-30,P009,VINEYARD,Faenza,1.127335037414474,116,0.10664436746195986,0.024676186988001753,-9.720620773433629,-16.077219474753242,0.23138762576283056,-6.356598701319616
2023-11-30,P010,VINEYARD,Faenza,3.0861339275106148,309,0.10960375880491001,0.02424314413762208,-9.60174551688885,-16.15411056408809,0.22118898477536558,-6.55236504719924
2023-11-30,P011,VINEYARD,Faenza,2.2900730299202556,229,0.12863981383791656,0.026309522940455955,-8.906245970877265,-15.79887026722579,0.20452084121954184,-6.892624296348525
2023-11-30,P012,VINEYARD,Faenza,1.6479114213760804,164,0.1205945587149117,0.023194624965715154,-9.186722873318548,-16.346126452033026,0.19233558473021803,-7.159403578714479
2023-11-30,P013,ORCHARD,Imola,1.1212221068519543,111,0.05811458530726733,0.017836820311122784,-12.35714856877848,-17.486825627632317,0.3069250209188408,-5.129677058853837
2023-11-30,P014,ORCHARD,Imola,1.0423997486130316,103,0.09976421553388383,0.02869242936083414,-10.010252080417068,-15.422326788945321,0.2876024154280957,-5.412074708528255
2023-11-30,P015,ORCHARD,Imola,1.7492436176504955,173,0.09999674701837101,0.02821030456981907,-10.000141277494999,-15.495922250010414,0.2821122227569701,-5.495780972515416
2023-11-30,P016,ORCHARD,Imola,1.3561007198771098,134,0.15359293352534523,0.03324603651469545,-8.136287647833178,-14.782601224630687,0.2164555084118459,-6.646313576797509
2023-11-30,P017,ORCHARD,Castel_Bolognese,4.8815691430335795,493,0.20042738874592114,0.05096266369201228,-6.980429316647636,-12.927478805842119,0.25426995786796835,-5.947049489194481
2023-11-30,P018,ORCHARD,Castel_Bolognese,1.986698681743416,198,0.2138024698190316,0.040985355417084215,-6.699872821834557,-13.87371294443186,0.19169729634917393,-7.173840122597302
2023-11-30,P019,ORCHARD,Castel_Bolognese,1.3057565462515373,128,0.14957141154445708,0.032993618413456716,-8.251514077748045,-14.815700527231186,0.2205877317915799,-6.564186449483142
2023-11-30,P020,ORCHARD,Castel_Bolognese,3.9838281908742994,399,0.20785897477228837,0.040549365007657004,-6.822312191253673,-13.920159423364225,0.1950811363910519,-7.097847232110554
2023-11-30,P021,ORCHARD,Faenza,2.4495404841857016,244,0.11078000294624782,0.018948995834598165,-9.55538627639063,-17.224137996826087,0.17105068902907064,-7.668751720435457
2023-11-30,P022,ORCHARD,Faenza,2.571818079338909,258,0.16044181215670683,0.04306824842482343,-7.94682441397362,-13.658427905290726,0.26843531524536624,-5.711603491317106
2023-11-30,P023,ORCHARD,Faenza,1.4711440486604825,149,0.13401703323993908,0.04036366086040667,-8.728400003516395,-13.940094514695097,0.3011830652014292,-5.2116945111787025
2023-11-30,P024,ORCHARD,Faenza,1.2599808495088698,127,0.1176582651256811,0.028394610093041197,-9.293775595853074,-15.467640905516891,0.24133119813308845,-6.173865309663814
2023-11-30,P025,OLIVE,Imola,1.9150729844597532,192,0.09778574735779937,0.026426704032928683,-10.09724440661631,-15.779569991676482,0.27025108205424886,-5.68232558506017
2023-11-30,P026,OLIVE,Imola,1.1815758805827754,114,0.07670851878560427,0.02439332951121686,-11.151564032460414,-16.127289176173473,0.3180002677329067,-4.975725143713062
2023-11-30,P027,OLIVE,Imola,4.765880858111484,478,0.07225850516361297,0.01985626248740221,-11.411110270734117,-17.02102494705294,0.2747948140145193,-5.609914676318823
2023-11-30,P028,OLIVE,Imola,4.328583603126005,434,0.06004680635639325,0.016430469004497412,-12.21510085990948,-17.84350039537665,0.27362769148750976,-5.628399535467173
2023-11-30,P029,OLIVE,Castel_Bolognese,1.2327611211807428,124,0.09067773556096419,0.022517930554796853,-10.424993337777336,-16.474715245635647,0.24832921130521246,-6.049721907858313
2023-11-30,P030,OLIVE,Castel_Bolognese,0.8616854169272335,83,0.1064484818692667,0.03803495395120727,-9.728605279363371,-14.198171052075342,0.3573085616939037,-4.469565772711969
2023-11-30,P031,OLIVE,Castel_Bolognese,0.8498648283629534,86,0.09354916347060786,0.017990588221352462,-10.289600916671597,-17.44954636703855,0.19231158840885745,-7.159945450366952
2023-11-30,P032,OLIVE,Faenza,1.8067331179867738,182,0.08146213825055204,0.01871788926975249,-10.890441945663966,-17.27743126227302,0.22977409716624575,-6.38698931660905
2023-11-30,P033,OLIVE,Faenza,1.810513599398476,181,0.05913269173518564,0.01657395106637387,-12.28172351355524,-17.80573947719613,0.2802840625046652,-5.524015963640892
2023-11-30,P034,OLIVE,Faenza,1.8238712197133842,182,0.08443386814874279,0.022850003039750915,-10.734833140410897,-16.41113737819647,0.270626035982353,-5.676304237785571
2023-11-30,P035,OLIVE,Faenza,3.297137421456931,328,0.09810099297589282,0.023491725144572782,-10.08326596679497,-16.290850890862604,0.23946470297548977,-6.207584924067633
2023-11-30,P036,ANNUAL,Imola,1.9843605238570365,201,0.2393441069963856,0.02214694141980205,-6.209772610187077,-16.546862430852293,0.09253180158781388,-10.33708982066522
2023-11-30,P037,ANNUAL,Imola,1.77998878845148,178,0.18672101762606186,0.024365302104649416,-7.288067943954328,-16.132281994450587,0.1304904097804606,-8.844214050496257
2023-11-30,P038,ANNUAL,Imola,1.6633032750356371,167,0.11283757245380008,0.01727788720815303,-9.475462656685652,-17.625093654416222,0.1531217557452084,-8.14963099773057
2023-11-30,P039,ANNUAL,Imola,3.6919313708525134,370,0.08805640724462432,0.015209335154174147,-10.55239037996013,-18.17889769851289,0.17272264029489628,-7.626507318552762
2023-11-30,P040,ANNUAL,Castel_Bolognese,1.5247924967245798,151,0.07727262961203295,0.016285266178283866,-11.119743083248757,-17.882051386149104,0.21075076983982843,-6.762308302900348
2023-11-30,P041,ANNUAL,Castel_Bolognese,1.4654585177199049,148,0.18403312433007601,0.019346276666289446,-7.351040008000254,-17.134026057809265,0.10512388319610645,-9.782986049809013
2023-11-30,P042,ANNUAL,Castel_Bolognese,2.428693267176382,245,0.1182481492508431,0.016406501615800116,-9.272056478538826,-17.849840143720456,0.1387463712518371,-8.577783665181633
2023-11-30,P043,ANNUAL,Castel_Bolognese,3.5177944746824332,353,0.1295524601674198,0.016783700014593835,-8.87554335460941,-17.751122914938712,0.12955138013515427,-8.8755795603293
2023-11-30,P044,ANNUAL,Faenza,1.6610601958768552,166,0.17258240825620041,0.024686343939862698,-7.630034750555005,-16.075432245401142,0.14304090543930503,-8.445397494846137
2023-11-30,P045,ANNUAL,Faenza,2.5206803329840266,251,0.10555378289752272,0.011376780233312532,-9.765261975805794,-19.43980631153465,0.10778183330821711,-9.674544335728857
2023-11-30,P046,ANNUAL,Faenza,1.5921051212000719,159,0.11744250518814572,0.025647423148108354,-9.301746933119992,-15.909562628630876,0.2183828002222923,-6.607815695510883
2023-11-30,P047,ANNUAL,Faenza,2.3432589230863856,233,0.23650749876711502,0.02952445989730468,-6.261550848561902,-15.298180383635824,0.12483519571773462,-9.036629535073923
2023-12-12,P001,VINEYARD,Imola,1.9130941295244592,192,0.09422141066170298,0.028291692974259302,-10.25850397890109,-15.483410635935668,0.3002681956847275,-5.224906657034577
2023-12-12,P002,VINEYARD,Imola,2.5911511834798726,258,0.06630287524457126,0.035284150294353105,-11.784676378731175,-14.524203366942661,0.5321662169883363,-2.739526988211484
2023-12-12,P003,VINEYARD,Imola,3.2184014498998685,323,0.09015440433963719,0.025089235385251304,-10.450130517072223,-16.005125739594472,0.27829184352139963,-5.554995222522249
2023-12-12,P004,VINEYARD,Imola,2.2713803924214653,230,0.16130145380030508,0.029313366353997717,-7.923617183233448,-15.329343042154523,0.18173032953744075,-7.405725858921076
2023-12-12,P005,VINEYARD,Castel_Bolognese,1.3227825441167154,132,0.10731626725332304,0.03648574129593643,-9.693344416605264,-14.378768255805854,0.3399833243343325,-4.685423839200589
2023-12-12,P006,VINEYARD,Castel_Bolognese,3.283078601794735,329,0.15957699637961967,0.04219321731908252,-7.970297136458983,-13.747573575133407,0.26440663927969016,-5.777276438674424
2023-12-12,P007,VINEYARD,Castel_Bolognese,1.6341771995019418,166,0.12771218023206815,0.027415123683995152,-8.937676810034889,-15.620097904459964,0.21466334404579598,-6.682421094425076
2023-12-12,P008,VINEYARD,Castel_Bolognese,3.1378819555604034,312,0.08289199769616318,0.022056075708510783,-10.814873937458305,-16.564717561636158,0.26608208658882027,-5.7498436241778546
2023-12-12,P009,VINEYARD,Faenza,1.127335037414474,116,0.12079330456667933,0.03318552095603583,-9.17957137489153,-14.790513602863406,0.2747298045622804,-5.610942227971877
2023-12-12,P010,VINEYARD,Faenza,3.0861339275106148,309,0.10270790759968333,0.024015471215652222,-9.88396118284887,-16.195088875030613,0.23382300133360195,-6.311127692181744
2023-12-12,P011,VINEYARD,Faenza,2.2900730299202556,229,0.13223801982715142,0.02560268276000973,-8.786436626472874,-15.917145250465943,0.19361060301322608,-7.130708623993068
2023-12-12,P012,VINEYARD,Faenza,1.6479114213760804,164,0.10781228197057073,0.024482727144481388,-9.673317615220986,-16.11140207530047,0.22708662405610133,-6.4380844600794855
2023-12-12,P013,ORCHARD,Imola,1.1212221068519543,111,0.058903375237777424,0.019032398675073375,-12.29859818877693,-17.20506473630994,0.32311219175886935,-4.906466547533009
2023-12-12,P014,ORCHARD,Imola,1.0423997486130316,103,0.15548335825933993,0.02973596096147322,-8.08316087684781,-15.267180220706535,0.1912485123448057,-7.184019343858726
2023-12-12,P015,ORCHARD,Imola,1.7492436176504955,173,0.1159502831799102,0.032616112919556614,-9.357281863677601,-14.865677979915311,0.2812939479323993,-5.50839611623771
2023-12-12,P016,ORCHARD,Imola,1.3561007198771098,134,0.1420799280836511,0.03445176102582421,-8.474672713914975,-14.627885739232386,0.24248154887536513,-6.153213025317412
2023-12-12,P017,ORCHARD,Castel_Bolognese,4.8815691430335795,493,0.22189058241024462,0.05583117543729155,-6.538611299178674,-12.53123228668364,0.2516157956360109,-5.992620987504966
2023-12-12,P018,ORCHARD,Castel_Bolognese,1.986698681743416,198,0.2095825754745741,0.05497660756938987,-6.78644827078608,-12.598220625891315,0.26231478187011525,-5.8117723551052345
2023-12-12,P019,ORCHARD,Castel_Bolognese,1.3057565462515373,128,0.15107868137420155,0.031468390800000634,-8.207968143820231,-15.021254650482884,0.20829140494056647,-6.813286506662653
2023-12-12,P020,ORCHARD,Castel_Bolognese,3.9838281908742994,399,0.22480380731193642,0.04195965066981644,-6.481963377623944,-13.771681361315448,0.1866500891223496,-7.289717983691505
2023-12-12,P021,ORCHARD,Faenza,2.4495404841857016,244,0.12059100144771767,0.019344723430370577,-9.186850982274333,-17.1343747496432,0.16041597795966142,-7.9475237673688675
2023-12-12,P022,ORCHARD,Faenza,2.571818079338909,258,0.18737628962122654,0.04967047989931564,-7.272853650925364,-13.03901643978648,0.26508412563682665,-5.7661627888611156
2023-12-12,P023,ORCHARD,Faenza,1.4711440486604825,149,0.13924292092455315,0.04488778887504099,-8.562268750163748,-13.478717869578766,0.32237034800040437,-4.916449119415019
2023-12-12,P024,ORCHARD,Faenza,1.2599808495088698,127,0.12936305072833235,0.029519970888110595,-8.881897511500638,-15.298840751396181,0.22819476443937406,-6.416943239895543
2023-12-12,P025,OLIVE,Imola,1.9150729844597532,192,0.09436032453474279,0.028045600600307807,-10.25210574108977,-15.521352550801533,0.2972181447932772,-5.269246809711763
2023-12-12,P026,OLIVE,Imola,1.1815758805827754,114,0.09305552850689805,0.02492623178394544,-10.312578199677668,-16.03343370879811,0.26786406121048145,-5.72085550912044
2023-12-12,P027,OLIVE,Imola,4.765880858111484,478,0.08506063608818971,0.022521923308817974,-10.70271373931449,-16.473945247114443,0.2647749222738888,-5.771231507799953
2023-12-12,P028,OLIVE,Imola,4.328583603126005,434,0.06309340671906548,0.015260569931518647,-12.000160222952749,-18.16429246624155,0.2418726571457621,-6.164132243288801
2023-12-12,P029,OLIVE,Castel_Bolognese,1.2327611211807428,124,0.09778306314781789,0.02189370915443907,-10.09736362169772,-16.596806555702972,0.22390083159230267,-6.49944293400525
2023-12-12,P030,OLIVE,Castel_Bolognese,0.8616854169272335,83,0.0940915765352996,0.042947187043546914,-10.26449254659719,-13.670652763373354,0.45644029598584474,-3.406160216776165
2023-12-12,P031,OLIVE,Castel_Bolognese,0.8498648283629534,86,0.07795403701751384,0.02162533852834861,-11.081613890186828,-16.65037085257691,0.2774113997904954,-5.568756962390081
2023-12-12,P032,OLIVE,Faenza,1.8067331179867738,182,0.08626486641446968,0.01890740220455432,-10.641660458731526,-17.23368137243225,0.219178478915292,-6.592020913700727
2023-12-12,P033,OLIVE,Faenza,1.810513599398476,181,0.06675290794868166,0.0196022298830196,-11.755298104344314,-17.076945219697382,0.2936535723370945,-5.32164711535307
2023-12-12,P034,OLIVE,Faenza,1.8238712197133842,182,0.09105234828542222,0.023513355108162205,-10.407088490535806,-16.28685397204311,0.2582399636136213,-5.879765481507304
2023-12-12,P035,OLIVE,Faenza,3.297137421456931,328,0.12462235372172804,0.03217035634357982,-9.044040505559385,-14.925441284920847,0.258142743920675,-5.8814007793614635
2023-12-12,P036,ANNUAL,Imola,1.9843605238570365,201,0.2352484271708709,0.037945885818210706,-6.284732715066362,-14.20835304440644,0.16130133695069934,-7.923620329340081
2023-12-12,P037,ANNUAL,Imola,1.77998878845148,178,0.24341284356006745,0.03249568389362415,-6.136565101646825,-14.881743185799149,0.13350028461257069,-8.745178084152323
2023-12-12,P038,ANNUAL,Imola,1.6633032750356371,167,0.1601226107847548,0.021501511195953376,-7.955473373767705,-16.675310153867436,0.13428154269141188,-8.719836780099731
2023-12-12,P039,ANNUAL,Imola,3.6919313708525134,370,0.10003714672717694,0.01733039436559822,-9.998387037699437,-17.611915544900963,0.17323959081781867,-7.613528507201525
2023-12-12,P040,ANNUAL,Castel_Bolognese,1.5247924967245798,151,0.07076614610357396,0.016054724466475035,-11.501744552570575,-17.94397143458818,0.22687012576574678,-6.4422268820176045
2023-12-12,P041,ANNUAL,Castel_Bolognese,1.4654585177199049,148,0.24511785201124242,0.024526761366507492,-6.106250577906035,-16.103597943746394,0.10006109781584804,-9.99734736584036
2023-12-12,P042,ANNUAL,Castel_Bolognese,2.428693267176382,245,0.18235254270993934,0.02249124890801554,-7.390881765388664,-16.479864281215008,0.12333937642861081,-9.088982515826343
2023-12-12,P043,ANNUAL,Castel_Bolognese,3.5177944746824332,353,0.13239257276142624,0.017679291265481085,-8.78136378183367,-17.52535149145356,0.13353688123683102,-8.743987709619889
2023-12-12,P044,ANNUAL,Faenza,1.6610601958768552,166,0.30947023291275444,0.0286821558151439,-5.093811182220608,-15.423882092303717,0.09268146905498968,-10.330070910083109
2023-12-12,P045,ANNUAL,Faenza,2.5206803329840266,251,0.13685118077523206,0.014771638948292252,-8.637514510711366,-18.305713160143327,0.10793943365789131,-9.668198649431964
2023-12-12,P046,ANNUAL,Faenza,1.5921051212000719,159,0.12088229298685332,0.02686747091195587,-9.176373105643606,-15.707732126392546,0.22226142678214972,-6.531359020748941
2023-12-12,P047,ANNUAL,Faenza,2.3432589230863856,233,0.3356732912841273,0.054780553926437964,-4.740832131439448,-12.613735805891931,0.16319604612232763,-7.872903674452482
2023-12-24,P001,VINEYARD,Imola,1.9130941295244592,192,0.08528187254948232,0.028848212338440742,-10.691432723304136,-15.398810939677032,0.3382689835017683,-4.7073782163728985
2023-12-24,P002,VINEYARD,Imola,2.5911511834798726,258,0.06714802398526853,0.04107274433106992,-11.729667631132248,-13.864462782025484,0.6116746538971987,-2.1347951508932352
2023-12-24,P003,VINEYARD,Imola,3.2184014498998685,323,0.07859552065170032,0.020815410619549706,-11.046022047453668,-16.81615017491801,0.26484220025456867,-5.770128127464344
2023-12-24,P004,VINEYARD,Imola,2.2713803924214653,230,0.106320355783986,0.02651586940350092,-9.73383578766196,-15.764941286452519,0.2493959807412039,-6.031105498790559
2023-12-24,P005,VINEYARD,Castel_Bolognese,1.3227825441167154,132,0.08776013150980527,0.03447379765919212,-10.567027346363995,-14.625108717535332,0.39281843664216054,-4.058081371171335
2023-12-24,P006,VINEYARD,Castel_Bolognese,3.283078601794735,329,0.10089083073666393,0.03693584452374728,-9.961483019634848,-14.32551966554726,0.36609713939370625,-4.364036645912413
2023-12-24,P007,VINEYARD,Castel_Bolognese,1.6341771995019418,166,0.09428932549185064,0.013731336745669145,-10.255374710207917,-18.6228718213622,0.14562981200725564,-8.367497111154282
2023-12-24,P008,VINEYARD,Castel_Bolognese,3.1378819555604034,312,0.0749582189720315,0.017952659691218287,-11.251807409544288,-17.45871201478305,0.2395022178677538,-6.206904605238762
2023-12-24,P009,VINEYARD,Faenza,1.127335037414474,116,0.10236004168360398,0.0240506574286726,-9.898695459290929,-16.188730476168693,0.23496138759901494,-6.290035016877765
2023-12-24,P010,VINEYARD,Faenza,3.0861339275106148,309,0.08160442088558836,0.02242713974198043,-10.882863128857403,-16.492261108790622,0.2748275093260437,-5.609397979933217
2023-12-24,P011,VINEYARD,Faenza,2.2900730299202556,229,0.09157263712070915,0.019472238158310996,-10.382342787641743,-17.10584127373677,0.21264254007060096,-6.723498486095027
2023-12-24,P012,VINEYARD,Faenza,1.6479114213760804,164,0.10040376894176006,0.025112431218120748,-9.982499844032796,-16.001112397561492,0.25011442780287857,-6.018612553528696
2023-12-24,P013,ORCHARD,Imola,1.1212221068519543,111,0.0678900449058494,0.017610524086751515,-11.68193904061562,-17.54227719296925,0.25939773808036165,-5.860338152353634
2023-12-24,P014,ORCHARD,Imola,1.0423997486130316,103,0.11562537264476702,0.028860033661561105,-9.369468545789196,-15.397031666929157,0.24959948669940354,-6.027563121139959
2023-12-24,P015,ORCHARD,Imola,1.7492436176504955,173,0.1122776909241442,0.033392130047341304,-9.4970652754111,-14.76355876893477,0.29740663325452,-5.2664934935236705
2023-12-24,P016,ORCHARD,Imola,1.3561007198771098,134,0.12315079872843934,0.03286932961348055,-9.095627670792114,-14.832091534825725,0.26690309728287614,-5.73646386403361
2023-12-24,P017,ORCHARD,Castel_Bolognese,4.8815691430335795,493,0.2225592104041794,0.05825290931332063,-6.525544281397541,-12.34682379878434,0.2617411753372518,-5.821279517386801
2023-12-24,P018,ORCHARD,Castel_Bolognese,1.986698681743416,198,0.15715819664976813,0.036486394501131295,-8.036629632500766,-14.378690504645473,0.23216348417666274,-6.342060872144707
2023-12-24,P019,ORCHARD,Castel_Bolognese,1.3057565462515373,128,0.0988073324697325,0.0259716269429191,-10.052108253214618,-15.855008439709767,0.2628512104693743,-5.802900186495153
2023-12-24,P020,ORCHARD,Castel_Bolognese,3.9838281908742994,399,0.16580211337571754,0.030024669420226177,-7.8040993807065,-15.225217655990601,0.18108737463549981,-7.421118275284102
2023-12-24,P021,ORCHARD,Faenza,2.4495404841857016,244,0.07579840934972783,0.012663238065424146,-11.203399080603504,-18.974552284312935,0.16706469402275942,-7.77115320370943
2023-12-24,P022,ORCHARD,Faenza,2.571818079338909,258,0.14557208779246308,0.04141287521870677,-8.369218893072752,-13.828646161947857,0.28448362489481926,-5.459427268875105
2023-12-24,P023,ORCHARD,Faenza,1.4711440486604825,149,0.1484888099233976,0.037846326502977604,-8.283062734284663,-14.219762682619315,0.2548766235146053,-5.936699948334652
2023-12-24,P024,ORCHARD,Faenza,1.2599808495088698,127,0.13033680233547068,0.025898548877086695,-8.849329381286298,-15.86724569213315,0.19870480488256156,-7.01791631084685
2023-12-24,P025,OLIVE,Imola,1.9150729844597532,192,0.09747649958201994,0.026679702556672662,-10.111000748864562,-15.738190165364415,0.2737039457825779,-5.62718941649985
2023-12-24,P026,OLIVE,Imola,1.1815758805827754,114,0.08230710371086995,0.022489725362934303,-10.845626803491584,-16.48015847992132,0.273241607941116,-5.634531676429738
2023-12-24,P027,OLIVE,Imola,4.765880858111484,478,0.07357675819872064,0.020926538256686725,-11.332593511532016,-16.79302608276799,0.2844177804105889,-5.460432571235972
2023-12-24,P028,OLIVE,Imola,4.328583603126005,434,0.05000122689131287,0.013336092530865618,-13.01019339152183,-18.749713998698432,0.2667153060034735,-5.739520607176603
2023-12-24,P029,OLIVE,Castel_Bolognese,1.2327611211807428,124,0.08608407370986478,0.016462364260317577,-10.650771893095019,-17.8350779297097,0.19123588778804596,-7.184306036614681
2023-12-24,P030,OLIVE,Castel_Bolognese,0.8616854169272335,83,0.10023762070270906,0.04465568695127605,-9.989692505528913,-13.501232253692814,0.4454982733849864,-3.511539748163901
2023-12-24,P031,OLIVE,Castel_Bolognese,0.8498648283629534,86,0.06926007235292779,0.018257734132930636,-11.59517059098125,-17.385531213595055,0.2636112483379298,-5.790360622613806
2023-12-24,P032,OLIVE,Faenza,1.8067331179867738,182,0.08693668253433245,0.017465685622173023,-10.607969363159008,-17.578143612956183,0.20090122044023925,-6.970174249797177
2023-12-24,P033,OLIVE,Faenza,1.810513599398476,181,0.06076677843352049,0.012934073345293163,-12.16333787276701,-18.88264680626742,0.21284777108010058,-6.719308933500411
2023-12-24,P034,OLIVE,Faenza,1.8238712197133842,182,0.08351497061468743,0.025070112710306933,-10.782356673597258,-16.008437135346306,0.30018705060644485,-5.226080461749048
2023-12-24,P035,OLIVE,Faenza,3.297137421456931,328,0.09386385947170599,0.023827854864776316,-10.275015925398378,-16.22915053848446,0.25385547748501547,-5.954134613086084
2023-12-24,P036,ANNUAL,Imola,1.9843605238570365,201,0.13288443670862943,0.012004851826943864,-8.76525880211171,-19.20643195968285,0.09034054042962487,-10.44117315757114
2023-12-24,P037,ANNUAL,Imola,1.77998878845148,178,0.14075890380177605,0.021244032457575536,-8.515241240100023,-16.727630437180114,0.15092496377701603,-8.212389197080089
2023-12-24,P038,ANNUAL,Imola,1.6633032750356371,167,0.08198349526943918,0.014675701011953776,-10.862735699927889,-18.334011447071312,0.17900799378853033,-7.471275747143426
2023-12-24,P039,ANNUAL,Imola,3.6919313708525134,370,0.09092289855754053,0.014665192485837315,-10.413267277262149,-18.337122323773684,0.16129261955453886,-7.9238550465115365
2023-12-24,P040,ANNUAL,Castel_Bolognese,1.5247924967245798,151,0.05850501136471894,0.013102598938572881,-12.328069319549261,-18.826425522272373,0.22395686511180335,-6.498356202723112
2023-12-24,P041,ANNUAL,Castel_Bolognese,1.4654585177199049,148,0.1938294898215178,0.021834883379523416,-7.125801473449059,-16.608491233105237,0.11264995537897472,-9.482689759656177
2023-12-24,P042,ANNUAL,Castel_Bolognese,2.428693267176382,245,0.08017191649699698,0.011537831661538506,-10.9597773453755,-19.378758017445126,0.14391363167638235,-8.418980672069626
2023-12-24,P043,ANNUAL,Castel_Bolognese,3.5177944746824332,353,0.0744490480002955,0.008918632358766396,-11.281408513149193,-20.497017380655166,0.11979511623481064,-9.215608867505972
2023-12-24,P044,ANNUAL,Faenza,1.6610601958768552,166,0.12689057721879826,0.01738684656903574,-8.965706270291738,-17.5977917831087,0.13702236170819435,-8.632085512816962
2023-12-24,P045,ANNUAL,Faenza,2.5206803329840266,251,0.07205300876106399,0.008543314953961696,-11.423478793740031,-20.683735828391562,0.11856985712133555,-9.260257034651534
2023-12-24,P046,ANNUAL,Faenza,1.5921051212000719,159,0.09617924853081598,0.02575959453839551,-10.169186204852817,-15.890609771477571,0.2678290268627135,-5.721423566624752
2023-12-24,P047,ANNUAL,Faenza,2.3432589230863856,233,0.10610300003522967,0.012612272063949718,-9.742723363594886,-18.992066694974213,0.11886819467651273,-9.249343331379329
