date,pilot_id,poly_id,class4,sigla,zone,area_ha,core_area_ha,metric,n_valid,valid_fraction,mean,median,std
2023-02-17,P001,ER23_Cv_02530,VINEYARD,Cv,Imola,3.1654495448049635,1.9130941295244592,ndvi,192,1.0,0.5622681236515442,0.5515434741973877,0.05754475728987973
2023-02-17,P002,ER23_Cv_02634,VINEYARD,Cv,Imola,4.015695158021988,2.5911511834798726,ndvi,261,1.0,0.5648640539225948,0.5695896148681641,0.059500548760512646
2023-02-17,P003,ER23_Cv_02900,VINEYARD,Cv,Imola,4.821370692947343,3.2184014498998685,ndvi,324,1.0,0.5885120335920357,0.6024558544158936,0.05260421404493024
2023-02-17,P004,ER23_Cv_02462,VINEYARD,Cv,Imola,3.641378914602243,2.2713803924214653,ndvi,226,0.9949896580689715,0.45479772998168405,0.45161549746990204,0.056750192755602155
2023-02-17,P005,ER23_Cv_02110,VINEYARD,Cv,Castel_Bolognese,2.3860121807252463,1.3227825441167154,ndvi,132,0.9978964462986822,0.4668203614877932,0.4634094685316086,0.06907530469356114
2023-02-17,P006,ER23_Cv_02525,VINEYARD,Cv,Castel_Bolognese,4.8908902921767,3.283078601794735,ndvi,327,0.9960163604405983,0.5354978392977233,0.5365325808525085,0.057629366448934974
2023-02-17,P007,ER23_Cv_02929,VINEYARD,Cv,Castel_Bolognese,2.8190826325329024,1.6341771995019418,ndvi,162,0.9913245641254431,0.3282028700650474,0.34997470676898956,0.052697159066867186
2023-02-17,P008,ER23_Cv_02684,VINEYARD,Cv,Castel_Bolognese,4.730408674185802,3.1378819555604034,ndvi,312,0.9943012656901524,0.6130854530403247,0.6125280261039734,0.03816379390680522
2023-02-17,P009,ER23_Cv_01763,VINEYARD,Cv,Faenza,2.121267549776319,1.127335037414474,ndvi,107,0.9491410844943033,0.5557691560727414,0.5583189725875854,0.05752258256563507
2023-02-17,P010,ER23_Cv_02130,VINEYARD,Cv,Faenza,4.645746892934534,3.0861339275106148,ndvi,310,1.0,0.6270662074127505,0.6577685475349426,0.11307362689284575
2023-02-17,P011,ER23_Cv_02327,VINEYARD,Cv,Faenza,3.656827897775929,2.2900730299202556,ndvi,229,0.9999681102221188,0.4908480868068845,0.4936254620552063,0.036630259143903846
2023-02-17,P012,ER23_Cv_01903,VINEYARD,Cv,Faenza,2.825350437603589,1.6479114213760804,ndvi,165,1.0,0.612534349976164,0.599758505821228,0.0977651216338313
2023-02-17,P013,ER23_Cf_00838,ORCHARD,Cf,Imola,2.1196263721575934,1.1212221068519543,ndvi,113,1.0,0.4553063970751467,0.4121171832084656,0.11734009897255072
2023-02-17,P014,ER23_Cf_00454,ORCHARD,Cf,Imola,2.0230602041017924,1.0423997486130316,ndvi,105,1.0,0.5243758485430763,0.5269085764884949,0.05039969692827171
2023-02-17,P015,ER23_Cf_00883,ORCHARD,Cf,Imola,2.983753585315028,1.7492436176504955,ndvi,177,1.0,0.36234656784494046,0.35648882389068604,0.04240959142132806
2023-02-17,P016,ER23_Cf_01381,ORCHARD,Cf,Imola,2.4676245526858525,1.3561007198771098,ndvi,134,0.9881271946536768,0.3684342634766849,0.35535724461078644,0.06449370795259331
2023-02-17,P017,ER23_Cf_00558,ORCHARD,Cf,Castel_Bolognese,6.721753725448916,4.8815691430335795,ndvi,487,0.9976300360202642,0.55685553682903,0.5548235774040222,0.04211208848841698
2023-02-17,P018,ER23_Cf_00799,ORCHARD,Cf,Castel_Bolognese,3.274499526093191,1.986698681743416,ndvi,198,0.9966282346663975,0.5651358682097811,0.5101540088653564,0.12198252733665146
2023-02-17,P019,ER23_Cf_00966,ORCHARD,Cf,Castel_Bolognese,2.373180075572092,1.3057565462515373,ndvi,132,1.0,0.2686882571063258,0.20470957458019257,0.10424370526291407
2023-02-17,P020,ER23_Cf_00863,ORCHARD,Cf,Castel_Bolognese,5.762025147449255,3.9838281908742994,ndvi,398,0.9990390672762774,0.2321731147529492,0.22394488006830215,0.04132647926618335
2023-02-17,P021,ER23_Cf_00873,ORCHARD,Cf,Faenza,3.836071815495797,2.4495404841857016,ndvi,245,1.0,0.13967438835878762,0.13622863590717316,0.02017354334510461
2023-02-17,P022,ER23_Cf_00987,ORCHARD,Cf,Faenza,4.024655263071004,2.571818079338909,ndvi,256,0.9954047763199693,0.3816988265607506,0.383007287979126,0.017668255809193747
2023-02-17,P023,ER23_Cf_00421,ORCHARD,Cf,Faenza,2.6219618089434995,1.4711440486604825,ndvi,148,1.0,0.6569575522397015,0.659738302230835,0.031989398548561726
2023-02-17,P024,ER23_Cf_00622,ORCHARD,Cf,Faenza,2.3327174916669415,1.2599808495088698,ndvi,125,0.9920785704697335,0.4719870700836182,0.472605437040329,0.02568155837216343
2023-02-17,P025,ER23_Co_01673,OLIVE,Co,Imola,3.4232291050089114,1.9150729844597532,ndvi,191,0.9973510229109183,0.7578529219352762,0.7816686034202576,0.06354138637325897
2023-02-17,P026,ER23_Co_01678,OLIVE,Co,Imola,2.502426104003195,1.1815758805827754,ndvi,120,1.0,0.605614214638869,0.6092454493045807,0.08821891823618047
2023-02-17,P027,ER23_Co_01687,OLIVE,Co,Imola,7.479631106839761,4.765880858111484,ndvi,479,1.0,0.6703760852893359,0.681198000907898,0.06710492765473018
2023-02-17,P028,ER23_Co_01757,OLIVE,Co,Imola,7.150680899554923,4.328583603126005,ndvi,435,1.0,0.6034016294040899,0.6053841710090637,0.03917080150105262
2023-02-17,P029,ER23_Co_01677,OLIVE,Co,Castel_Bolognese,2.341064414099507,1.2327611211807428,ndvi,121,0.9815364706189452,0.7081569044057988,0.7096574902534485,0.031343009373131704
2023-02-17,P030,ER23_Co_01628,OLIVE,Co,Castel_Bolognese,2.045965560799921,0.8616854169272335,ndvi,86,0.9980440461285237,0.6488825893679331,0.6418537199497223,0.05827585690593184
2023-02-17,P031,ER23_Co_01631,OLIVE,Co,Castel_Bolognese,2.204944024653293,0.8498648283629534,ndvi,87,1.0,0.5125734617655304,0.4556264281272888,0.1858024334204871
2023-02-17,P032,ER23_Co_01623,OLIVE,Co,Faenza,3.027991669921379,1.8067331179867738,ndvi,186,1.0,0.6594337796972644,0.6749350428581238,0.0627910792211809
2023-02-17,P033,ER23_Co_01630,OLIVE,Co,Faenza,3.062396213947536,1.810513599398476,ndvi,184,1.0,0.7231809885605521,0.7191765606403351,0.06641856559255824
2023-02-17,P034,ER23_Co_01570,OLIVE,Co,Faenza,3.1006374545112183,1.8238712197133842,ndvi,184,1.0,0.8444580490822378,0.8464463651180267,0.03919024450932247
2023-02-17,P035,ER23_Co_01529,OLIVE,Co,Faenza,5.001460487246888,3.297137421456931,ndvi,331,1.0,0.6380039373373337,0.6512436866760254,0.1287549163590504
2023-02-17,P036,ER23_Sn_05064,ANNUAL,Sn,Imola,3.2307727774316275,1.9843605238570365,ndvi,198,0.9978025546242167,0.1344750701177,0.134416401386261,0.01926252019734016
2023-02-17,P037,ER23_Sn_04952,ANNUAL,Sn,Imola,3.0013772307440765,1.77998878845148,ndvi,179,1.0,0.08306237645239137,0.07828428596258163,0.022319471312105602
2023-02-17,P038,ER23_Sn_05110,ANNUAL,Sn,Imola,2.8567546815944893,1.6633032750356371,ndvi,166,0.9980140272160731,0.33626513685806686,0.3345992714166641,0.02996960008369548
2023-02-17,P039,ER23_Sn_05044,ANNUAL,Sn,Imola,5.4145980874217425,3.6919313708525134,ndvi,369,0.9994768670761972,0.14785408050952564,0.1358923614025116,0.06282913111563025
2023-02-17,P040,ER23_Se_03693,ANNUAL,Se,Castel_Bolognese,2.662850462089826,1.5247924967245798,ndvi,153,1.0,0.22524607882780187,0.22207163274288177,0.03358604830438165
2023-02-17,P041,ER23_Se_04187,ANNUAL,Se,Castel_Bolognese,2.581234154015185,1.4654585177199049,ndvi,148,1.0,0.09964022130982296,0.09920723363757133,0.010387483181809936
2023-02-17,P042,ER23_Se_03822,ANNUAL,Se,Castel_Bolognese,3.831353940655137,2.428693267176382,ndvi,244,1.0,0.10534232412083228,0.10234086588025093,0.02684003971515491
2023-02-17,P043,ER23_Se_04295,ANNUAL,Se,Castel_Bolognese,5.18079207126424,3.5177944746824332,ndvi,352,1.0,0.5943299818106673,0.5974021553993225,0.05575245315977242
2023-02-17,P044,ER23_Se_03169,ANNUAL,Se,Faenza,2.8292499485748284,1.6610601958768552,ndvi,164,0.9873212325904073,0.08045119871726124,0.07729699462652206,0.01623509306772563
2023-02-17,P045,ER23_Se_03685,ANNUAL,Se,Faenza,3.941500902698074,2.5206803329840266,ndvi,252,0.9997300994596084,0.24870536233934146,0.2356463223695755,0.057342638481019
2023-02-17,P046,ER23_Se_03535,ANNUAL,Se,Faenza,2.7562816442083613,1.5921051212000719,ndvi,160,1.0,0.34589872872456906,0.3452300727367401,0.059463755313426535
2023-02-17,P047,ER23_Se_03928,ANNUAL,Se,Faenza,3.734136266688578,2.3432589230863856,ndvi,235,1.0,0.277410700124629,0.3471687138080597,0.14164573078090978
2023-02-17,P001,ER23_Cv_02530,VINEYARD,Cv,Imola,3.1654495448049635,1.9130941295244592,ndre,192,1.0,0.3410669531052311,0.33502766489982605,0.044082480679962635
2023-02-17,P002,ER23_Cv_02634,VINEYARD,Cv,Imola,4.015695158021988,2.5911511834798726,ndre,261,1.0,0.34026810955042125,0.34083062410354614,0.041437224481265016
2023-02-17,P003,ER23_Cv_02900,VINEYARD,Cv,Imola,4.821370692947343,3.2184014498998685,ndre,324,1.0,0.36050441410438516,0.3666462004184723,0.03201261432040847
2023-02-17,P004,ER23_Cv_02462,VINEYARD,Cv,Imola,3.641378914602243,2.2713803924214653,ndre,226,0.9949896580689715,0.301548004216325,0.305411159992218,0.032827041794902485
2023-02-17,P005,ER23_Cv_02110,VINEYARD,Cv,Castel_Bolognese,2.3860121807252463,1.3227825441167154,ndre,132,0.9978964462986822,0.2805713872340592,0.27885282039642334,0.03649110356577702
2023-02-17,P006,ER23_Cv_02525,VINEYARD,Cv,Castel_Bolognese,4.8908902921767,3.283078601794735,ndre,327,0.9960163604405983,0.3282188873863366,0.3245060443878174,0.03836772462516873
2023-02-17,P007,ER23_Cv_02929,VINEYARD,Cv,Castel_Bolognese,2.8190826325329024,1.6341771995019418,ndre,162,0.9913245641254431,0.21727007139980056,0.22611812502145767,0.02606363023338493
2023-02-17,P008,ER23_Cv_02684,VINEYARD,Cv,Castel_Bolognese,4.730408674185802,3.1378819555604034,ndre,312,0.9943012656901524,0.3687831035409218,0.36958780884742737,0.028913058818915927
2023-02-17,P009,ER23_Cv_01763,VINEYARD,Cv,Faenza,2.121267549776319,1.127335037414474,ndre,107,0.9491410844943033,0.32967958132797315,0.3288355767726898,0.03497888684659359
2023-02-17,P010,ER23_Cv_02130,VINEYARD,Cv,Faenza,4.645746892934534,3.0861339275106148,ndre,310,1.0,0.3961090857944181,0.4220307916402817,0.07736549436657042
2023-02-17,P011,ER23_Cv_02327,VINEYARD,Cv,Faenza,3.656827897775929,2.2900730299202556,ndre,229,0.9999681102221188,0.2775720919453942,0.2793779671192169,0.023158769458131626
2023-02-17,P012,ER23_Cv_01903,VINEYARD,Cv,Faenza,2.825350437603589,1.6479114213760804,ndre,165,1.0,0.3656361328833031,0.35742026567459106,0.06544523737693574
2023-02-17,P013,ER23_Cf_00838,ORCHARD,Cf,Imola,2.1196263721575934,1.1212221068519543,ndre,113,1.0,0.2786405031132487,0.25872287154197693,0.057565905007344015
2023-02-17,P014,ER23_Cf_00454,ORCHARD,Cf,Imola,2.0230602041017924,1.0423997486130316,ndre,105,1.0,0.3055886189142863,0.3053510785102844,0.03590548451455482
2023-02-17,P015,ER23_Cf_00883,ORCHARD,Cf,Imola,2.983753585315028,1.7492436176504955,ndre,177,1.0,0.21679156749261974,0.21379058063030243,0.02181249054083873
2023-02-17,P016,ER23_Cf_01381,ORCHARD,Cf,Imola,2.4676245526858525,1.3561007198771098,ndre,134,0.9881271946536768,0.22508127464732128,0.22089581191539764,0.03130781663726043
2023-02-17,P017,ER23_Cf_00558,ORCHARD,Cf,Castel_Bolognese,6.721753725448916,4.8815691430335795,ndre,487,0.9976300360202642,0.3326766351410006,0.329861044883728,0.023241245548288447
2023-02-17,P018,ER23_Cf_00799,ORCHARD,Cf,Castel_Bolognese,3.274499526093191,1.986698681743416,ndre,198,0.9966282346663975,0.3611737640969681,0.3253418803215027,0.07577320630573092
2023-02-17,P019,ER23_Cf_00966,ORCHARD,Cf,Castel_Bolognese,2.373180075572092,1.3057565462515373,ndre,132,1.0,0.17036554510846283,0.14207489788532257,0.06306794766558212
2023-02-17,P020,ER23_Cf_00863,ORCHARD,Cf,Castel_Bolognese,5.762025147449255,3.9838281908742994,ndre,398,0.9990390672762774,0.13878708347753066,0.13161302357912064,0.025840445628484275
2023-02-17,P021,ER23_Cf_00873,ORCHARD,Cf,Faenza,3.836071815495797,2.4495404841857016,ndre,245,1.0,0.08329780559454646,0.07946943491697311,0.01750500033745303
2023-02-17,P022,ER23_Cf_00987,ORCHARD,Cf,Faenza,4.024655263071004,2.571818079338909,ndre,256,0.9954047763199693,0.24318198068067431,0.24422637373209,0.012712151279628261
2023-02-17,P023,ER23_Cf_00421,ORCHARD,Cf,Faenza,2.6219618089434995,1.4711440486604825,ndre,148,1.0,0.3870089623976398,0.39074817299842834,0.02663887975776722
2023-02-17,P024,ER23_Cf_00622,ORCHARD,Cf,Faenza,2.3327174916669415,1.2599808495088698,ndre,125,0.9920785704697335,0.26152005171775816,0.2602101266384125,0.015980012873325684
2023-02-17,P025,ER23_Co_01673,OLIVE,Co,Imola,3.4232291050089114,1.9150729844597532,ndre,191,0.9973510229109183,0.5395232844727201,0.5528247356414795,0.05613436746245317
2023-02-17,P026,ER23_Co_01678,OLIVE,Co,Imola,2.502426104003195,1.1815758805827754,ndre,120,1.0,0.38344868396719295,0.37606053054332733,0.06135816052965724
2023-02-17,P027,ER23_Co_01687,OLIVE,Co,Imola,7.479631106839761,4.765880858111484,ndre,479,1.0,0.4237105244447891,0.4295797049999237,0.05232760156998108
2023-02-17,P028,ER23_Co_01757,OLIVE,Co,Imola,7.150680899554923,4.328583603126005,ndre,435,1.0,0.3499091362131053,0.3495226800441742,0.028071585537454622
2023-02-17,P029,ER23_Co_01677,OLIVE,Co,Castel_Bolognese,2.341064414099507,1.2327611211807428,ndre,121,0.9815364706189452,0.5130827434299406,0.515990674495697,0.02645850853633764
2023-02-17,P030,ER23_Co_01628,OLIVE,Co,Castel_Bolognese,2.045965560799921,0.8616854169272335,ndre,86,0.9980440461285237,0.4317655241073564,0.43647709488868713,0.03505207475512821
2023-02-17,P031,ER23_Co_01631,OLIVE,Co,Castel_Bolognese,2.204944024653293,0.8498648283629534,ndre,87,1.0,0.341741225157661,0.27201664447784424,0.1397008943425284
2023-02-17,P032,ER23_Co_01623,OLIVE,Co,Faenza,3.027991669921379,1.8067331179867738,ndre,186,1.0,0.382973950716757,0.3832337409257889,0.04121347350805088
2023-02-17,P033,ER23_Co_01630,OLIVE,Co,Faenza,3.062396213947536,1.810513599398476,ndre,184,1.0,0.47127018642166385,0.4557114243507385,0.05014069278144886
2023-02-17,P034,ER23_Co_01570,OLIVE,Co,Faenza,3.1006374545112183,1.8238712197133842,ndre,184,1.0,0.5813568189092304,0.5848351120948792,0.03823799147474421
2023-02-17,P035,ER23_Co_01529,OLIVE,Co,Faenza,5.001460487246888,3.297137421456931,ndre,331,1.0,0.4314899139804062,0.4327261447906494,0.07627500636665083
2023-02-17,P036,ER23_Sn_05064,ANNUAL,Sn,Imola,3.2307727774316275,1.9843605238570365,ndre,198,0.9978025546242167,0.07890372240276199,0.08008475229144096,0.02272480225937215
2023-02-17,P037,ER23_Sn_04952,ANNUAL,Sn,Imola,3.0013772307440765,1.77998878845148,ndre,179,1.0,0.05384587393501285,0.05129321292042732,0.025035011606065437
2023-02-17,P038,ER23_Sn_05110,ANNUAL,Sn,Imola,2.8567546815944893,1.6633032750356371,ndre,166,0.9980140272160731,0.20243142563176442,0.20212510228157043,0.0240923692881055
2023-02-17,P039,ER23_Sn_05044,ANNUAL,Sn,Imola,5.4145980874217425,3.6919313708525134,ndre,369,0.9994768670761972,0.09240686771305918,0.08440445363521576,0.041346639461660235
2023-02-17,P040,ER23_Se_03693,ANNUAL,Se,Castel_Bolognese,2.662850462089826,1.5247924967245798,ndre,153,1.0,0.15157024708448671,0.1523239016532898,0.024110142608857646
2023-02-17,P041,ER23_Se_04187,ANNUAL,Se,Castel_Bolognese,2.581234154015185,1.4654585177199049,ndre,148,1.0,0.0584360003326642,0.060266170650720596,0.01733074986933996
2023-02-17,P042,ER23_Se_03822,ANNUAL,Se,Castel_Bolognese,3.831353940655137,2.428693267176382,ndre,244,1.0,0.06332427501815875,0.05864146538078785,0.030787378427892063
2023-02-17,P043,ER23_Se_04295,ANNUAL,Se,Castel_Bolognese,5.18079207126424,3.5177944746824332,ndre,352,1.0,0.3475871140306646,0.3486592322587967,0.03842837752195457
2023-02-17,P044,ER23_Se_03169,ANNUAL,Se,Faenza,2.8292499485748284,1.6610601958768552,ndre,164,0.9873212325904073,0.0495421236903384,0.046055348590016365,0.01794157754193606
2023-02-17,P045,ER23_Se_03685,ANNUAL,Se,Faenza,3.941500902698074,2.5206803329840266,ndre,252,0.9997300994596084,0.14005449250163066,0.13434957712888718,0.0313126226343196
2023-02-17,P046,ER23_Se_03535,ANNUAL,Se,Faenza,2.7562816442083613,1.5921051212000719,ndre,160,1.0,0.2205814341083169,0.21942514181137085,0.03588384296178193
2023-02-17,P047,ER23_Se_03928,ANNUAL,Se,Faenza,3.734136266688578,2.3432589230863856,ndre,235,1.0,0.16878665230692702,0.21022793650627136,0.08728292930338812
2023-02-17,P001,ER23_Cv_02530,VINEYARD,Cv,Imola,3.1654495448049635,1.9130941295244592,ndmi,192,1.0,0.006706072169511875,-0.0063206288032233715,0.06901141004011621
2023-02-17,P002,ER23_Cv_02634,VINEYARD,Cv,Imola,4.015695158021988,2.5911511834798726,ndmi,261,1.0,0.00845766816083837,0.014951152727007866,0.06474643955911313
2023-02-17,P003,ER23_Cv_02900,VINEYARD,Cv,Imola,4.821370692947343,3.2184014498998685,ndmi,324,1.0,0.05705895018249583,0.054740456864237785,0.06372533058998762
2023-02-17,P004,ER23_Cv_02462,VINEYARD,Cv,Imola,3.641378914602243,2.2713803924214653,ndmi,226,0.9949896580689715,0.018096899651470016,0.018359780311584473,0.0340378442676985
2023-02-17,P005,ER23_Cv_02110,VINEYARD,Cv,Castel_Bolognese,2.3860121807252463,1.3227825441167154,ndmi,132,0.9978964462986822,-0.046793873310724106,-0.04976761341094971,0.042218162299635424
2023-02-17,P006,ER23_Cv_02525,VINEYARD,Cv,Castel_Bolognese,4.8908902921767,3.283078601794735,ndmi,327,0.9960163604405983,-0.0469615206685829,-0.04172854870557785,0.05988136872438935
2023-02-17,P007,ER23_Cv_02929,VINEYARD,Cv,Castel_Bolognese,2.8190826325329024,1.6341771995019418,ndmi,162,0.9913245641254431,-0.11244298777554507,-0.11260096356272697,0.018435259243457115
2023-02-17,P008,ER23_Cv_02684,VINEYARD,Cv,Castel_Bolognese,4.730408674185802,3.1378819555604034,ndmi,312,0.9943012656901524,0.09009551630468848,0.08320119231939316,0.03783339117287175
2023-02-17,P009,ER23_Cv_01763,VINEYARD,Cv,Faenza,2.121267549776319,1.127335037414474,ndmi,107,0.9491410844943033,0.08371272211933561,0.08309322595596313,0.04257722235193261
2023-02-17,P010,ER23_Cv_02130,VINEYARD,Cv,Faenza,4.645746892934534,3.0861339275106148,ndmi,310,1.0,0.13923625219369218,0.14756543189287186,0.07357282340401261
2023-02-17,P011,ER23_Cv_02327,VINEYARD,Cv,Faenza,3.656827897775929,2.2900730299202556,ndmi,229,0.9999681102221188,-0.0145196172060022,-0.01421357225626707,0.0300406077596454
2023-02-17,P012,ER23_Cv_01903,VINEYARD,Cv,Faenza,2.825350437603589,1.6479114213760804,ndmi,165,1.0,0.07238043563248181,0.04781428724527359,0.11480027726865623
2023-02-17,P013,ER23_Cf_00838,ORCHARD,Cf,Imola,2.1196263721575934,1.1212221068519543,ndmi,113,1.0,-0.035506178942494575,-0.0705609917640686,0.09800349517256506
2023-02-17,P014,ER23_Cf_00454,ORCHARD,Cf,Imola,2.0230602041017924,1.0423997486130316,ndmi,105,1.0,-0.027046915168120036,-0.019197821617126465,0.055630474187970055
2023-02-17,P015,ER23_Cf_00883,ORCHARD,Cf,Imola,2.983753585315028,1.7492436176504955,ndmi,177,1.0,-0.07627857018704132,-0.07520841062068939,0.026821049524191523
2023-02-17,P016,ER23_Cf_01381,ORCHARD,Cf,Imola,2.4676245526858525,1.3561007198771098,ndmi,134,0.9881271946536768,-0.1129979455023448,-0.11603539064526558,0.04520384957877447
2023-02-17,P017,ER23_Cf_00558,ORCHARD,Cf,Castel_Bolognese,6.721753725448916,4.8815691430335795,ndmi,487,0.9976300360202642,0.004982643490454619,0.0011321817291900516,0.03494592897131254
2023-02-17,P018,ER23_Cf_00799,ORCHARD,Cf,Castel_Bolognese,3.274499526093191,1.986698681743416,ndmi,198,0.9966282346663975,0.014481281703208677,-0.05746405012905598,0.12875909669641555
2023-02-17,P019,ER23_Cf_00966,ORCHARD,Cf,Castel_Bolognese,2.373180075572092,1.3057565462515373,ndmi,132,1.0,-0.15092244208084815,-0.1590675562620163,0.030082310855740802
2023-02-17,P020,ER23_Cf_00863,ORCHARD,Cf,Castel_Bolognese,5.762025147449255,3.9838281908742994,ndmi,398,0.9990390672762774,-0.11997002122652291,-0.12353533878922462,0.016968814366757397
2023-02-17,P021,ER23_Cf_00873,ORCHARD,Cf,Faenza,3.836071815495797,2.4495404841857016,ndmi,245,1.0,-0.12415305196630712,-0.12800373136997223,0.01733978350002041
2023-02-17,P022,ER23_Cf_00987,ORCHARD,Cf,Faenza,4.024655263071004,2.571818079338909,ndmi,256,0.9954047763199693,-0.08232379132823553,-0.08148625120520592,0.01242391654677923
2023-02-17,P023,ER23_Cf_00421,ORCHARD,Cf,Faenza,2.6219618089434995,1.4711440486604825,ndmi,148,1.0,0.11779099318979157,0.122868362814188,0.03672614238253135
2023-02-17,P024,ER23_Cf_00622,ORCHARD,Cf,Faenza,2.3327174916669415,1.2599808495088698,ndmi,125,0.9920785704697335,-0.07772448410186916,-0.07962654531002045,0.031644367374319235
2023-02-17,P025,ER23_Co_01673,OLIVE,Co,Imola,3.4232291050089114,1.9150729844597532,ndmi,191,0.9973510229109183,0.22531920800190322,0.24840231239795685,0.06760990896221519
2023-02-17,P026,ER23_Co_01678,OLIVE,Co,Imola,2.502426104003195,1.1815758805827754,ndmi,120,1.0,0.11669198114735385,0.11153097823262215,0.05278503793264177
2023-02-17,P027,ER23_Co_01687,OLIVE,Co,Imola,7.479631106839761,4.765880858111484,ndmi,479,1.0,0.15548301945170212,0.16327017545700073,0.056160692270763146
2023-02-17,P028,ER23_Co_01757,OLIVE,Co,Imola,7.150680899554923,4.328583603126005,ndmi,435,1.0,0.06463400470628136,0.0648472011089325,0.03781829162233387
2023-02-17,P029,ER23_Co_01677,OLIVE,Co,Castel_Bolognese,2.341064414099507,1.2327611211807428,ndmi,121,0.9815364706189452,0.1719830391451347,0.1741565614938736,0.028712784550912834
2023-02-17,P030,ER23_Co_01628,OLIVE,Co,Castel_Bolognese,2.045965560799921,0.8616854169272335,ndmi,86,0.9980440461285237,0.13159521485592218,0.13007354736328125,0.05564397167329788
2023-02-17,P031,ER23_Co_01631,OLIVE,Co,Castel_Bolognese,2.204944024653293,0.8498648283629534,ndmi,87,1.0,-0.02101012398943776,-0.07114309817552567,0.16537080203432084
2023-02-17,P032,ER23_Co_01623,OLIVE,Co,Faenza,3.027991669921379,1.8067331179867738,ndmi,186,1.0,0.15831981835916878,0.1630205661058426,0.05005576249112952
2023-02-17,P033,ER23_Co_01630,OLIVE,Co,Faenza,3.062396213947536,1.810513599398476,ndmi,184,1.0,0.20355490036308765,0.19173521548509598,0.07057337817210706
2023-02-17,P034,ER23_Co_01570,OLIVE,Co,Faenza,3.1006374545112183,1.8238712197133842,ndmi,184,1.0,0.37987436111206596,0.39117687940597534,0.06712024404434583
2023-02-17,P035,ER23_Co_01529,OLIVE,Co,Faenza,5.001460487246888,3.297137421456931,ndmi,331,1.0,0.15894023544757185,0.168427973985672,0.07063448140470496
2023-02-17,P036,ER23_Sn_05064,ANNUAL,Sn,Imola,3.2307727774316275,1.9843605238570365,ndmi,198,0.9978025546242167,-0.15703542940694876,-0.16628056019544601,0.0341936436445177
2023-02-17,P037,ER23_Sn_04952,ANNUAL,Sn,Imola,3.0013772307440765,1.77998878845148,ndmi,179,1.0,-0.16724628642950645,-0.1656256914138794,0.021948565879914755
2023-02-17,P038,ER23_Sn_05110,ANNUAL,Sn,Imola,2.8567546815944893,1.6633032750356371,ndmi,166,0.9980140272160731,0.00956621220840649,0.009782175533473492,0.01905978748485452
2023-02-17,P039,ER23_Sn_05044,ANNUAL,Sn,Imola,5.4145980874217425,3.6919313708525134,ndmi,369,0.9994768670761972,-0.14498766320618753,-0.15177243947982788,0.03848019957835843
2023-02-17,P040,ER23_Se_03693,ANNUAL,Se,Castel_Bolognese,2.662850462089826,1.5247924967245798,ndmi,153,1.0,-0.22070646758367812,-0.22595737874507904,0.02778791325138144
2023-02-17,P041,ER23_Se_04187,ANNUAL,Se,Castel_Bolognese,2.581234154015185,1.4654585177199049,ndmi,148,1.0,-0.15288683852633914,-0.1380702406167984,0.03210503036135751
2023-02-17,P042,ER23_Se_03822,ANNUAL,Se,Castel_Bolognese,3.831353940655137,2.428693267176382,ndmi,244,1.0,-0.1167738689109683,-0.10986610874533653,0.04265223750372381
2023-02-17,P043,ER23_Se_04295,ANNUAL,Se,Castel_Bolognese,5.18079207126424,3.5177944746824332,ndmi,352,1.0,0.15935658794809238,0.16427114605903625,0.05790979962460288
2023-02-17,P044,ER23_Se_03169,ANNUAL,Se,Faenza,2.8292499485748284,1.6610601958768552,ndmi,164,0.9873212325904073,-0.1465153351834998,-0.15240147709846497,0.018361211961060376
2023-02-17,P045,ER23_Se_03685,ANNUAL,Se,Faenza,3.941500902698074,2.5206803329840266,ndmi,252,0.9997300994596084,-0.09767880398661845,-0.09913962334394455,0.028532068022373312
2023-02-17,P046,ER23_Se_03535,ANNUAL,Se,Faenza,2.7562816442083613,1.5921051212000719,ndmi,160,1.0,-0.08935524361550051,-0.09702330082654953,0.05020939197775972
2023-02-17,P047,ER23_Se_03928,ANNUAL,Se,Faenza,3.734136266688578,2.3432589230863856,ndmi,235,1.0,-0.013067118920623622,0.016872471198439598,0.09614043935893761
2023-02-17,P001,ER23_Cv_02530,VINEYARD,Cv,Imola,3.1654495448049635,1.9130941295244592,gndvi,192,1.0,0.5842585203548273,0.5809244811534882,0.034857152139391924
2023-02-17,P002,ER23_Cv_02634,VINEYARD,Cv,Imola,4.015695158021988,2.5911511834798726,gndvi,261,1.0,0.5885400820052487,0.593999445438385,0.03650102993944843
2023-02-17,P003,ER23_Cv_02900,VINEYARD,Cv,Imola,4.821370692947343,3.2184014498998685,gndvi,324,1.0,0.5913122175836268,0.6012901961803436,0.033301402093810904
2023-02-17,P004,ER23_Cv_02462,VINEYARD,Cv,Imola,3.641378914602243,2.2713803924214653,gndvi,226,0.9949896580689715,0.5023417135255527,0.5062152147293091,0.04392416743350867
2023-02-17,P005,ER23_Cv_02110,VINEYARD,Cv,Castel_Bolognese,2.3860121807252463,1.3227825441167154,gndvi,132,0.9978964462986822,0.49831350486386905,0.49494048953056335,0.05734480491421687
2023-02-17,P006,ER23_Cv_02525,VINEYARD,Cv,Castel_Bolognese,4.8908902921767,3.283078601794735,gndvi,327,0.9960163604405983,0.5818491513393705,0.5803433656692505,0.041623230649324786
2023-02-17,P007,ER23_Cv_02929,VINEYARD,Cv,Castel_Bolognese,2.8190826325329024,1.6341771995019418,gndvi,162,0.9913245641254431,0.4154790034632624,0.43303027749061584,0.04497645147494417
2023-02-17,P008,ER23_Cv_02684,VINEYARD,Cv,Castel_Bolognese,4.730408674185802,3.1378819555604034,gndvi,312,0.9943012656901524,0.6245467009452673,0.6250714659690857,0.023819713816917238
2023-02-17,P009,ER23_Cv_01763,VINEYARD,Cv,Faenza,2.121267549776319,1.127335037414474,gndvi,107,0.9491410844943033,0.5520256629614072,0.5556668639183044,0.039401659893216825
2023-02-17,P010,ER23_Cv_02130,VINEYARD,Cv,Faenza,4.645746892934534,3.0861339275106148,gndvi,310,1.0,0.6150462509162964,0.6367035508155823,0.07187219124737858
2023-02-17,P011,ER23_Cv_02327,VINEYARD,Cv,Faenza,3.656827897775929,2.2900730299202556,gndvi,229,0.9999681102221188,0.5170997347373629,0.5184538960456848,0.024094628490963062
2023-02-17,P012,ER23_Cv_01903,VINEYARD,Cv,Faenza,2.825350437603589,1.6479114213760804,gndvi,165,1.0,0.6155967636541887,0.6045723557472229,0.056848222110852394
2023-02-17,P013,ER23_Cf_00838,ORCHARD,Cf,Imola,2.1196263721575934,1.1212221068519543,gndvi,113,1.0,0.5380063998488198,0.5105563402175903,0.07579717044342943
2023-02-17,P014,ER23_Cf_00454,ORCHARD,Cf,Imola,2.0230602041017924,1.0423997486130316,gndvi,105,1.0,0.5774320903278533,0.5736081004142761,0.02568421409471854
2023-02-17,P015,ER23_Cf_00883,ORCHARD,Cf,Imola,2.983753585315028,1.7492436176504955,gndvi,177,1.0,0.4257274679208206,0.4240889549255371,0.03984088649696637
2023-02-17,P016,ER23_Cf_01381,ORCHARD,Cf,Imola,2.4676245526858525,1.3561007198771098,gndvi,134,0.9881271946536768,0.453833576681009,0.4477228820323944,0.03296535404305084
2023-02-17,P017,ER23_Cf_00558,ORCHARD,Cf,Castel_Bolognese,6.721753725448916,4.8815691430335795,gndvi,487,0.9976300360202642,0.5892804465132327,0.5937647223472595,0.03266176202266184
2023-02-17,P018,ER23_Cf_00799,ORCHARD,Cf,Castel_Bolognese,3.274499526093191,1.986698681743416,gndvi,198,0.9966282346663975,0.6043551817084803,0.5859283208847046,0.07565492904008049
2023-02-17,P019,ER23_Cf_00966,ORCHARD,Cf,Castel_Bolognese,2.373180075572092,1.3057565462515373,gndvi,132,1.0,0.36308577114885504,0.3036169111728668,0.1047311177802735
2023-02-17,P020,ER23_Cf_00863,ORCHARD,Cf,Castel_Bolognese,5.762025147449255,3.9838281908742994,gndvi,398,0.9990390672762774,0.30693543777244175,0.30172835290431976,0.036281539346965846
2023-02-17,P021,ER23_Cf_00873,ORCHARD,Cf,Faenza,3.836071815495797,2.4495404841857016,gndvi,245,1.0,0.21039559397162225,0.2071124166250229,0.01873563222139621
2023-02-17,P022,ER23_Cf_00987,ORCHARD,Cf,Faenza,4.024655263071004,2.571818079338909,gndvi,256,0.9954047763199693,0.46104501420632005,0.46118876338005066,0.016028859256508862
2023-02-17,P023,ER23_Cf_00421,ORCHARD,Cf,Faenza,2.6219618089434995,1.4711440486604825,gndvi,148,1.0,0.6349342682877103,0.6383351385593414,0.01963630573374114
2023-02-17,P024,ER23_Cf_00622,ORCHARD,Cf,Faenza,2.3327174916669415,1.2599808495088698,gndvi,125,0.9920785704697335,0.5069040257930756,0.505867063999176,0.019479104533978348
2023-02-17,P025,ER23_Co_01673,OLIVE,Co,Imola,3.4232291050089114,1.9150729844597532,gndvi,191,0.9973510229109183,0.7343376447393007,0.745669960975647,0.045987122948315674
2023-02-17,P026,ER23_Co_01678,OLIVE,Co,Imola,2.502426104003195,1.1815758805827754,gndvi,120,1.0,0.6045335931082566,0.6079723834991455,0.07034229965773016
2023-02-17,P027,ER23_Co_01687,OLIVE,Co,Imola,7.479631106839761,4.765880858111484,gndvi,479,1.0,0.6447832380306746,0.648679256439209,0.049177421394144244
2023-02-17,P028,ER23_Co_01757,OLIVE,Co,Imola,7.150680899554923,4.328583603126005,gndvi,435,1.0,0.6019762340633349,0.6024048328399658,0.02392070211396274
2023-02-17,P029,ER23_Co_01677,OLIVE,Co,Castel_Bolognese,2.341064414099507,1.2327611211807428,gndvi,121,0.9815364706189452,0.6997134237250021,0.7016488909721375,0.023275079370099705
2023-02-17,P030,ER23_Co_01628,OLIVE,Co,Castel_Bolognese,2.045965560799921,0.8616854169272335,gndvi,86,0.9980440461285237,0.6429846245189046,0.6411967575550079,0.0442287040837726
2023-02-17,P031,ER23_Co_01631,OLIVE,Co,Castel_Bolognese,2.204944024653293,0.8498648283629534,gndvi,87,1.0,0.5706477175498831,0.5078393220901489,0.1362795722258727
2023-02-17,P032,ER23_Co_01623,OLIVE,Co,Faenza,3.027991669921379,1.8067331179867738,gndvi,186,1.0,0.6320485679372665,0.6409393548965454,0.041631129731246413
2023-02-17,P033,ER23_Co_01630,OLIVE,Co,Faenza,3.062396213947536,1.810513599398476,gndvi,184,1.0,0.678217367309591,0.6755259037017822,0.03718367591451101
2023-02-17,P034,ER23_Co_01570,OLIVE,Co,Faenza,3.1006374545112183,1.8238712197133842,gndvi,184,1.0,0.7724554577599401,0.7793746888637543,0.02809981157319775
2023-02-17,P035,ER23_Co_01529,OLIVE,Co,Faenza,5.001460487246888,3.297137421456931,gndvi,331,1.0,0.6190137859557691,0.6287685036659241,0.1161675446047143
2023-02-17,P036,ER23_Sn_05064,ANNUAL,Sn,Imola,3.2307727774316275,1.9843605238570365,gndvi,198,0.9978025546242167,0.24381380121816287,0.24049799144268036,0.03484376414086172
2023-02-17,P037,ER23_Sn_04952,ANNUAL,Sn,Imola,3.0013772307440765,1.77998878845148,gndvi,179,1.0,0.15208700881989975,0.1487705558538437,0.025685955526470544
2023-02-17,P038,ER23_Sn_05110,ANNUAL,Sn,Imola,2.8567546815944893,1.6633032750356371,gndvi,166,0.9980140272160731,0.33309801838484154,0.33282123506069183,0.024178725682635377
2023-02-17,P039,ER23_Sn_05044,ANNUAL,Sn,Imola,5.4145980874217425,3.6919313708525134,gndvi,369,0.9994768670761972,0.2621696977838268,0.25689929723739624,0.05388858810405895
2023-02-17,P040,ER23_Se_03693,ANNUAL,Se,Castel_Bolognese,2.662850462089826,1.5247924967245798,gndvi,153,1.0,0.39705581271570495,0.39678680896759033,0.0355238696742215
2023-02-17,P041,ER23_Se_04187,ANNUAL,Se,Castel_Bolognese,2.581234154015185,1.4654585177199049,gndvi,148,1.0,0.18912203126662486,0.18760254234075546,0.011538443854234488
2023-02-17,P042,ER23_Se_03822,ANNUAL,Se,Castel_Bolognese,3.831353940655137,2.428693267176382,gndvi,244,1.0,0.20510508156702167,0.20403403043746948,0.030356931908479948
2023-02-17,P043,ER23_Se_04295,ANNUAL,Se,Castel_Bolognese,5.18079207126424,3.5177944746824332,gndvi,352,1.0,0.5298268103294752,0.5306097567081451,0.034747892900359706
2023-02-17,P044,ER23_Se_03169,ANNUAL,Se,Faenza,2.8292499485748284,1.6610601958768552,gndvi,164,0.9873212325904073,0.16934708633073947,0.16768644750118256,0.016325086420191693
2023-02-17,P045,ER23_Se_03685,ANNUAL,Se,Faenza,3.941500902698074,2.5206803329840266,gndvi,252,0.9997300994596084,0.32909166919333593,0.32427220046520233,0.038353872983351515
2023-02-17,P046,ER23_Se_03535,ANNUAL,Se,Faenza,2.7562816442083613,1.5921051212000719,gndvi,160,1.0,0.4398469613865018,0.43806247413158417,0.045021272170091504
2023-02-17,P047,ER23_Se_03928,ANNUAL,Se,Faenza,3.734136266688578,2.3432589230863856,gndvi,235,1.0,0.3147872674972453,0.36233648657798767,0.10617008294826313
2023-05-23,P001,ER23_Cv_02530,VINEYARD,Cv,Imola,3.1654495448049635,1.9130941295244592,ndvi,192,1.0,0.7761198359852036,0.7891224920749664,0.048616393761353814
2023-05-23,P002,ER23_Cv_02634,VINEYARD,Cv,Imola,4.015695158021988,2.5911511834798726,ndvi,261,1.0,0.5929377696751634,0.6057463884353638,0.10665962572975632
2023-05-23,P003,ER23_Cv_02900,VINEYARD,Cv,Imola,4.821370692947343,3.2184014498998685,ndvi,324,1.0,0.7605736919759233,0.7722074389457703,0.062074291711022654
2023-05-23,P004,ER23_Cv_02462,VINEYARD,Cv,Imola,3.641378914602243,2.2713803924214653,ndvi,226,0.9949896580689715,0.3739471897087266,0.36712734401226044,0.053508871765829934
2023-05-23,P005,ER23_Cv_02110,VINEYARD,Cv,Castel_Bolognese,2.3860121807252463,1.3227825441167154,ndvi,132,0.9978964462986822,0.37862209298393945,0.37364794313907623,0.03545503652987201
2023-05-23,P006,ER23_Cv_02525,VINEYARD,Cv,Castel_Bolognese,4.8908902921767,3.283078601794735,ndvi,327,0.9960163604405983,0.7636836546641241,0.7774659395217896,0.04190608600008287
2023-05-23,P007,ER23_Cv_02929,VINEYARD,Cv,Castel_Bolognese,2.8190826325329024,1.6341771995019418,ndvi,162,0.9913245641254431,0.6302182884128006,0.6320996582508087,0.024658759264317768
2023-05-23,P008,ER23_Cv_02684,VINEYARD,Cv,Castel_Bolognese,4.730408674185802,3.1378819555604034,ndvi,312,0.9943012656901524,0.3874987743030756,0.3726087659597397,0.04705089646044343
2023-05-23,P009,ER23_Cv_01763,VINEYARD,Cv,Faenza,2.121267549776319,1.127335037414474,ndvi,107,0.9491410844943033,0.24590954045268976,0.24762901663780212,0.019199440149647033
2023-05-23,P010,ER23_Cv_02130,VINEYARD,Cv,Faenza,4.645746892934534,3.0861339275106148,ndvi,310,1.0,0.5424474616204539,0.5764382481575012,0.15397880978199668
2023-05-23,P011,ER23_Cv_02327,VINEYARD,Cv,Faenza,3.656827897775929,2.2900730299202556,ndvi,229,0.9999681102221188,0.4929669078390671,0.5036256909370422,0.1562302309764993
2023-05-23,P012,ER23_Cv_01903,VINEYARD,Cv,Faenza,2.825350437603589,1.6479114213760804,ndvi,165,1.0,0.47217420556328515,0.4585619866847992,0.05744532662608052
2023-05-23,P013,ER23_Cf_00838,ORCHARD,Cf,Imola,2.1196263721575934,1.1212221068519543,ndvi,113,1.0,0.5991136429056657,0.579389214515686,0.08073571785746178
2023-05-23,P014,ER23_Cf_00454,ORCHARD,Cf,Imola,2.0230602041017924,1.0423997486130316,ndvi,105,1.0,0.7976211542174929,0.8082983493804932,0.06552485441342411
2023-05-23,P015,ER23_Cf_00883,ORCHARD,Cf,Imola,2.983753585315028,1.7492436176504955,ndvi,177,1.0,0.65090044558385,0.6731034517288208,0.09270697544904619
2023-05-23,P016,ER23_Cf_01381,ORCHARD,Cf,Imola,2.4676245526858525,1.3561007198771098,ndvi,134,0.9881271946536768,0.7888886078969756,0.8154688477516174,0.10784242126299323
2023-05-23,P017,ER23_Cf_00558,ORCHARD,Cf,Castel_Bolognese,6.721753725448916,4.8815691430335795,ndvi,487,0.9976300360202642,0.24568063069662763,0.25874707102775574,0.056747417415577504
2023-05-23,P018,ER23_Cf_00799,ORCHARD,Cf,Castel_Bolognese,3.274499526093191,1.986698681743416,ndvi,198,0.9966282346663975,0.8923463074847905,0.9047615826129913,0.02952272324837801
2023-05-23,P019,ER23_Cf_00966,ORCHARD,Cf,Castel_Bolognese,2.373180075572092,1.3057565462515373,ndvi,132,1.0,0.6453206638495127,0.6037134230136871,0.16578478678755373
2023-05-23,P020,ER23_Cf_00863,ORCHARD,Cf,Castel_Bolognese,5.762025147449255,3.9838281908742994,ndvi,398,0.9990390672762774,0.3498929837840286,0.34089429676532745,0.038945129653133015
2023-05-23,P021,ER23_Cf_00873,ORCHARD,Cf,Faenza,3.836071815495797,2.4495404841857016,ndvi,245,1.0,0.1476276623959444,0.14723165333271027,0.02189308909084251
2023-05-23,P022,ER23_Cf_00987,ORCHARD,Cf,Faenza,4.024655263071004,2.571818079338909,ndvi,256,0.9954047763199693,0.8593795935157686,0.8615948855876923,0.013834342859857733
2023-05-23,P023,ER23_Cf_00421,ORCHARD,Cf,Faenza,2.6219618089434995,1.4711440486604825,ndvi,148,1.0,0.7025064455496298,0.7035101056098938,0.02084656889348283
2023-05-23,P024,ER23_Cf_00622,ORCHARD,Cf,Faenza,2.3327174916669415,1.2599808495088698,ndvi,125,0.9920785704697335,0.5100046665668487,0.513651430606842,0.047065747101907425
2023-05-23,P025,ER23_Co_01673,OLIVE,Co,Imola,3.4232291050089114,1.9150729844597532,ndvi,191,0.9973510229109183,0.7239583783748886,0.7502553462982178,0.07536738527457927
2023-05-23,P026,ER23_Co_01678,OLIVE,Co,Imola,2.502426104003195,1.1815758805827754,ndvi,120,1.0,0.5809938783446947,0.5654250085353851,0.09443281597580087
2023-05-23,P027,ER23_Co_01687,OLIVE,Co,Imola,7.479631106839761,4.765880858111484,ndvi,479,1.0,0.769198876084266,0.7851734757423401,0.06024870012780754
2023-05-23,P028,ER23_Co_01757,OLIVE,Co,Imola,7.150680899554923,4.328583603126005,ndvi,435,1.0,0.6954713114376726,0.7006367444992065,0.04474070483128796
2023-05-23,P029,ER23_Co_01677,OLIVE,Co,Castel_Bolognese,2.341064414099507,1.2327611211807428,ndvi,121,0.9815364706189452,0.8186063057134959,0.8187610507011414,0.01724580544380547
2023-05-23,P030,ER23_Co_01628,OLIVE,Co,Castel_Bolognese,2.045965560799921,0.8616854169272335,ndvi,86,0.9980440461285237,0.7976700282374094,0.8007868528366089,0.040510491336185686
2023-05-23,P031,ER23_Co_01631,OLIVE,Co,Castel_Bolognese,2.204944024653293,0.8498648283629534,ndvi,87,1.0,0.7188563196138403,0.7215633988380432,0.06267913125397383
2023-05-23,P032,ER23_Co_01623,OLIVE,Co,Faenza,3.027991669921379,1.8067331179867738,ndvi,186,1.0,0.733690742683667,0.7371025681495667,0.06246548950075599
2023-05-23,P033,ER23_Co_01630,OLIVE,Co,Faenza,3.062396213947536,1.810513599398476,ndvi,184,1.0,0.5609138603119747,0.5733079016208649,0.08532887337657365
2023-05-23,P034,ER23_Co_01570,OLIVE,Co,Faenza,3.1006374545112183,1.8238712197133842,ndvi,184,1.0,0.7644708804462267,0.7675884366035461,0.037849520299347315
2023-05-23,P035,ER23_Co_01529,OLIVE,Co,Faenza,5.001460487246888,3.297137421456931,ndvi,331,1.0,0.6529741117061085,0.6912809610366821,0.1241282252993842
2023-05-23,P036,ER23_Sn_05064,ANNUAL,Sn,Imola,3.2307727774316275,1.9843605238570365,ndvi,198,0.9978025546242167,0.2972366530260052,0.29798823595046997,0.1057324984972056
2023-05-23,P037,ER23_Sn_04952,ANNUAL,Sn,Imola,3.0013772307440765,1.77998878845148,ndvi,179,1.0,0.5821517372930516,0.5851202607154846,0.1114014702131916
2023-05-23,P038,ER23_Sn_05110,ANNUAL,Sn,Imola,2.8567546815944893,1.6633032750356371,ndvi,166,0.9980140272160731,0.8453023419322738,0.8448847532272339,0.018891344697732886
2023-05-23,P039,ER23_Sn_05044,ANNUAL,Sn,Imola,5.4145980874217425,3.6919313708525134,ndvi,369,0.9994768670761972,0.6567132493990869,0.6664419174194336,0.09764942096644302
2023-05-23,P040,ER23_Se_03693,ANNUAL,Se,Castel_Bolognese,2.662850462089826,1.5247924967245798,ndvi,153,1.0,0.18468372752658682,0.176714688539505,0.04988108730547427
2023-05-23,P041,ER23_Se_04187,ANNUAL,Se,Castel_Bolognese,2.581234154015185,1.4654585177199049,ndvi,148,1.0,0.5096505198224976,0.6154172420501709,0.29587910306354975
2023-05-23,P042,ER23_Se_03822,ANNUAL,Se,Castel_Bolognese,3.831353940655137,2.428693267176382,ndvi,244,1.0,0.6119415535301459,0.7515649199485779,0.27045281796038606
2023-05-23,P043,ER23_Se_04295,ANNUAL,Se,Castel_Bolognese,5.18079207126424,3.5177944746824332,ndvi,352,1.0,0.928556952117519,0.9329429566860199,0.018630473546199653
2023-05-23,P044,ER23_Se_03169,ANNUAL,Se,Faenza,2.8292499485748284,1.6610601958768552,ndvi,164,0.9873212325904073,0.05550460694017025,0.056184180080890656,0.01617269514084911
2023-05-23,P045,ER23_Se_03685,ANNUAL,Se,Faenza,3.941500902698074,2.5206803329840266,ndvi,252,0.9997300994596084,0.868137807600082,0.8805421590805054,0.0345687642662903
2023-05-23,P046,ER23_Se_03535,ANNUAL,Se,Faenza,2.7562816442083613,1.5921051212000719,ndvi,160,1.0,0.8300308860838413,0.857802003622055,0.06916902604841202
2023-05-23,P047,ER23_Se_03928,ANNUAL,Se,Faenza,3.734136266688578,2.3432589230863856,ndvi,235,1.0,0.5969063668809038,0.5901219844818115,0.07579930730162864
2023-05-23,P001,ER23_Cv_02530,VINEYARD,Cv,Imola,3.1654495448049635,1.9130941295244592,ndre,192,1.0,0.44942754196623963,0.44910481572151184,0.03977972959191865
2023-05-23,P002,ER23_Cv_02634,VINEYARD,Cv,Imola,4.015695158021988,2.5911511834798726,ndre,261,1.0,0.3431698683920491,0.33528417348861694,0.06689403245493072
2023-05-23,P003,ER23_Cv_02900,VINEYARD,Cv,Imola,4.821370692947343,3.2184014498998685,ndre,324,1.0,0.465504812973517,0.4659960865974426,0.05135871885112311
2023-05-23,P004,ER23_Cv_02462,VINEYARD,Cv,Imola,3.641378914602243,2.2713803924214653,ndre,226,0.9949896580689715,0.21175675318304416,0.21032819896936417,0.03191341931709213
2023-05-23,P005,ER23_Cv_02110,VINEYARD,Cv,Castel_Bolognese,2.3860121807252463,1.3227825441167154,ndre,132,0.9978964462986822,0.22040409323844043,0.21681740134954453,0.025417976484562475
2023-05-23,P006,ER23_Cv_02525,VINEYARD,Cv,Castel_Bolognese,4.8908902921767,3.283078601794735,ndre,327,0.9960163604405983,0.49850291970672955,0.5146987438201904,0.058376795519760175
2023-05-23,P007,ER23_Cv_02929,VINEYARD,Cv,Castel_Bolognese,2.8190826325329024,1.6341771995019418,ndre,162,0.9913245641254431,0.3783381704562976,0.3769539147615433,0.022826790172089915
2023-05-23,P008,ER23_Cv_02684,VINEYARD,Cv,Castel_Bolognese,4.730408674185802,3.1378819555604034,ndre,312,0.9943012656901524,0.20927199721336365,0.20112831890583038,0.028882154294803182
2023-05-23,P009,ER23_Cv_01763,VINEYARD,Cv,Faenza,2.121267549776319,1.127335037414474,ndre,107,0.9491410844943033,0.14274823965034752,0.13942866027355194,0.016947727780901388
2023-05-23,P010,ER23_Cv_02130,VINEYARD,Cv,Faenza,4.645746892934534,3.0861339275106148,ndre,310,1.0,0.34094744262195403,0.36391784250736237,0.0974035377049115
2023-05-23,P011,ER23_Cv_02327,VINEYARD,Cv,Faenza,3.656827897775929,2.2900730299202556,ndre,229,0.9999681102221188,0.2824206238360384,0.2883583605289459,0.09842419886808863
2023-05-23,P012,ER23_Cv_01903,VINEYARD,Cv,Faenza,2.825350437603589,1.6479114213760804,ndre,165,1.0,0.2725569432432001,0.2602350413799286,0.043789094838696245
2023-05-23,P013,ER23_Cf_00838,ORCHARD,Cf,Imola,2.1196263721575934,1.1212221068519543,ndre,113,1.0,0.36053869998560545,0.3557386100292206,0.03988691684581534
2023-05-23,P014,ER23_Cf_00454,ORCHARD,Cf,Imola,2.0230602041017924,1.0423997486130316,ndre,105,1.0,0.49460460259800865,0.48883676528930664,0.04294515312935638
2023-05-23,P015,ER23_Cf_00883,ORCHARD,Cf,Imola,2.983753585315028,1.7492436176504955,ndre,177,1.0,0.41264917991929134,0.42825356125831604,0.058394757669656294
2023-05-23,P016,ER23_Cf_01381,ORCHARD,Cf,Imola,2.4676245526858525,1.3561007198771098,ndre,134,0.9881271946536768,0.5091936226878593,0.5355328023433685,0.08411885372982038
2023-05-23,P017,ER23_Cf_00558,ORCHARD,Cf,Castel_Bolognese,6.721753725448916,4.8815691430335795,ndre,487,0.9976300360202642,0.14067731150550275,0.14970022439956665,0.03360216643821962
2023-05-23,P018,ER23_Cf_00799,ORCHARD,Cf,Castel_Bolognese,3.274499526093191,1.986698681743416,ndre,198,0.9966282346663975,0.6173576839042433,0.6246613264083862,0.03027040189761025
2023-05-23,P019,ER23_Cf_00966,ORCHARD,Cf,Castel_Bolognese,2.373180075572092,1.3057565462515373,ndre,132,1.0,0.42328696923725534,0.4010949283838272,0.12186120558456091
2023-05-23,P020,ER23_Cf_00863,ORCHARD,Cf,Castel_Bolognese,5.762025147449255,3.9838281908742994,ndre,398,0.9990390672762774,0.17706774489663954,0.17356522381305695,0.02199321726057899
2023-05-23,P021,ER23_Cf_00873,ORCHARD,Cf,Faenza,3.836071815495797,2.4495404841857016,ndre,245,1.0,0.06156233589411998,0.05852010101079941,0.01956295107738033
2023-05-23,P022,ER23_Cf_00987,ORCHARD,Cf,Faenza,4.024655263071004,2.571818079338909,ndre,256,0.9954047763199693,0.5923482046928257,0.5946501195430756,0.014857311280988097
2023-05-23,P023,ER23_Cf_00421,ORCHARD,Cf,Faenza,2.6219618089434995,1.4711440486604825,ndre,148,1.0,0.43436602140600616,0.43836745619773865,0.0265306524061109
2023-05-23,P024,ER23_Cf_00622,ORCHARD,Cf,Faenza,2.3327174916669415,1.2599808495088698,ndre,125,0.9920785704697335,0.3133311250209808,0.3134613335132599,0.025406815714553176
2023-05-23,P025,ER23_Co_01673,OLIVE,Co,Imola,3.4232291050089114,1.9150729844597532,ndre,191,0.9973510229109183,0.483662330823419,0.48955991864204407,0.04882162514350352
2023-05-23,P026,ER23_Co_01678,OLIVE,Co,Imola,2.502426104003195,1.1815758805827754,ndre,120,1.0,0.3531542308628559,0.3375284969806671,0.06354641338786264
2023-05-23,P027,ER23_Co_01687,OLIVE,Co,Imola,7.479631106839761,4.765880858111484,ndre,479,1.0,0.4751169487429561,0.4879315495491028,0.04490487506369304
2023-05-23,P028,ER23_Co_01757,OLIVE,Co,Imola,7.150680899554923,4.328583603126005,ndre,435,1.0,0.41735753896592676,0.41711363196372986,0.03714328931348087
2023-05-23,P029,ER23_Co_01677,OLIVE,Co,Castel_Bolognese,2.341064414099507,1.2327611211807428,ndre,121,0.9815364706189452,0.5764812176877802,0.5775983333587646,0.014105327327432292
2023-05-23,P030,ER23_Co_01628,OLIVE,Co,Castel_Bolognese,2.045965560799921,0.8616854169272335,ndre,86,0.9980440461285237,0.5165118703315424,0.5209437906742096,0.0313558085005699
2023-05-23,P031,ER23_Co_01631,OLIVE,Co,Castel_Bolognese,2.204944024653293,0.8498648283629534,ndre,87,1.0,0.4767049276965788,0.4763781428337097,0.04015820958912946
2023-05-23,P032,ER23_Co_01623,OLIVE,Co,Faenza,3.027991669921379,1.8067331179867738,ndre,186,1.0,0.4244370694442462,0.4189775437116623,0.03877366901533667
2023-05-23,P033,ER23_Co_01630,OLIVE,Co,Faenza,3.062396213947536,1.810513599398476,ndre,184,1.0,0.3546099925170774,0.35819879174232483,0.05895513578271165
2023-05-23,P034,ER23_Co_01570,OLIVE,Co,Faenza,3.1006374545112183,1.8238712197133842,ndre,184,1.0,0.49177370042256685,0.4889328181743622,0.039367498849759486
2023-05-23,P035,ER23_Co_01529,OLIVE,Co,Faenza,5.001460487246888,3.297137421456931,ndre,331,1.0,0.4357764973471172,0.4514954090118408,0.07055825700416743
2023-05-23,P036,ER23_Sn_05064,ANNUAL,Sn,Imola,3.2307727774316275,1.9843605238570365,ndre,198,0.9978025546242167,0.1716199895235324,0.17457054555416107,0.051151519976179755
2023-05-23,P037,ER23_Sn_04952,ANNUAL,Sn,Imola,3.0013772307440765,1.77998878845148,ndre,179,1.0,0.3642524779675393,0.3614579439163208,0.061897723149319336
2023-05-23,P038,ER23_Sn_05110,ANNUAL,Sn,Imola,2.8567546815944893,1.6633032750356371,ndre,166,0.9980140272160731,0.6490724722304976,0.6532266438007355,0.02687414270476415
2023-05-23,P039,ER23_Sn_05044,ANNUAL,Sn,Imola,5.4145980874217425,3.6919313708525134,ndre,369,0.9994768670761972,0.4128603895262974,0.4095907211303711,0.06689512556704945
2023-05-23,P040,ER23_Se_03693,ANNUAL,Se,Castel_Bolognese,2.662850462089826,1.5247924967245798,ndre,153,1.0,0.08710622936304585,0.08556056022644043,0.03155005963908614
2023-05-23,P041,ER23_Se_04187,ANNUAL,Se,Castel_Bolognese,2.581234154015185,1.4654585177199049,ndre,148,1.0,0.3641189784063278,0.39460232853889465,0.204405900032077
2023-05-23,P042,ER23_Se_03822,ANNUAL,Se,Castel_Bolognese,3.831353940655137,2.428693267176382,ndre,244,1.0,0.4039593353317898,0.49355360865592957,0.19155660016685983
2023-05-23,P043,ER23_Se_04295,ANNUAL,Se,Castel_Bolognese,5.18079207126424,3.5177944746824332,ndre,352,1.0,0.7569101535799828,0.7671230435371399,0.030358856476702077
2023-05-23,P044,ER23_Se_03169,ANNUAL,Se,Faenza,2.8292499485748284,1.6610601958768552,ndre,164,0.9873212325904073,0.012531255788594646,0.013684810604900122,0.020465154918005414
2023-05-23,P045,ER23_Se_03685,ANNUAL,Se,Faenza,3.941500902698074,2.5206803329840266,ndre,252,0.9997300994596084,0.6532288456246966,0.6628591120243073,0.033243681127975495
2023-05-23,P046,ER23_Se_03535,ANNUAL,Se,Faenza,2.7562816442083613,1.5921051212000719,ndre,160,1.0,0.5548862846568227,0.5736171007156372,0.0627369249881384
2023-05-23,P047,ER23_Se_03928,ANNUAL,Se,Faenza,3.734136266688578,2.3432589230863856,ndre,235,1.0,0.3574339816544918,0.35264670848846436,0.0558675372973267
2023-05-23,P001,ER23_Cv_02530,VINEYARD,Cv,Imola,3.1654495448049635,1.9130941295244592,ndmi,192,1.0,0.2886031928937882,0.28877387940883636,0.05688350416903893
2023-05-23,P002,ER23_Cv_02634,VINEYARD,Cv,Imola,4.015695158021988,2.5911511834798726,ndmi,261,1.0,0.07079361804709253,0.07071419805288315,0.09157411650073417
2023-05-23,P003,ER23_Cv_02900,VINEYARD,Cv,Imola,4.821370692947343,3.2184014498998685,ndmi,324,1.0,0.2014432405754004,0.208758145570755,0.060338056613349775
2023-05-23,P004,ER23_Cv_02462,VINEYARD,Cv,Imola,3.641378914602243,2.2713803924214653,ndmi,226,0.9949896580689715,0.05177789834426897,0.04591071046888828,0.03056052557057531
2023-05-23,P005,ER23_Cv_02110,VINEYARD,Cv,Castel_Bolognese,2.3860121807252463,1.3227825441167154,ndmi,132,0.9978964462986822,0.036046398311031444,0.03310379944741726,0.022515727142580974
2023-05-23,P006,ER23_Cv_02525,VINEYARD,Cv,Castel_Bolognese,4.8908902921767,3.283078601794735,ndmi,327,0.9960163604405983,0.2127223087514577,0.20834635198116302,0.05564264604076858
2023-05-23,P007,ER23_Cv_02929,VINEYARD,Cv,Castel_Bolognese,2.8190826325329024,1.6341771995019418,ndmi,162,0.9913245641254431,0.16170240644319558,0.15537814795970917,0.03223236148409658
2023-05-23,P008,ER23_Cv_02684,VINEYARD,Cv,Castel_Bolognese,4.730408674185802,3.1378819555604034,ndmi,312,0.9943012656901524,-0.08942569097062239,-0.0937638096511364,0.02925150233077181
2023-05-23,P009,ER23_Cv_01763,VINEYARD,Cv,Faenza,2.121267549776319,1.127335037414474,ndmi,107,0.9491410844943033,-0.09040694166775619,-0.09547120332717896,0.019880596629129166
2023-05-23,P010,ER23_Cv_02130,VINEYARD,Cv,Faenza,4.645746892934534,3.0861339275106148,ndmi,310,1.0,0.09903277618727917,0.09028854593634605,0.06812664938835687
2023-05-23,P011,ER23_Cv_02327,VINEYARD,Cv,Faenza,3.656827897775929,2.2900730299202556,ndmi,229,0.9999681102221188,0.0717801964703508,0.06398049741983414,0.047880009128505645
2023-05-23,P012,ER23_Cv_01903,VINEYARD,Cv,Faenza,2.825350437603589,1.6479114213760804,ndmi,165,1.0,-0.0013562945156026574,-0.01190441008657217,0.03864831127855189
2023-05-23,P013,ER23_Cf_00838,ORCHARD,Cf,Imola,2.1196263721575934,1.1212221068519543,ndmi,113,1.0,0.08076141391101961,0.07003515958786011,0.06818461335802162
2023-05-23,P014,ER23_Cf_00454,ORCHARD,Cf,Imola,2.0230602041017924,1.0423997486130316,ndmi,105,1.0,0.2763318220774333,0.2768210172653198,0.05111391121597567
2023-05-23,P015,ER23_Cf_00883,ORCHARD,Cf,Imola,2.983753585315028,1.7492436176504955,ndmi,177,1.0,0.229318666677017,0.2367338091135025,0.03845474970529635
2023-05-23,P016,ER23_Cf_01381,ORCHARD,Cf,Imola,2.4676245526858525,1.3561007198771098,ndmi,134,0.9881271946536768,0.27761796786130144,0.2872106581926346,0.0800905459989322
2023-05-23,P017,ER23_Cf_00558,ORCHARD,Cf,Castel_Bolognese,6.721753725448916,4.8815691430335795,ndmi,487,0.9976300360202642,0.08321692756290149,0.03788374364376068,0.0947341155890992
2023-05-23,P018,ER23_Cf_00799,ORCHARD,Cf,Castel_Bolognese,3.274499526093191,1.986698681743416,ndmi,198,0.9966282346663975,0.35262428043466626,0.3813663125038147,0.062433755237279
2023-05-23,P019,ER23_Cf_00966,ORCHARD,Cf,Castel_Bolognese,2.373180075572092,1.3057565462515373,ndmi,132,1.0,0.13620550463515843,0.13569416105747223,0.09022445981096357
2023-05-23,P020,ER23_Cf_00863,ORCHARD,Cf,Castel_Bolognese,5.762025147449255,3.9838281908742994,ndmi,398,0.9990390672762774,-0.011067128156762225,-0.012028949800878763,0.0176309563328447
2023-05-23,P021,ER23_Cf_00873,ORCHARD,Cf,Faenza,3.836071815495797,2.4495404841857016,ndmi,245,1.0,-0.06940309305352216,-0.06924468278884888,0.0232272170517793
2023-05-23,P022,ER23_Cf_00987,ORCHARD,Cf,Faenza,4.024655263071004,2.571818079338909,ndmi,256,0.9954047763199693,0.3724607629701495,0.37645865976810455,0.018483746146266022
2023-05-23,P023,ER23_Cf_00421,ORCHARD,Cf,Faenza,2.6219618089434995,1.4711440486604825,ndmi,148,1.0,0.1978694312274456,0.2008555382490158,0.02220874051208091
2023-05-23,P024,ER23_Cf_00622,ORCHARD,Cf,Faenza,2.3327174916669415,1.2599808495088698,ndmi,125,0.9920785704697335,0.13747655034065245,0.13923081755638123,0.020558050375405312
2023-05-23,P025,ER23_Co_01673,OLIVE,Co,Imola,3.4232291050089114,1.9150729844597532,ndmi,191,0.9973510229109183,0.2045539351502014,0.21985116600990295,0.06879423766741959
2023-05-23,P026,ER23_Co_01678,OLIVE,Co,Imola,2.502426104003195,1.1815758805827754,ndmi,120,1.0,0.09459130545534815,0.07084093987941742,0.06878347110269105
2023-05-23,P027,ER23_Co_01687,OLIVE,Co,Imola,7.479631106839761,4.765880858111484,ndmi,479,1.0,0.24773901585870595,0.2639666497707367,0.06094462458125116
2023-05-23,P028,ER23_Co_01757,OLIVE,Co,Imola,7.150680899554923,4.328583603126005,ndmi,435,1.0,0.23210677004408561,0.23620586097240448,0.041522964230002894
2023-05-23,P029,ER23_Co_01677,OLIVE,Co,Castel_Bolognese,2.341064414099507,1.2327611211807428,ndmi,121,0.9815364706189452,0.31797911805554857,0.31766170263290405,0.018867546242886137
2023-05-23,P030,ER23_Co_01628,OLIVE,Co,Castel_Bolognese,2.045965560799921,0.8616854169272335,ndmi,86,0.9980440461285237,0.3006024740116541,0.30770133435726166,0.03783115091557594
2023-05-23,P031,ER23_Co_01631,OLIVE,Co,Castel_Bolognese,2.204944024653293,0.8498648283629534,ndmi,87,1.0,0.1991297060559536,0.20140352845191956,0.0595268919112113
2023-05-23,P032,ER23_Co_01623,OLIVE,Co,Faenza,3.027991669921379,1.8067331179867738,ndmi,186,1.0,0.2498289222518603,0.24144210666418076,0.04389700875341503
2023-05-23,P033,ER23_Co_01630,OLIVE,Co,Faenza,3.062396213947536,1.810513599398476,ndmi,184,1.0,0.1154939124421419,0.11309042945504189,0.0495803149104715
2023-05-23,P034,ER23_Co_01570,OLIVE,Co,Faenza,3.1006374545112183,1.8238712197133842,ndmi,184,1.0,0.21387672023442778,0.21812453120946884,0.044385677334919396
2023-05-23,P035,ER23_Co_01529,OLIVE,Co,Faenza,5.001460487246888,3.297137421456931,ndmi,331,1.0,0.2320830522504638,0.24737848341464996,0.06399389622263903
2023-05-23,P036,ER23_Sn_05064,ANNUAL,Sn,Imola,3.2307727774316275,1.9843605238570365,ndmi,198,0.9978025546242167,0.020485493275125256,0.022967616096138954,0.03730247005369696
2023-05-23,P037,ER23_Sn_04952,ANNUAL,Sn,Imola,3.0013772307440765,1.77998878845148,ndmi,179,1.0,0.19774257071191373,0.18985208868980408,0.0522977229631947
2023-05-23,P038,ER23_Sn_05110,ANNUAL,Sn,Imola,2.8567546815944893,1.6633032750356371,ndmi,166,0.9980140272160731,0.4222292831863265,0.4270651489496231,0.03390661544351104
2023-05-23,P039,ER23_Sn_05044,ANNUAL,Sn,Imola,5.4145980874217425,3.6919313708525134,ndmi,369,0.9994768670761972,0.2633656604785906,0.2581039369106293,0.06960892773285486
2023-05-23,P040,ER23_Se_03693,ANNUAL,Se,Castel_Bolognese,2.662850462089826,1.5247924967245798,ndmi,153,1.0,-0.0707492379660359,-0.07361738383769989,0.028899480393693333
2023-05-23,P041,ER23_Se_04187,ANNUAL,Se,Castel_Bolognese,2.581234154015185,1.4654585177199049,ndmi,148,1.0,0.1676249383473643,0.1773015484213829,0.16588707754948268
2023-05-23,P042,ER23_Se_03822,ANNUAL,Se,Castel_Bolognese,3.831353940655137,2.428693267176382,ndmi,244,1.0,0.28659813619909624,0.36278942227363586,0.174989837270882
2023-05-23,P043,ER23_Se_04295,ANNUAL,Se,Castel_Bolognese,5.18079207126424,3.5177944746824332,ndmi,352,1.0,0.5587283559143543,0.5686736404895782,0.02931649544727226
2023-05-23,P044,ER23_Se_03169,ANNUAL,Se,Faenza,2.8292499485748284,1.6610601958768552,ndmi,164,0.9873212325904073,-0.09672770513471489,-0.0966925285756588,0.026043482107850572
2023-05-23,P045,ER23_Se_03685,ANNUAL,Se,Faenza,3.941500902698074,2.5206803329840266,ndmi,252,0.9997300994596084,0.4645796506887391,0.4758540540933609,0.03786207614489925
2023-05-23,P046,ER23_Se_03535,ANNUAL,Se,Faenza,2.7562816442083613,1.5921051212000719,ndmi,160,1.0,0.3617491018027067,0.38540777564048767,0.07317967117595268
2023-05-23,P047,ER23_Se_03928,ANNUAL,Se,Faenza,3.734136266688578,2.3432589230863856,ndmi,235,1.0,0.15999610060070482,0.16338782012462616,0.08852690100464333
2023-05-23,P001,ER23_Cv_02530,VINEYARD,Cv,Imola,3.1654495448049635,1.9130941295244592,gndvi,192,1.0,0.651659421933194,0.6523846685886383,0.029354803617190096
2023-05-23,P002,ER23_Cv_02634,VINEYARD,Cv,Imola,4.015695158021988,2.5911511834798726,gndvi,261,1.0,0.5695683424043473,0.5786144733428955,0.06882321512702412
2023-05-23,P003,ER23_Cv_02900,VINEYARD,Cv,Imola,4.821370692947343,3.2184014498998685,gndvi,324,1.0,0.65948952200972,0.664350837469101,0.0432129735895954
2023-05-23,P004,ER23_Cv_02462,VINEYARD,Cv,Imola,3.641378914602243,2.2713803924214653,gndvi,226,0.9949896580689715,0.3891371227471174,0.3893083781003952,0.03982693956277479
2023-05-23,P005,ER23_Cv_02110,VINEYARD,Cv,Castel_Bolognese,2.3860121807252463,1.3227825441167154,gndvi,132,0.9978964462986822,0.3935224980567441,0.39229732751846313,0.02684048320121812
2023-05-23,P006,ER23_Cv_02525,VINEYARD,Cv,Castel_Bolognese,4.8908902921767,3.283078601794735,gndvi,327,0.9960163604405983,0.6693233430203313,0.6815993189811707,0.030573074409084834
2023-05-23,P007,ER23_Cv_02929,VINEYARD,Cv,Castel_Bolognese,2.8190826325329024,1.6341771995019418,gndvi,162,0.9913245641254431,0.5598021528603118,0.5589938461780548,0.019323758511786564
2023-05-23,P008,ER23_Cv_02684,VINEYARD,Cv,Castel_Bolognese,4.730408674185802,3.1378819555604034,gndvi,312,0.9943012656901524,0.4326808965550019,0.4256935268640518,0.028259073094960892
2023-05-23,P009,ER23_Cv_01763,VINEYARD,Cv,Faenza,2.121267549776319,1.127335037414474,gndvi,107,0.9491410844943033,0.3036644430918114,0.3057920038700104,0.019000246861805726
2023-05-23,P010,ER23_Cv_02130,VINEYARD,Cv,Faenza,4.645746892934534,3.0861339275106148,gndvi,310,1.0,0.5245889027272501,0.5515855848789215,0.1024078602016949
2023-05-23,P011,ER23_Cv_02327,VINEYARD,Cv,Faenza,3.656827897775929,2.2900730299202556,gndvi,229,0.9999681102221188,0.44748298615607635,0.44530007243156433,0.11628481935827055
2023-05-23,P012,ER23_Cv_01903,VINEYARD,Cv,Faenza,2.825350437603589,1.6479114213760804,gndvi,165,1.0,0.47145766977107884,0.45718273520469666,0.04385278180247732
2023-05-23,P013,ER23_Cf_00838,ORCHARD,Cf,Imola,2.1196263721575934,1.1212221068519543,gndvi,113,1.0,0.5807979594817204,0.5788891911506653,0.03933094992656808
2023-05-23,P014,ER23_Cf_00454,ORCHARD,Cf,Imola,2.0230602041017924,1.0423997486130316,gndvi,105,1.0,0.6999619171732948,0.7026278972625732,0.04786557291083438
2023-05-23,P015,ER23_Cf_00883,ORCHARD,Cf,Imola,2.983753585315028,1.7492436176504955,gndvi,177,1.0,0.5864337266838483,0.6027008295059204,0.06928747518673431
2023-05-23,P016,ER23_Cf_01381,ORCHARD,Cf,Imola,2.4676245526858525,1.3561007198771098,gndvi,134,0.9881271946536768,0.7060267137947367,0.7270717024803162,0.08903252745136976
2023-05-23,P017,ER23_Cf_00558,ORCHARD,Cf,Castel_Bolognese,6.721753725448916,4.8815691430335795,gndvi,487,0.9976300360202642,0.29596747491638764,0.30777227878570557,0.04616134013691923
2023-05-23,P018,ER23_Cf_00799,ORCHARD,Cf,Castel_Bolognese,3.274499526093191,1.986698681743416,gndvi,198,0.9966282346663975,0.8030886156390412,0.8139017224311829,0.02899093350557636
2023-05-23,P019,ER23_Cf_00966,ORCHARD,Cf,Castel_Bolognese,2.373180075572092,1.3057565462515373,gndvi,132,1.0,0.6040705611759966,0.5762988328933716,0.12599627342516548
2023-05-23,P020,ER23_Cf_00863,ORCHARD,Cf,Castel_Bolognese,5.762025147449255,3.9838281908742994,gndvi,398,0.9990390672762774,0.3623188344677489,0.35690543055534363,0.02656080870624603
2023-05-23,P021,ER23_Cf_00873,ORCHARD,Cf,Faenza,3.836071815495797,2.4495404841857016,gndvi,245,1.0,0.20244812813340402,0.19977372884750366,0.020929158534394598
2023-05-23,P022,ER23_Cf_00987,ORCHARD,Cf,Faenza,4.024655263071004,2.571818079338909,gndvi,256,0.9954047763199693,0.7415705760940909,0.7427366673946381,0.012442724084099709
2023-05-23,P023,ER23_Cf_00421,ORCHARD,Cf,Faenza,2.6219618089434995,1.4711440486604825,gndvi,148,1.0,0.6204484310504552,0.6213164329528809,0.017992434887184144
2023-05-23,P024,ER23_Cf_00622,ORCHARD,Cf,Faenza,2.3327174916669415,1.2599808495088698,gndvi,125,0.9920785704697335,0.47870665168762205,0.4826360046863556,0.03355179177805307
2023-05-23,P025,ER23_Co_01673,OLIVE,Co,Imola,3.4232291050089114,1.9150729844597532,gndvi,191,0.9973510229109183,0.6729703270952115,0.6816163659095764,0.04336135719078717
2023-05-23,P026,ER23_Co_01678,OLIVE,Co,Imola,2.502426104003195,1.1815758805827754,gndvi,120,1.0,0.5483812302350998,0.5365493595600128,0.07218430341359583
2023-05-23,P027,ER23_Co_01687,OLIVE,Co,Imola,7.479631106839761,4.765880858111484,gndvi,479,1.0,0.6736639857541047,0.6828396916389465,0.038595113196597745
2023-05-23,P028,ER23_Co_01757,OLIVE,Co,Imola,7.150680899554923,4.328583603126005,gndvi,435,1.0,0.6348918300935592,0.6348418593406677,0.0242306155662055
2023-05-23,P029,ER23_Co_01677,OLIVE,Co,Castel_Bolognese,2.341064414099507,1.2327611211807428,gndvi,121,0.9815364706189452,0.7321219902393247,0.7332692742347717,0.01364968018266386
2023-05-23,P030,ER23_Co_01628,OLIVE,Co,Castel_Bolognese,2.045965560799921,0.8616854169272335,gndvi,86,0.9980440461285237,0.7053051355273224,0.7068566977977753,0.033651035958865615
2023-05-23,P031,ER23_Co_01631,OLIVE,Co,Castel_Bolognese,2.204944024653293,0.8498648283629534,gndvi,87,1.0,0.6490851962703398,0.6529210805892944,0.03564237899381885
2023-05-23,P032,ER23_Co_01623,OLIVE,Co,Faenza,3.027991669921379,1.8067331179867738,gndvi,186,1.0,0.6529775739357035,0.653791755437851,0.04000737547145478
2023-05-23,P033,ER23_Co_01630,OLIVE,Co,Faenza,3.062396213947536,1.810513599398476,gndvi,184,1.0,0.550103621152432,0.5605237483978271,0.059354762806993526
2023-05-23,P034,ER23_Co_01570,OLIVE,Co,Faenza,3.1006374545112183,1.8238712197133842,gndvi,184,1.0,0.663693674556587,0.6603122651576996,0.0350014127306938
2023-05-23,P035,ER23_Co_01529,OLIVE,Co,Faenza,5.001460487246888,3.297137421456931,gndvi,331,1.0,0.6021203262748315,0.6285842061042786,0.09516107920574542
2023-05-23,P036,ER23_Sn_05064,ANNUAL,Sn,Imola,3.2307727774316275,1.9843605238570365,gndvi,198,0.9978025546242167,0.3330388300196089,0.3303489536046982,0.08493020178989974
2023-05-23,P037,ER23_Sn_04952,ANNUAL,Sn,Imola,3.0013772307440765,1.77998878845148,gndvi,179,1.0,0.5279162229772386,0.5280025601387024,0.08722078429808436
2023-05-23,P038,ER23_Sn_05110,ANNUAL,Sn,Imola,2.8567546815944893,1.6633032750356371,gndvi,166,0.9980140272160731,0.777172218245196,0.7777755856513977,0.018714996105548005
2023-05-23,P039,ER23_Sn_05044,ANNUAL,Sn,Imola,5.4145980874217425,3.6919313708525134,gndvi,369,0.9994768670761972,0.6031406347344561,0.6075814962387085,0.07299448163858069
2023-05-23,P040,ER23_Se_03693,ANNUAL,Se,Castel_Bolognese,2.662850462089826,1.5247924967245798,gndvi,153,1.0,0.2423335574810801,0.23404189944267273,0.05143611173593857
2023-05-23,P041,ER23_Se_04187,ANNUAL,Se,Castel_Bolognese,2.581234154015185,1.4654585177199049,gndvi,148,1.0,0.517149967015595,0.6064276695251465,0.23951837741024412
2023-05-23,P042,ER23_Se_03822,ANNUAL,Se,Castel_Bolognese,3.831353940655137,2.428693267176382,gndvi,244,1.0,0.5535265722113555,0.6596109867095947,0.21414325297480022
2023-05-23,P043,ER23_Se_04295,ANNUAL,Se,Castel_Bolognese,5.18079207126424,3.5177944746824332,gndvi,352,1.0,0.8618389280004934,0.8687888085842133,0.02490792031430349
2023-05-23,P044,ER23_Se_03169,ANNUAL,Se,Faenza,2.8292499485748284,1.6610601958768552,gndvi,164,0.9873212325904073,0.13905733033287815,0.14082711189985275,0.01726781423154252
2023-05-23,P045,ER23_Se_03685,ANNUAL,Se,Faenza,3.941500902698074,2.5206803329840266,gndvi,252,0.9997300994596084,0.7906417461141707,0.8000209033489227,0.028541076561967783
2023-05-23,P046,ER23_Se_03535,ANNUAL,Se,Faenza,2.7562816442083613,1.5921051212000719,gndvi,160,1.0,0.734535063803196,0.7557246387004852,0.0558657429562892
2023-05-23,P047,ER23_Se_03928,ANNUAL,Se,Faenza,3.734136266688578,2.3432589230863856,gndvi,235,1.0,0.5276320259621803,0.4995405375957489,0.07117180215884013
2023-07-17,P001,ER23_Cv_02530,VINEYARD,Cv,Imola,3.1654495448049635,1.9130941295244592,ndvi,192,1.0,0.5505440961569548,0.5686265826225281,0.0874838015413717
2023-07-17,P002,ER23_Cv_02634,VINEYARD,Cv,Imola,4.015695158021988,2.5911511834798726,ndvi,261,1.0,0.5609278893562112,0.5651669502258301,0.05337888893204446
2023-07-17,P003,ER23_Cv_02900,VINEYARD,Cv,Imola,4.821370692947343,3.2184014498998685,ndvi,324,1.0,0.7841130954983794,0.7855854034423828,0.03104674107169632
2023-07-17,P004,ER23_Cv_02462,VINEYARD,Cv,Imola,3.641378914602243,2.2713803924214653,ndvi,226,0.9949896580689715,0.5560210324757922,0.5690300762653351,0.06308072152480745
2023-07-17,P005,ER23_Cv_02110,VINEYARD,Cv,Castel_Bolognese,2.3860121807252463,1.3227825441167154,ndvi,132,0.9978964462986822,0.4538556125127908,0.45008639991283417,0.03763697486230371
2023-07-17,P006,ER23_Cv_02525,VINEYARD,Cv,Castel_Bolognese,4.8908902921767,3.283078601794735,ndvi,327,0.9960163604405983,0.8006103633011518,0.7769493460655212,0.05172716186506787
2023-07-17,P007,ER23_Cv_02929,VINEYARD,Cv,Castel_Bolognese,2.8190826325329024,1.6341771995019418,ndvi,162,0.9913245641254431,0.6916813901913019,0.6996503174304962,0.0288500688686212
2023-07-17,P008,ER23_Cv_02684,VINEYARD,Cv,Castel_Bolognese,4.730408674185802,3.1378819555604034,ndvi,312,0.9943012656901524,0.6281004876662524,0.6284538805484772,0.018253982712792195
2023-07-17,P009,ER23_Cv_01763,VINEYARD,Cv,Faenza,2.121267549776319,1.127335037414474,ndvi,107,0.9491410844943033,0.6330403150799119,0.6390073895454407,0.049550164113382186
2023-07-17,P010,ER23_Cv_02130,VINEYARD,Cv,Faenza,4.645746892934534,3.0861339275106148,ndvi,310,1.0,0.5627978534467759,0.5680385231971741,0.09270391825042901
2023-07-17,P011,ER23_Cv_02327,VINEYARD,Cv,Faenza,3.656827897775929,2.2900730299202556,ndvi,229,0.9999681102221188,0.5971750281263126,0.6103383898735046,0.06569115375610429
2023-07-17,P012,ER23_Cv_01903,VINEYARD,Cv,Faenza,2.825350437603589,1.6479114213760804,ndvi,165,1.0,0.5664924876256423,0.5642570853233337,0.05395939343108767
2023-07-17,P013,ER23_Cf_00838,ORCHARD,Cf,Imola,2.1196263721575934,1.1212221068519543,ndvi,113,1.0,0.4146657499064386,0.3927701711654663,0.10546457259945208
2023-07-17,P014,ER23_Cf_00454,ORCHARD,Cf,Imola,2.0230602041017924,1.0423997486130316,ndvi,105,1.0,0.6589496022179013,0.6804961562156677,0.10974187332836732
2023-07-17,P015,ER23_Cf_00883,ORCHARD,Cf,Imola,2.983753585315028,1.7492436176504955,ndvi,177,1.0,0.5796063734313189,0.5945122241973877,0.12448381263942933
2023-07-17,P016,ER23_Cf_01381,ORCHARD,Cf,Imola,2.4676245526858525,1.3561007198771098,ndvi,134,0.9881271946536768,0.65717268101315,0.6683324873447418,0.0928707768030348
2023-07-17,P017,ER23_Cf_00558,ORCHARD,Cf,Castel_Bolognese,6.721753725448916,4.8815691430335795,ndvi,487,0.9976300360202642,0.5051960670360549,0.515007734298706,0.1110109653933973
2023-07-17,P018,ER23_Cf_00799,ORCHARD,Cf,Castel_Bolognese,3.274499526093191,1.986698681743416,ndvi,198,0.9966282346663975,0.7859566937191318,0.826307088136673,0.12342694481810007
2023-07-17,P019,ER23_Cf_00966,ORCHARD,Cf,Castel_Bolognese,2.373180075572092,1.3057565462515373,ndvi,132,1.0,0.7663041520299334,0.7851632535457611,0.06324432219791966
2023-07-17,P020,ER23_Cf_00863,ORCHARD,Cf,Castel_Bolognese,5.762025147449255,3.9838281908742994,ndvi,398,0.9990390672762774,0.25351521582459685,0.25275956094264984,0.021775818042850587
2023-07-17,P021,ER23_Cf_00873,ORCHARD,Cf,Faenza,3.836071815495797,2.4495404841857016,ndvi,245,1.0,0.1758576716695513,0.1748875081539154,0.02168691229749487
2023-07-17,P022,ER23_Cf_00987,ORCHARD,Cf,Faenza,4.024655263071004,2.571818079338909,ndvi,256,0.9954047763199693,0.8168430831283331,0.8158775568008423,0.01615507730795811
2023-07-17,P023,ER23_Cf_00421,ORCHARD,Cf,Faenza,2.6219618089434995,1.4711440486604825,ndvi,148,1.0,0.7825769459879076,0.7862754464149475,0.018218417057508974
2023-07-17,P024,ER23_Cf_00622,ORCHARD,Cf,Faenza,2.3327174916669415,1.2599808495088698,ndvi,125,0.9920785704697335,0.7065437664985657,0.7107364535331726,0.023345835997738852
2023-07-17,P025,ER23_Co_01673,OLIVE,Co,Imola,3.4232291050089114,1.9150729844597532,ndvi,191,0.9973510229109183,0.701060372809465,0.7184590101242065,0.055509113361695124
2023-07-17,P026,ER23_Co_01678,OLIVE,Co,Imola,2.502426104003195,1.1815758805827754,ndvi,120,1.0,0.5628113334377607,0.5423325300216675,0.10460918707298575
2023-07-17,P027,ER23_Co_01687,OLIVE,Co,Imola,7.479631106839761,4.765880858111484,ndvi,479,1.0,0.6584940477427959,0.67833411693573,0.08095521697142212
2023-07-17,P028,ER23_Co_01757,OLIVE,Co,Imola,7.150680899554923,4.328583603126005,ndvi,435,1.0,0.4763077735900879,0.4683975577354431,0.056213615371160444
2023-07-17,P029,ER23_Co_01677,OLIVE,Co,Castel_Bolognese,2.341064414099507,1.2327611211807428,ndvi,121,0.9815364706189452,0.6816282311746896,0.6873480081558228,0.02672446761108617
2023-07-17,P030,ER23_Co_01628,OLIVE,Co,Castel_Bolognese,2.045965560799921,0.8616854169272335,ndvi,86,0.9980440461285237,0.7336180494275204,0.7441565990447998,0.049040728092693914
2023-07-17,P031,ER23_Co_01631,OLIVE,Co,Castel_Bolognese,2.204944024653293,0.8498648283629534,ndvi,87,1.0,0.6367545532084059,0.6398374438285828,0.048318070054476164
2023-07-17,P032,ER23_Co_01623,OLIVE,Co,Faenza,3.027991669921379,1.8067331179867738,ndvi,186,1.0,0.4337163421735969,0.4355945885181427,0.050367041238148155
2023-07-17,P033,ER23_Co_01630,OLIVE,Co,Faenza,3.062396213947536,1.810513599398476,ndvi,184,1.0,0.4178294931416926,0.4025648683309555,0.06880730403512164
2023-07-17,P034,ER23_Co_01570,OLIVE,Co,Faenza,3.1006374545112183,1.8238712197133842,ndvi,184,1.0,0.7802308775160623,0.7828174829483032,0.03276184312587717
2023-07-17,P035,ER23_Co_01529,OLIVE,Co,Faenza,5.001460487246888,3.297137421456931,ndvi,331,1.0,0.5198606113112585,0.5421943664550781,0.13155695840028186
2023-07-17,P036,ER23_Sn_05064,ANNUAL,Sn,Imola,3.2307727774316275,1.9843605238570365,ndvi,198,0.9978025546242167,0.19857183200391856,0.1707753986120224,0.09874935981241754
2023-07-17,P037,ER23_Sn_04952,ANNUAL,Sn,Imola,3.0013772307440765,1.77998878845148,ndvi,179,1.0,0.420083164086555,0.4341929256916046,0.10721356515364663
2023-07-17,P038,ER23_Sn_05110,ANNUAL,Sn,Imola,2.8567546815944893,1.6633032750356371,ndvi,166,0.9980140272160731,0.17046909851123052,0.17013569176197052,0.007946654058892137
2023-07-17,P039,ER23_Sn_05044,ANNUAL,Sn,Imola,5.4145980874217425,3.6919313708525134,ndvi,369,0.9994768670761972,0.5743067943791387,0.5693135261535645,0.0673215806266122
2023-07-17,P040,ER23_Se_03693,ANNUAL,Se,Castel_Bolognese,2.662850462089826,1.5247924967245798,ndvi,153,1.0,0.7910795605260562,0.7975550293922424,0.028976600812862508
2023-07-17,P041,ER23_Se_04187,ANNUAL,Se,Castel_Bolognese,2.581234154015185,1.4654585177199049,ndvi,148,1.0,0.3994852518914519,0.23472002148628235,0.24496656000357447
2023-07-17,P042,ER23_Se_03822,ANNUAL,Se,Castel_Bolognese,3.831353940655137,2.428693267176382,ndvi,244,1.0,0.590191981648324,0.664119154214859,0.20423155208245247
2023-07-17,P043,ER23_Se_04295,ANNUAL,Se,Castel_Bolognese,5.18079207126424,3.5177944746824332,ndvi,352,1.0,0.20364089729264379,0.20164749026298523,0.01321396246658236
2023-07-17,P044,ER23_Se_03169,ANNUAL,Se,Faenza,2.8292499485748284,1.6610601958768552,ndvi,164,0.9873212325904073,0.5945973781550803,0.5840607583522797,0.14718215770199694
2023-07-17,P045,ER23_Se_03685,ANNUAL,Se,Faenza,3.941500902698074,2.5206803329840266,ndvi,252,0.9997300994596084,0.2773837359060371,0.27140191197395325,0.027382026613042076
2023-07-17,P046,ER23_Se_03535,ANNUAL,Se,Faenza,2.7562816442083613,1.5921051212000719,ndvi,160,1.0,0.5366238033398986,0.532876044511795,0.04589117317443151
2023-07-17,P047,ER23_Se_03928,ANNUAL,Se,Faenza,3.734136266688578,2.3432589230863856,ndvi,235,1.0,0.38025756053468013,0.40018558502197266,0.06465540624380542
2023-07-17,P001,ER23_Cv_02530,VINEYARD,Cv,Imola,3.1654495448049635,1.9130941295244592,ndre,192,1.0,0.3629005732946098,0.3711341619491577,0.05623177687352022
2023-07-17,P002,ER23_Cv_02634,VINEYARD,Cv,Imola,4.015695158021988,2.5911511834798726,ndre,261,1.0,0.37101451909861805,0.37643468379974365,0.03590383804361016
2023-07-17,P003,ER23_Cv_02900,VINEYARD,Cv,Imola,4.821370692947343,3.2184014498998685,ndre,324,1.0,0.5527991340668114,0.5563755333423615,0.030872891408802748
2023-07-17,P004,ER23_Cv_02462,VINEYARD,Cv,Imola,3.641378914602243,2.2713803924214653,ndre,226,0.9949896580689715,0.3998366602226696,0.40676796436309814,0.04458984781005498
2023-07-17,P005,ER23_Cv_02110,VINEYARD,Cv,Castel_Bolognese,2.3860121807252463,1.3227825441167154,ndre,132,0.9978964462986822,0.3078383586623452,0.30667948722839355,0.021085246328292024
2023-07-17,P006,ER23_Cv_02525,VINEYARD,Cv,Castel_Bolognese,4.8908902921767,3.283078601794735,ndre,327,0.9960163604405983,0.6239346558347755,0.6224458813667297,0.03362192911428743
2023-07-17,P007,ER23_Cv_02929,VINEYARD,Cv,Castel_Bolognese,2.8190826325329024,1.6341771995019418,ndre,162,0.9913245641254431,0.49892942386644856,0.503550797700882,0.017598668969230995
2023-07-17,P008,ER23_Cv_02684,VINEYARD,Cv,Castel_Bolognese,4.730408674185802,3.1378819555604034,ndre,312,0.9943012656901524,0.442958244910607,0.4434688836336136,0.013990417405201447
2023-07-17,P009,ER23_Cv_01763,VINEYARD,Cv,Faenza,2.121267549776319,1.127335037414474,ndre,107,0.9491410844943033,0.4465750494850016,0.44666507840156555,0.03214871263874908
2023-07-17,P010,ER23_Cv_02130,VINEYARD,Cv,Faenza,4.645746892934534,3.0861339275106148,ndre,310,1.0,0.40673654521665265,0.4136389344930649,0.07053191244889334
2023-07-17,P011,ER23_Cv_02327,VINEYARD,Cv,Faenza,3.656827897775929,2.2900730299202556,ndre,229,0.9999681102221188,0.38583430908132327,0.3907026946544647,0.0480891208269075
2023-07-17,P012,ER23_Cv_01903,VINEYARD,Cv,Faenza,2.825350437603589,1.6479114213760804,ndre,165,1.0,0.40483927979613793,0.3968202769756317,0.036954095508784014
2023-07-17,P013,ER23_Cf_00838,ORCHARD,Cf,Imola,2.1196263721575934,1.1212221068519543,ndre,113,1.0,0.2727801588784277,0.26068273186683655,0.0631585868833488
2023-07-17,P014,ER23_Cf_00454,ORCHARD,Cf,Imola,2.0230602041017924,1.0423997486130316,ndre,105,1.0,0.45101884404818215,0.4539324939250946,0.065729397743883
2023-07-17,P015,ER23_Cf_00883,ORCHARD,Cf,Imola,2.983753585315028,1.7492436176504955,ndre,177,1.0,0.4082901932425418,0.4215376377105713,0.09645809685873238
2023-07-17,P016,ER23_Cf_01381,ORCHARD,Cf,Imola,2.4676245526858525,1.3561007198771098,ndre,134,0.9881271946536768,0.4901834972091575,0.5057604610919952,0.07031565994728307
2023-07-17,P017,ER23_Cf_00558,ORCHARD,Cf,Castel_Bolognese,6.721753725448916,4.8815691430335795,ndre,487,0.9976300360202642,0.34841449809637404,0.3573457598686218,0.06906768398819578
2023-07-17,P018,ER23_Cf_00799,ORCHARD,Cf,Castel_Bolognese,3.274499526093191,1.986698681743416,ndre,198,0.9966282346663975,0.5915288551889285,0.6126986145973206,0.09315821299432316
2023-07-17,P019,ER23_Cf_00966,ORCHARD,Cf,Castel_Bolognese,2.373180075572092,1.3057565462515373,ndre,132,1.0,0.5921400952519793,0.5837601125240326,0.048006219201971394
2023-07-17,P020,ER23_Cf_00863,ORCHARD,Cf,Castel_Bolognese,5.762025147449255,3.9838281908742994,ndre,398,0.9990390672762774,0.17004300837390987,0.1692143678665161,0.014444368605427346
2023-07-17,P021,ER23_Cf_00873,ORCHARD,Cf,Faenza,3.836071815495797,2.4495404841857016,ndre,245,1.0,0.1159611894159901,0.11498010903596878,0.020073861183705088
2023-07-17,P022,ER23_Cf_00987,ORCHARD,Cf,Faenza,4.024655263071004,2.571818079338909,ndre,256,0.9954047763199693,0.6285041708033532,0.6293016970157623,0.016317556290665402
2023-07-17,P023,ER23_Cf_00421,ORCHARD,Cf,Faenza,2.6219618089434995,1.4711440486604825,ndre,148,1.0,0.5740346403138058,0.592281311750412,0.04254300259431983
2023-07-17,P024,ER23_Cf_00622,ORCHARD,Cf,Faenza,2.3327174916669415,1.2599808495088698,ndre,125,0.9920785704697335,0.48443447637557985,0.4826180040836334,0.01614548221681796
2023-07-17,P025,ER23_Co_01673,OLIVE,Co,Imola,3.4232291050089114,1.9150729844597532,ndre,191,0.9973510229109183,0.5214377225069475,0.5382601022720337,0.05109678389758352
2023-07-17,P026,ER23_Co_01678,OLIVE,Co,Imola,2.502426104003195,1.1815758805827754,ndre,120,1.0,0.38519303053617476,0.370012104511261,0.07600279985942313
2023-07-17,P027,ER23_Co_01687,OLIVE,Co,Imola,7.479631106839761,4.765880858111484,ndre,479,1.0,0.4539056624400591,0.4679812788963318,0.06428161124188951
2023-07-17,P028,ER23_Co_01757,OLIVE,Co,Imola,7.150680899554923,4.328583603126005,ndre,435,1.0,0.3081477366644761,0.3006095588207245,0.03755515240314081
2023-07-17,P029,ER23_Co_01677,OLIVE,Co,Castel_Bolognese,2.341064414099507,1.2327611211807428,ndre,121,0.9815364706189452,0.5228779148464361,0.5273826122283936,0.02525607065106019
2023-07-17,P030,ER23_Co_01628,OLIVE,Co,Castel_Bolognese,2.045965560799921,0.8616854169272335,ndre,86,0.9980440461285237,0.5326412035975345,0.5375942885875702,0.03250913657173869
2023-07-17,P031,ER23_Co_01631,OLIVE,Co,Castel_Bolognese,2.204944024653293,0.8498648283629534,ndre,87,1.0,0.45091861246646137,0.4460430145263672,0.03226805558668641
2023-07-17,P032,ER23_Co_01623,OLIVE,Co,Faenza,3.027991669921379,1.8067331179867738,ndre,186,1.0,0.29635830135435187,0.2926316559314728,0.029488446045617556
2023-07-17,P033,ER23_Co_01630,OLIVE,Co,Faenza,3.062396213947536,1.810513599398476,ndre,184,1.0,0.28864293594075285,0.27552077174186707,0.04800055755822395
2023-07-17,P034,ER23_Co_01570,OLIVE,Co,Faenza,3.1006374545112183,1.8238712197133842,ndre,184,1.0,0.5904922763938489,0.5897766351699829,0.027197421045565214
2023-07-17,P035,ER23_Co_01529,OLIVE,Co,Faenza,5.001460487246888,3.297137421456931,ndre,331,1.0,0.37806384657084763,0.377363383769989,0.08845052862058383
2023-07-17,P036,ER23_Sn_05064,ANNUAL,Sn,Imola,3.2307727774316275,1.9843605238570365,ndre,198,0.9978025546242167,0.12136055657997577,0.1085558645427227,0.0595044652496087
2023-07-17,P037,ER23_Sn_04952,ANNUAL,Sn,Imola,3.0013772307440765,1.77998878845148,ndre,179,1.0,0.27208447239918415,0.2797063887119293,0.05508802307007443
2023-07-17,P038,ER23_Sn_05110,ANNUAL,Sn,Imola,2.8567546815944893,1.6633032750356371,ndre,166,0.9980140272160731,0.10139663333454764,0.10044832527637482,0.008704138070763633
2023-07-17,P039,ER23_Sn_05044,ANNUAL,Sn,Imola,5.4145980874217425,3.6919313708525134,ndre,369,0.9994768670761972,0.38084377182854545,0.3761638104915619,0.04395010334450733
2023-07-17,P040,ER23_Se_03693,ANNUAL,Se,Castel_Bolognese,2.662850462089826,1.5247924967245798,ndre,153,1.0,0.601524279982436,0.6066597104072571,0.025113335982080348
2023-07-17,P041,ER23_Se_04187,ANNUAL,Se,Castel_Bolognese,2.581234154015185,1.4654585177199049,ndre,148,1.0,0.2638582538914036,0.17262594401836395,0.14676152700722128
2023-07-17,P042,ER23_Se_03822,ANNUAL,Se,Castel_Bolognese,3.831353940655137,2.428693267176382,ndre,244,1.0,0.4390609164829137,0.4745754301548004,0.15934943627362652
2023-07-17,P043,ER23_Se_04295,ANNUAL,Se,Castel_Bolognese,5.18079207126424,3.5177944746824332,ndre,352,1.0,0.12696763964115895,0.1259559541940689,0.01421748432099151
2023-07-17,P044,ER23_Se_03169,ANNUAL,Se,Faenza,2.8292499485748284,1.6610601958768552,ndre,164,0.9873212325904073,0.4080883568016494,0.4070354104042053,0.10650046020376666
2023-07-17,P045,ER23_Se_03685,ANNUAL,Se,Faenza,3.941500902698074,2.5206803329840266,ndre,252,0.9997300994596084,0.1818618183098142,0.17843560129404068,0.016632082238609423
2023-07-17,P046,ER23_Se_03535,ANNUAL,Se,Faenza,2.7562816442083613,1.5921051212000719,ndre,160,1.0,0.3718916105106473,0.3763559013605118,0.034535079976877894
2023-07-17,P047,ER23_Se_03928,ANNUAL,Se,Faenza,3.734136266688578,2.3432589230863856,ndre,235,1.0,0.24255715171073344,0.2456735521554947,0.031250650641586754
2023-07-17,P001,ER23_Cv_02530,VINEYARD,Cv,Imola,3.1654495448049635,1.9130941295244592,ndmi,192,1.0,0.0011111595540569397,-0.0012783707352355123,0.04367359052468786
2023-07-17,P002,ER23_Cv_02634,VINEYARD,Cv,Imola,4.015695158021988,2.5911511834798726,ndmi,261,1.0,0.0340962064335608,0.03599543496966362,0.03889309303491087
2023-07-17,P003,ER23_Cv_02900,VINEYARD,Cv,Imola,4.821370692947343,3.2184014498998685,ndmi,324,1.0,0.24303407074860583,0.24510721117258072,0.04379540183112752
2023-07-17,P004,ER23_Cv_02462,VINEYARD,Cv,Imola,3.641378914602243,2.2713803924214653,ndmi,226,0.9949896580689715,0.1376171054156802,0.14172416180372238,0.03760124877689469
2023-07-17,P005,ER23_Cv_02110,VINEYARD,Cv,Castel_Bolognese,2.3860121807252463,1.3227825441167154,ndmi,132,0.9978964462986822,0.08525259694028081,0.08333074301481247,0.020805691936789
2023-07-17,P006,ER23_Cv_02525,VINEYARD,Cv,Castel_Bolognese,4.8908902921767,3.283078601794735,ndmi,327,0.9960163604405983,0.33334082027823186,0.3422190845012665,0.046550771487063033
2023-07-17,P007,ER23_Cv_02929,VINEYARD,Cv,Castel_Bolognese,2.8190826325329024,1.6341771995019418,ndmi,162,0.9913245641254431,0.15694210163237135,0.1625601053237915,0.022802101772125674
2023-07-17,P008,ER23_Cv_02684,VINEYARD,Cv,Castel_Bolognese,4.730408674185802,3.1378819555604034,ndmi,312,0.9943012656901524,0.09302093381157671,0.09404180571436882,0.017177545829817654
2023-07-17,P009,ER23_Cv_01763,VINEYARD,Cv,Faenza,2.121267549776319,1.127335037414474,ndmi,107,0.9491410844943033,0.17309311150668938,0.17170527577400208,0.02465133859298435
2023-07-17,P010,ER23_Cv_02130,VINEYARD,Cv,Faenza,4.645746892934534,3.0861339275106148,ndmi,310,1.0,0.09492955400172862,0.08933119475841522,0.033549512703917456
2023-07-17,P011,ER23_Cv_02327,VINEYARD,Cv,Faenza,3.656827897775929,2.2900730299202556,ndmi,229,0.9999681102221188,0.08258686642638839,0.08639811724424362,0.05823311842579735
2023-07-17,P012,ER23_Cv_01903,VINEYARD,Cv,Faenza,2.825350437603589,1.6479114213760804,ndmi,165,1.0,0.1102696522618785,0.10434606671333313,0.03400678174572867
2023-07-17,P013,ER23_Cf_00838,ORCHARD,Cf,Imola,2.1196263721575934,1.1212221068519543,ndmi,113,1.0,-0.074153108175368,-0.08919461071491241,0.07205341030497515
2023-07-17,P014,ER23_Cf_00454,ORCHARD,Cf,Imola,2.0230602041017924,1.0423997486130316,ndmi,105,1.0,0.1646916803593437,0.17108462750911713,0.07755395542553715
2023-07-17,P015,ER23_Cf_00883,ORCHARD,Cf,Imola,2.983753585315028,1.7492436176504955,ndmi,177,1.0,0.11646336423044716,0.11204909533262253,0.07467520054056478
2023-07-17,P016,ER23_Cf_01381,ORCHARD,Cf,Imola,2.4676245526858525,1.3561007198771098,ndmi,134,0.9881271946536768,0.15428400830254516,0.16114561259746552,0.07138381881987062
2023-07-17,P017,ER23_Cf_00558,ORCHARD,Cf,Castel_Bolognese,6.721753725448916,4.8815691430335795,ndmi,487,0.9976300360202642,0.13379711041406744,0.14808030426502228,0.06831045052807141
2023-07-17,P018,ER23_Cf_00799,ORCHARD,Cf,Castel_Bolognese,3.274499526093191,1.986698681743416,ndmi,198,0.9966282346663975,0.3173243963357174,0.35733330249786377,0.1172820030454851
2023-07-17,P019,ER23_Cf_00966,ORCHARD,Cf,Castel_Bolognese,2.373180075572092,1.3057565462515373,ndmi,132,1.0,0.2446518259292299,0.23904503881931305,0.035397699614995205
2023-07-17,P020,ER23_Cf_00863,ORCHARD,Cf,Castel_Bolognese,5.762025147449255,3.9838281908742994,ndmi,398,0.9990390672762774,-0.06409964707900007,-0.06489836424589157,0.014646535107885664
2023-07-17,P021,ER23_Cf_00873,ORCHARD,Cf,Faenza,3.836071815495797,2.4495404841857016,ndmi,245,1.0,-0.05251375215546209,-0.05235256999731064,0.01320445431368672
2023-07-17,P022,ER23_Cf_00987,ORCHARD,Cf,Faenza,4.024655263071004,2.571818079338909,ndmi,256,0.9954047763199693,0.3202325410093181,0.32058000564575195,0.023007923796143456
2023-07-17,P023,ER23_Cf_00421,ORCHARD,Cf,Faenza,2.6219618089434995,1.4711440486604825,ndmi,148,1.0,0.27777070129239884,0.29938507080078125,0.05520171759149905
2023-07-17,P024,ER23_Cf_00622,ORCHARD,Cf,Faenza,2.3327174916669415,1.2599808495088698,ndmi,125,0.9920785704697335,0.20203502666950227,0.20237168669700623,0.01551851237202868
2023-07-17,P025,ER23_Co_01673,OLIVE,Co,Imola,3.4232291050089114,1.9150729844597532,ndmi,191,0.9973510229109183,0.21862778086117737,0.23984280228614807,0.06194677206437016
2023-07-17,P026,ER23_Co_01678,OLIVE,Co,Imola,2.502426104003195,1.1815758805827754,ndmi,120,1.0,0.0960959934319059,0.07150105386972427,0.08219543887119475
2023-07-17,P027,ER23_Co_01687,OLIVE,Co,Imola,7.479631106839761,4.765880858111484,ndmi,479,1.0,0.1580861321869666,0.1681544929742813,0.06981953560339973
2023-07-17,P028,ER23_Co_01757,OLIVE,Co,Imola,7.150680899554923,4.328583603126005,ndmi,435,1.0,-0.019621143944764875,-0.03124665468931198,0.04234084197378609
2023-07-17,P029,ER23_Co_01677,OLIVE,Co,Castel_Bolognese,2.341064414099507,1.2327611211807428,ndmi,121,0.9815364706189452,0.18532821172771374,0.18832853436470032,0.03300048583067379
2023-07-17,P030,ER23_Co_01628,OLIVE,Co,Castel_Bolognese,2.045965560799921,0.8616854169272335,ndmi,86,0.9980440461285237,0.27592303274675856,0.2838428318500519,0.041972369289882995
2023-07-17,P031,ER23_Co_01631,OLIVE,Co,Castel_Bolognese,2.204944024653293,0.8498648283629534,ndmi,87,1.0,0.11503852473507667,0.112578384578228,0.05035276175518016
2023-07-17,P032,ER23_Co_01623,OLIVE,Co,Faenza,3.027991669921379,1.8067331179867738,ndmi,186,1.0,-0.04910473625916707,-0.04864384047687054,0.02771554077781627
2023-07-17,P033,ER23_Co_01630,OLIVE,Co,Faenza,3.062396213947536,1.810513599398476,ndmi,184,1.0,-0.03167085994636696,-0.037483491003513336,0.03511378743312331
2023-07-17,P034,ER23_Co_01570,OLIVE,Co,Faenza,3.1006374545112183,1.8238712197133842,ndmi,184,1.0,0.3238963908313409,0.32621893286705017,0.04231100363515471
2023-07-17,P035,ER23_Co_01529,OLIVE,Co,Faenza,5.001460487246888,3.297137421456931,ndmi,331,1.0,0.11778658300566451,0.11383393406867981,0.07733173763133275
2023-07-17,P036,ER23_Sn_05064,ANNUAL,Sn,Imola,3.2307727774316275,1.9843605238570365,ndmi,198,0.9978025546242167,-0.08505947206344211,-0.09344428405165672,0.0446764471107357
2023-07-17,P037,ER23_Sn_04952,ANNUAL,Sn,Imola,3.0013772307440765,1.77998878845148,ndmi,179,1.0,-0.03924614643029452,-0.03809675574302673,0.04268773817724864
2023-07-17,P038,ER23_Sn_05110,ANNUAL,Sn,Imola,2.8567546815944893,1.6633032750356371,ndmi,166,0.9980140272160731,-0.12408213788665921,-0.12681041657924652,0.013096165357512367
2023-07-17,P039,ER23_Sn_05044,ANNUAL,Sn,Imola,5.4145980874217425,3.6919313708525134,ndmi,369,0.9994768670761972,0.07145373922580889,0.0600200854241848,0.06152711097766858
2023-07-17,P040,ER23_Se_03693,ANNUAL,Se,Castel_Bolognese,2.662850462089826,1.5247924967245798,ndmi,153,1.0,0.2874015217123468,0.29309844970703125,0.023071284193059555
2023-07-17,P041,ER23_Se_04187,ANNUAL,Se,Castel_Bolognese,2.581234154015185,1.4654585177199049,ndmi,148,1.0,0.019304791424892265,-0.08214515447616577,0.16202322861123744
2023-07-17,P042,ER23_Se_03822,ANNUAL,Se,Castel_Bolognese,3.831353940655137,2.428693267176382,ndmi,244,1.0,0.15318292168615058,0.1728631928563118,0.15059830965163473
2023-07-17,P043,ER23_Se_04295,ANNUAL,Se,Castel_Bolognese,5.18079207126424,3.5177944746824332,ndmi,352,1.0,-0.12014646037608724,-0.12313232570886612,0.018127280045078548
2023-07-17,P044,ER23_Se_03169,ANNUAL,Se,Faenza,2.8292499485748284,1.6610601958768552,ndmi,164,0.9873212325904073,0.22959085634523413,0.2291957139968872,0.09568353925005475
2023-07-17,P045,ER23_Se_03685,ANNUAL,Se,Faenza,3.941500902698074,2.5206803329840266,ndmi,252,0.9997300994596084,-0.08661549060886341,-0.09021717309951782,0.017669650119042087
2023-07-17,P046,ER23_Se_03535,ANNUAL,Se,Faenza,2.7562816442083613,1.5921051212000719,ndmi,160,1.0,-0.017213770285002282,-0.014959119725972414,0.029870729517054148
2023-07-17,P047,ER23_Se_03928,ANNUAL,Se,Faenza,3.734136266688578,2.3432589230863856,ndmi,235,1.0,-0.04341591280597718,-0.020283658057451248,0.050056005603147734
2023-07-17,P001,ER23_Cv_02530,VINEYARD,Cv,Imola,3.1654495448049635,1.9130941295244592,gndvi,192,1.0,0.5531872559028367,0.5640988647937775,0.05670803591488944
2023-07-17,P002,ER23_Cv_02634,VINEYARD,Cv,Imola,4.015695158021988,2.5911511834798726,gndvi,261,1.0,0.5630150024004823,0.5663747191429138,0.026743810670917523
2023-07-17,P003,ER23_Cv_02900,VINEYARD,Cv,Imola,4.821370692947343,3.2184014498998685,gndvi,324,1.0,0.6925196881279533,0.694881796836853,0.02087031778224664
2023-07-17,P004,ER23_Cv_02462,VINEYARD,Cv,Imola,3.641378914602243,2.2713803924214653,gndvi,226,0.9949896580689715,0.573583631784515,0.5833823382854462,0.04573397834808599
2023-07-17,P005,ER23_Cv_02110,VINEYARD,Cv,Castel_Bolognese,2.3860121807252463,1.3227825441167154,gndvi,132,0.9978964462986822,0.45286735756830737,0.4510905295610428,0.030126736138214292
2023-07-17,P006,ER23_Cv_02525,VINEYARD,Cv,Castel_Bolognese,4.8908902921767,3.283078601794735,gndvi,327,0.9960163604405983,0.7276526106242375,0.7149552702903748,0.03368345674623862
2023-07-17,P007,ER23_Cv_02929,VINEYARD,Cv,Castel_Bolognese,2.8190826325329024,1.6341771995019418,gndvi,162,0.9913245641254431,0.6436088383197784,0.6453938782215118,0.015357524583743908
2023-07-17,P008,ER23_Cv_02684,VINEYARD,Cv,Castel_Bolognese,4.730408674185802,3.1378819555604034,gndvi,312,0.9943012656901524,0.6209017619108542,0.6206307113170624,0.013316268329221984
2023-07-17,P009,ER23_Cv_01763,VINEYARD,Cv,Faenza,2.121267549776319,1.127335037414474,gndvi,107,0.9491410844943033,0.5793447948504831,0.584614098072052,0.03707863498056944
2023-07-17,P010,ER23_Cv_02130,VINEYARD,Cv,Faenza,4.645746892934534,3.0861339275106148,gndvi,310,1.0,0.5661197410475823,0.5752284228801727,0.07591085833961982
2023-07-17,P011,ER23_Cv_02327,VINEYARD,Cv,Faenza,3.656827897775929,2.2900730299202556,gndvi,229,0.9999681102221188,0.5545348038319416,0.559866189956665,0.04468447984405827
2023-07-17,P012,ER23_Cv_01903,VINEYARD,Cv,Faenza,2.825350437603589,1.6479114213760804,gndvi,165,1.0,0.5596822641112588,0.5543965697288513,0.035808982628055624
2023-07-17,P013,ER23_Cf_00838,ORCHARD,Cf,Imola,2.1196263721575934,1.1212221068519543,gndvi,113,1.0,0.4953903468836725,0.4848552942276001,0.051503227352130206
2023-07-17,P014,ER23_Cf_00454,ORCHARD,Cf,Imola,2.0230602041017924,1.0423997486130316,gndvi,105,1.0,0.6425512461435228,0.6642096042633057,0.07251245029673771
2023-07-17,P015,ER23_Cf_00883,ORCHARD,Cf,Imola,2.983753585315028,1.7492436176504955,gndvi,177,1.0,0.5693608835592108,0.5769898891448975,0.09749110205957802
2023-07-17,P016,ER23_Cf_01381,ORCHARD,Cf,Imola,2.4676245526858525,1.3561007198771098,gndvi,134,0.9881271946536768,0.6572948156008079,0.6680499911308289,0.07850640703509201
2023-07-17,P017,ER23_Cf_00558,ORCHARD,Cf,Castel_Bolognese,6.721753725448916,4.8815691430335795,gndvi,487,0.9976300360202642,0.4844393194700903,0.4896073043346405,0.08248905523301174
2023-07-17,P018,ER23_Cf_00799,ORCHARD,Cf,Castel_Bolognese,3.274499526093191,1.986698681743416,gndvi,198,0.9966282346663975,0.7352840667120134,0.7647191882133484,0.09627730750434155
2023-07-17,P019,ER23_Cf_00966,ORCHARD,Cf,Castel_Bolognese,2.373180075572092,1.3057565462515373,gndvi,132,1.0,0.7146057283336466,0.7267972826957703,0.05078326676395049
2023-07-17,P020,ER23_Cf_00863,ORCHARD,Cf,Castel_Bolognese,5.762025147449255,3.9838281908742994,gndvi,398,0.9990390672762774,0.319632019679151,0.31913791596889496,0.019583308119950456
2023-07-17,P021,ER23_Cf_00873,ORCHARD,Cf,Faenza,3.836071815495797,2.4495404841857016,gndvi,245,1.0,0.22203838435971007,0.22155643999576569,0.01916335974955799
2023-07-17,P022,ER23_Cf_00987,ORCHARD,Cf,Faenza,4.024655263071004,2.571818079338909,gndvi,256,0.9954047763199693,0.739939599763602,0.7384116351604462,0.01255839659211021
2023-07-17,P023,ER23_Cf_00421,ORCHARD,Cf,Faenza,2.6219618089434995,1.4711440486604825,gndvi,148,1.0,0.7222314315873224,0.7250424325466156,0.014070556162117862
2023-07-17,P024,ER23_Cf_00622,ORCHARD,Cf,Faenza,2.3327174916669415,1.2599808495088698,gndvi,125,0.9920785704697335,0.6386230025291443,0.64088374376297,0.017085829990048585
2023-07-17,P025,ER23_Co_01673,OLIVE,Co,Imola,3.4232291050089114,1.9150729844597532,gndvi,191,0.9973510229109183,0.6645351876139016,0.6781818866729736,0.04349384157527683
2023-07-17,P026,ER23_Co_01678,OLIVE,Co,Imola,2.502426104003195,1.1815758805827754,gndvi,120,1.0,0.5547181929151217,0.5443860292434692,0.0769066940332021
2023-07-17,P027,ER23_Co_01687,OLIVE,Co,Imola,7.479631106839761,4.765880858111484,gndvi,479,1.0,0.6198878004555911,0.6320740580558777,0.05146077070039534
2023-07-17,P028,ER23_Co_01757,OLIVE,Co,Imola,7.150680899554923,4.328583603126005,gndvi,435,1.0,0.5244038352336007,0.518498420715332,0.03475041142717564
2023-07-17,P029,ER23_Co_01677,OLIVE,Co,Castel_Bolognese,2.341064414099507,1.2327611211807428,gndvi,121,0.9815364706189452,0.6725064565327542,0.6761347651481628,0.01903244231433321
2023-07-17,P030,ER23_Co_01628,OLIVE,Co,Castel_Bolognese,2.045965560799921,0.8616854169272335,gndvi,86,0.9980440461285237,0.6935473347819129,0.6971428096294403,0.0280134130687892
2023-07-17,P031,ER23_Co_01631,OLIVE,Co,Castel_Bolognese,2.204944024653293,0.8498648283629534,gndvi,87,1.0,0.6008791026027723,0.5881796479225159,0.04554574655554989
2023-07-17,P032,ER23_Co_01623,OLIVE,Co,Faenza,3.027991669921379,1.8067331179867738,gndvi,186,1.0,0.48854361314286465,0.49008050560951233,0.03489635638413301
2023-07-17,P033,ER23_Co_01630,OLIVE,Co,Faenza,3.062396213947536,1.810513599398476,gndvi,184,1.0,0.4714373418170473,0.4633653610944748,0.04356147691773919
2023-07-17,P034,ER23_Co_01570,OLIVE,Co,Faenza,3.1006374545112183,1.8238712197133842,gndvi,184,1.0,0.7066878125719402,0.70631542801857,0.021674495465224847
2023-07-17,P035,ER23_Co_01529,OLIVE,Co,Faenza,5.001460487246888,3.297137421456931,gndvi,331,1.0,0.5383238967541841,0.5601508617401123,0.10744290778090149
2023-07-17,P036,ER23_Sn_05064,ANNUAL,Sn,Imola,3.2307727774316275,1.9843605238570365,gndvi,198,0.9978025546242167,0.2660838772702699,0.2541470229625702,0.07917812091509191
2023-07-17,P037,ER23_Sn_04952,ANNUAL,Sn,Imola,3.0013772307440765,1.77998878845148,gndvi,179,1.0,0.48381546089769073,0.5048645734786987,0.07917009994312908
2023-07-17,P038,ER23_Sn_05110,ANNUAL,Sn,Imola,2.8567546815944893,1.6633032750356371,gndvi,166,0.9980140272160731,0.3190079859222274,0.3194175809621811,0.010866489775251079
2023-07-17,P039,ER23_Sn_05044,ANNUAL,Sn,Imola,5.4145980874217425,3.6919313708525134,gndvi,369,0.9994768670761972,0.5749947325323979,0.5737375020980835,0.03392492186923455
2023-07-17,P040,ER23_Se_03693,ANNUAL,Se,Castel_Bolognese,2.662850462089826,1.5247924967245798,gndvi,153,1.0,0.7083751243703506,0.7124531269073486,0.019868742815876164
2023-07-17,P041,ER23_Se_04187,ANNUAL,Se,Castel_Bolognese,2.581234154015185,1.4654585177199049,gndvi,148,1.0,0.44111244642251246,0.35606737434864044,0.13337007187190536
2023-07-17,P042,ER23_Se_03822,ANNUAL,Se,Castel_Bolognese,3.831353940655137,2.428693267176382,gndvi,244,1.0,0.5800067389109096,0.6189085841178894,0.1368284025139088
2023-07-17,P043,ER23_Se_04295,ANNUAL,Se,Castel_Bolognese,5.18079207126424,3.5177944746824332,gndvi,352,1.0,0.37422296828167007,0.3740791976451874,0.010741170128246316
2023-07-17,P044,ER23_Se_03169,ANNUAL,Se,Faenza,2.8292499485748284,1.6610601958768552,gndvi,164,0.9873212325904073,0.5371822912882014,0.5248505473136902,0.11595016680616302
2023-07-17,P045,ER23_Se_03685,ANNUAL,Se,Faenza,3.941500902698074,2.5206803329840266,gndvi,252,0.9997300994596084,0.41911803576208295,0.4169943481683731,0.014788968966769416
2023-07-17,P046,ER23_Se_03535,ANNUAL,Se,Faenza,2.7562816442083613,1.5921051212000719,gndvi,160,1.0,0.5448056994006037,0.5469052493572235,0.035998672687581036
2023-07-17,P047,ER23_Se_03928,ANNUAL,Se,Faenza,3.734136266688578,2.3432589230863856,gndvi,235,1.0,0.41961573539896213,0.4433370530605316,0.05253496296646972
2023-09-10,P001,ER23_Cv_02530,VINEYARD,Cv,Imola,3.1654495448049635,1.9130941295244592,ndvi,192,1.0,0.44703371737462777,0.4593379497528076,0.0783566977994956
2023-09-10,P002,ER23_Cv_02634,VINEYARD,Cv,Imola,4.015695158021988,2.5911511834798726,ndvi,261,1.0,0.364754143003303,0.3625926375389099,0.03593112011498644
2023-09-10,P003,ER23_Cv_02900,VINEYARD,Cv,Imola,4.821370692947343,3.2184014498998685,ndvi,324,1.0,0.642989755872591,0.6976416409015656,0.09034676612944942
2023-09-10,P004,ER23_Cv_02462,VINEYARD,Cv,Imola,3.641378914602243,2.2713803924214653,ndvi,226,0.9949896580689715,0.37108893560624756,0.3734809011220932,0.036490152696255516
2023-09-10,P005,ER23_Cv_02110,VINEYARD,Cv,Castel_Bolognese,2.3860121807252463,1.3227825441167154,ndvi,132,0.9978964462986822,0.3745040451035355,0.3726448565721512,0.0354893786215497
2023-09-10,P006,ER23_Cv_02525,VINEYARD,Cv,Castel_Bolognese,4.8908902921767,3.283078601794735,ndvi,327,0.9960163604405983,0.725659157158038,0.6999967098236084,0.07114952835085944
2023-09-10,P007,ER23_Cv_02929,VINEYARD,Cv,Castel_Bolognese,2.8190826325329024,1.6341771995019418,ndvi,162,0.9913245641254431,0.6629002734466836,0.6665551960468292,0.031317220816972746
2023-09-10,P008,ER23_Cv_02684,VINEYARD,Cv,Castel_Bolognese,4.730408674185802,3.1378819555604034,ndvi,312,0.9943012656901524,0.7170109529143724,0.717584639787674,0.035868072959813584
2023-09-10,P009,ER23_Cv_01763,VINEYARD,Cv,Faenza,2.121267549776319,1.127335037414474,ndvi,107,0.9491410844943033,0.5933020237450287,0.5991731286048889,0.05631862226946098
2023-09-10,P010,ER23_Cv_02130,VINEYARD,Cv,Faenza,4.645746892934534,3.0861339275106148,ndvi,310,1.0,0.4872009952222147,0.47948113083839417,0.07029583216305815
2023-09-10,P011,ER23_Cv_02327,VINEYARD,Cv,Faenza,3.656827897775929,2.2900730299202556,ndvi,229,0.9999681102221188,0.5958164942056331,0.5888365507125854,0.10684179653116853
2023-09-10,P012,ER23_Cv_01903,VINEYARD,Cv,Faenza,2.825350437603589,1.6479114213760804,ndvi,165,1.0,0.6857494267550381,0.6842080950737,0.03893190819034379
2023-09-10,P013,ER23_Cf_00838,ORCHARD,Cf,Imola,2.1196263721575934,1.1212221068519543,ndvi,113,1.0,0.3201190301802306,0.3154210150241852,0.03538558305516625
2023-09-10,P014,ER23_Cf_00454,ORCHARD,Cf,Imola,2.0230602041017924,1.0423997486130316,ndvi,105,1.0,0.5039195855458577,0.5071977376937866,0.10247366717203453
2023-09-10,P015,ER23_Cf_00883,ORCHARD,Cf,Imola,2.983753585315028,1.7492436176504955,ndvi,177,1.0,0.5176723680253756,0.5140256285667419,0.14599354354794974
2023-09-10,P016,ER23_Cf_01381,ORCHARD,Cf,Imola,2.4676245526858525,1.3561007198771098,ndvi,134,0.9881271946536768,0.6947421858559794,0.6851710677146912,0.0711416654329591
2023-09-10,P017,ER23_Cf_00558,ORCHARD,Cf,Castel_Bolognese,6.721753725448916,4.8815691430335795,ndvi,487,0.9976300360202642,0.46309907520209004,0.4822576344013214,0.1478023603269922
2023-09-10,P018,ER23_Cf_00799,ORCHARD,Cf,Castel_Bolognese,3.274499526093191,1.986698681743416,ndvi,198,0.9966282346663975,0.820717467653631,0.8523831963539124,0.10376000565352361
2023-09-10,P019,ER23_Cf_00966,ORCHARD,Cf,Castel_Bolognese,2.373180075572092,1.3057565462515373,ndvi,132,1.0,0.5789319403243788,0.5793361961841583,0.05861114732692449
2023-09-10,P020,ER23_Cf_00863,ORCHARD,Cf,Castel_Bolognese,5.762025147449255,3.9838281908742994,ndvi,398,0.9990390672762774,0.661857459263586,0.6769778430461884,0.06260234937271046
2023-09-10,P021,ER23_Cf_00873,ORCHARD,Cf,Faenza,3.836071815495797,2.4495404841857016,ndvi,245,1.0,0.23980329474624323,0.2394639402627945,0.03093942968012957
2023-09-10,P022,ER23_Cf_00987,ORCHARD,Cf,Faenza,4.024655263071004,2.571818079338909,ndvi,256,0.9954047763199693,0.7982053812593222,0.7978350520133972,0.020058991625117643
2023-09-10,P023,ER23_Cf_00421,ORCHARD,Cf,Faenza,2.6219618089434995,1.4711440486604825,ndvi,148,1.0,0.7404882041989146,0.7438442409038544,0.029254723495106893
2023-09-10,P024,ER23_Cf_00622,ORCHARD,Cf,Faenza,2.3327174916669415,1.2599808495088698,ndvi,125,0.9920785704697335,0.5300889258384704,0.5402166247367859,0.05013331346275513
2023-09-10,P025,ER23_Co_01673,OLIVE,Co,Imola,3.4232291050089114,1.9150729844597532,ndvi,191,0.9973510229109183,0.6829910429672421,0.6992621421813965,0.07197940322386186
2023-09-10,P026,ER23_Co_01678,OLIVE,Co,Imola,2.502426104003195,1.1815758805827754,ndvi,120,1.0,0.42520331194003425,0.3908340483903885,0.12386472639666252
2023-09-10,P027,ER23_Co_01687,OLIVE,Co,Imola,7.479631106839761,4.765880858111484,ndvi,479,1.0,0.4573754447984795,0.46255820989608765,0.0782478470898998
2023-09-10,P028,ER23_Co_01757,OLIVE,Co,Imola,7.150680899554923,4.328583603126005,ndvi,435,1.0,0.3338512248691471,0.3122660219669342,0.07296250960850556
2023-09-10,P029,ER23_Co_01677,OLIVE,Co,Castel_Bolognese,2.341064414099507,1.2327611211807428,ndvi,121,0.9815364706189452,0.6380338944679449,0.6415618658065796,0.025413338071051325
2023-09-10,P030,ER23_Co_01628,OLIVE,Co,Castel_Bolognese,2.045965560799921,0.8616854169272335,ndvi,86,0.9980440461285237,0.6086242673702018,0.6002237796783447,0.07093140219808262
2023-09-10,P031,ER23_Co_01631,OLIVE,Co,Castel_Bolognese,2.204944024653293,0.8498648283629534,ndvi,87,1.0,0.5160369444852588,0.489131897687912,0.10535388343750123
2023-09-10,P032,ER23_Co_01623,OLIVE,Co,Faenza,3.027991669921379,1.8067331179867738,ndvi,186,1.0,0.3542207527545191,0.34972985088825226,0.04376594820365693
2023-09-10,P033,ER23_Co_01630,OLIVE,Co,Faenza,3.062396213947536,1.810513599398476,ndvi,184,1.0,0.2810609179508427,0.2804923802614212,0.05039487288648431
2023-09-10,P034,ER23_Co_01570,OLIVE,Co,Faenza,3.1006374545112183,1.8238712197133842,ndvi,184,1.0,0.6665447788394016,0.6411698758602142,0.10563719073159218
2023-09-10,P035,ER23_Co_01529,OLIVE,Co,Faenza,5.001460487246888,3.297137421456931,ndvi,331,1.0,0.4244035182582648,0.40079477429389954,0.17216301170287232
2023-09-10,P036,ER23_Sn_05064,ANNUAL,Sn,Imola,3.2307727774316275,1.9843605238570365,ndvi,198,0.9978025546242167,0.2739685758797809,0.28727987408638,0.10028363683759588
2023-09-10,P037,ER23_Sn_04952,ANNUAL,Sn,Imola,3.0013772307440765,1.77998878845148,ndvi,179,1.0,0.34357026002926533,0.35203543305397034,0.07468034278052689
2023-09-10,P038,ER23_Sn_05110,ANNUAL,Sn,Imola,2.8567546815944893,1.6633032750356371,ndvi,166,0.9980140272160731,0.06709203689572323,0.06751814484596252,0.007648420041675253
2023-09-10,P039,ER23_Sn_05044,ANNUAL,Sn,Imola,5.4145980874217425,3.6919313708525134,ndvi,369,0.9994768670761972,0.3714734952301191,0.3547794222831726,0.07154200110902681
2023-09-10,P040,ER23_Se_03693,ANNUAL,Se,Castel_Bolognese,2.662850462089826,1.5247924967245798,ndvi,153,1.0,0.41564124218778675,0.41472241282463074,0.025390538694334275
2023-09-10,P041,ER23_Se_04187,ANNUAL,Se,Castel_Bolognese,2.581234154015185,1.4654585177199049,ndvi,148,1.0,0.3066352979355567,0.20547574013471603,0.20640838848698093
2023-09-10,P042,ER23_Se_03822,ANNUAL,Se,Castel_Bolognese,3.831353940655137,2.428693267176382,ndvi,244,1.0,0.28434328325703495,0.21622293442487717,0.17680777079299992
2023-09-10,P043,ER23_Se_04295,ANNUAL,Se,Castel_Bolognese,5.18079207126424,3.5177944746824332,ndvi,352,1.0,0.13313087181780825,0.12131982296705246,0.041367509470981535
2023-09-10,P044,ER23_Se_03169,ANNUAL,Se,Faenza,2.8292499485748284,1.6610601958768552,ndvi,164,0.9873212325904073,0.1846417781965035,0.1431698128581047,0.1310382884722228
2023-09-10,P045,ER23_Se_03685,ANNUAL,Se,Faenza,3.941500902698074,2.5206803329840266,ndvi,252,0.9997300994596084,0.15487536876684144,0.15398376435041428,0.011623725499427431
2023-09-10,P046,ER23_Se_03535,ANNUAL,Se,Faenza,2.7562816442083613,1.5921051212000719,ndvi,160,1.0,0.47278095949441196,0.47890526056289673,0.035954023358267376
2023-09-10,P047,ER23_Se_03928,ANNUAL,Se,Faenza,3.734136266688578,2.3432589230863856,ndvi,235,1.0,0.1253846857776033,0.0934128686785698,0.05559844921914747
2023-09-10,P001,ER23_Cv_02530,VINEYARD,Cv,Imola,3.1654495448049635,1.9130941295244592,ndre,192,1.0,0.2777074652258307,0.2783266603946686,0.045839309937085314
2023-09-10,P002,ER23_Cv_02634,VINEYARD,Cv,Imola,4.015695158021988,2.5911511834798726,ndre,261,1.0,0.22100980265843914,0.2196570485830307,0.023213581562190076
2023-09-10,P003,ER23_Cv_02900,VINEYARD,Cv,Imola,4.821370692947343,3.2184014498998685,ndre,324,1.0,0.4370286809625449,0.4417925924062729,0.06336608136878515
2023-09-10,P004,ER23_Cv_02462,VINEYARD,Cv,Imola,3.641378914602243,2.2713803924214653,ndre,226,0.9949896580689715,0.24022349418528313,0.24679780006408691,0.030093359055530032
2023-09-10,P005,ER23_Cv_02110,VINEYARD,Cv,Castel_Bolognese,2.3860121807252463,1.3227825441167154,ndre,132,0.9978964462986822,0.25051319328221405,0.24910137802362442,0.021021838040633952
2023-09-10,P006,ER23_Cv_02525,VINEYARD,Cv,Castel_Bolognese,4.8908902921767,3.283078601794735,ndre,327,0.9960163604405983,0.5376891458253248,0.5410504341125488,0.03886243289862121
2023-09-10,P007,ER23_Cv_02929,VINEYARD,Cv,Castel_Bolognese,2.8190826325329024,1.6341771995019418,ndre,162,0.9913245641254431,0.4661419411868225,0.46820251643657684,0.020117304130739443
2023-09-10,P008,ER23_Cv_02684,VINEYARD,Cv,Castel_Bolognese,4.730408674185802,3.1378819555604034,ndre,312,0.9943012656901524,0.5071069466379973,0.5063357949256897,0.03110673239022922
2023-09-10,P009,ER23_Cv_01763,VINEYARD,Cv,Faenza,2.121267549776319,1.127335037414474,ndre,107,0.9491410844943033,0.40105795163974584,0.4047448933124542,0.0381227535094188
2023-09-10,P010,ER23_Cv_02130,VINEYARD,Cv,Faenza,4.645746892934534,3.0861339275106148,ndre,310,1.0,0.32342694430581986,0.32327239215373993,0.0499989509713127
2023-09-10,P011,ER23_Cv_02327,VINEYARD,Cv,Faenza,3.656827897775929,2.2900730299202556,ndre,229,0.9999681102221188,0.3755904372992995,0.3443709909915924,0.09042710152096443
2023-09-10,P012,ER23_Cv_01903,VINEYARD,Cv,Faenza,2.825350437603589,1.6479114213760804,ndre,165,1.0,0.5003728425864017,0.5032702088356018,0.028917922325675166
2023-09-10,P013,ER23_Cf_00838,ORCHARD,Cf,Imola,2.1196263721575934,1.1212221068519543,ndre,113,1.0,0.20575310817334505,0.19905853271484375,0.02667038004040783
2023-09-10,P014,ER23_Cf_00454,ORCHARD,Cf,Imola,2.0230602041017924,1.0423997486130316,ndre,105,1.0,0.3229962238243648,0.3290741443634033,0.06050599969864478
2023-09-10,P015,ER23_Cf_00883,ORCHARD,Cf,Imola,2.983753585315028,1.7492436176504955,ndre,177,1.0,0.3519940251684458,0.34192317724227905,0.1087764191080022
2023-09-10,P016,ER23_Cf_01381,ORCHARD,Cf,Imola,2.4676245526858525,1.3561007198771098,ndre,134,0.9881271946536768,0.5090242034908551,0.5051003098487854,0.05479742737585662
2023-09-10,P017,ER23_Cf_00558,ORCHARD,Cf,Castel_Bolognese,6.721753725448916,4.8815691430335795,ndre,487,0.9976300360202642,0.3071204635947637,0.3115239143371582,0.09932044951536181
2023-09-10,P018,ER23_Cf_00799,ORCHARD,Cf,Castel_Bolognese,3.274499526093191,1.986698681743416,ndre,198,0.9966282346663975,0.6120915941216729,0.6415123641490936,0.08745456017932964
2023-09-10,P019,ER23_Cf_00966,ORCHARD,Cf,Castel_Bolognese,2.373180075572092,1.3057565462515373,ndre,132,1.0,0.40215337321613776,0.4028945118188858,0.02769196820345449
2023-09-10,P020,ER23_Cf_00863,ORCHARD,Cf,Castel_Bolognese,5.762025147449255,3.9838281908742994,ndre,398,0.9990390672762774,0.4668024712471507,0.47931598126888275,0.054402002062556645
2023-09-10,P021,ER23_Cf_00873,ORCHARD,Cf,Faenza,3.836071815495797,2.4495404841857016,ndre,245,1.0,0.15988485466460792,0.1574801355600357,0.023246326881164844
2023-09-10,P022,ER23_Cf_00987,ORCHARD,Cf,Faenza,4.024655263071004,2.571818079338909,ndre,256,0.9954047763199693,0.5912707103416324,0.592329353094101,0.022201580738120272
2023-09-10,P023,ER23_Cf_00421,ORCHARD,Cf,Faenza,2.6219618089434995,1.4711440486604825,ndre,148,1.0,0.5230127947556006,0.5417716801166534,0.05421986228413827
2023-09-10,P024,ER23_Cf_00622,ORCHARD,Cf,Faenza,2.3327174916669415,1.2599808495088698,ndre,125,0.9920785704697335,0.35229570865631105,0.35746943950653076,0.025325131892487453
2023-09-10,P025,ER23_Co_01673,OLIVE,Co,Imola,3.4232291050089114,1.9150729844597532,ndre,191,0.9973510229109183,0.5124792487833513,0.5272879004478455,0.06399158833799422
2023-09-10,P026,ER23_Co_01678,OLIVE,Co,Imola,2.502426104003195,1.1815758805827754,ndre,120,1.0,0.2896731473505497,0.26416344940662384,0.09139931662483183
2023-09-10,P027,ER23_Co_01687,OLIVE,Co,Imola,7.479631106839761,4.765880858111484,ndre,479,1.0,0.3094303033048275,0.31475773453712463,0.055119527045647335
2023-09-10,P028,ER23_Co_01757,OLIVE,Co,Imola,7.150680899554923,4.328583603126005,ndre,435,1.0,0.21969967765369636,0.20318816602230072,0.048848066708625355
2023-09-10,P029,ER23_Co_01677,OLIVE,Co,Castel_Bolognese,2.341064414099507,1.2327611211807428,ndre,121,0.9815364706189452,0.49585755969867235,0.501124918460846,0.026546278728736196
2023-09-10,P030,ER23_Co_01628,OLIVE,Co,Castel_Bolognese,2.045965560799921,0.8616854169272335,ndre,86,0.9980440461285237,0.42496070577654727,0.4253327548503876,0.03740830510541133
2023-09-10,P031,ER23_Co_01631,OLIVE,Co,Castel_Bolognese,2.204944024653293,0.8498648283629534,ndre,87,1.0,0.3483400060527626,0.3184276223182678,0.081886932238358
2023-09-10,P032,ER23_Co_01623,OLIVE,Co,Faenza,3.027991669921379,1.8067331179867738,ndre,186,1.0,0.235129715053625,0.22857465595006943,0.024515007262610907
2023-09-10,P033,ER23_Co_01630,OLIVE,Co,Faenza,3.062396213947536,1.810513599398476,ndre,184,1.0,0.17904442670228687,0.18171706795692444,0.037832967742260845
2023-09-10,P034,ER23_Co_01570,OLIVE,Co,Faenza,3.1006374545112183,1.8238712197133842,ndre,184,1.0,0.5030333466179993,0.4806831181049347,0.0992105809480514
2023-09-10,P035,ER23_Co_01529,OLIVE,Co,Faenza,5.001460487246888,3.297137421456931,ndre,331,1.0,0.3000386518023886,0.28027400374412537,0.1114025253284426
2023-09-10,P036,ER23_Sn_05064,ANNUAL,Sn,Imola,3.2307727774316275,1.9843605238570365,ndre,198,0.9978025546242167,0.16507201585354228,0.17158465087413788,0.056304702989203176
2023-09-10,P037,ER23_Sn_04952,ANNUAL,Sn,Imola,3.0013772307440765,1.77998878845148,ndre,179,1.0,0.20623482788741257,0.2073122262954712,0.03512263735156362
2023-09-10,P038,ER23_Sn_05110,ANNUAL,Sn,Imola,2.8567546815944893,1.6633032750356371,ndre,166,0.9980140272160731,0.032886135391891,0.03220554441213608,0.010715160343137875
2023-09-10,P039,ER23_Sn_05044,ANNUAL,Sn,Imola,5.4145980874217425,3.6919313708525134,ndre,369,0.9994768670761972,0.22759209359241372,0.2193407416343689,0.044786435853802646
2023-09-10,P040,ER23_Se_03693,ANNUAL,Se,Castel_Bolognese,2.662850462089826,1.5247924967245798,ndre,153,1.0,0.25547587978684044,0.25371497869491577,0.01985966963201305
2023-09-10,P041,ER23_Se_04187,ANNUAL,Se,Castel_Bolognese,2.581234154015185,1.4654585177199049,ndre,148,1.0,0.16838865568609657,0.13574115931987762,0.10186499153801562
2023-09-10,P042,ER23_Se_03822,ANNUAL,Se,Castel_Bolognese,3.831353940655137,2.428693267176382,ndre,244,1.0,0.18157426762532014,0.14509615302085876,0.10577870307449369
2023-09-10,P043,ER23_Se_04295,ANNUAL,Se,Castel_Bolognese,5.18079207126424,3.5177944746824332,ndre,352,1.0,0.07276268720901995,0.06538563221693039,0.030042767933852608
2023-09-10,P044,ER23_Se_03169,ANNUAL,Se,Faenza,2.8292499485748284,1.6610601958768552,ndre,164,0.9873212325904073,0.11574774546685015,0.08230938389897346,0.08470486278518471
2023-09-10,P045,ER23_Se_03685,ANNUAL,Se,Faenza,3.941500902698074,2.5206803329840266,ndre,252,0.9997300994596084,0.08765216832537026,0.08633103966712952,0.014307074294451477
2023-09-10,P046,ER23_Se_03535,ANNUAL,Se,Faenza,2.7562816442083613,1.5921051212000719,ndre,160,1.0,0.29523959690704943,0.3009425848722458,0.03164439766454415
2023-09-10,P047,ER23_Se_03928,ANNUAL,Se,Faenza,3.734136266688578,2.3432589230863856,ndre,235,1.0,0.06654118068833301,0.04567784070968628,0.040102168734996724
2023-09-10,P001,ER23_Cv_02530,VINEYARD,Cv,Imola,3.1654495448049635,1.9130941295244592,ndmi,192,1.0,-0.04957368628690043,-0.05408388748764992,0.029190880782568526
2023-09-10,P002,ER23_Cv_02634,VINEYARD,Cv,Imola,4.015695158021988,2.5911511834798726,ndmi,261,1.0,-0.12319514952877436,-0.12402679026126862,0.026640871731449862
2023-09-10,P003,ER23_Cv_02900,VINEYARD,Cv,Imola,4.821370692947343,3.2184014498998685,ndmi,324,1.0,0.09094663850551171,0.08407431468367577,0.07192497188801508
2023-09-10,P004,ER23_Cv_02462,VINEYARD,Cv,Imola,3.641378914602243,2.2713803924214653,ndmi,226,0.9949896580689715,0.029341691372832653,0.030221138149499893,0.02105723678730458
2023-09-10,P005,ER23_Cv_02110,VINEYARD,Cv,Castel_Bolognese,2.3860121807252463,1.3227825441167154,ndmi,132,0.9978964462986822,0.021870372384138605,0.02153411041945219,0.01889692205446228
2023-09-10,P006,ER23_Cv_02525,VINEYARD,Cv,Castel_Bolognese,4.8908902921767,3.283078601794735,ndmi,327,0.9960163604405983,0.2086868969330547,0.22067290544509888,0.039971143534006624
2023-09-10,P007,ER23_Cv_02929,VINEYARD,Cv,Castel_Bolognese,2.8190826325329024,1.6341771995019418,ndmi,162,0.9913245641254431,0.13313727480945764,0.1340709924697876,0.018240190504458346
2023-09-10,P008,ER23_Cv_02684,VINEYARD,Cv,Castel_Bolognese,4.730408674185802,3.1378819555604034,ndmi,312,0.9943012656901524,0.16216525385299554,0.16049396991729736,0.034334557754731
2023-09-10,P009,ER23_Cv_01763,VINEYARD,Cv,Faenza,2.121267549776319,1.127335037414474,ndmi,107,0.9491410844943033,0.13766220017014263,0.14073707163333893,0.02974737842373083
2023-09-10,P010,ER23_Cv_02130,VINEYARD,Cv,Faenza,4.645746892934534,3.0861339275106148,ndmi,310,1.0,0.05458349189232855,0.041985318064689636,0.07362658117322804
2023-09-10,P011,ER23_Cv_02327,VINEYARD,Cv,Faenza,3.656827897775929,2.2900730299202556,ndmi,229,0.9999681102221188,0.07038269595798392,0.0473349504172802,0.09721470936023031
2023-09-10,P012,ER23_Cv_01903,VINEYARD,Cv,Faenza,2.825350437603589,1.6479114213760804,ndmi,165,1.0,0.1994724877404444,0.20450738072395325,0.038713217925001354
2023-09-10,P013,ER23_Cf_00838,ORCHARD,Cf,Imola,2.1196263721575934,1.1212221068519543,ndmi,113,1.0,-0.18058189156308638,-0.19852277636528015,0.04800115396154514
2023-09-10,P014,ER23_Cf_00454,ORCHARD,Cf,Imola,2.0230602041017924,1.0423997486130316,ndmi,105,1.0,0.04139433109445409,0.03447074443101883,0.0683510978438233
2023-09-10,P015,ER23_Cf_00883,ORCHARD,Cf,Imola,2.983753585315028,1.7492436176504955,ndmi,177,1.0,0.087828509377363,0.07342557609081268,0.09244492463159648
2023-09-10,P016,ER23_Cf_01381,ORCHARD,Cf,Imola,2.4676245526858525,1.3561007198771098,ndmi,134,0.9881271946536768,0.196358009060817,0.19436656683683395,0.06768585023362811
2023-09-10,P017,ER23_Cf_00558,ORCHARD,Cf,Castel_Bolognese,6.721753725448916,4.8815691430335795,ndmi,487,0.9976300360202642,0.07433585847030284,0.07910450547933578,0.09350484078524847
2023-09-10,P018,ER23_Cf_00799,ORCHARD,Cf,Castel_Bolognese,3.274499526093191,1.986698681743416,ndmi,198,0.9966282346663975,0.34476597669459125,0.3701968938112259,0.1076994828014289
2023-09-10,P019,ER23_Cf_00966,ORCHARD,Cf,Castel_Bolognese,2.373180075572092,1.3057565462515373,ndmi,132,1.0,0.042035767357447185,0.03834736533463001,0.0274524240795585
2023-09-10,P020,ER23_Cf_00863,ORCHARD,Cf,Castel_Bolognese,5.762025147449255,3.9838281908742994,ndmi,398,0.9990390672762774,0.25274586042181013,0.2685032784938812,0.06905045154819256
2023-09-10,P021,ER23_Cf_00873,ORCHARD,Cf,Faenza,3.836071815495797,2.4495404841857016,ndmi,245,1.0,-0.03782309110357179,-0.04008328169584274,0.019113542355283456
2023-09-10,P022,ER23_Cf_00987,ORCHARD,Cf,Faenza,4.024655263071004,2.571818079338909,ndmi,256,0.9954047763199693,0.2944207434775308,0.29828618466854095,0.027254695699864252
2023-09-10,P023,ER23_Cf_00421,ORCHARD,Cf,Faenza,2.6219618089434995,1.4711440486604825,ndmi,148,1.0,0.1929348324350006,0.21019317209720612,0.057122004996294155
2023-09-10,P024,ER23_Cf_00622,ORCHARD,Cf,Faenza,2.3327174916669415,1.2599808495088698,ndmi,125,0.9920785704697335,0.0697693766579032,0.07711704820394516,0.02794543934089629
2023-09-10,P025,ER23_Co_01673,OLIVE,Co,Imola,3.4232291050089114,1.9150729844597532,ndmi,191,0.9973510229109183,0.24745177154804712,0.2591687738895416,0.0814658048399544
2023-09-10,P026,ER23_Co_01678,OLIVE,Co,Imola,2.502426104003195,1.1815758805827754,ndmi,120,1.0,0.02029752716401466,-0.014423268847167492,0.10195578079742858
2023-09-10,P027,ER23_Co_01687,OLIVE,Co,Imola,7.479631106839761,4.765880858111484,ndmi,479,1.0,0.023170281919171462,0.03379784896969795,0.0562765489080989
2023-09-10,P028,ER23_Co_01757,OLIVE,Co,Imola,7.150680899554923,4.328583603126005,ndmi,435,1.0,-0.13332890061013958,-0.15321967005729675,0.061058606440459885
2023-09-10,P029,ER23_Co_01677,OLIVE,Co,Castel_Bolognese,2.341064414099507,1.2327611211807428,ndmi,121,0.9815364706189452,0.17656643491638593,0.17776590585708618,0.03917228812112683
2023-09-10,P030,ER23_Co_01628,OLIVE,Co,Castel_Bolognese,2.045965560799921,0.8616854169272335,ndmi,86,0.9980440461285237,0.18404440495163896,0.18919692933559418,0.041933489845631465
2023-09-10,P031,ER23_Co_01631,OLIVE,Co,Castel_Bolognese,2.204944024653293,0.8498648283629534,ndmi,87,1.0,0.047738287383797526,-0.011763782240450382,0.12097626518928495
2023-09-10,P032,ER23_Co_01623,OLIVE,Co,Faenza,3.027991669921379,1.8067331179867738,ndmi,186,1.0,-0.0799040863533274,-0.08328505232930183,0.027377091133612218
2023-09-10,P033,ER23_Co_01630,OLIVE,Co,Faenza,3.062396213947536,1.810513599398476,ndmi,184,1.0,-0.08284406797737694,-0.08463877812027931,0.021552694338447604
2023-09-10,P034,ER23_Co_01570,OLIVE,Co,Faenza,3.1006374545112183,1.8238712197133842,ndmi,184,1.0,0.21485470012640176,0.17752867192029953,0.11977093095578732
2023-09-10,P035,ER23_Co_01529,OLIVE,Co,Faenza,5.001460487246888,3.297137421456931,ndmi,331,1.0,0.06722135917577975,0.052007388323545456,0.09519578760122197
2023-09-10,P036,ER23_Sn_05064,ANNUAL,Sn,Imola,3.2307727774316275,1.9843605238570365,ndmi,198,0.9978025546242167,-0.0388208770227261,-0.033819133415818214,0.05053530412850689
2023-09-10,P037,ER23_Sn_04952,ANNUAL,Sn,Imola,3.0013772307440765,1.77998878845148,ndmi,179,1.0,0.019491882683733978,0.01560907531529665,0.029606873407072288
2023-09-10,P038,ER23_Sn_05110,ANNUAL,Sn,Imola,2.8567546815944893,1.6633032750356371,ndmi,166,0.9980140272160731,-0.15465288672102503,-0.15307071805000305,0.012341286486537262
2023-09-10,P039,ER23_Sn_05044,ANNUAL,Sn,Imola,5.4145980874217425,3.6919313708525134,ndmi,369,0.9994768670761972,-0.009241520677862606,-0.00933858659118414,0.03928390091652719
2023-09-10,P040,ER23_Se_03693,ANNUAL,Se,Castel_Bolognese,2.662850462089826,1.5247924967245798,ndmi,153,1.0,0.018434596688237825,0.019266972318291664,0.019788198442610427
2023-09-10,P041,ER23_Se_04187,ANNUAL,Se,Castel_Bolognese,2.581234154015185,1.4654585177199049,ndmi,148,1.0,-0.002872982603573316,-0.05357009172439575,0.11770047917582609
2023-09-10,P042,ER23_Se_03822,ANNUAL,Se,Castel_Bolognese,3.831353940655137,2.428693267176382,ndmi,244,1.0,-0.023139079710178565,-0.03801164589822292,0.06897265357395757
2023-09-10,P043,ER23_Se_04295,ANNUAL,Se,Castel_Bolognese,5.18079207126424,3.5177944746824332,ndmi,352,1.0,-0.10553770871377889,-0.1117517352104187,0.02726853430870506
2023-09-10,P044,ER23_Se_03169,ANNUAL,Se,Faenza,2.8292499485748284,1.6610601958768552,ndmi,164,0.9873212325904073,-0.07895415198631449,-0.11080651730298996,0.08017101196347882
2023-09-10,P045,ER23_Se_03685,ANNUAL,Se,Faenza,3.941500902698074,2.5206803329840266,ndmi,252,0.9997300994596084,-0.08978424685460235,-0.09036555886268616,0.011768563313541354
2023-09-10,P046,ER23_Se_03535,ANNUAL,Se,Faenza,2.7562816442083613,1.5921051212000719,ndmi,160,1.0,-0.041110358378500675,-0.042404068633913994,0.021537746057321932
2023-09-10,P047,ER23_Se_03928,ANNUAL,Se,Faenza,3.734136266688578,2.3432589230863856,ndmi,235,1.0,-0.10922805443406106,-0.12651722133159637,0.03368486531996993
2023-09-10,P001,ER23_Cv_02530,VINEYARD,Cv,Imola,3.1654495448049635,1.9130941295244592,gndvi,192,1.0,0.5183889443675677,0.523291826248169,0.05370158628425341
2023-09-10,P002,ER23_Cv_02634,VINEYARD,Cv,Imola,4.015695158021988,2.5911511834798726,gndvi,261,1.0,0.4805941228893982,0.4809234142303467,0.024157334009083726
2023-09-10,P003,ER23_Cv_02900,VINEYARD,Cv,Imola,4.821370692947343,3.2184014498998685,gndvi,324,1.0,0.6585408103318862,0.6864099204540253,0.05292107414663566
2023-09-10,P004,ER23_Cv_02462,VINEYARD,Cv,Imola,3.641378914602243,2.2713803924214653,gndvi,226,0.9949896580689715,0.4752475587667617,0.47672684490680695,0.028114758620188637
2023-09-10,P005,ER23_Cv_02110,VINEYARD,Cv,Castel_Bolognese,2.3860121807252463,1.3227825441167154,gndvi,132,0.9978964462986822,0.4318416021538503,0.4284462332725525,0.0311830563289613
2023-09-10,P006,ER23_Cv_02525,VINEYARD,Cv,Castel_Bolognese,4.8908902921767,3.283078601794735,gndvi,327,0.9960163604405983,0.6782095405851299,0.662287712097168,0.04968471477243604
2023-09-10,P007,ER23_Cv_02929,VINEYARD,Cv,Castel_Bolognese,2.8190826325329024,1.6341771995019418,gndvi,162,0.9913245641254431,0.6412834035761562,0.6419411599636078,0.01989797845199587
2023-09-10,P008,ER23_Cv_02684,VINEYARD,Cv,Castel_Bolognese,4.730408674185802,3.1378819555604034,gndvi,312,0.9943012656901524,0.6799240368298995,0.6785597801208496,0.0224294428887958
2023-09-10,P009,ER23_Cv_01763,VINEYARD,Cv,Faenza,2.121267549776319,1.127335037414474,gndvi,107,0.9491410844943033,0.5943403536471251,0.5969862341880798,0.04283444288872718
2023-09-10,P010,ER23_Cv_02130,VINEYARD,Cv,Faenza,4.645746892934534,3.0861339275106148,gndvi,310,1.0,0.5565831143048502,0.5637512803077698,0.047316738745646535
2023-09-10,P011,ER23_Cv_02327,VINEYARD,Cv,Faenza,3.656827897775929,2.2900730299202556,gndvi,229,0.9999681102221188,0.5643447245833134,0.5551605820655823,0.07470071049040496
2023-09-10,P012,ER23_Cv_01903,VINEYARD,Cv,Faenza,2.825350437603589,1.6479114213760804,gndvi,165,1.0,0.653295814629757,0.6534935235977173,0.02766816176511738
2023-09-10,P013,ER23_Cf_00838,ORCHARD,Cf,Imola,2.1196263721575934,1.1212221068519543,gndvi,113,1.0,0.44204237978015326,0.4432975947856903,0.026721960556437788
2023-09-10,P014,ER23_Cf_00454,ORCHARD,Cf,Imola,2.0230602041017924,1.0423997486130316,gndvi,105,1.0,0.5659641793795994,0.5707849860191345,0.07444065246129773
2023-09-10,P015,ER23_Cf_00883,ORCHARD,Cf,Imola,2.983753585315028,1.7492436176504955,gndvi,177,1.0,0.5459157341280899,0.541515052318573,0.11374341953455376
2023-09-10,P016,ER23_Cf_01381,ORCHARD,Cf,Imola,2.4676245526858525,1.3561007198771098,gndvi,134,0.9881271946536768,0.6849767636896958,0.6817452311515808,0.051843030250175774
2023-09-10,P017,ER23_Cf_00558,ORCHARD,Cf,Castel_Bolognese,6.721753725448916,4.8815691430335795,gndvi,487,0.9976300360202642,0.478793036215604,0.4925638735294342,0.12370707212060031
2023-09-10,P018,ER23_Cf_00799,ORCHARD,Cf,Castel_Bolognese,3.274499526093191,1.986698681743416,gndvi,198,0.9966282346663975,0.7763973089179608,0.7997139394283295,0.07695263992805379
2023-09-10,P019,ER23_Cf_00966,ORCHARD,Cf,Castel_Bolognese,2.373180075572092,1.3057565462515373,gndvi,132,1.0,0.6211289415756861,0.6215047240257263,0.03460419400602295
2023-09-10,P020,ER23_Cf_00863,ORCHARD,Cf,Castel_Bolognese,5.762025147449255,3.9838281908742994,gndvi,398,0.9990390672762774,0.6199515205831384,0.628472089767456,0.043252166599160084
2023-09-10,P021,ER23_Cf_00873,ORCHARD,Cf,Faenza,3.836071815495797,2.4495404841857016,gndvi,245,1.0,0.2883131125143596,0.28757444024086,0.024628158706810434
2023-09-10,P022,ER23_Cf_00987,ORCHARD,Cf,Faenza,4.024655263071004,2.571818079338909,gndvi,256,0.9954047763199693,0.7424756912514567,0.7425713241100311,0.015279738725006712
2023-09-10,P023,ER23_Cf_00421,ORCHARD,Cf,Faenza,2.6219618089434995,1.4711440486604825,gndvi,148,1.0,0.6935389319787154,0.6957845985889435,0.019991749021652398
2023-09-10,P024,ER23_Cf_00622,ORCHARD,Cf,Faenza,2.3327174916669415,1.2599808495088698,gndvi,125,0.9920785704697335,0.5538848330974578,0.5598070621490479,0.03548302730077481
2023-09-10,P025,ER23_Co_01673,OLIVE,Co,Imola,3.4232291050089114,1.9150729844597532,gndvi,191,0.9973510229109183,0.6840484710263957,0.6977542042732239,0.05546435721195935
2023-09-10,P026,ER23_Co_01678,OLIVE,Co,Imola,2.502426104003195,1.1815758805827754,gndvi,120,1.0,0.4867382129033407,0.4554111957550049,0.09118162136542354
2023-09-10,P027,ER23_Co_01687,OLIVE,Co,Imola,7.479631106839761,4.765880858111484,gndvi,479,1.0,0.5228647445338255,0.5263687968254089,0.05504486507225836
2023-09-10,P028,ER23_Co_01757,OLIVE,Co,Imola,7.150680899554923,4.328583603126005,gndvi,435,1.0,0.45229428828447715,0.4379509687423706,0.048388304003205936
2023-09-10,P029,ER23_Co_01677,OLIVE,Co,Castel_Bolognese,2.341064414099507,1.2327611211807428,gndvi,121,0.9815364706189452,0.675663038718799,0.6776902079582214,0.02031785908827446
2023-09-10,P030,ER23_Co_01628,OLIVE,Co,Castel_Bolognese,2.045965560799921,0.8616854169272335,gndvi,86,0.9980440461285237,0.6436985786571059,0.6415036022663116,0.04418547737762011
2023-09-10,P031,ER23_Co_01631,OLIVE,Co,Castel_Bolognese,2.204944024653293,0.8498648283629534,gndvi,87,1.0,0.5623804680232344,0.5314564108848572,0.0923627307844793
2023-09-10,P032,ER23_Co_01623,OLIVE,Co,Faenza,3.027991669921379,1.8067331179867738,gndvi,186,1.0,0.4581344813428899,0.45565544068813324,0.033491392447973715
2023-09-10,P033,ER23_Co_01630,OLIVE,Co,Faenza,3.062396213947536,1.810513599398476,gndvi,184,1.0,0.39811702493740164,0.39839334785938263,0.04051495392206439
2023-09-10,P034,ER23_Co_01570,OLIVE,Co,Faenza,3.1006374545112183,1.8238712197133842,gndvi,184,1.0,0.6612880780645038,0.6273910999298096,0.07853457282691681
2023-09-10,P035,ER23_Co_01529,OLIVE,Co,Faenza,5.001460487246888,3.297137421456931,gndvi,331,1.0,0.47320618739300985,0.4580632448196411,0.14421010146700705
2023-09-10,P036,ER23_Sn_05064,ANNUAL,Sn,Imola,3.2307727774316275,1.9843605238570365,gndvi,198,0.9978025546242167,0.34249746859675706,0.35524389147758484,0.08973524111681697
2023-09-10,P037,ER23_Sn_04952,ANNUAL,Sn,Imola,3.0013772307440765,1.77998878845148,gndvi,179,1.0,0.4358035700614226,0.44869866967201233,0.05449849222684065
2023-09-10,P038,ER23_Sn_05110,ANNUAL,Sn,Imola,2.8567546815944893,1.6633032750356371,gndvi,166,0.9980140272160731,0.12339488681719964,0.12378350645303726,0.00934931590911576
2023-09-10,P039,ER23_Sn_05044,ANNUAL,Sn,Imola,5.4145980874217425,3.6919313708525134,gndvi,369,0.9994768670761972,0.4788184638430433,0.4744594991207123,0.04402371138774408
2023-09-10,P040,ER23_Se_03693,ANNUAL,Se,Castel_Bolognese,2.662850462089826,1.5247924967245798,gndvi,153,1.0,0.4998517090978186,0.4985579550266266,0.022177183210143416
2023-09-10,P041,ER23_Se_04187,ANNUAL,Se,Castel_Bolognese,2.581234154015185,1.4654585177199049,gndvi,148,1.0,0.33857753399658846,0.27812260389328003,0.1264425558563664
2023-09-10,P042,ER23_Se_03822,ANNUAL,Se,Castel_Bolognese,3.831353940655137,2.428693267176382,gndvi,244,1.0,0.36517503588903144,0.31188932061195374,0.14769092408919127
2023-09-10,P043,ER23_Se_04295,ANNUAL,Se,Castel_Bolognese,5.18079207126424,3.5177944746824332,gndvi,352,1.0,0.25206056385385717,0.24383077025413513,0.036940331333763676
2023-09-10,P044,ER23_Se_03169,ANNUAL,Se,Faenza,2.8292499485748284,1.6610601958768552,gndvi,164,0.9873212325904073,0.29336558391408224,0.27308815717697144,0.09909984114326366
2023-09-10,P045,ER23_Se_03685,ANNUAL,Se,Faenza,3.941500902698074,2.5206803329840266,gndvi,252,0.9997300994596084,0.3061873248172185,0.30647821724414825,0.012507697984526646
2023-09-10,P046,ER23_Se_03535,ANNUAL,Se,Faenza,2.7562816442083613,1.5921051212000719,gndvi,160,1.0,0.521982224471867,0.5218680202960968,0.03357394822897827
2023-09-10,P047,ER23_Se_03928,ANNUAL,Se,Faenza,3.734136266688578,2.3432589230863856,gndvi,235,1.0,0.20755593884498516,0.16770915687084198,0.06944821048316913
2023-10-10,P001,ER23_Cv_02530,VINEYARD,Cv,Imola,3.1654495448049635,1.9130941295244592,ndvi,177,0.9252027763212944,0.42578325029146874,0.4295178949832916,0.0731322588278976
2023-10-10,P002,ER23_Cv_02634,VINEYARD,Cv,Imola,4.015695158021988,2.5911511834798726,ndvi,261,1.0,0.35578986751165426,0.3516303598880768,0.03509333758423936
2023-10-10,P003,ER23_Cv_02900,VINEYARD,Cv,Imola,4.821370692947343,3.2184014498998685,ndvi,234,0.7270690236834199,0.5629538044206097,0.5618691146373749,0.036256415768787846
2023-10-10,P004,ER23_Cv_02462,VINEYARD,Cv,Imola,3.641378914602243,2.2713803924214653,ndvi,226,0.9949896580689715,0.36322565389945444,0.3656892031431198,0.04149418613786626
2023-10-10,P005,ER23_Cv_02110,VINEYARD,Cv,Castel_Bolognese,2.3860121807252463,1.3227825441167154,ndvi,132,0.9978964462986822,0.46778056160970166,0.4618941396474838,0.04615093671438873
2023-10-10,P006,ER23_Cv_02525,VINEYARD,Cv,Castel_Bolognese,4.8908902921767,3.283078601794735,ndvi,327,0.9960163604405983,0.6671346292947775,0.6741190552711487,0.056443465011530365
2023-10-10,P007,ER23_Cv_02929,VINEYARD,Cv,Castel_Bolognese,2.8190826325329024,1.6341771995019418,ndvi,0,0.0,,,
2023-10-10,P008,ER23_Cv_02684,VINEYARD,Cv,Castel_Bolognese,4.730408674185802,3.1378819555604034,ndvi,0,0.0,,,
2023-10-10,P009,ER23_Cv_01763,VINEYARD,Cv,Faenza,2.121267549776319,1.127335037414474,ndvi,107,0.9491410844943033,0.47348567119268614,0.46744734048843384,0.051441942220631275
2023-10-10,P010,ER23_Cv_02130,VINEYARD,Cv,Faenza,4.645746892934534,3.0861339275106148,ndvi,310,1.0,0.4584336210643091,0.4583969712257385,0.05546457150767592
2023-10-10,P011,ER23_Cv_02327,VINEYARD,Cv,Faenza,3.656827897775929,2.2900730299202556,ndvi,229,0.9999681102221188,0.446884469954728,0.4641634523868561,0.08791306446804134
2023-10-10,P012,ER23_Cv_01903,VINEYARD,Cv,Faenza,2.825350437603589,1.6479114213760804,ndvi,165,1.0,0.4776678361675956,0.46023988723754883,0.06988562105183828
2023-10-10,P013,ER23_Cf_00838,ORCHARD,Cf,Imola,2.1196263721575934,1.1212221068519543,ndvi,73,0.6510752825322136,0.34399200506406286,0.33375126123428345,0.03779384066125533
2023-10-10,P014,ER23_Cf_00454,ORCHARD,Cf,Imola,2.0230602041017924,1.0423997486130316,ndvi,105,1.0,0.4882488633905138,0.48078903555870056,0.10717088615242433
2023-10-10,P015,ER23_Cf_00883,ORCHARD,Cf,Imola,2.983753585315028,1.7492436176504955,ndvi,177,1.0,0.5260652550364618,0.5048720836639404,0.1517562435488006
2023-10-10,P016,ER23_Cf_01381,ORCHARD,Cf,Imola,2.4676245526858525,1.3561007198771098,ndvi,0,0.0,,,
2023-10-10,P017,ER23_Cf_00558,ORCHARD,Cf,Castel_Bolognese,6.721753725448916,4.8815691430335795,ndvi,487,0.9976300360202642,0.3614171159279665,0.36965620517730713,0.1026344245860976
2023-10-10,P018,ER23_Cf_00799,ORCHARD,Cf,Castel_Bolognese,3.274499526093191,1.986698681743416,ndvi,198,0.9966282346663975,0.7737052171218275,0.7917755246162415,0.06620035485240465
2023-10-10,P019,ER23_Cf_00966,ORCHARD,Cf,Castel_Bolognese,2.373180075572092,1.3057565462515373,ndvi,132,1.0,0.5977983043500872,0.6015178263187408,0.057864551146578354
2023-10-10,P020,ER23_Cf_00863,ORCHARD,Cf,Castel_Bolognese,5.762025147449255,3.9838281908742994,ndvi,398,0.9990390672762774,0.5642138017931176,0.5677078068256378,0.045952467626466556
2023-10-10,P021,ER23_Cf_00873,ORCHARD,Cf,Faenza,3.836071815495797,2.4495404841857016,ndvi,245,1.0,0.25531967774945863,0.257111519575119,0.03277503221051749
2023-10-10,P022,ER23_Cf_00987,ORCHARD,Cf,Faenza,4.024655263071004,2.571818079338909,ndvi,256,0.9954047763199693,0.7882579634897411,0.7889058291912079,0.013974533631723464
2023-10-10,P023,ER23_Cf_00421,ORCHARD,Cf,Faenza,2.6219618089434995,1.4711440486604825,ndvi,148,1.0,0.6518435413772995,0.6595232784748077,0.033645019973128444
2023-10-10,P024,ER23_Cf_00622,ORCHARD,Cf,Faenza,2.3327174916669415,1.2599808495088698,ndvi,125,0.9920785704697335,0.5868946893215179,0.5893861651420593,0.03410461215021482
2023-10-10,P025,ER23_Co_01673,OLIVE,Co,Imola,3.4232291050089114,1.9150729844597532,ndvi,191,0.9973510229109183,0.6771353534690997,0.6936523914337158,0.07296788836730005
2023-10-10,P026,ER23_Co_01678,OLIVE,Co,Imola,2.502426104003195,1.1815758805827754,ndvi,120,1.0,0.4187627760072549,0.37772153317928314,0.13102611202894257
2023-10-10,P027,ER23_Co_01687,OLIVE,Co,Imola,7.479631106839761,4.765880858111484,ndvi,479,1.0,0.4773984031911185,0.496620237827301,0.09325008583813361
2023-10-10,P028,ER23_Co_01757,OLIVE,Co,Imola,7.150680899554923,4.328583603126005,ndvi,435,1.0,0.32639322572055907,0.30678611993789673,0.06493974982889748
2023-10-10,P029,ER23_Co_01677,OLIVE,Co,Castel_Bolognese,2.341064414099507,1.2327611211807428,ndvi,121,0.9815364706189452,0.6565880617819542,0.6603756546974182,0.02569209359087233
2023-10-10,P030,ER23_Co_01628,OLIVE,Co,Castel_Bolognese,2.045965560799921,0.8616854169272335,ndvi,86,0.9980440461285237,0.5949912140535754,0.5944845974445343,0.06416555736423724
2023-10-10,P031,ER23_Co_01631,OLIVE,Co,Castel_Bolognese,2.204944024653293,0.8498648283629534,ndvi,87,1.0,0.4915597668324394,0.45382604002952576,0.11161812899650014
2023-10-10,P032,ER23_Co_01623,OLIVE,Co,Faenza,3.027991669921379,1.8067331179867738,ndvi,186,1.0,0.34073257654584865,0.33698004484176636,0.04923187196372682
2023-10-10,P033,ER23_Co_01630,OLIVE,Co,Faenza,3.062396213947536,1.810513599398476,ndvi,184,1.0,0.30034464630095853,0.300374373793602,0.05213579680291434
2023-10-10,P034,ER23_Co_01570,OLIVE,Co,Faenza,3.1006374545112183,1.8238712197133842,ndvi,184,1.0,0.6234095959883669,0.5839133560657501,0.13057813900197554
2023-10-10,P035,ER23_Co_01529,OLIVE,Co,Faenza,5.001460487246888,3.297137421456931,ndvi,331,1.0,0.416819517706096,0.39090776443481445,0.16358792046627288
2023-10-10,P036,ER23_Sn_05064,ANNUAL,Sn,Imola,3.2307727774316275,1.9843605238570365,ndvi,198,0.9978025546242167,0.12439438565210863,0.12307924777269363,0.020755637785378894
2023-10-10,P037,ER23_Sn_04952,ANNUAL,Sn,Imola,3.0013772307440765,1.77998878845148,ndvi,179,1.0,0.30809487227621024,0.31567245721817017,0.06067683102755407
2023-10-10,P038,ER23_Sn_05110,ANNUAL,Sn,Imola,2.8567546815944893,1.6633032750356371,ndvi,166,0.9980140272160731,0.09048459584633987,0.09055520966649055,0.010017749686533833
2023-10-10,P039,ER23_Sn_05044,ANNUAL,Sn,Imola,5.4145980874217425,3.6919313708525134,ndvi,369,0.9994768670761972,0.23618403569792668,0.22235673666000366,0.06565085531466729
2023-10-10,P040,ER23_Se_03693,ANNUAL,Se,Castel_Bolognese,2.662850462089826,1.5247924967245798,ndvi,153,1.0,0.43645047693470723,0.43736785650253296,0.02601623917168723
2023-10-10,P041,ER23_Se_04187,ANNUAL,Se,Castel_Bolognese,2.581234154015185,1.4654585177199049,ndvi,148,1.0,0.1420639172901173,0.12943578511476517,0.03391264935398108
2023-10-10,P042,ER23_Se_03822,ANNUAL,Se,Castel_Bolognese,3.831353940655137,2.428693267176382,ndvi,244,1.0,0.29629795699090256,0.2629512697458267,0.13697776621502517
2023-10-10,P043,ER23_Se_04295,ANNUAL,Se,Castel_Bolognese,5.18079207126424,3.5177944746824332,ndvi,352,1.0,0.1505972500678829,0.14575691521167755,0.022709283398384458
2023-10-10,P044,ER23_Se_03169,ANNUAL,Se,Faenza,2.8292499485748284,1.6610601958768552,ndvi,164,0.9873212325904073,0.12731988519066717,0.12634046375751495,0.026670784750909695
2023-10-10,P045,ER23_Se_03685,ANNUAL,Se,Faenza,3.941500902698074,2.5206803329840266,ndvi,252,0.9997300994596084,0.16314536888921072,0.16232910007238388,0.015244297904091042
2023-10-10,P046,ER23_Se_03535,ANNUAL,Se,Faenza,2.7562816442083613,1.5921051212000719,ndvi,160,1.0,0.42830938212573527,0.43251362442970276,0.039424454336268795
2023-10-10,P047,ER23_Se_03928,ANNUAL,Se,Faenza,3.734136266688578,2.3432589230863856,ndvi,235,1.0,0.10905426715282683,0.10661070048809052,0.015227102264505351
2023-10-10,P001,ER23_Cv_02530,VINEYARD,Cv,Imola,3.1654495448049635,1.9130941295244592,ndre,177,0.9252027763212944,0.24621642191531296,0.24567459523677826,0.034090292738849226
2023-10-10,P002,ER23_Cv_02634,VINEYARD,Cv,Imola,4.015695158021988,2.5911511834798726,ndre,261,1.0,0.20989212525073597,0.20641405880451202,0.022387455686656087
2023-10-10,P003,ER23_Cv_02900,VINEYARD,Cv,Imola,4.821370692947343,3.2184014498998685,ndre,234,0.7270690236834199,0.3571028919556202,0.35514892637729645,0.0227422022883246
2023-10-10,P004,ER23_Cv_02462,VINEYARD,Cv,Imola,3.641378914602243,2.2713803924214653,ndre,226,0.9949896580689715,0.22343100910693142,0.23030082136392593,0.02843155609105565
2023-10-10,P005,ER23_Cv_02110,VINEYARD,Cv,Castel_Bolognese,2.3860121807252463,1.3227825441167154,ndre,132,0.9978964462986822,0.2908427720945893,0.28580187261104584,0.029554894544863344
2023-10-10,P006,ER23_Cv_02525,VINEYARD,Cv,Castel_Bolognese,4.8908902921767,3.283078601794735,ndre,327,0.9960163604405983,0.4644165619615386,0.4519863724708557,0.05141346885953032
2023-10-10,P007,ER23_Cv_02929,VINEYARD,Cv,Castel_Bolognese,2.8190826325329024,1.6341771995019418,ndre,0,0.0,,,
2023-10-10,P008,ER23_Cv_02684,VINEYARD,Cv,Castel_Bolognese,4.730408674185802,3.1378819555604034,ndre,0,0.0,,,
2023-10-10,P009,ER23_Cv_01763,VINEYARD,Cv,Faenza,2.121267549776319,1.127335037414474,ndre,107,0.9491410844943033,0.2982599628027354,0.30262601375579834,0.034381950487284256
2023-10-10,P010,ER23_Cv_02130,VINEYARD,Cv,Faenza,4.645746892934534,3.0861339275106148,ndre,310,1.0,0.29073988276143226,0.29499952495098114,0.033959425180738766
2023-10-10,P011,ER23_Cv_02327,VINEYARD,Cv,Faenza,3.656827897775929,2.2900730299202556,ndre,229,0.9999681102221188,0.2703067665537372,0.26856523752212524,0.05705320570543334
2023-10-10,P012,ER23_Cv_01903,VINEYARD,Cv,Faenza,2.825350437603589,1.6479114213760804,ndre,165,1.0,0.30328650077184044,0.29871252179145813,0.03232773866880053
2023-10-10,P013,ER23_Cf_00838,ORCHARD,Cf,Imola,2.1196263721575934,1.1212221068519543,ndre,73,0.6510752825322136,0.2219690792772868,0.22003549337387085,0.02880088161086304
2023-10-10,P014,ER23_Cf_00454,ORCHARD,Cf,Imola,2.0230602041017924,1.0423997486130316,ndre,105,1.0,0.3000123012633551,0.3051778972148895,0.05940423480537753
2023-10-10,P015,ER23_Cf_00883,ORCHARD,Cf,Imola,2.983753585315028,1.7492436176504955,ndre,177,1.0,0.3531975930525085,0.32469356060028076,0.11097939878129601
2023-10-10,P016,ER23_Cf_01381,ORCHARD,Cf,Imola,2.4676245526858525,1.3561007198771098,ndre,0,0.0,,,
2023-10-10,P017,ER23_Cf_00558,ORCHARD,Cf,Castel_Bolognese,6.721753725448916,4.8815691430335795,ndre,487,0.9976300360202642,0.22788676962225834,0.23234257102012634,0.06317682919323657
2023-10-10,P018,ER23_Cf_00799,ORCHARD,Cf,Castel_Bolognese,3.274499526093191,1.986698681743416,ndre,198,0.9966282346663975,0.5674093024748744,0.5867345035076141,0.06905383332914221
2023-10-10,P019,ER23_Cf_00966,ORCHARD,Cf,Castel_Bolognese,2.373180075572092,1.3057565462515373,ndre,132,1.0,0.41218381239609286,0.41449083387851715,0.03240639831440367
2023-10-10,P020,ER23_Cf_00863,ORCHARD,Cf,Castel_Bolognese,5.762025147449255,3.9838281908742994,ndre,398,0.9990390672762774,0.38834148795161416,0.3958466947078705,0.044346835858289586
2023-10-10,P021,ER23_Cf_00873,ORCHARD,Cf,Faenza,3.836071815495797,2.4495404841857016,ndre,245,1.0,0.16636059174732287,0.1674603670835495,0.025791892905232778
2023-10-10,P022,ER23_Cf_00987,ORCHARD,Cf,Faenza,4.024655263071004,2.571818079338909,ndre,256,0.9954047763199693,0.5798994431970641,0.5827522277832031,0.020512925748600568
2023-10-10,P023,ER23_Cf_00421,ORCHARD,Cf,Faenza,2.6219618089434995,1.4711440486604825,ndre,148,1.0,0.4200317499202651,0.41891518235206604,0.0398243106999677
2023-10-10,P024,ER23_Cf_00622,ORCHARD,Cf,Faenza,2.3327174916669415,1.2599808495088698,ndre,125,0.9920785704697335,0.3687133708000183,0.36980727314949036,0.0190762193560057
2023-10-10,P025,ER23_Co_01673,OLIVE,Co,Imola,3.4232291050089114,1.9150729844597532,ndre,191,0.9973510229109183,0.508484776731561,0.5228917598724365,0.06176505625648058
2023-10-10,P026,ER23_Co_01678,OLIVE,Co,Imola,2.502426104003195,1.1815758805827754,ndre,120,1.0,0.27918320732812085,0.24314534664154053,0.0950925877628158
2023-10-10,P027,ER23_Co_01687,OLIVE,Co,Imola,7.479631106839761,4.765880858111484,ndre,479,1.0,0.32788003433596863,0.3451625108718872,0.07526090221045599
2023-10-10,P028,ER23_Co_01757,OLIVE,Co,Imola,7.150680899554923,4.328583603126005,ndre,435,1.0,0.21025305972702202,0.19762681424617767,0.04448509002009024
2023-10-10,P029,ER23_Co_01677,OLIVE,Co,Castel_Bolognese,2.341064414099507,1.2327611211807428,ndre,121,0.9815364706189452,0.5113445714978148,0.5162537693977356,0.029349461307190457
2023-10-10,P030,ER23_Co_01628,OLIVE,Co,Castel_Bolognese,2.045965560799921,0.8616854169272335,ndre,86,0.9980440461285237,0.4080611219586328,0.41769155859947205,0.04518944175999703
2023-10-10,P031,ER23_Co_01631,OLIVE,Co,Castel_Bolognese,2.204944024653293,0.8498648283629534,ndre,87,1.0,0.33006501249198256,0.30982542037963867,0.09248255121337662
2023-10-10,P032,ER23_Co_01623,OLIVE,Co,Faenza,3.027991669921379,1.8067331179867738,ndre,186,1.0,0.22326753428706558,0.22004910558462143,0.030685841391755512
2023-10-10,P033,ER23_Co_01630,OLIVE,Co,Faenza,3.062396213947536,1.810513599398476,ndre,184,1.0,0.1959471260399922,0.20198794454336166,0.0351412732140785
2023-10-10,P034,ER23_Co_01570,OLIVE,Co,Faenza,3.1006374545112183,1.8238712197133842,ndre,184,1.0,0.44732824567219487,0.41315576434135437,0.12930114497596687
2023-10-10,P035,ER23_Co_01529,OLIVE,Co,Faenza,5.001460487246888,3.297137421456931,ndre,331,1.0,0.2895946159193523,0.27044856548309326,0.10928939100629953
2023-10-10,P036,ER23_Sn_05064,ANNUAL,Sn,Imola,3.2307727774316275,1.9843605238570365,ndre,198,0.9978025546242167,0.06387941706737485,0.06340784206986427,0.01865787714755082
2023-10-10,P037,ER23_Sn_04952,ANNUAL,Sn,Imola,3.0013772307440765,1.77998878845148,ndre,179,1.0,0.17376710807477963,0.17923377454280853,0.03008904829329853
2023-10-10,P038,ER23_Sn_05110,ANNUAL,Sn,Imola,2.8567546815944893,1.6633032750356371,ndre,166,0.9980140272160731,0.0543062448815768,0.05483543127775192,0.014404154800174538
2023-10-10,P039,ER23_Sn_05044,ANNUAL,Sn,Imola,5.4145980874217425,3.6919313708525134,ndre,369,0.9994768670761972,0.1410504334220072,0.13322551548480988,0.03988836111547667
2023-10-10,P040,ER23_Se_03693,ANNUAL,Se,Castel_Bolognese,2.662850462089826,1.5247924967245798,ndre,153,1.0,0.2678085214951459,0.2709929645061493,0.022182676467737767
2023-10-10,P041,ER23_Se_04187,ANNUAL,Se,Castel_Bolognese,2.581234154015185,1.4654585177199049,ndre,148,1.0,0.07861125396212211,0.07195919752120972,0.02539181083466496
2023-10-10,P042,ER23_Se_03822,ANNUAL,Se,Castel_Bolognese,3.831353940655137,2.428693267176382,ndre,244,1.0,0.18381759655646612,0.16895822435617447,0.07554240168120145
2023-10-10,P043,ER23_Se_04295,ANNUAL,Se,Castel_Bolognese,5.18079207126424,3.5177944746824332,ndre,352,1.0,0.08624310499395836,0.08234630152583122,0.022618339069228402
2023-10-10,P044,ER23_Se_03169,ANNUAL,Se,Faenza,2.8292499485748284,1.6610601958768552,ndre,164,0.9873212325904073,0.07697595156184057,0.07517827674746513,0.019406429373594093
2023-10-10,P045,ER23_Se_03685,ANNUAL,Se,Faenza,3.941500902698074,2.5206803329840266,ndre,252,0.9997300994596084,0.09440738308642592,0.09191989153623581,0.016459376990178406
2023-10-10,P046,ER23_Se_03535,ANNUAL,Se,Faenza,2.7562816442083613,1.5921051212000719,ndre,160,1.0,0.26967843612655995,0.2728455066680908,0.03201938386181779
2023-10-10,P047,ER23_Se_03928,ANNUAL,Se,Faenza,3.734136266688578,2.3432589230863856,ndre,235,1.0,0.05881179455826257,0.057448383420705795,0.01690654290769803
2023-10-10,P001,ER23_Cv_02530,VINEYARD,Cv,Imola,3.1654495448049635,1.9130941295244592,ndmi,177,0.9252027763212944,-0.052459313981445495,-0.05696718394756317,0.03076867974677356
2023-10-10,P002,ER23_Cv_02634,VINEYARD,Cv,Imola,4.015695158021988,2.5911511834798726,ndmi,261,1.0,-0.13209099619438822,-0.13455143570899963,0.03563053121852752
2023-10-10,P003,ER23_Cv_02900,VINEYARD,Cv,Imola,4.821370692947343,3.2184014498998685,ndmi,234,0.7270690236834199,-0.011450094666200977,-0.01548792328685522,0.019684102500117248
2023-10-10,P004,ER23_Cv_02462,VINEYARD,Cv,Imola,3.641378914602243,2.2713803924214653,ndmi,226,0.9949896580689715,-0.002787153777926586,0.0003024384786840528,0.018505051701741028
2023-10-10,P005,ER23_Cv_02110,VINEYARD,Cv,Castel_Bolognese,2.3860121807252463,1.3227825441167154,ndmi,132,0.9978964462986822,0.07233933650246455,0.07085268944501877,0.02749100448071331
2023-10-10,P006,ER23_Cv_02525,VINEYARD,Cv,Castel_Bolognese,4.8908902921767,3.283078601794735,ndmi,327,0.9960163604405983,0.09706319835304357,0.08815420418977737,0.046065612736491915
2023-10-10,P007,ER23_Cv_02929,VINEYARD,Cv,Castel_Bolognese,2.8190826325329024,1.6341771995019418,ndmi,0,0.0,,,
2023-10-10,P008,ER23_Cv_02684,VINEYARD,Cv,Castel_Bolognese,4.730408674185802,3.1378819555604034,ndmi,0,0.0,,,
2023-10-10,P009,ER23_Cv_01763,VINEYARD,Cv,Faenza,2.121267549776319,1.127335037414474,ndmi,107,0.9491410844943033,-0.023125047988593404,-0.024255575612187386,0.027315751996833688
2023-10-10,P010,ER23_Cv_02130,VINEYARD,Cv,Faenza,4.645746892934534,3.0861339275106148,ndmi,310,1.0,-0.017050901521607528,-0.01964283548295498,0.053615136853783045
2023-10-10,P011,ER23_Cv_02327,VINEYARD,Cv,Faenza,3.656827897775929,2.2900730299202556,ndmi,229,0.9999681102221188,-0.033817028333473644,-0.0313236303627491,0.06576719531229876
2023-10-10,P012,ER23_Cv_01903,VINEYARD,Cv,Faenza,2.825350437603589,1.6479114213760804,ndmi,165,1.0,0.04933692379149072,0.04877147451043129,0.015412768857542529
2023-10-10,P013,ER23_Cf_00838,ORCHARD,Cf,Imola,2.1196263721575934,1.1212221068519543,ndmi,73,0.6510752825322136,-0.17407767015368972,-0.16882118582725525,0.04038301424168478
2023-10-10,P014,ER23_Cf_00454,ORCHARD,Cf,Imola,2.0230602041017924,1.0423997486130316,ndmi,105,1.0,0.02406134271794664,0.008509497158229351,0.07501917887454802
2023-10-10,P015,ER23_Cf_00883,ORCHARD,Cf,Imola,2.983753585315028,1.7492436176504955,ndmi,177,1.0,0.10752143776540823,0.08822430670261383,0.0927878162662351
2023-10-10,P016,ER23_Cf_01381,ORCHARD,Cf,Imola,2.4676245526858525,1.3561007198771098,ndmi,0,0.0,,,
2023-10-10,P017,ER23_Cf_00558,ORCHARD,Cf,Castel_Bolognese,6.721753725448916,4.8815691430335795,ndmi,487,0.9976300360202642,-0.0368790682822966,-0.025890953838825226,0.044541602212522374
2023-10-10,P018,ER23_Cf_00799,ORCHARD,Cf,Castel_Bolognese,3.274499526093191,1.986698681743416,ndmi,198,0.9966282346663975,0.3093735347172678,0.32469844818115234,0.09021037501459253
2023-10-10,P019,ER23_Cf_00966,ORCHARD,Cf,Castel_Bolognese,2.373180075572092,1.3057565462515373,ndmi,132,1.0,0.02923159281710303,0.029779907315969467,0.03220823651334941
2023-10-10,P020,ER23_Cf_00863,ORCHARD,Cf,Castel_Bolognese,5.762025147449255,3.9838281908742994,ndmi,398,0.9990390672762774,0.12412067543745658,0.13303044438362122,0.04089979710663722
2023-10-10,P021,ER23_Cf_00873,ORCHARD,Cf,Faenza,3.836071815495797,2.4495404841857016,ndmi,245,1.0,-0.03259184575866556,-0.032304614782333374,0.02379465224711133
2023-10-10,P022,ER23_Cf_00987,ORCHARD,Cf,Faenza,4.024655263071004,2.571818079338909,ndmi,256,0.9954047763199693,0.28633944160537794,0.2938726097345352,0.0274958837733031
2023-10-10,P023,ER23_Cf_00421,ORCHARD,Cf,Faenza,2.6219618089434995,1.4711440486604825,ndmi,148,1.0,0.09351564524557623,0.09676190093159676,0.047999692106201544
2023-10-10,P024,ER23_Cf_00622,ORCHARD,Cf,Faenza,2.3327174916669415,1.2599808495088698,ndmi,125,0.9920785704697335,0.07083179023023695,0.0768837183713913,0.02764257790512112
2023-10-10,P025,ER23_Co_01673,OLIVE,Co,Imola,3.4232291050089114,1.9150729844597532,ndmi,191,0.9973510229109183,0.24962017041538398,0.2606008052825928,0.08299188450788196
2023-10-10,P026,ER23_Co_01678,OLIVE,Co,Imola,2.502426104003195,1.1815758805827754,ndmi,120,1.0,-0.0019355534459464252,-0.044682059437036514,0.11075991446134978
2023-10-10,P027,ER23_Co_01687,OLIVE,Co,Imola,7.479631106839761,4.765880858111484,ndmi,479,1.0,0.005733813216786819,0.016139177605509758,0.0802276880036596
2023-10-10,P028,ER23_Co_01757,OLIVE,Co,Imola,7.150680899554923,4.328583603126005,ndmi,435,1.0,-0.15621994373765935,-0.17880700528621674,0.061087372221069934
2023-10-10,P029,ER23_Co_01677,OLIVE,Co,Castel_Bolognese,2.341064414099507,1.2327611211807428,ndmi,121,0.9815364706189452,0.18456039146697226,0.18382851779460907,0.043505864649072114
2023-10-10,P030,ER23_Co_01628,OLIVE,Co,Castel_Bolognese,2.045965560799921,0.8616854169272335,ndmi,86,0.9980440461285237,0.1628291479333542,0.17389104515314102,0.05023276866222473
2023-10-10,P031,ER23_Co_01631,OLIVE,Co,Castel_Bolognese,2.204944024653293,0.8498648283629534,ndmi,87,1.0,0.023463680590877587,-0.026387514546513557,0.14071511864925804
2023-10-10,P032,ER23_Co_01623,OLIVE,Co,Faenza,3.027991669921379,1.8067331179867738,ndmi,186,1.0,-0.07661345799269545,-0.07865944132208824,0.03331761181866593
2023-10-10,P033,ER23_Co_01630,OLIVE,Co,Faenza,3.062396213947536,1.810513599398476,ndmi,184,1.0,-0.09490535059012473,-0.09650076180696487,0.020587849841020564
2023-10-10,P034,ER23_Co_01570,OLIVE,Co,Faenza,3.1006374545112183,1.8238712197133842,ndmi,184,1.0,0.1451476104026053,0.09489801153540611,0.16365426293016164
2023-10-10,P035,ER23_Co_01529,OLIVE,Co,Faenza,5.001460487246888,3.297137421456931,ndmi,331,1.0,0.05767275853359684,0.03529748320579529,0.09495526763605307
2023-10-10,P036,ER23_Sn_05064,ANNUAL,Sn,Imola,3.2307727774316275,1.9843605238570365,ndmi,198,0.9978025546242167,-0.13881141477913567,-0.1389896273612976,0.020442530785288272
2023-10-10,P037,ER23_Sn_04952,ANNUAL,Sn,Imola,3.0013772307440765,1.77998878845148,ndmi,179,1.0,-0.0488222907580222,-0.05151937156915665,0.019542469744783898
2023-10-10,P038,ER23_Sn_05110,ANNUAL,Sn,Imola,2.8567546815944893,1.6633032750356371,ndmi,166,0.9980140272160731,-0.14909828508115677,-0.14802324771881104,0.014511505081145439
2023-10-10,P039,ER23_Sn_05044,ANNUAL,Sn,Imola,5.4145980874217425,3.6919313708525134,ndmi,369,0.9994768670761972,-0.1035717188564904,-0.10724758356809616,0.033149004905859605
2023-10-10,P040,ER23_Se_03693,ANNUAL,Se,Castel_Bolognese,2.662850462089826,1.5247924967245798,ndmi,153,1.0,-0.03861610127576426,-0.03470039740204811,0.01680905195898919
2023-10-10,P041,ER23_Se_04187,ANNUAL,Se,Castel_Bolognese,2.581234154015185,1.4654585177199049,ndmi,148,1.0,-0.13089111019429323,-0.1289251148700714,0.02462871907184342
2023-10-10,P042,ER23_Se_03822,ANNUAL,Se,Castel_Bolognese,3.831353940655137,2.428693267176382,ndmi,244,1.0,-0.04441434259704275,-0.049695318564772606,0.041954224898953695
2023-10-10,P043,ER23_Se_04295,ANNUAL,Se,Castel_Bolognese,5.18079207126424,3.5177944746824332,ndmi,352,1.0,-0.08424993268859411,-0.08588147908449173,0.02270275584651106
2023-10-10,P044,ER23_Se_03169,ANNUAL,Se,Faenza,2.8292499485748284,1.6610601958768552,ndmi,164,0.9873212325904073,-0.16672277891236106,-0.172324039041996,0.028316542917523377
2023-10-10,P045,ER23_Se_03685,ANNUAL,Se,Faenza,3.941500902698074,2.5206803329840266,ndmi,252,0.9997300994596084,-0.09724395858153465,-0.09744327142834663,0.010213174434869753
2023-10-10,P046,ER23_Se_03535,ANNUAL,Se,Faenza,2.7562816442083613,1.5921051212000719,ndmi,160,1.0,-0.12636597056116444,-0.12967871874570847,0.024373297300103913
2023-10-10,P047,ER23_Se_03928,ANNUAL,Se,Faenza,3.734136266688578,2.3432589230863856,ndmi,235,1.0,-0.11551931988685689,-0.11521181464195251,0.015442107596113261
2023-10-10,P001,ER23_Cv_02530,VINEYARD,Cv,Imola,3.1654495448049635,1.9130941295244592,gndvi,177,0.9252027763212944,0.5101484600770272,0.5175472497940063,0.04695133528971776
2023-10-10,P002,ER23_Cv_02634,VINEYARD,Cv,Imola,4.015695158021988,2.5911511834798726,gndvi,261,1.0,0.47216412813270686,0.46957623958587646,0.02448360445145066
2023-10-10,P003,ER23_Cv_02900,VINEYARD,Cv,Imola,4.821370692947343,3.2184014498998685,gndvi,234,0.7270690236834199,0.6179821200859852,0.6148931980133057,0.02622350513009031
2023-10-10,P004,ER23_Cv_02462,VINEYARD,Cv,Imola,3.641378914602243,2.2713803924214653,gndvi,226,0.9949896580689715,0.4782798436626924,0.48129962384700775,0.03166763370295142
2023-10-10,P005,ER23_Cv_02110,VINEYARD,Cv,Castel_Bolognese,2.3860121807252463,1.3227825441167154,gndvi,132,0.9978964462986822,0.5098381062800234,0.505483865737915,0.034176765310199815
2023-10-10,P006,ER23_Cv_02525,VINEYARD,Cv,Castel_Bolognese,4.8908902921767,3.283078601794735,gndvi,327,0.9960163604405983,0.6716918269975469,0.676048755645752,0.04276957681532651
2023-10-10,P007,ER23_Cv_02929,VINEYARD,Cv,Castel_Bolognese,2.8190826325329024,1.6341771995019418,gndvi,0,0.0,,,
2023-10-10,P008,ER23_Cv_02684,VINEYARD,Cv,Castel_Bolognese,4.730408674185802,3.1378819555604034,gndvi,0,0.0,,,
2023-10-10,P009,ER23_Cv_01763,VINEYARD,Cv,Faenza,2.121267549776319,1.127335037414474,gndvi,107,0.9491410844943033,0.5237069285918619,0.5242140889167786,0.04131028592001189
2023-10-10,P010,ER23_Cv_02130,VINEYARD,Cv,Faenza,4.645746892934534,3.0861339275106148,gndvi,310,1.0,0.5315775963567918,0.5379433631896973,0.04135885705545054
2023-10-10,P011,ER23_Cv_02327,VINEYARD,Cv,Faenza,3.656827897775929,2.2900730299202556,gndvi,229,0.9999681102221188,0.4843221461668806,0.48533666133880615,0.061995270712640764
2023-10-10,P012,ER23_Cv_01903,VINEYARD,Cv,Faenza,2.825350437603589,1.6479114213760804,gndvi,165,1.0,0.5716638384443341,0.5649879574775696,0.029470561851906035
2023-10-10,P013,ER23_Cf_00838,ORCHARD,Cf,Imola,2.1196263721575934,1.1212221068519543,gndvi,73,0.6510752825322136,0.44919912415008023,0.4445159137248993,0.029425887733421387
2023-10-10,P014,ER23_Cf_00454,ORCHARD,Cf,Imola,2.0230602041017924,1.0423997486130316,gndvi,105,1.0,0.5600792220660619,0.5588567852973938,0.08134111637894681
2023-10-10,P015,ER23_Cf_00883,ORCHARD,Cf,Imola,2.983753585315028,1.7492436176504955,gndvi,177,1.0,0.5647344468003612,0.5547156929969788,0.12192333692319085
2023-10-10,P016,ER23_Cf_01381,ORCHARD,Cf,Imola,2.4676245526858525,1.3561007198771098,gndvi,0,0.0,,,
2023-10-10,P017,ER23_Cf_00558,ORCHARD,Cf,Castel_Bolognese,6.721753725448916,4.8815691430335795,gndvi,487,0.9976300360202642,0.4124364116108638,0.4178144335746765,0.0974665691168526
2023-10-10,P018,ER23_Cf_00799,ORCHARD,Cf,Castel_Bolognese,3.274499526093191,1.986698681743416,gndvi,198,0.9966282346663975,0.7570622164492655,0.7708910405635834,0.050665280287776386
2023-10-10,P019,ER23_Cf_00966,ORCHARD,Cf,Castel_Bolognese,2.373180075572092,1.3057565462515373,gndvi,132,1.0,0.6202487701719458,0.6244362592697144,0.041954843944712564
2023-10-10,P020,ER23_Cf_00863,ORCHARD,Cf,Castel_Bolognese,5.762025147449255,3.9838281908742994,gndvi,398,0.9990390672762774,0.562653122535303,0.5649645328521729,0.033154029029217776
2023-10-10,P021,ER23_Cf_00873,ORCHARD,Cf,Faenza,3.836071815495797,2.4495404841857016,gndvi,245,1.0,0.30058745979046336,0.300054669380188,0.02624059281013847
2023-10-10,P022,ER23_Cf_00987,ORCHARD,Cf,Faenza,4.024655263071004,2.571818079338909,gndvi,256,0.9954047763199693,0.7390541324857622,0.7389974296092987,0.012582690372672914
2023-10-10,P023,ER23_Cf_00421,ORCHARD,Cf,Faenza,2.6219618089434995,1.4711440486604825,gndvi,148,1.0,0.6467289078880001,0.6506824791431427,0.027520242475315558
2023-10-10,P024,ER23_Cf_00622,ORCHARD,Cf,Faenza,2.3327174916669415,1.2599808495088698,gndvi,125,0.9920785704697335,0.6109952607154846,0.6139441132545471,0.030661631507735067
2023-10-10,P025,ER23_Co_01673,OLIVE,Co,Imola,3.4232291050089114,1.9150729844597532,gndvi,191,0.9973510229109183,0.6950164730636237,0.7073644995689392,0.055132822478814916
2023-10-10,P026,ER23_Co_01678,OLIVE,Co,Imola,2.502426104003195,1.1815758805827754,gndvi,120,1.0,0.4852769307792187,0.4558601379394531,0.09989329684283077
2023-10-10,P027,ER23_Co_01687,OLIVE,Co,Imola,7.479631106839761,4.765880858111484,gndvi,479,1.0,0.5353601533834024,0.5444326400756836,0.07286515754678655
2023-10-10,P028,ER23_Co_01757,OLIVE,Co,Imola,7.150680899554923,4.328583603126005,gndvi,435,1.0,0.44093947211901346,0.4262072741985321,0.048033814979113604
2023-10-10,P029,ER23_Co_01677,OLIVE,Co,Castel_Bolognese,2.341064414099507,1.2327611211807428,gndvi,121,0.9815364706189452,0.6897456641039572,0.6934131979942322,0.0199975926482934
2023-10-10,P030,ER23_Co_01628,OLIVE,Co,Castel_Bolognese,2.045965560799921,0.8616854169272335,gndvi,86,0.9980440461285237,0.6310784712780354,0.6289003491401672,0.042055509977437136
2023-10-10,P031,ER23_Co_01631,OLIVE,Co,Castel_Bolognese,2.204944024653293,0.8498648283629534,gndvi,87,1.0,0.5485481876751472,0.5105224847793579,0.09539637717406006
2023-10-10,P032,ER23_Co_01623,OLIVE,Co,Faenza,3.027991669921379,1.8067331179867738,gndvi,186,1.0,0.4438968571603939,0.4442204535007477,0.03735142837031777
2023-10-10,P033,ER23_Co_01630,OLIVE,Co,Faenza,3.062396213947536,1.810513599398476,gndvi,184,1.0,0.4072669441609279,0.40838123857975006,0.040036102641648905
2023-10-10,P034,ER23_Co_01570,OLIVE,Co,Faenza,3.1006374545112183,1.8238712197133842,gndvi,184,1.0,0.6407264615206615,0.5974712073802948,0.10211782873350628
2023-10-10,P035,ER23_Co_01529,OLIVE,Co,Faenza,5.001460487246888,3.297137421456931,gndvi,331,1.0,0.4715245618200734,0.459748238325119,0.1393041807785026
2023-10-10,P036,ER23_Sn_05064,ANNUAL,Sn,Imola,3.2307727774316275,1.9843605238570365,gndvi,198,0.9978025546242167,0.2323601215776771,0.23483365774154663,0.03487490809048827
2023-10-10,P037,ER23_Sn_04952,ANNUAL,Sn,Imola,3.0013772307440765,1.77998878845148,gndvi,179,1.0,0.40767709919194267,0.4162726104259491,0.04425994306357967
2023-10-10,P038,ER23_Sn_05110,ANNUAL,Sn,Imola,2.8567546815944893,1.6633032750356371,gndvi,166,0.9980140272160731,0.15333911614963808,0.15440437197685242,0.013133772283363014
2023-10-10,P039,ER23_Sn_05044,ANNUAL,Sn,Imola,5.4145980874217425,3.6919313708525134,gndvi,369,0.9994768670761972,0.3874665712761039,0.37958279252052307,0.049415148811347384
2023-10-10,P040,ER23_Se_03693,ANNUAL,Se,Castel_Bolognese,2.662850462089826,1.5247924967245798,gndvi,153,1.0,0.5223438562520968,0.5226035118103027,0.018621148365514553
2023-10-10,P041,ER23_Se_04187,ANNUAL,Se,Castel_Bolognese,2.581234154015185,1.4654585177199049,gndvi,148,1.0,0.2419692930337545,0.23199914395809174,0.029114785486557337
2023-10-10,P042,ER23_Se_03822,ANNUAL,Se,Castel_Bolognese,3.831353940655137,2.428693267176382,gndvi,244,1.0,0.38305341104259255,0.34737615287303925,0.13447164122626687
2023-10-10,P043,ER23_Se_04295,ANNUAL,Se,Castel_Bolognese,5.18079207126424,3.5177944746824332,gndvi,352,1.0,0.2630609404295683,0.25816063582897186,0.026617343525134833
2023-10-10,P044,ER23_Se_03169,ANNUAL,Se,Faenza,2.8292499485748284,1.6610601958768552,gndvi,164,0.9873212325904073,0.21958921086497424,0.2171715497970581,0.04064044832443115
2023-10-10,P045,ER23_Se_03685,ANNUAL,Se,Faenza,3.941500902698074,2.5206803329840266,gndvi,252,0.9997300994596084,0.3053989229457719,0.30339156091213226,0.015695728440763695
2023-10-10,P046,ER23_Se_03535,ANNUAL,Se,Faenza,2.7562816442083613,1.5921051212000719,gndvi,160,1.0,0.4950466202571988,0.4972553253173828,0.03287102038765932
2023-10-10,P047,ER23_Se_03928,ANNUAL,Se,Faenza,3.734136266688578,2.3432589230863856,gndvi,235,1.0,0.18070669554649516,0.17688952386379242,0.017308213347352927
