id,datetime,cloud_cover,mgrs_tile,platform,assets
S2B_T32TQP_20230105T100317_L2A,2023-01-05 10:08:40.749000+00:00,60.890323,,sentinel-2b,"{""red"": ""https://e84-earth-search-sentinel-data.s3.us-west-2.amazonaws.com/sentinel-2-c1-l2a/32/T/QP/2023/1/S2B_T32TQP_20230105T100317_L2A/B04.tif"", ""green"": ""https://e84-earth-search-sentinel-data.s3.us-west-2.amazonaws.com/sentinel-2-c1-l2a/32/T/QP/2023/1/S2B_T32TQP_20230105T100317_L2A/B03.tif"", ""blue"": ""https://e84-earth-search-sentinel-data.s3.us-west-2.amazonaws.com/sentinel-2-c1-l2a/32/T/QP/2023/1/S2B_T32TQP_20230105T100317_L2A/B02.tif"", ""visual"": ""https://e84-earth-search-sentinel-data.s3.us-west-2.amazonaws.com/sentinel-2-c1-l2a/32/T/QP/2023/1/S2B_T32TQP_20230105T100317_L2A/TCI.tif"", ""nir"": ""https://e84-earth-search-sentinel-data.s3.us-west-2.amazonaws.com/sentinel-2-c1-l2a/32/T/QP/2023/1/S2B_T32TQP_20230105T100317_L2A/B08.tif"", ""swir22"": ""https://e84-earth-search-sentinel-data.s3.us-west-2.amazonaws.com/sentinel-2-c1-l2a/32/T/QP/2023/1/S2B_T32TQP_20230105T100317_L2A/B12.tif"", ""rededge2"": ""https://e84-earth-search-sentinel-data.s3.us-west-2.amazonaws.com/sentinel-2-c1-l2a/32/T/QP/2023/1/S2B_T32TQP_20230105T100317_L2A/B06.tif"", ""rededge3"": ""https://e84-earth-search-sentinel-data.s3.us-west-2.amazonaws.com/sentinel-2-c1-l2a/32/T/QP/2023/1/S2B_T32TQP_20230105T100317_L2A/B07.tif"", ""rededge1"": ""https://e84-earth-search-sentinel-data.s3.us-west-2.amazonaws.com/sentinel-2-c1-l2a/32/T/QP/2023/1/S2B_T32TQP_20230105T100317_L2A/B05.tif"", ""swir16"": ""https://e84-earth-search-sentinel-data.s3.us-west-2.amazonaws.com/sentinel-2-c1-l2a/32/T/QP/2023/1/S2B_T32TQP_20230105T100317_L2A/B11.tif"", ""wvp"": ""https://e84-earth-search-sentinel-data.s3.us-west-2.amazonaws.com/sentinel-2-c1-l2a/32/T/QP/2023/1/S2B_T32TQP_20230105T100317_L2A/WVP.tif"", ""nir08"": ""https://e84-earth-search-sentinel-data.s3.us-west-2.amazonaws.com/sentinel-2-c1-l2a/32/T/QP/2023/1/S2B_T32TQP_20230105T100317_L2A/B8A.tif"", ""scl"": ""https://e84-earth-search-sentinel-data.s3.us-west-2.amazonaws.com/sentinel-2-c1-l2a/32/T/QP/2023/1/S2B_T32TQP_20230105T100317_L2A/SCL.tif"", ""aot"": ""https://e84-earth-search-sentinel-data.s3.us-west-2.amazonaws.com/sentinel-2-c1-l2a/32/T/QP/2023/1/S2B_T32TQP_20230105T100317_L2A/AOT.tif"", ""coastal"": ""https://e84-earth-search-sentinel-data.s3.us-west-2.amazonaws.com/sentinel-2-c1-l2a/32/T/QP/2023/1/S2B_T32TQP_20230105T100317_L2A/B01.tif"", ""nir09"": ""https://e84-earth-search-sentinel-data.s3.us-west-2.amazonaws.com/sentinel-2-c1-l2a/32/T/QP/2023/1/S2B_T32TQP_20230105T100317_L2A/B09.tif"", ""cloud"": ""https://e84-earth-search-sentinel-data.s3.us-west-2.amazonaws.com/sentinel-2-c1-l2a/32/T/QP/2023/1/S2B_T32TQP_20230105T100317_L2A/CLD_20m.tif"", ""snow"": ""https://e84-earth-search-sentinel-data.s3.us-west-2.amazonaws.com/sentinel-2-c1-l2a/32/T/QP/2023/1/S2B_T32TQP_20230105T100317_L2A/SNW_20m.tif"", ""preview"": ""https://e84-earth-search-sentinel-data.s3.us-west-2.amazonaws.com/sentinel-2-c1-l2a/32/T/QP/2023/1/S2B_T32TQP_20230105T100317_L2A/L2A_PVI.tif"", ""granule_metadata"": ""https://e84-earth-search-sentinel-data.s3.us-west-2.amazonaws.com/sentinel-2-c1-l2a/32/T/QP/2023/1/S2B_T32TQP_20230105T100317_L2A/metadata.xml"", ""tileinfo_metadata"": ""https://e84-earth-search-sentinel-data.s3.us-west-2.amazonaws.com/sentinel-2-c1-l2a/32/T/QP/2023/1/S2B_T32TQP_20230105T100317_L2A/tileInfo.json"", ""product_metadata"": ""https://e84-earth-search-sentinel-data.s3.us-west-2.amazonaws.com/sentinel-2-c1-l2a/32/T/QP/2023/1/S2B_T32TQP_20230105T100317_L2A/product_metadata.xml"", ""thumbnail"": ""https://e84-earth-search-sentinel-data.s3.us-west-2.amazonaws.com/sentinel-2-c1-l2a/32/T/QP/2023/1/S2B_T32TQP_20230105T100317_L2A/L2A_PVI.jpg""}"
S2A_T32TQQ_20230110T100611_L2A,2023-01-10 10:08:26.405000+00:00,0.023186,,sentinel-2a,"{""red"": ""https://e84-earth-search-sentinel-data.s3.us-west-2.amazonaws.com/sentinel-2-c1-l2a/32/T/QQ/2023/1/S2A_T32TQQ_20230110T100611_L2A/B04.tif"", ""green"": ""https://e84-earth-search-sentinel-data.s3.us-west-2.amazonaws.com/sentinel-2-c1-l2a/32/T/QQ/2023/1/S2A_T32TQQ_20230110T100611_L2A/B03.tif"", ""blue"": ""https://e84-earth-search-sentinel-data.s3.us-west-2.amazonaws.com/sentinel-2-c1-l2a/32/T/QQ/2023/1/S2A_T32TQQ_20230110T100611_L2A/B02.tif"", ""visual"": ""https://e84-earth-search-sentinel-data.s3.us-west-2.amazonaws.com/sentinel-2-c1-l2a/32/T/QQ/2023/1/S2A_T32TQQ_20230110T100611_L2A/TCI.tif"", ""nir"": ""https://e84-earth-search-sentinel-data.s3.us-west-2.amazonaws.com/sentinel-2-c1-l2a/32/T/QQ/2023/1/S2A_T32TQQ_20230110T100611_L2A/B08.tif"", ""swir22"": ""https://e84-earth-search-sentinel-data.s3.us-west-2.amazonaws.com/sentinel-2-c1-l2a/32/T/QQ/2023/1/S2A_T32TQQ_20230110T100611_L2A/B12.tif"", ""rededge2"": ""https://e84-earth-search-sentinel-data.s3.us-west-2.amazonaws.com/sentinel-2-c1-l2a/32/T/QQ/2023/1/S2A_T32TQQ_20230110T100611_L2A/B06.tif"", ""rededge3"": ""https://e84-earth-search-sentinel-data.s3.us-west-2.amazonaws.com/sentinel-2-c1-l2a/32/T/QQ/2023/1/S2A_T32TQQ_20230110T100611_L2A/B07.tif"", ""rededge1"": ""https://e84-earth-search-sentinel-data.s3.us-west-2.amazonaws.com/sentinel-2-c1-l2a/32/T/QQ/2023/1/S2A_T32TQQ_20230110T100611_L2A/B05.tif"", ""swir16"": ""https://e84-earth-search-sentinel-data.s3.us-west-2.amazonaws.com/sentinel-2-c1-l2a/32/T/QQ/2023/1/S2A_T32TQQ_20230110T100611_L2A/B11.tif"", ""wvp"": ""https://e84-earth-search-sentinel-data.s3.us-west-2.amazonaws.com/sentinel-2-c1-l2a/32/T/QQ/2023/1/S2A_T32TQQ_20230110T100611_L2A/WVP.tif"", ""nir08"": ""https://e84-earth-search-sentinel-data.s3.us-west-2.amazonaws.com/sentinel-2-c1-l2a/32/T/QQ/2023/1/S2A_T32TQQ_20230110T100611_L2A/B8A.tif"", ""scl"": ""https://e84-earth-search-sentinel-data.s3.us-west-2.amazonaws.com/sentinel-2-c1-l2a/32/T/QQ/2023/1/S2A_T32TQQ_20230110T100611_L2A/SCL.tif"", ""aot"": ""https://e84-earth-search-sentinel-data.s3.us-west-2.amazonaws.com/sentinel-2-c1-l2a/32/T/QQ/2023/1/S2A_T32TQQ_20230110T100611_L2A/AOT.tif"", ""coastal"": ""https://e84-earth-search-sentinel-data.s3.us-west-2.amazonaws.com/sentinel-2-c1-l2a/32/T/QQ/2023/1/S2A_T32TQQ_20230110T100611_L2A/B01.tif"", ""nir09"": ""https://e84-earth-search-sentinel-data.s3.us-west-2.amazonaws.com/sentinel-2-c1-l2a/32/T/QQ/2023/1/S2A_T32TQQ_20230110T100611_L2A/B09.tif"", ""cloud"": ""https://e84-earth-search-sentinel-data.s3.us-west-2.amazonaws.com/sentinel-2-c1-l2a/32/T/QQ/2023/1/S2A_T32TQQ_20230110T100611_L2A/CLD_20m.tif"", ""snow"": ""https://e84-earth-search-sentinel-data.s3.us-west-2.amazonaws.com/sentinel-2-c1-l2a/32/T/QQ/2023/1/S2A_T32TQQ_20230110T100611_L2A/SNW_20m.tif"", ""preview"": ""https://e84-earth-search-sentinel-data.s3.us-west-2.amazonaws.com/sentinel-2-c1-l2a/32/T/QQ/2023/1/S2A_T32TQQ_20230110T100611_L2A/L2A_PVI.tif"", ""granule_metadata"": ""https://e84-earth-search-sentinel-data.s3.us-west-2.amazonaws.com/sentinel-2-c1-l2a/32/T/QQ/2023/1/S2A_T32TQQ_20230110T100611_L2A/metadata.xml"", ""tileinfo_metadata"": ""https://e84-earth-search-sentinel-data.s3.us-west-2.amazonaws.com/sentinel-2-c1-l2a/32/T/QQ/2023/1/S2A_T32TQQ_20230110T100611_L2A/tileInfo.json"", ""product_metadata"": ""https://e84-earth-search-sentinel-data.s3.us-west-2.amazonaws.com/sentinel-2-c1-l2a/32/T/QQ/2023/1/S2A_T32TQQ_20230110T100611_L2A/product_metadata.xml"", ""thumbnail"": ""https://e84-earth-search-sentinel-data.s3.us-west-2.amazonaws.com/sentinel-2-c1-l2a/32/T/QQ/2023/1/S2A_T32TQQ_20230110T100611_L2A/L2A_PVI.jpg""}"
S2A_T32TQP_20230110T100611_L2A,2023-01-10 10:08:41.128000+00:00,3.778631,,sentinel-2a,"{""red"": ""https://e84-earth-search-sentinel-data.s3.us-west-2.amazonaws.com/sentinel-2-c1-l2a/32/T/QP/2023/1/S2A_T32TQP_20230110T100611_L2A/B04.tif"", ""green"": ""https://e84-earth-search-sentinel-data.s3.us-west-2.amazonaws.com/sentinel-2-c1-l2a/32/T/QP/2023/1/S2A_T32TQP_20230110T100611_L2A/B03.tif"", ""blue"": ""https://e84-earth-search-sentinel-data.s3.us-west-2.amazonaws.com/sentinel-2-c1-l2a/32/T/QP/2023/1/S2A_T32TQP_20230110T100611_L2A/B02.tif"", ""visual"": ""https://e84-earth-search-sentinel-data.s3.us-west-2.amazonaws.com/sentinel-2-c1-l2a/32/T/QP/2023/1/S2A_T32TQP_20230110T100611_L2A/TCI.tif"", ""nir"": ""https://e84-earth-search-sentinel-data.s3.us-west-2.amazonaws.com/sentinel-2-c1-l2a/32/T/QP/2023/1/S2A_T32TQP_20230110T100611_L2A/B08.tif"", ""swir22"": ""https://e84-earth-search-sentinel-data.s3.us-west-2.amazonaws.com/sentinel-2-c1-l2a/32/T/QP/2023/1/S2A_T32TQP_20230110T100611_L2A/B12.tif"", ""rededge2"": ""https://e84-earth-search-sentinel-data.s3.us-west-2.amazonaws.com/sentinel-2-c1-l2a/32/T/QP/2023/1/S2A_T32TQP_20230110T100611_L2A/B06.tif"", ""rededge3"": ""https://e84-earth-search-sentinel-data.s3.us-west-2.amazonaws.com/sentinel-2-c1-l2a/32/T/QP/2023/1/S2A_T32TQP_20230110T100611_L2A/B07.tif"", ""rededge1"": ""https://e84-earth-search-sentinel-data.s3.us-west-2.amazonaws.com/sentinel-2-c1-l2a/32/T/QP/2023/1/S2A_T32TQP_20230110T100611_L2A/B05.tif"", ""swir16"": ""https://e84-earth-search-sentinel-data.s3.us-west-2.amazonaws.com/sentinel-2-c1-l2a/32/T/QP/2023/1/S2A_T32TQP_20230110T100611_L2A/B11.tif"", ""wvp"": ""https://e84-earth-search-sentinel-data.s3.us-west-2.amazonaws.com/sentinel-2-c1-l2a/32/T/QP/2023/1/S2A_T32TQP_20230110T100611_L2A/WVP.tif"", ""nir08"": ""https://e84-earth-search-sentinel-data.s3.us-west-2.amazonaws.com/sentinel-2-c1-l2a/32/T/QP/2023/1/S2A_T32TQP_20230110T100611_L2A/B8A.tif"", ""scl"": ""https://e84-earth-search-sentinel-data.s3.us-west-2.amazonaws.com/sentinel-2-c1-l2a/32/T/QP/2023/1/S2A_T32TQP_20230110T100611_L2A/SCL.tif"", ""aot"": ""https://e84-earth-search-sentinel-data.s3.us-west-2.amazonaws.com/sentinel-2-c1-l2a/32/T/QP/2023/1/S2A_T32TQP_20230110T100611_L2A/AOT.tif"", ""coastal"": ""https://e84-earth-search-sentinel-data.s3.us-west-2.amazonaws.com/sentinel-2-c1-l2a/32/T/QP/2023/1/S2A_T32TQP_20230110T100611_L2A/B01.tif"", ""nir09"": ""https://e84-earth-search-sentinel-data.s3.us-west-2.amazonaws.com/sentinel-2-c1-l2a/32/T/QP/2023/1/S2A_T32TQP_20230110T100611_L2A/B09.tif"", ""cloud"": ""https://e84-earth-search-sentinel-data.s3.us-west-2.amazonaws.com/sentinel-2-c1-l2a/32/T/QP/2023/1/S2A_T32TQP_20230110T100611_L2A/CLD_20m.tif"", ""snow"": ""https://e84-earth-search-sentinel-data.s3.us-west-2.amazonaws.com/sentinel-2-c1-l2a/32/T/QP/2023/1/S2A_T32TQP_20230110T100611_L2A/SNW_20m.tif"", ""preview"": ""https://e84-earth-search-sentinel-data.s3.us-west-2.amazonaws.com/sentinel-2-c1-l2a/32/T/QP/2023/1/S2A_T32TQP_20230110T100611_L2A/L2A_PVI.tif"", ""granule_metadata"": ""https://e84-earth-search-sentinel-data.s3.us-west-2.amazonaws.com/sentinel-2-c1-l2a/32/T/QP/2023/1/S2A_T32TQP_20230110T100611_L2A/metadata.xml"", ""tileinfo_metadata"": ""https://e84-earth-search-sentinel-data.s3.us-west-2.amazonaws.com/sentinel-2-c1-l2a/32/T/QP/2023/1/S2A_T32TQP_20230110T100611_L2A/tileInfo.json"", ""product_metadata"": ""https://e84-earth-search-sentinel-data.s3.us-west-2.amazonaws.com/sentinel-2-c1-l2a/32/T/QP/2023/1/S2A_T32TQP_20230110T100611_L2A/product_metadata.xml"", ""thumbnail"": ""https://e84-earth-search-sentinel-data.s3.us-west-2.amazonaws.com/sentinel-2-c1-l2a/32/T/QP/2023/1/S2A_T32TQP_20230110T100611_L2A/L2A_PVI.jpg""}"
S2A_T32TQP_20230120T100347_L2A,2023-01-20 10:08:37.753000+00:00,64.928669,,sentinel-2a,"{""red"": ""https://e84-earth-search-sentinel-data.s3.us-west-2.amazonaws.com/sentinel-2-c1-l2a/32/T/QP/2023/1/S2A_T32TQP_20230120T100347_L2A/B04.tif"", ""green"": ""https://e84-earth-search-sentinel-data.s3.us-west-2.amazonaws.com/sentinel-2-c1-l2a/32/T/QP/2023/1/S2A_T32TQP_20230120T100347_L2A/B03.tif"", ""blue"": ""https://e84-earth-search-sentinel-data.s3.us-west-2.amazonaws.com/sentinel-2-c1-l2a/32/T/QP/2023/1/S2A_T32TQP_20230120T100347_L2A/B02.tif"", ""visual"": ""https://e84-earth-search-sentinel-data.s3.us-west-2.amazonaws.com/sentinel-2-c1-l2a/32/T/QP/2023/1/S2A_T32TQP_20230120T100347_L2A/TCI.tif"", ""nir"": ""https://e84-earth-search-sentinel-data.s3.us-west-2.amazonaws.com/sentinel-2-c1-l2a/32/T/QP/2023/1/S2A_T32TQP_20230120T100347_L2A/B08.tif"", ""swir22"": ""https://e84-earth-search-sentinel-data.s3.us-west-2.amazonaws.com/sentinel-2-c1-l2a/32/T/QP/2023/1/S2A_T32TQP_20230120T100347_L2A/B12.tif"", ""rededge2"": ""https://e84-earth-search-sentinel-data.s3.us-west-2.amazonaws.com/sentinel-2-c1-l2a/32/T/QP/2023/1/S2A_T32TQP_20230120T100347_L2A/B06.tif"", ""rededge3"": ""https://e84-earth-search-sentinel-data.s3.us-west-2.amazonaws.com/sentinel-2-c1-l2a/32/T/QP/2023/1/S2A_T32TQP_20230120T100347_L2A/B07.tif"", ""rededge1"": ""https://e84-earth-search-sentinel-data.s3.us-west-2.amazonaws.com/sentinel-2-c1-l2a/32/T/QP/2023/1/S2A_T32TQP_20230120T100347_L2A/B05.tif"", ""swir16"": ""https://e84-earth-search-sentinel-data.s3.us-west-2.amazonaws.com/sentinel-2-c1-l2a/32/T/QP/2023/1/S2A_T32TQP_20230120T100347_L2A/B11.tif"", ""wvp"": ""https://e84-earth-search-sentinel-data.s3.us-west-2.amazonaws.com/sentinel-2-c1-l2a/32/T/QP/2023/1/S2A_T32TQP_20230120T100347_L2A/WVP.tif"", ""nir08"": ""https://e84-earth-search-sentinel-data.s3.us-west-2.amazonaws.com/sentinel-2-c1-l2a/32/T/QP/2023/1/S2A_T32TQP_20230120T100347_L2A/B8A.tif"", ""scl"": ""https://e84-earth-search-sentinel-data.s3.us-west-2.amazonaws.com/sentinel-2-c1-l2a/32/T/QP/2023/1/S2A_T32TQP_20230120T100347_L2A/SCL.tif"", ""aot"": ""https://e84-earth-search-sentinel-data.s3.us-west-2.amazonaws.com/sentinel-2-c1-l2a/32/T/QP/2023/1/S2A_T32TQP_20230120T100347_L2A/AOT.tif"", ""coastal"": ""https://e84-earth-search-sentinel-data.s3.us-west-2.amazonaws.com/sentinel-2-c1-l2a/32/T/QP/2023/1/S2A_T32TQP_20230120T100347_L2A/B01.tif"", ""nir09"": ""https://e84-earth-search-sentinel-data.s3.us-west-2.amazonaws.com/sentinel-2-c1-l2a/32/T/QP/2023/1/S2A_T32TQP_20230120T100347_L2A/B09.tif"", ""cloud"": ""https://e84-earth-search-sentinel-data.s3.us-west-2.amazonaws.com/sentinel-2-c1-l2a/32/T/QP/2023/1/S2A_T32TQP_20230120T100347_L2A/CLD_20m.tif"", ""snow"": ""https://e84-earth-search-sentinel-data.s3.us-west-2.amazonaws.com/sentinel-2-c1-l2a/32/T/QP/2023/1/S2A_T32TQP_20230120T100347_L2A/SNW_20m.tif"", ""preview"": ""https://e84-earth-search-sentinel-data.s3.us-west-2.amazonaws.com/sentinel-2-c1-l2a/32/T/QP/2023/1/S2A_T32TQP_20230120T100347_L2A/L2A_PVI.tif"", ""granule_metadata"": ""https://e84-earth-search-sentinel-data.s3.us-west-2.amazonaws.com/sentinel-2-c1-l2a/32/T/QP/2023/1/S2A_T32TQP_20230120T100347_L2A/metadata.xml"", ""tileinfo_metadata"": ""https://e84-earth-search-sentinel-data.s3.us-west-2.amazonaws.com/sentinel-2-c1-l2a/32/T/QP/2023/1/S2A_T32TQP_20230120T100347_L2A/tileInfo.json"", ""product_metadata"": ""https://e84-earth-search-sentinel-data.s3.us-west-2.amazonaws.com/sentinel-2-c1-l2a/32/T/QP/2023/1/S2A_T32TQP_20230120T100347_L2A/product_metadata.xml"", ""thumbnail"": ""https://e84-earth-search-sentinel-data.s3.us-west-2.amazonaws.com/sentinel-2-c1-l2a/32/T/QP/2023/1/S2A_T32TQP_20230120T100347_L2A/L2A_PVI.jpg""}"
S2B_T32TQQ_20230125T100209_L2A,2023-01-25 10:08:26.048000+00:00,27.689943,,sentinel-2b,"{""red"": ""https://e84-earth-search-sentinel-data.s3.us-west-2.amazonaws.com/sentinel-2-c1-l2a/32/T/QQ/2023/1/S2B_T32TQQ_20230125T100209_L2A/B04.tif"", ""green"": ""https://e84-earth-search-sentinel-data.s3.us-west-2.amazonaws.com/sentinel-2-c1-l2a/32/T/QQ/2023/1/S2B_T32TQQ_20230125T100209_L2A/B03.tif"", ""blue"": ""https://e84-earth-search-sentinel-data.s3.us-west-2.amazonaws.com/sentinel-2-c1-l2a/32/T/QQ/2023/1/S2B_T32TQQ_20230125T100209_L2A/B02.tif"", ""visual"": ""https://e84-earth-search-sentinel-data.s3.us-west-2.amazonaws.com/sentinel-2-c1-l2a/32/T/QQ/2023/1/S2B_T32TQQ_20230125T100209_L2A/TCI.tif"", ""nir"": ""https://e84-earth-search-sentinel-data.s3.us-west-2.amazonaws.com/sentinel-2-c1-l2a/32/T/QQ/2023/1/S2B_T32TQQ_20230125T100209_L2A/B08.tif"", ""swir22"": ""https://e84-earth-search-sentinel-data.s3.us-west-2.amazonaws.com/sentinel-2-c1-l2a/32/T/QQ/2023/1/S2B_T32TQQ_20230125T100209_L2A/B12.tif"", ""rededge2"": ""https://e84-earth-search-sentinel-data.s3.us-west-2.amazonaws.com/sentinel-2-c1-l2a/32/T/QQ/2023/1/S2B_T32TQQ_20230125T100209_L2A/B06.tif"", ""rededge3"": ""https://e84-earth-search-sentinel-data.s3.us-west-2.amazonaws.com/sentinel-2-c1-l2a/32/T/QQ/2023/1/S2B_T32TQQ_20230125T100209_L2A/B07.tif"", ""rededge1"": ""https://e84-earth-search-sentinel-data.s3.us-west-2.amazonaws.com/sentinel-2-c1-l2a/32/T/QQ/2023/1/S2B_T32TQQ_20230125T100209_L2A/B05.tif"", ""swir16"": ""https://e84-earth-search-sentinel-data.s3.us-west-2.amazonaws.com/sentinel-2-c1-l2a/32/T/QQ/2023/1/S2B_T32TQQ_20230125T100209_L2A/B11.tif"", ""wvp"": ""https://e84-earth-search-sentinel-data.s3.us-west-2.amazonaws.com/sentinel-2-c1-l2a/32/T/QQ/2023/1/S2B_T32TQQ_20230125T100209_L2A/WVP.tif"", ""nir08"": ""https://e84-earth-search-sentinel-data.s3.us-west-2.amazonaws.com/sentinel-2-c1-l2a/32/T/QQ/2023/1/S2B_T32TQQ_20230125T100209_L2A/B8A.tif"", ""scl"": ""https://e84-earth-search-sentinel-data.s3.us-west-2.amazonaws.com/sentinel-2-c1-l2a/32/T/QQ/2023/1/S2B_T32TQQ_20230125T100209_L2A/SCL.tif"", ""aot"": ""https://e84-earth-search-sentinel-data.s3.us-west-2.amazonaws.com/sentinel-2-c1-l2a/32/T/QQ/2023/1/S2B_T32TQQ_20230125T100209_L2A/AOT.tif"", ""coastal"": ""https://e84-earth-search-sentinel-data.s3.us-west-2.amazonaws.com/sentinel-2-c1-l2a/32/T/QQ/2023/1/S2B_T32TQQ_20230125T100209_L2A/B01.tif"", ""nir09"": ""https://e84-earth-search-sentinel-data.s3.us-west-2.amazonaws.com/sentinel-2-c1-l2a/32/T/QQ/2023/1/S2B_T32TQQ_20230125T100209_L2A/B09.tif"", ""cloud"": ""https://e84-earth-search-sentinel-data.s3.us-west-2.amazonaws.com/sentinel-2-c1-l2a/32/T/QQ/2023/1/S2B_T32TQQ_20230125T100209_L2A/CLD_20m.tif"", ""snow"": ""https://e84-earth-search-sentinel-data.s3.us-west-2.amazonaws.com/sentinel-2-c1-l2a/32/T/QQ/2023/1/S2B_T32TQQ_20230125T100209_L2A/SNW_20m.tif"", ""preview"": ""https://e84-earth-search-sentinel-data.s3.us-west-2.amazonaws.com/sentinel-2-c1-l2a/32/T/QQ/2023/1/S2B_T32TQQ_20230125T100209_L2A/L2A_PVI.tif"", ""granule_metadata"": ""https://e84-earth-search-sentinel-data.s3.us-west-2.amazonaws.com/sentinel-2-c1-l2a/32/T/QQ/2023/1/S2B_T32TQQ_20230125T100209_L2A/metadata.xml"", ""tileinfo_metadata"": ""https://e84-earth-search-sentinel-data.s3.us-west-2.amazonaws.com/sentinel-2-c1-l2a/32/T/QQ/2023/1/S2B_T32TQQ_20230125T100209_L2A/tileInfo.json"", ""product_metadata"": ""https://e84-earth-search-sentinel-data.s3.us-west-2.amazonaws.com/sentinel-2-c1-l2a/32/T/QQ/2023/1/S2B_T32TQQ_20230125T100209_L2A/product_metadata.xml"", ""thumbnail"": ""https://e84-earth-search-sentinel-data.s3.us-west-2.amazonaws.com/sentinel-2-c1-l2a/32/T/QQ/2023/1/S2B_T32TQQ_20230125T100209_L2A/L2A_PVI.jpg""}"
S2B_T32TQQ_20230128T101159_L2A,2023-01-28 10:18:22.701000+00:00,40.125453,,sentinel-2b,"{""red"": ""https://e84-earth-search-sentinel-data.s3.us-west-2.amazonaws.com/sentinel-2-c1-l2a/32/T/QQ/2023/1/S2B_T32TQQ_20230128T101159_L2A/B04.tif"", ""green"": ""https://e84-earth-search-sentinel-data.s3.us-west-2.amazonaws.com/sentinel-2-c1-l2a/32/T/QQ/2023/1/S2B_T32TQQ_20230128T101159_L2A/B03.tif"", ""blue"": ""https://e84-earth-search-sentinel-data.s3.us-west-2.amazonaws.com/sentinel-2-c1-l2a/32/T/QQ/2023/1/S2B_T32TQQ_20230128T101159_L2A/B02.tif"", ""visual"": ""https://e84-earth-search-sentinel-data.s3.us-west-2.amazonaws.com/sentinel-2-c1-l2a/32/T/QQ/2023/1/S2B_T32TQQ_20230128T101159_L2A/TCI.tif"", ""nir"": ""https://e84-earth-search-sentinel-data.s3.us-west-2.amazonaws.com/sentinel-2-c1-l2a/32/T/QQ/2023/1/S2B_T32TQQ_20230128T101159_L2A/B08.tif"", ""swir22"": ""https://e84-earth-search-sentinel-data.s3.us-west-2.amazonaws.com/sentinel-2-c1-l2a/32/T/QQ/2023/1/S2B_T32TQQ_20230128T101159_L2A/B12.tif"", ""rededge2"": ""https://e84-earth-search-sentinel-data.s3.us-west-2.amazonaws.com/sentinel-2-c1-l2a/32/T/QQ/2023/1/S2B_T32TQQ_20230128T101159_L2A/B06.tif"", ""rededge3"": ""https://e84-earth-search-sentinel-data.s3.us-west-2.amazonaws.com/sentinel-2-c1-l2a/32/T/QQ/2023/1/S2B_T32TQQ_20230128T101159_L2A/B07.tif"", ""rededge1"": ""https://e84-earth-search-sentinel-data.s3.us-west-2.amazonaws.com/sentinel-2-c1-l2a/32/T/QQ/2023/1/S2B_T32TQQ_20230128T101159_L2A/B05.tif"", ""swir16"": ""https://e84-earth-search-sentinel-data.s3.us-west-2.amazonaws.com/sentinel-2-c1-l2a/32/T/QQ/2023/1/S2B_T32TQQ_20230128T101159_L2A/B11.tif"", ""wvp"": ""https://e84-earth-search-sentinel-data.s3.us-west-2.amazonaws.com/sentinel-2-c1-l2a/32/T/QQ/2023/1/S2B_T32TQQ_20230128T101159_L2A/WVP.tif"", ""nir08"": ""https://e84-earth-search-sentinel-data.s3.us-west-2.amazonaws.com/sentinel-2-c1-l2a/32/T/QQ/2023/1/S2B_T32TQQ_20230128T101159_L2A/B8A.tif"", ""scl"": ""https://e84-earth-search-sentinel-data.s3.us-west-2.amazonaws.com/sentinel-2-c1-l2a/32/T/QQ/2023/1/S2B_T32TQQ_20230128T101159_L2A/SCL.tif"", ""aot"": ""https://e84-earth-search-sentinel-data.s3.us-west-2.amazonaws.com/sentinel-2-c1-l2a/32/T/QQ/2023/1/S2B_T32TQQ_20230128T101159_L2A/AOT.tif"", ""coastal"": ""https://e84-earth-search-sentinel-data.s3.us-west-2.amazonaws.com/sentinel-2-c1-l2a/32/T/QQ/2023/1/S2B_T32TQQ_20230128T101159_L2A/B01.tif"", ""nir09"": ""https://e84-earth-search-sentinel-data.s3.us-west-2.amazonaws.com/sentinel-2-c1-l2a/32/T/QQ/2023/1/S2B_T32TQQ_20230128T101159_L2A/B09.tif"", ""cloud"": ""https://e84-earth-search-sentinel-data.s3.us-west-2.amazonaws.com/sentinel-2-c1-l2a/32/T/QQ/2023/1/S2B_T32TQQ_20230128T101159_L2A/CLD_20m.tif"", ""snow"": ""https://e84-earth-search-sentinel-data.s3.us-west-2.amazonaws.com/sentinel-2-c1-l2a/32/T/QQ/2023/1/S2B_T32TQQ_20230128T101159_L2A/SNW_20m.tif"", ""preview"": ""https://e84-earth-search-sentinel-data.s3.us-west-2.amazonaws.com/sentinel-2-c1-l2a/32/T/QQ/2023/1/S2B_T32TQQ_20230128T101159_L2A/L2A_PVI.tif"", ""granule_metadata"": ""https://e84-earth-search-sentinel-data.s3.us-west-2.amazonaws.com/sentinel-2-c1-l2a/32/T/QQ/2023/1/S2B_T32TQQ_20230128T101159_L2A/metadata.xml"", ""tileinfo_metadata"": ""https://e84-earth-search-sentinel-data.s3.us-west-2.amazonaws.com/sentinel-2-c1-l2a/32/T/QQ/2023/1/S2B_T32TQQ_20230128T101159_L2A/tileInfo.json"", ""product_metadata"": ""https://e84-earth-search-sentinel-data.s3.us-west-2.amazonaws.com/sentinel-2-c1-l2a/32/T/QQ/2023/1/S2B_T32TQQ_20230128T101159_L2A/product_metadata.xml"", ""thumbnail"": ""https://e84-earth-search-sentinel-data.s3.us-west-2.amazonaws.com/sentinel-2-c1-l2a/32/T/QQ/2023/1/S2B_T32TQQ_20230128T101159_L2A/L2A_PVI.jpg""}"
S2B_T32TPQ_20230128T101159_L2A,2023-01-28 10:18:26.143000+00:00,47.141433,,sentinel-2b,"{""red"": ""https://e84-earth-search-sentinel-data.s3.us-west-2.amazonaws.com/sentinel-2-c1-l2a/32/T/PQ/2023/1/S2B_T32TPQ_20230128T101159_L2A/B04.tif"", ""green"": ""https://e84-earth-search-sentinel-data.s3.us-west-2.amazonaws.com/sentinel-2-c1-l2a/32/T/PQ/2023/1/S2B_T32TPQ_20230128T101159_L2A/B03.tif"", ""blue"": ""https://e84-earth-search-sentinel-data.s3.us-west-2.amazonaws.com/sentinel-2-c1-l2a/32/T/PQ/2023/1/S2B_T32TPQ_20230128T101159_L2A/B02.tif"", ""visual"": ""https://e84-earth-search-sentinel-data.s3.us-west-2.amazonaws.com/sentinel-2-c1-l2a/32/T/PQ/2023/1/S2B_T32TPQ_20230128T101159_L2A/TCI.tif"", ""nir"": ""https://e84-earth-search-sentinel-data.s3.us-west-2.amazonaws.com/sentinel-2-c1-l2a/32/T/PQ/2023/1/S2B_T32TPQ_20230128T101159_L2A/B08.tif"", ""swir22"": ""https://e84-earth-search-sentinel-data.s3.us-west-2.amazonaws.com/sentinel-2-c1-l2a/32/T/PQ/2023/1/S2B_T32TPQ_20230128T101159_L2A/B12.tif"", ""rededge2"": ""https://e84-earth-search-sentinel-data.s3.us-west-2.amazonaws.com/sentinel-2-c1-l2a/32/T/PQ/2023/1/S2B_T32TPQ_20230128T101159_L2A/B06.tif"", ""rededge3"": ""https://e84-earth-search-sentinel-data.s3.us-west-2.amazonaws.com/sentinel-2-c1-l2a/32/T/PQ/2023/1/S2B_T32TPQ_20230128T101159_L2A/B07.tif"", ""rededge1"": ""https://e84-earth-search-sentinel-data.s3.us-west-2.amazonaws.com/sentinel-2-c1-l2a/32/T/PQ/2023/1/S2B_T32TPQ_20230128T101159_L2A/B05.tif"", ""swir16"": ""https://e84-earth-search-sentinel-data.s3.us-west-2.amazonaws.com/sentinel-2-c1-l2a/32/T/PQ/2023/1/S2B_T32TPQ_20230128T101159_L2A/B11.tif"", ""wvp"": ""https://e84-earth-search-sentinel-data.s3.us-west-2.amazonaws.com/sentinel-2-c1-l2a/32/T/PQ/2023/1/S2B_T32TPQ_20230128T101159_L2A/WVP.tif"", ""nir08"": ""https://e84-earth-search-sentinel-data.s3.us-west-2.amazonaws.com/sentinel-2-c1-l2a/32/T/PQ/2023/1/S2B_T32TPQ_20230128T101159_L2A/B8A.tif"", ""scl"": ""https://e84-earth-search-sentinel-data.s3.us-west-2.amazonaws.com/sentinel-2-c1-l2a/32/T/PQ/2023/1/S2B_T32TPQ_20230128T101159_L2A/SCL.tif"", ""aot"": ""https://e84-earth-search-sentinel-data.s3.us-west-2.amazonaws.com/sentinel-2-c1-l2a/32/T/PQ/2023/1/S2B_T32TPQ_20230128T101159_L2A/AOT.tif"", ""coastal"": ""https://e84-earth-search-sentinel-data.s3.us-west-2.amazonaws.com/sentinel-2-c1-l2a/32/T/PQ/2023/1/S2B_T32TPQ_20230128T101159_L2A/B01.tif"", ""nir09"": ""https://e84-earth-search-sentinel-data.s3.us-west-2.amazonaws.com/sentinel-2-c1-l2a/32/T/PQ/2023/1/S2B_T32TPQ_20230128T101159_L2A/B09.tif"", ""cloud"": ""https://e84-earth-search-sentinel-data.s3.us-west-2.amazonaws.com/sentinel-2-c1-l2a/32/T/PQ/2023/1/S2B_T32TPQ_20230128T101159_L2A/CLD_20m.tif"", ""snow"": ""https://e84-earth-search-sentinel-data.s3.us-west-2.amazonaws.com/sentinel-2-c1-l2a/32/T/PQ/2023/1/S2B_T32TPQ_20230128T101159_L2A/SNW_20m.tif"", ""preview"": ""https://e84-earth-search-sentinel-data.s3.us-west-2.amazonaws.com/sentinel-2-c1-l2a/32/T/PQ/2023/1/S2B_T32TPQ_20230128T101159_L2A/L2A_PVI.tif"", ""granule_metadata"": ""https://e84-earth-search-sentinel-data.s3.us-west-2.amazonaws.com/sentinel-2-c1-l2a/32/T/PQ/2023/1/S2B_T32TPQ_20230128T101159_L2A/metadata.xml"", ""tileinfo_metadata"": ""https://e84-earth-search-sentinel-data.s3.us-west-2.amazonaws.com/sentinel-2-c1-l2a/32/T/PQ/2023/1/S2B_T32TPQ_20230128T101159_L2A/tileInfo.json"", ""product_metadata"": ""https://e84-earth-search-sentinel-data.s3.us-west-2.amazonaws.com/sentinel-2-c1-l2a/32/T/PQ/2023/1/S2B_T32TPQ_20230128T101159_L2A/product_metadata.xml"", ""thumbnail"": ""https://e84-earth-search-sentinel-data.s3.us-west-2.amazonaws.com/sentinel-2-c1-l2a/32/T/PQ/2023/1/S2B_T32TPQ_20230128T101159_L2A/L2A_PVI.jpg""}"
S2B_T32TQP_20230128T101159_L2A,2023-01-28 10:18:36.959000+00:00,66.912866,,sentinel-2b,"{""red"": ""https://e84-earth-search-sentinel-data.s3.us-west-2.amazonaws.com/sentinel-2-c1-l2a/32/T/QP/2023/1/S2B_T32TQP_20230128T101159_L2A/B04.tif"", ""green"": ""https://e84-earth-search-sentinel-data.s3.us-west-2.amazonaws.com/sentinel-2-c1-l2a/32/T/QP/2023/1/S2B_T32TQP_20230128T101159_L2A/B03.tif"", ""blue"": ""https://e84-earth-search-sentinel-data.s3.us-west-2.amazonaws.com/sentinel-2-c1-l2a/32/T/QP/2023/1/S2B_T32TQP_20230128T101159_L2A/B02.tif"", ""visual"": ""https://e84-earth-search-sentinel-data.s3.us-west-2.amazonaws.com/sentinel-2-c1-l2a/32/T/QP/2023/1/S2B_T32TQP_20230128T101159_L2A/TCI.tif"", ""nir"": ""https://e84-earth-search-sentinel-data.s3.us-west-2.amazonaws.com/sentinel-2-c1-l2a/32/T/QP/2023/1/S2B_T32TQP_20230128T101159_L2A/B08.tif"", ""swir22"": ""https://e84-earth-search-sentinel-data.s3.us-west-2.amazonaws.com/sentinel-2-c1-l2a/32/T/QP/2023/1/S2B_T32TQP_20230128T101159_L2A/B12.tif"", ""rededge2"": ""https://e84-earth-search-sentinel-data.s3.us-west-2.amazonaws.com/sentinel-2-c1-l2a/32/T/QP/2023/1/S2B_T32TQP_20230128T101159_L2A/B06.tif"", ""rededge3"": ""https://e84-earth-search-sentinel-data.s3.us-west-2.amazonaws.com/sentinel-2-c1-l2a/32/T/QP/2023/1/S2B_T32TQP_20230128T101159_L2A/B07.tif"", ""rededge1"": ""https://e84-earth-search-sentinel-data.s3.us-west-2.amazonaws.com/sentinel-2-c1-l2a/32/T/QP/2023/1/S2B_T32TQP_20230128T101159_L2A/B05.tif"", ""swir16"": ""https://e84-earth-search-sentinel-data.s3.us-west-2.amazonaws.com/sentinel-2-c1-l2a/32/T/QP/2023/1/S2B_T32TQP_20230128T101159_L2A/B11.tif"", ""wvp"": ""https://e84-earth-search-sentinel-data.s3.us-west-2.amazonaws.com/sentinel-2-c1-l2a/32/T/QP/2023/1/S2B_T32TQP_20230128T101159_L2A/WVP.tif"", ""nir08"": ""https://e84-earth-search-sentinel-data.s3.us-west-2.amazonaws.com/sentinel-2-c1-l2a/32/T/QP/2023/1/S2B_T32TQP_20230128T101159_L2A/B8A.tif"", ""scl"": ""https://e84-earth-search-sentinel-data.s3.us-west-2.amazonaws.com/sentinel-2-c1-l2a/32/T/QP/2023/1/S2B_T32TQP_20230128T101159_L2A/SCL.tif"", ""aot"": ""https://e84-earth-search-sentinel-data.s3.us-west-2.amazonaws.com/sentinel-2-c1-l2a/32/T/QP/2023/1/S2B_T32TQP_20230128T101159_L2A/AOT.tif"", ""coastal"": ""https://e84-earth-search-sentinel-data.s3.us-west-2.amazonaws.com/sentinel-2-c1-l2a/32/T/QP/2023/1/S2B_T32TQP_20230128T101159_L2A/B01.tif"", ""nir09"": ""https://e84-earth-search-sentinel-data.s3.us-west-2.amazonaws.com/sentinel-2-c1-l2a/32/T/QP/2023/1/S2B_T32TQP_20230128T101159_L2A/B09.tif"", ""cloud"": ""https://e84-earth-search-sentinel-data.s3.us-west-2.amazonaws.com/sentinel-2-c1-l2a/32/T/QP/2023/1/S2B_T32TQP_20230128T101159_L2A/CLD_20m.tif"", ""snow"": ""https://e84-earth-search-sentinel-data.s3.us-west-2.amazonaws.com/sentinel-2-c1-l2a/32/T/QP/2023/1/S2B_T32TQP_20230128T101159_L2A/SNW_20m.tif"", ""preview"": ""https://e84-earth-search-sentinel-data.s3.us-west-2.amazonaws.com/sentinel-2-c1-l2a/32/T/QP/2023/1/S2B_T32TQP_20230128T101159_L2A/L2A_PVI.tif"", ""granule_metadata"": ""https://e84-earth-search-sentinel-data.s3.us-west-2.amazonaws.com/sentinel-2-c1-l2a/32/T/QP/2023/1/S2B_T32TQP_20230128T101159_L2A/metadata.xml"", ""tileinfo_metadata"": ""https://e84-earth-search-sentinel-data.s3.us-west-2.amazonaws.com/sentinel-2-c1-l2a/32/T/QP/2023/1/S2B_T32TQP_20230128T101159_L2A/tileInfo.json"", ""product_metadata"": ""https://e84-earth-search-sentinel-data.s3.us-west-2.amazonaws.com/sentinel-2-c1-l2a/32/T/QP/2023/1/S2B_T32TQP_20230128T101159_L2A/product_metadata.xml"", ""thumbnail"": ""https://e84-earth-search-sentinel-data.s3.us-west-2.amazonaws.com/sentinel-2-c1-l2a/32/T/QP/2023/1/S2B_T32TQP_20230128T101159_L2A/L2A_PVI.jpg""}"
S2B_T32TPP_20230128T101159_L2A,2023-01-28 10:18:40.544000+00:00,51.092333,,sentinel-2b,"{""red"": ""https://e84-earth-search-sentinel-data.s3.us-west-2.amazonaws.com/sentinel-2-c1-l2a/32/T/PP/2023/1/S2B_T32TPP_20230128T101159_L2A/B04.tif"", ""green"": ""https://e84-earth-search-sentinel-data.s3.us-west-2.amazonaws.com/sentinel-2-c1-l2a/32/T/PP/2023/1/S2B_T32TPP_20230128T101159_L2A/B03.tif"", ""blue"": ""https://e84-earth-search-sentinel-data.s3.us-west-2.amazonaws.com/sentinel-2-c1-l2a/32/T/PP/2023/1/S2B_T32TPP_20230128T101159_L2A/B02.tif"", ""visual"": ""https://e84-earth-search-sentinel-data.s3.us-west-2.amazonaws.com/sentinel-2-c1-l2a/32/T/PP/2023/1/S2B_T32TPP_20230128T101159_L2A/TCI.tif"", ""nir"": ""https://e84-earth-search-sentinel-data.s3.us-west-2.amazonaws.com/sentinel-2-c1-l2a/32/T/PP/2023/1/S2B_T32TPP_20230128T101159_L2A/B08.tif"", ""swir22"": ""https://e84-earth-search-sentinel-data.s3.us-west-2.amazonaws.com/sentinel-2-c1-l2a/32/T/PP/2023/1/S2B_T32TPP_20230128T101159_L2A/B12.tif"", ""rededge2"": ""https://e84-earth-search-sentinel-data.s3.us-west-2.amazonaws.com/sentinel-2-c1-l2a/32/T/PP/2023/1/S2B_T32TPP_20230128T101159_L2A/B06.tif"", ""rededge3"": ""https://e84-earth-search-sentinel-data.s3.us-west-2.amazonaws.com/sentinel-2-c1-l2a/32/T/PP/2023/1/S2B_T32TPP_20230128T101159_L2A/B07.tif"", ""rededge1"": ""https://e84-earth-search-sentinel-data.s3.us-west-2.amazonaws.com/sentinel-2-c1-l2a/32/T/PP/2023/1/S2B_T32TPP_20230128T101159_L2A/B05.tif"", ""swir16"": ""https://e84-earth-search-sentinel-data.s3.us-west-2.amazonaws.com/sentinel-2-c1-l2a/32/T/PP/2023/1/S2B_T32TPP_20230128T101159_L2A/B11.tif"", ""wvp"": ""https://e84-earth-search-sentinel-data.s3.us-west-2.amazonaws.com/sentinel-2-c1-l2a/32/T/PP/2023/1/S2B_T32TPP_20230128T101159_L2A/WVP.tif"", ""nir08"": ""https://e84-earth-search-sentinel-data.s3.us-west-2.amazonaws.com/sentinel-2-c1-l2a/32/T/PP/2023/1/S2B_T32TPP_20230128T101159_L2A/B8A.tif"", ""scl"": ""https://e84-earth-search-sentinel-data.s3.us-west-2.amazonaws.com/sentinel-2-c1-l2a/32/T/PP/2023/1/S2B_T32TPP_20230128T101159_L2A/SCL.tif"", ""aot"": ""https://e84-earth-search-sentinel-data.s3.us-west-2.amazonaws.com/sentinel-2-c1-l2a/32/T/PP/2023/1/S2B_T32TPP_20230128T101159_L2A/AOT.tif"", ""coastal"": ""https://e84-earth-search-sentinel-data.s3.us-west-2.amazonaws.com/sentinel-2-c1-l2a/32/T/PP/2023/1/S2B_T32TPP_20230128T101159_L2A/B01.tif"", ""nir09"": ""https://e84-earth-search-sentinel-data.s3.us-west-2.amazonaws.com/sentinel-2-c1-l2a/32/T/PP/2023/1/S2B_T32TPP_20230128T101159_L2A/B09.tif"", ""cloud"": ""https://e84-earth-search-sentinel-data.s3.us-west-2.amazonaws.com/sentinel-2-c1-l2a/32/T/PP/2023/1/S2B_T32TPP_20230128T101159_L2A/CLD_20m.tif"", ""snow"": ""https://e84-earth-search-sentinel-data.s3.us-west-2.amazonaws.com/sentinel-2-c1-l2a/32/T/PP/2023/1/S2B_T32TPP_20230128T101159_L2A/SNW_20m.tif"", ""preview"": ""https://e84-earth-search-sentinel-data.s3.us-west-2.amazonaws.com/sentinel-2-c1-l2a/32/T/PP/2023/1/S2B_T32TPP_20230128T101159_L2A/L2A_PVI.tif"", ""granule_metadata"": ""https://e84-earth-search-sentinel-data.s3.us-west-2.amazonaws.com/sentinel-2-c1-l2a/32/T/PP/2023/1/S2B_T32TPP_20230128T101159_L2A/metadata.xml"", ""tileinfo_metadata"": ""https://e84-earth-search-sentinel-data.s3.us-west-2.amazonaws.com/sentinel-2-c1-l2a/32/T/PP/2023/1/S2B_T32TPP_20230128T101159_L2A/tileInfo.json"", ""product_metadata"": ""https://e84-earth-search-sentinel-data.s3.us-west-2.amazonaws.com/sentinel-2-c1-l2a/32/T/PP/2023/1/S2B_T32TPP_20230128T101159_L2A/product_metadata.xml"", ""thumbnail"": ""https://e84-earth-search-sentinel-data.s3.us-west-2.amazonaws.com/sentinel-2-c1-l2a/32/T/PP/2023/1/S2B_T32TPP_20230128T101159_L2A/L2A_PVI.jpg""}"
S2A_T32TQP_20230130T100304_L2A,2023-01-30 10:08:41.034000+00:00,35.606557,,sentinel-2a,"{""red"": ""https://e84-earth-search-sentinel-data.s3.us-west-2.amazonaws.com/sentinel-2-c1-l2a/32/T/QP/2023/1/S2A_T32TQP_20230130T100304_L2A/B04.tif"", ""green"": ""https://e84-earth-search-sentinel-data.s3.us-west-2.amazonaws.com/sentinel-2-c1-l2a/32/T/QP/2023/1/S2A_T32TQP_20230130T100304_L2A/B03.tif"", ""blue"": ""https://e84-earth-search-sentinel-data.s3.us-west-2.amazonaws.com/sentinel-2-c1-l2a/32/T/QP/2023/1/S2A_T32TQP_20230130T100304_L2A/B02.tif"", ""visual"": ""https://e84-earth-search-sentinel-data.s3.us-west-2.amazonaws.com/sentinel-2-c1-l2a/32/T/QP/2023/1/S2A_T32TQP_20230130T100304_L2A/TCI.tif"", ""nir"": ""https://e84-earth-search-sentinel-data.s3.us-west-2.amazonaws.com/sentinel-2-c1-l2a/32/T/QP/2023/1/S2A_T32TQP_20230130T100304_L2A/B08.tif"", ""swir22"": ""https://e84-earth-search-sentinel-data.s3.us-west-2.amazonaws.com/sentinel-2-c1-l2a/32/T/QP/2023/1/S2A_T32TQP_20230130T100304_L2A/B12.tif"", ""rededge2"": ""https://e84-earth-search-sentinel-data.s3.us-west-2.amazonaws.com/sentinel-2-c1-l2a/32/T/QP/2023/1/S2A_T32TQP_20230130T100304_L2A/B06.tif"", ""rededge3"": ""https://e84-earth-search-sentinel-data.s3.us-west-2.amazonaws.com/sentinel-2-c1-l2a/32/T/QP/2023/1/S2A_T32TQP_20230130T100304_L2A/B07.tif"", ""rededge1"": ""https://e84-earth-search-sentinel-data.s3.us-west-2.amazonaws.com/sentinel-2-c1-l2a/32/T/QP/2023/1/S2A_T32TQP_20230130T100304_L2A/B05.tif"", ""swir16"": ""https://e84-earth-search-sentinel-data.s3.us-west-2.amazonaws.com/sentinel-2-c1-l2a/32/T/QP/2023/1/S2A_T32TQP_20230130T100304_L2A/B11.tif"", ""wvp"": ""https://e84-earth-search-sentinel-data.s3.us-west-2.amazonaws.com/sentinel-2-c1-l2a/32/T/QP/2023/1/S2A_T32TQP_20230130T100304_L2A/WVP.tif"", ""nir08"": ""https://e84-earth-search-sentinel-data.s3.us-west-2.amazonaws.com/sentinel-2-c1-l2a/32/T/QP/2023/1/S2A_T32TQP_20230130T100304_L2A/B8A.tif"", ""scl"": ""https://e84-earth-search-sentinel-data.s3.us-west-2.amazonaws.com/sentinel-2-c1-l2a/32/T/QP/2023/1/S2A_T32TQP_20230130T100304_L2A/SCL.tif"", ""aot"": ""https://e84-earth-search-sentinel-data.s3.us-west-2.amazonaws.com/sentinel-2-c1-l2a/32/T/QP/2023/1/S2A_T32TQP_20230130T100304_L2A/AOT.tif"", ""coastal"": ""https://e84-earth-search-sentinel-data.s3.us-west-2.amazonaws.com/sentinel-2-c1-l2a/32/T/QP/2023/1/S2A_T32TQP_20230130T100304_L2A/B01.tif"", ""nir09"": ""https://e84-earth-search-sentinel-data.s3.us-west-2.amazonaws.com/sentinel-2-c1-l2a/32/T/QP/2023/1/S2A_T32TQP_20230130T100304_L2A/B09.tif"", ""cloud"": ""https://e84-earth-search-sentinel-data.s3.us-west-2.amazonaws.com/sentinel-2-c1-l2a/32/T/QP/2023/1/S2A_T32TQP_20230130T100304_L2A/CLD_20m.tif"", ""snow"": ""https://e84-earth-search-sentinel-data.s3.us-west-2.amazonaws.com/sentinel-2-c1-l2a/32/T/QP/2023/1/S2A_T32TQP_20230130T100304_L2A/SNW_20m.tif"", ""preview"": ""https://e84-earth-search-sentinel-data.s3.us-west-2.amazonaws.com/sentinel-2-c1-l2a/32/T/QP/2023/1/S2A_T32TQP_20230130T100304_L2A/L2A_PVI.tif"", ""granule_metadata"": ""https://e84-earth-search-sentinel-data.s3.us-west-2.amazonaws.com/sentinel-2-c1-l2a/32/T/QP/2023/1/S2A_T32TQP_20230130T100304_L2A/metadata.xml"", ""tileinfo_metadata"": ""https://e84-earth-search-sentinel-data.s3.us-west-2.amazonaws.com/sentinel-2-c1-l2a/32/T/QP/2023/1/S2A_T32TQP_20230130T100304_L2A/tileInfo.json"", ""product_metadata"": ""https://e84-earth-search-sentinel-data.s3.us-west-2.amazonaws.com/sentinel-2-c1-l2a/32/T/QP/2023/1/S2A_T32TQP_20230130T100304_L2A/product_metadata.xml"", ""thumbnail"": ""https://e84-earth-search-sentinel-data.s3.us-west-2.amazonaws.com/sentinel-2-c1-l2a/32/T/QP/2023/1/S2A_T32TQP_20230130T100304_L2A/L2A_PVI.jpg""}"
S2A_T32TQQ_20230202T101232_L2A,2023-02-02 10:18:23.692000+00:00,31.770438,,sentinel-2a,"{""red"": ""https://e84-earth-search-sentinel-data.s3.us-west-2.amazonaws.com/sentinel-2-c1-l2a/32/T/QQ/2023/2/S2A_T32TQQ_20230202T101232_L2A/B04.tif"", ""green"": ""https://e84-earth-search-sentinel-data.s3.us-west-2.amazonaws.com/sentinel-2-c1-l2a/32/T/QQ/2023/2/S2A_T32TQQ_20230202T101232_L2A/B03.tif"", ""blue"": ""https://e84-earth-search-sentinel-data.s3.us-west-2.amazonaws.com/sentinel-2-c1-l2a/32/T/QQ/2023/2/S2A_T32TQQ_20230202T101232_L2A/B02.tif"", ""visual"": ""https://e84-earth-search-sentinel-data.s3.us-west-2.amazonaws.com/sentinel-2-c1-l2a/32/T/QQ/2023/2/S2A_T32TQQ_20230202T101232_L2A/TCI.tif"", ""nir"": ""https://e84-earth-search-sentinel-data.s3.us-west-2.amazonaws.com/sentinel-2-c1-l2a/32/T/QQ/2023/2/S2A_T32TQQ_20230202T101232_L2A/B08.tif"", ""swir22"": ""https://e84-earth-search-sentinel-data.s3.us-west-2.amazonaws.com/sentinel-2-c1-l2a/32/T/QQ/2023/2/S2A_T32TQQ_20230202T101232_L2A/B12.tif"", ""rededge2"": ""https://e84-earth-search-sentinel-data.s3.us-west-2.amazonaws.com/sentinel-2-c1-l2a/32/T/QQ/2023/2/S2A_T32TQQ_20230202T101232_L2A/B06.tif"", ""rededge3"": ""https://e84-earth-search-sentinel-data.s3.us-west-2.amazonaws.com/sentinel-2-c1-l2a/32/T/QQ/2023/2/S2A_T32TQQ_20230202T101232_L2A/B07.tif"", ""rededge1"": ""https://e84-earth-search-sentinel-data.s3.us-west-2.amazonaws.com/sentinel-2-c1-l2a/32/T/QQ/2023/2/S2A_T32TQQ_20230202T101232_L2A/B05.tif"", ""swir16"": ""https://e84-earth-search-sentinel-data.s3.us-west-2.amazonaws.com/sentinel-2-c1-l2a/32/T/QQ/2023/2/S2A_T32TQQ_20230202T101232_L2A/B11.tif"", ""wvp"": ""https://e84-earth-search-sentinel-data.s3.us-west-2.amazonaws.com/sentinel-2-c1-l2a/32/T/QQ/2023/2/S2A_T32TQQ_20230202T101232_L2A/WVP.tif"", ""nir08"": ""https://e84-earth-search-sentinel-data.s3.us-west-2.amazonaws.com/sentinel-2-c1-l2a/32/T/QQ/2023/2/S2A_T32TQQ_20230202T101232_L2A/B8A.tif"", ""scl"": ""https://e84-earth-search-sentinel-data.s3.us-west-2.amazonaws.com/sentinel-2-c1-l2a/32/T/QQ/2023/2/S2A_T32TQQ_20230202T101232_L2A/SCL.tif"", ""aot"": ""https://e84-earth-search-sentinel-data.s3.us-west-2.amazonaws.com/sentinel-2-c1-l2a/32/T/QQ/2023/2/S2A_T32TQQ_20230202T101232_L2A/AOT.tif"", ""coastal"": ""https://e84-earth-search-sentinel-data.s3.us-west-2.amazonaws.com/sentinel-2-c1-l2a/32/T/QQ/2023/2/S2A_T32TQQ_20230202T101232_L2A/B01.tif"", ""nir09"": ""https://e84-earth-search-sentinel-data.s3.us-west-2.amazonaws.com/sentinel-2-c1-l2a/32/T/QQ/2023/2/S2A_T32TQQ_20230202T101232_L2A/B09.tif"", ""cloud"": ""https://e84-earth-search-sentinel-data.s3.us-west-2.amazonaws.com/sentinel-2-c1-l2a/32/T/QQ/2023/2/S2A_T32TQQ_20230202T101232_L2A/CLD_20m.tif"", ""snow"": ""https://e84-earth-search-sentinel-data.s3.us-west-2.amazonaws.com/sentinel-2-c1-l2a/32/T/QQ/2023/2/S2A_T32TQQ_20230202T101232_L2A/SNW_20m.tif"", ""preview"": ""https://e84-earth-search-sentinel-data.s3.us-west-2.amazonaws.com/sentinel-2-c1-l2a/32/T/QQ/2023/2/S2A_T32TQQ_20230202T101232_L2A/L2A_PVI.tif"", ""granule_metadata"": ""https://e84-earth-search-sentinel-data.s3.us-west-2.amazonaws.com/sentinel-2-c1-l2a/32/T/QQ/2023/2/S2A_T32TQQ_20230202T101232_L2A/metadata.xml"", ""tileinfo_metadata"": ""https://e84-earth-search-sentinel-data.s3.us-west-2.amazonaws.com/sentinel-2-c1-l2a/32/T/QQ/2023/2/S2A_T32TQQ_20230202T101232_L2A/tileInfo.json"", ""product_metadata"": ""https://e84-earth-search-sentinel-data.s3.us-west-2.amazonaws.com/sentinel-2-c1-l2a/32/T/QQ/2023/2/S2A_T32TQQ_20230202T101232_L2A/product_metadata.xml"", ""thumbnail"": ""https://e84-earth-search-sentinel-data.s3.us-west-2.amazonaws.com/sentinel-2-c1-l2a/32/T/QQ/2023/2/S2A_T32TQQ_20230202T101232_L2A/L2A_PVI.jpg""}"
S2A_T32TPQ_20230202T101232_L2A,2023-02-02 10:18:27.146000+00:00,6.650788,,sentinel-2a,"{""red"": ""https://e84-earth-search-sentinel-data.s3.us-west-2.amazonaws.com/sentinel-2-c1-l2a/32/T/PQ/2023/2/S2A_T32TPQ_20230202T101232_L2A/B04.tif"", ""green"": ""https://e84-earth-search-sentinel-data.s3.us-west-2.amazonaws.com/sentinel-2-c1-l2a/32/T/PQ/2023/2/S2A_T32TPQ_20230202T101232_L2A/B03.tif"", ""blue"": ""https://e84-earth-search-sentinel-data.s3.us-west-2.amazonaws.com/sentinel-2-c1-l2a/32/T/PQ/2023/2/S2A_T32TPQ_20230202T101232_L2A/B02.tif"", ""visual"": ""https://e84-earth-search-sentinel-data.s3.us-west-2.amazonaws.com/sentinel-2-c1-l2a/32/T/PQ/2023/2/S2A_T32TPQ_20230202T101232_L2A/TCI.tif"", ""nir"": ""https://e84-earth-search-sentinel-data.s3.us-west-2.amazonaws.com/sentinel-2-c1-l2a/32/T/PQ/2023/2/S2A_T32TPQ_20230202T101232_L2A/B08.tif"", ""swir22"": ""https://e84-earth-search-sentinel-data.s3.us-west-2.amazonaws.com/sentinel-2-c1-l2a/32/T/PQ/2023/2/S2A_T32TPQ_20230202T101232_L2A/B12.tif"", ""rededge2"": ""https://e84-earth-search-sentinel-data.s3.us-west-2.amazonaws.com/sentinel-2-c1-l2a/32/T/PQ/2023/2/S2A_T32TPQ_20230202T101232_L2A/B06.tif"", ""rededge3"": ""https://e84-earth-search-sentinel-data.s3.us-west-2.amazonaws.com/sentinel-2-c1-l2a/32/T/PQ/2023/2/S2A_T32TPQ_20230202T101232_L2A/B07.tif"", ""rededge1"": ""https://e84-earth-search-sentinel-data.s3.us-west-2.amazonaws.com/sentinel-2-c1-l2a/32/T/PQ/2023/2/S2A_T32TPQ_20230202T101232_L2A/B05.tif"", ""swir16"": ""https://e84-earth-search-sentinel-data.s3.us-west-2.amazonaws.com/sentinel-2-c1-l2a/32/T/PQ/2023/2/S2A_T32TPQ_20230202T101232_L2A/B11.tif"", ""wvp"": ""https://e84-earth-search-sentinel-data.s3.us-west-2.amazonaws.com/sentinel-2-c1-l2a/32/T/PQ/2023/2/S2A_T32TPQ_20230202T101232_L2A/WVP.tif"", ""nir08"": ""https://e84-earth-search-sentinel-data.s3.us-west-2.amazonaws.com/sentinel-2-c1-l2a/32/T/PQ/2023/2/S2A_T32TPQ_20230202T101232_L2A/B8A.tif"", ""scl"": ""https://e84-earth-search-sentinel-data.s3.us-west-2.amazonaws.com/sentinel-2-c1-l2a/32/T/PQ/2023/2/S2A_T32TPQ_20230202T101232_L2A/SCL.tif"", ""aot"": ""https://e84-earth-search-sentinel-data.s3.us-west-2.amazonaws.com/sentinel-2-c1-l2a/32/T/PQ/2023/2/S2A_T32TPQ_20230202T101232_L2A/AOT.tif"", ""coastal"": ""https://e84-earth-search-sentinel-data.s3.us-west-2.amazonaws.com/sentinel-2-c1-l2a/32/T/PQ/2023/2/S2A_T32TPQ_20230202T101232_L2A/B01.tif"", ""nir09"": ""https://e84-earth-search-sentinel-data.s3.us-west-2.amazonaws.com/sentinel-2-c1-l2a/32/T/PQ/2023/2/S2A_T32TPQ_20230202T101232_L2A/B09.tif"", ""cloud"": ""https://e84-earth-search-sentinel-data.s3.us-west-2.amazonaws.com/sentinel-2-c1-l2a/32/T/PQ/2023/2/S2A_T32TPQ_20230202T101232_L2A/CLD_20m.tif"", ""snow"": ""https://e84-earth-search-sentinel-data.s3.us-west-2.amazonaws.com/sentinel-2-c1-l2a/32/T/PQ/2023/2/S2A_T32TPQ_20230202T101232_L2A/SNW_20m.tif"", ""preview"": ""https://e84-earth-search-sentinel-data.s3.us-west-2.amazonaws.com/sentinel-2-c1-l2a/32/T/PQ/2023/2/S2A_T32TPQ_20230202T101232_L2A/L2A_PVI.tif"", ""granule_metadata"": ""https://e84-earth-search-sentinel-data.s3.us-west-2.amazonaws.com/sentinel-2-c1-l2a/32/T/PQ/2023/2/S2A_T32TPQ_20230202T101232_L2A/metadata.xml"", ""tileinfo_metadata"": ""https://e84-earth-search-sentinel-data.s3.us-west-2.amazonaws.com/sentinel-2-c1-l2a/32/T/PQ/2023/2/S2A_T32TPQ_20230202T101232_L2A/tileInfo.json"", ""product_metadata"": ""https://e84-earth-search-sentinel-data.s3.us-west-2.amazonaws.com/sentinel-2-c1-l2a/32/T/PQ/2023/2/S2A_T32TPQ_20230202T101232_L2A/product_metadata.xml"", ""thumbnail"": ""https://e84-earth-search-sentinel-data.s3.us-west-2.amazonaws.com/sentinel-2-c1-l2a/32/T/PQ/2023/2/S2A_T32TPQ_20230202T101232_L2A/L2A_PVI.jpg""}"
S2A_T32TQP_20230202T101232_L2A,2023-02-02 10:18:37.940000+00:00,16.029216,,sentinel-2a,"{""red"": ""https://e84-earth-search-sentinel-data.s3.us-west-2.amazonaws.com/sentinel-2-c1-l2a/32/T/QP/2023/2/S2A_T32TQP_20230202T101232_L2A/B04.tif"", ""green"": ""https://e84-earth-search-sentinel-data.s3.us-west-2.amazonaws.com/sentinel-2-c1-l2a/32/T/QP/2023/2/S2A_T32TQP_20230202T101232_L2A/B03.tif"", ""blue"": ""https://e84-earth-search-sentinel-data.s3.us-west-2.amazonaws.com/sentinel-2-c1-l2a/32/T/QP/2023/2/S2A_T32TQP_20230202T101232_L2A/B02.tif"", ""visual"": ""https://e84-earth-search-sentinel-data.s3.us-west-2.amazonaws.com/sentinel-2-c1-l2a/32/T/QP/2023/2/S2A_T32TQP_20230202T101232_L2A/TCI.tif"", ""nir"": ""https://e84-earth-search-sentinel-data.s3.us-west-2.amazonaws.com/sentinel-2-c1-l2a/32/T/QP/2023/2/S2A_T32TQP_20230202T101232_L2A/B08.tif"", ""swir22"": ""https://e84-earth-search-sentinel-data.s3.us-west-2.amazonaws.com/sentinel-2-c1-l2a/32/T/QP/2023/2/S2A_T32TQP_20230202T101232_L2A/B12.tif"", ""rededge2"": ""https://e84-earth-search-sentinel-data.s3.us-west-2.amazonaws.com/sentinel-2-c1-l2a/32/T/QP/2023/2/S2A_T32TQP_20230202T101232_L2A/B06.tif"", ""rededge3"": ""https://e84-earth-search-sentinel-data.s3.us-west-2.amazonaws.com/sentinel-2-c1-l2a/32/T/QP/2023/2/S2A_T32TQP_20230202T101232_L2A/B07.tif"", ""rededge1"": ""https://e84-earth-search-sentinel-data.s3.us-west-2.amazonaws.com/sentinel-2-c1-l2a/32/T/QP/2023/2/S2A_T32TQP_20230202T101232_L2A/B05.tif"", ""swir16"": ""https://e84-earth-search-sentinel-data.s3.us-west-2.amazonaws.com/sentinel-2-c1-l2a/32/T/QP/2023/2/S2A_T32TQP_20230202T101232_L2A/B11.tif"", ""wvp"": ""https://e84-earth-search-sentinel-data.s3.us-west-2.amazonaws.com/sentinel-2-c1-l2a/32/T/QP/2023/2/S2A_T32TQP_20230202T101232_L2A/WVP.tif"", ""nir08"": ""https://e84-earth-search-sentinel-data.s3.us-west-2.amazonaws.com/sentinel-2-c1-l2a/32/T/QP/2023/2/S2A_T32TQP_20230202T101232_L2A/B8A.tif"", ""scl"": ""https://e84-earth-search-sentinel-data.s3.us-west-2.amazonaws.com/sentinel-2-c1-l2a/32/T/QP/2023/2/S2A_T32TQP_20230202T101232_L2A/SCL.tif"", ""aot"": ""https://e84-earth-search-sentinel-data.s3.us-west-2.amazonaws.com/sentinel-2-c1-l2a/32/T/QP/2023/2/S2A_T32TQP_20230202T101232_L2A/AOT.tif"", ""coastal"": ""https://e84-earth-search-sentinel-data.s3.us-west-2.amazonaws.com/sentinel-2-c1-l2a/32/T/QP/2023/2/S2A_T32TQP_20230202T101232_L2A/B01.tif"", ""nir09"": ""https://e84-earth-search-sentinel-data.s3.us-west-2.amazonaws.com/sentinel-2-c1-l2a/32/T/QP/2023/2/S2A_T32TQP_20230202T101232_L2A/B09.tif"", ""cloud"": ""https://e84-earth-search-sentinel-data.s3.us-west-2.amazonaws.com/sentinel-2-c1-l2a/32/T/QP/2023/2/S2A_T32TQP_20230202T101232_L2A/CLD_20m.tif"", ""snow"": ""https://e84-earth-search-sentinel-data.s3.us-west-2.amazonaws.com/sentinel-2-c1-l2a/32/T/QP/2023/2/S2A_T32TQP_20230202T101232_L2A/SNW_20m.tif"", ""preview"": ""https://e84-earth-search-sentinel-data.s3.us-west-2.amazonaws.com/sentinel-2-c1-l2a/32/T/QP/2023/2/S2A_T32TQP_20230202T101232_L2A/L2A_PVI.tif"", ""granule_metadata"": ""https://e84-earth-search-sentinel-data.s3.us-west-2.amazonaws.com/sentinel-2-c1-l2a/32/T/QP/2023/2/S2A_T32TQP_20230202T101232_L2A/metadata.xml"", ""tileinfo_metadata"": ""https://e84-earth-search-sentinel-data.s3.us-west-2.amazonaws.com/sentinel-2-c1-l2a/32/T/QP/2023/2/S2A_T32TQP_20230202T101232_L2A/tileInfo.json"", ""product_metadata"": ""https://e84-earth-search-sentinel-data.s3.us-west-2.amazonaws.com/sentinel-2-c1-l2a/32/T/QP/2023/2/S2A_T32TQP_20230202T101232_L2A/product_metadata.xml"", ""thumbnail"": ""https://e84-earth-search-sentinel-data.s3.us-west-2.amazonaws.com/sentinel-2-c1-l2a/32/T/QP/2023/2/S2A_T32TQP_20230202T101232_L2A/L2A_PVI.jpg""}"
S2A_T32TPP_20230202T101232_L2A,2023-02-02 10:18:41.543000+00:00,8.201087,,sentinel-2a,"{""red"": ""https://e84-earth-search-sentinel-data.s3.us-west-2.amazonaws.com/sentinel-2-c1-l2a/32/T/PP/2023/2/S2A_T32TPP_20230202T101232_L2A/B04.tif"", ""green"": ""https://e84-earth-search-sentinel-data.s3.us-west-2.amazonaws.com/sentinel-2-c1-l2a/32/T/PP/2023/2/S2A_T32TPP_20230202T101232_L2A/B03.tif"", ""blue"": ""https://e84-earth-search-sentinel-data.s3.us-west-2.amazonaws.com/sentinel-2-c1-l2a/32/T/PP/2023/2/S2A_T32TPP_20230202T101232_L2A/B02.tif"", ""visual"": ""https://e84-earth-search-sentinel-data.s3.us-west-2.amazonaws.com/sentinel-2-c1-l2a/32/T/PP/2023/2/S2A_T32TPP_20230202T101232_L2A/TCI.tif"", ""nir"": ""https://e84-earth-search-sentinel-data.s3.us-west-2.amazonaws.com/sentinel-2-c1-l2a/32/T/PP/2023/2/S2A_T32TPP_20230202T101232_L2A/B08.tif"", ""swir22"": ""https://e84-earth-search-sentinel-data.s3.us-west-2.amazonaws.com/sentinel-2-c1-l2a/32/T/PP/2023/2/S2A_T32TPP_20230202T101232_L2A/B12.tif"", ""rededge2"": ""https://e84-earth-search-sentinel-data.s3.us-west-2.amazonaws.com/sentinel-2-c1-l2a/32/T/PP/2023/2/S2A_T32TPP_20230202T101232_L2A/B06.tif"", ""rededge3"": ""https://e84-earth-search-sentinel-data.s3.us-west-2.amazonaws.com/sentinel-2-c1-l2a/32/T/PP/2023/2/S2A_T32TPP_20230202T101232_L2A/B07.tif"", ""rededge1"": ""https://e84-earth-search-sentinel-data.s3.us-west-2.amazonaws.com/sentinel-2-c1-l2a/32/T/PP/2023/2/S2A_T32TPP_20230202T101232_L2A/B05.tif"", ""swir16"": ""https://e84-earth-search-sentinel-data.s3.us-west-2.amazonaws.com/sentinel-2-c1-l2a/32/T/PP/2023/2/S2A_T32TPP_20230202T101232_L2A/B11.tif"", ""wvp"": ""https://e84-earth-search-sentinel-data.s3.us-west-2.amazonaws.com/sentinel-2-c1-l2a/32/T/PP/2023/2/S2A_T32TPP_20230202T101232_L2A/WVP.tif"", ""nir08"": ""https://e84-earth-search-sentinel-data.s3.us-west-2.amazonaws.com/sentinel-2-c1-l2a/32/T/PP/2023/2/S2A_T32TPP_20230202T101232_L2A/B8A.tif"", ""scl"": ""https://e84-earth-search-sentinel-data.s3.us-west-2.amazonaws.com/sentinel-2-c1-l2a/32/T/PP/2023/2/S2A_T32TPP_20230202T101232_L2A/SCL.tif"", ""aot"": ""https://e84-earth-search-sentinel-data.s3.us-west-2.amazonaws.com/sentinel-2-c1-l2a/32/T/PP/2023/2/S2A_T32TPP_20230202T101232_L2A/AOT.tif"", ""coastal"": ""https://e84-earth-search-sentinel-data.s3.us-west-2.amazonaws.com/sentinel-2-c1-l2a/32/T/PP/2023/2/S2A_T32TPP_20230202T101232_L2A/B01.tif"", ""nir09"": ""https://e84-earth-search-sentinel-data.s3.us-west-2.amazonaws.com/sentinel-2-c1-l2a/32/T/PP/2023/2/S2A_T32TPP_20230202T101232_L2A/B09.tif"", ""cloud"": ""https://e84-earth-search-sentinel-data.s3.us-west-2.amazonaws.com/sentinel-2-c1-l2a/32/T/PP/2023/2/S2A_T32TPP_20230202T101232_L2A/CLD_20m.tif"", ""snow"": ""https://e84-earth-search-sentinel-data.s3.us-west-2.amazonaws.com/sentinel-2-c1-l2a/32/T/PP/2023/2/S2A_T32TPP_20230202T101232_L2A/SNW_20m.tif"", ""preview"": ""https://e84-earth-search-sentinel-data.s3.us-west-2.amazonaws.com/sentinel-2-c1-l2a/32/T/PP/2023/2/S2A_T32TPP_20230202T101232_L2A/L2A_PVI.tif"", ""granule_metadata"": ""https://e84-earth-search-sentinel-data.s3.us-west-2.amazonaws.com/sentinel-2-c1-l2a/32/T/PP/2023/2/S2A_T32TPP_20230202T101232_L2A/metadata.xml"", ""tileinfo_metadata"": ""https://e84-earth-search-sentinel-data.s3.us-west-2.amazonaws.com/sentinel-2-c1-l2a/32/T/PP/2023/2/S2A_T32TPP_20230202T101232_L2A/tileInfo.json"", ""product_metadata"": ""https://e84-earth-search-sentinel-data.s3.us-west-2.amazonaws.com/sentinel-2-c1-l2a/32/T/PP/2023/2/S2A_T32TPP_20230202T101232_L2A/product_metadata.xml"", ""thumbnail"": ""https://e84-earth-search-sentinel-data.s3.us-west-2.amazonaws.com/sentinel-2-c1-l2a/32/T/PP/2023/2/S2A_T32TPP_20230202T101232_L2A/L2A_PVI.jpg""}"
S2B_T32TQQ_20230204T100117_L2A,2023-02-04 10:08:25.342000+00:00,23.795244,,sentinel-2b,"{""red"": ""https://e84-earth-search-sentinel-data.s3.us-west-2.amazonaws.com/sentinel-2-c1-l2a/32/T/QQ/2023/2/S2B_T32TQQ_20230204T100117_L2A/B04.tif"", ""green"": ""https://e84-earth-search-sentinel-data.s3.us-west-2.amazonaws.com/sentinel-2-c1-l2a/32/T/QQ/2023/2/S2B_T32TQQ_20230204T100117_L2A/B03.tif"", ""blue"": ""https://e84-earth-search-sentinel-data.s3.us-west-2.amazonaws.com/sentinel-2-c1-l2a/32/T/QQ/2023/2/S2B_T32TQQ_20230204T100117_L2A/B02.tif"", ""visual"": ""https://e84-earth-search-sentinel-data.s3.us-west-2.amazonaws.com/sentinel-2-c1-l2a/32/T/QQ/2023/2/S2B_T32TQQ_20230204T100117_L2A/TCI.tif"", ""nir"": ""https://e84-earth-search-sentinel-data.s3.us-west-2.amazonaws.com/sentinel-2-c1-l2a/32/T/QQ/2023/2/S2B_T32TQQ_20230204T100117_L2A/B08.tif"", ""swir22"": ""https://e84-earth-search-sentinel-data.s3.us-west-2.amazonaws.com/sentinel-2-c1-l2a/32/T/QQ/2023/2/S2B_T32TQQ_20230204T100117_L2A/B12.tif"", ""rededge2"": ""https://e84-earth-search-sentinel-data.s3.us-west-2.amazonaws.com/sentinel-2-c1-l2a/32/T/QQ/2023/2/S2B_T32TQQ_20230204T100117_L2A/B06.tif"", ""rededge3"": ""https://e84-earth-search-sentinel-data.s3.us-west-2.amazonaws.com/sentinel-2-c1-l2a/32/T/QQ/2023/2/S2B_T32TQQ_20230204T100117_L2A/B07.tif"", ""rededge1"": ""https://e84-earth-search-sentinel-data.s3.us-west-2.amazonaws.com/sentinel-2-c1-l2a/32/T/QQ/2023/2/S2B_T32TQQ_20230204T100117_L2A/B05.tif"", ""swir16"": ""https://e84-earth-search-sentinel-data.s3.us-west-2.amazonaws.com/sentinel-2-c1-l2a/32/T/QQ/2023/2/S2B_T32TQQ_20230204T100117_L2A/B11.tif"", ""wvp"": ""https://e84-earth-search-sentinel-data.s3.us-west-2.amazonaws.com/sentinel-2-c1-l2a/32/T/QQ/2023/2/S2B_T32TQQ_20230204T100117_L2A/WVP.tif"", ""nir08"": ""https://e84-earth-search-sentinel-data.s3.us-west-2.amazonaws.com/sentinel-2-c1-l2a/32/T/QQ/2023/2/S2B_T32TQQ_20230204T100117_L2A/B8A.tif"", ""scl"": ""https://e84-earth-search-sentinel-data.s3.us-west-2.amazonaws.com/sentinel-2-c1-l2a/32/T/QQ/2023/2/S2B_T32TQQ_20230204T100117_L2A/SCL.tif"", ""aot"": ""https://e84-earth-search-sentinel-data.s3.us-west-2.amazonaws.com/sentinel-2-c1-l2a/32/T/QQ/2023/2/S2B_T32TQQ_20230204T100117_L2A/AOT.tif"", ""coastal"": ""https://e84-earth-search-sentinel-data.s3.us-west-2.amazonaws.com/sentinel-2-c1-l2a/32/T/QQ/2023/2/S2B_T32TQQ_20230204T100117_L2A/B01.tif"", ""nir09"": ""https://e84-earth-search-sentinel-data.s3.us-west-2.amazonaws.com/sentinel-2-c1-l2a/32/T/QQ/2023/2/S2B_T32TQQ_20230204T100117_L2A/B09.tif"", ""cloud"": ""https://e84-earth-search-sentinel-data.s3.us-west-2.amazonaws.com/sentinel-2-c1-l2a/32/T/QQ/2023/2/S2B_T32TQQ_20230204T100117_L2A/CLD_20m.tif"", ""snow"": ""https://e84-earth-search-sentinel-data.s3.us-west-2.amazonaws.com/sentinel-2-c1-l2a/32/T/QQ/2023/2/S2B_T32TQQ_20230204T100117_L2A/SNW_20m.tif"", ""preview"": ""https://e84-earth-search-sentinel-data.s3.us-west-2.amazonaws.com/sentinel-2-c1-l2a/32/T/QQ/2023/2/S2B_T32TQQ_20230204T100117_L2A/L2A_PVI.tif"", ""granule_metadata"": ""https://e84-earth-search-sentinel-data.s3.us-west-2.amazonaws.com/sentinel-2-c1-l2a/32/T/QQ/2023/2/S2B_T32TQQ_20230204T100117_L2A/metadata.xml"", ""tileinfo_metadata"": ""https://e84-earth-search-sentinel-data.s3.us-west-2.amazonaws.com/sentinel-2-c1-l2a/32/T/QQ/2023/2/S2B_T32TQQ_20230204T100117_L2A/tileInfo.json"", ""product_metadata"": ""https://e84-earth-search-sentinel-data.s3.us-west-2.amazonaws.com/sentinel-2-c1-l2a/32/T/QQ/2023/2/S2B_T32TQQ_20230204T100117_L2A/product_metadata.xml"", ""thumbnail"": ""https://e84-earth-search-sentinel-data.s3.us-west-2.amazonaws.com/sentinel-2-c1-l2a/32/T/QQ/2023/2/S2B_T32TQQ_20230204T100117_L2A/L2A_PVI.jpg""}"
S2B_T32TQP_20230204T100117_L2A,2023-02-04 10:08:40.081000+00:00,6.114732,,sentinel-2b,"{""red"": ""https://e84-earth-search-sentinel-data.s3.us-west-2.amazonaws.com/sentinel-2-c1-l2a/32/T/QP/2023/2/S2B_T32TQP_20230204T100117_L2A/B04.tif"", ""green"": ""https://e84-earth-search-sentinel-data.s3.us-west-2.amazonaws.com/sentinel-2-c1-l2a/32/T/QP/2023/2/S2B_T32TQP_20230204T100117_L2A/B03.tif"", ""blue"": ""https://e84-earth-search-sentinel-data.s3.us-west-2.amazonaws.com/sentinel-2-c1-l2a/32/T/QP/2023/2/S2B_T32TQP_20230204T100117_L2A/B02.tif"", ""visual"": ""https://e84-earth-search-sentinel-data.s3.us-west-2.amazonaws.com/sentinel-2-c1-l2a/32/T/QP/2023/2/S2B_T32TQP_20230204T100117_L2A/TCI.tif"", ""nir"": ""https://e84-earth-search-sentinel-data.s3.us-west-2.amazonaws.com/sentinel-2-c1-l2a/32/T/QP/2023/2/S2B_T32TQP_20230204T100117_L2A/B08.tif"", ""swir22"": ""https://e84-earth-search-sentinel-data.s3.us-west-2.amazonaws.com/sentinel-2-c1-l2a/32/T/QP/2023/2/S2B_T32TQP_20230204T100117_L2A/B12.tif"", ""rededge2"": ""https://e84-earth-search-sentinel-data.s3.us-west-2.amazonaws.com/sentinel-2-c1-l2a/32/T/QP/2023/2/S2B_T32TQP_20230204T100117_L2A/B06.tif"", ""rededge3"": ""https://e84-earth-search-sentinel-data.s3.us-west-2.amazonaws.com/sentinel-2-c1-l2a/32/T/QP/2023/2/S2B_T32TQP_20230204T100117_L2A/B07.tif"", ""rededge1"": ""https://e84-earth-search-sentinel-data.s3.us-west-2.amazonaws.com/sentinel-2-c1-l2a/32/T/QP/2023/2/S2B_T32TQP_20230204T100117_L2A/B05.tif"", ""swir16"": ""https://e84-earth-search-sentinel-data.s3.us-west-2.amazonaws.com/sentinel-2-c1-l2a/32/T/QP/2023/2/S2B_T32TQP_20230204T100117_L2A/B11.tif"", ""wvp"": ""https://e84-earth-search-sentinel-data.s3.us-west-2.amazonaws.com/sentinel-2-c1-l2a/32/T/QP/2023/2/S2B_T32TQP_20230204T100117_L2A/WVP.tif"", ""nir08"": ""https://e84-earth-search-sentinel-data.s3.us-west-2.amazonaws.com/sentinel-2-c1-l2a/32/T/QP/2023/2/S2B_T32TQP_20230204T100117_L2A/B8A.tif"", ""scl"": ""https://e84-earth-search-sentinel-data.s3.us-west-2.amazonaws.com/sentinel-2-c1-l2a/32/T/QP/2023/2/S2B_T32TQP_20230204T100117_L2A/SCL.tif"", ""aot"": ""https://e84-earth-search-sentinel-data.s3.us-west-2.amazonaws.com/sentinel-2-c1-l2a/32/T/QP/2023/2/S2B_T32TQP_20230204T100117_L2A/AOT.tif"", ""coastal"": ""https://e84-earth-search-sentinel-data.s3.us-west-2.amazonaws.com/sentinel-2-c1-l2a/32/T/QP/2023/2/S2B_T32TQP_20230204T100117_L2A/B01.tif"", ""nir09"": ""https://e84-earth-search-sentinel-data.s3.us-west-2.amazonaws.com/sentinel-2-c1-l2a/32/T/QP/2023/2/S2B_T32TQP_20230204T100117_L2A/B09.tif"", ""cloud"": ""https://e84-earth-search-sentinel-data.s3.us-west-2.amazonaws.com/sentinel-2-c1-l2a/32/T/QP/2023/2/S2B_T32TQP_20230204T100117_L2A/CLD_20m.tif"", ""snow"": ""https://e84-earth-search-sentinel-data.s3.us-west-2.amazonaws.com/sentinel-2-c1-l2a/32/T/QP/2023/2/S2B_T32TQP_20230204T100117_L2A/SNW_20m.tif"", ""preview"": ""https://e84-earth-search-sentinel-data.s3.us-west-2.amazonaws.com/sentinel-2-c1-l2a/32/T/QP/2023/2/S2B_T32TQP_20230204T100117_L2A/L2A_PVI.tif"", ""granule_metadata"": ""https://e84-earth-search-sentinel-data.s3.us-west-2.amazonaws.com/sentinel-2-c1-l2a/32/T/QP/2023/2/S2B_T32TQP_20230204T100117_L2A/metadata.xml"", ""tileinfo_metadata"": ""https://e84-earth-search-sentinel-data.s3.us-west-2.amazonaws.com/sentinel-2-c1-l2a/32/T/QP/2023/2/S2B_T32TQP_20230204T100117_L2A/tileInfo.json"", ""product_metadata"": ""https://e84-earth-search-sentinel-data.s3.us-west-2.amazonaws.com/sentinel-2-c1-l2a/32/T/QP/2023/2/S2B_T32TQP_20230204T100117_L2A/product_metadata.xml"", ""thumbnail"": ""https://e84-earth-search-sentinel-data.s3.us-west-2.amazonaws.com/sentinel-2-c1-l2a/32/T/QP/2023/2/S2B_T32TQP_20230204T100117_L2A/L2A_PVI.jpg""}"
S2B_T32TQQ_20230207T101742_L2A,2023-02-07 10:18:23.123000+00:00,5.361843,,sentinel-2b,"{""red"": ""https://e84-earth-search-sentinel-data.s3.us-west-2.amazonaws.com/sentinel-2-c1-l2a/32/T/QQ/2023/2/S2B_T32TQQ_20230207T101742_L2A/B04.tif"", ""green"": ""https://e84-earth-search-sentinel-data.s3.us-west-2.amazonaws.com/sentinel-2-c1-l2a/32/T/QQ/2023/2/S2B_T32TQQ_20230207T101742_L2A/B03.tif"", ""blue"": ""https://e84-earth-search-sentinel-data.s3.us-west-2.amazonaws.com/sentinel-2-c1-l2a/32/T/QQ/2023/2/S2B_T32TQQ_20230207T101742_L2A/B02.tif"", ""visual"": ""https://e84-earth-search-sentinel-data.s3.us-west-2.amazonaws.com/sentinel-2-c1-l2a/32/T/QQ/2023/2/S2B_T32TQQ_20230207T101742_L2A/TCI.tif"", ""nir"": ""https://e84-earth-search-sentinel-data.s3.us-west-2.amazonaws.com/sentinel-2-c1-l2a/32/T/QQ/2023/2/S2B_T32TQQ_20230207T101742_L2A/B08.tif"", ""swir22"": ""https://e84-earth-search-sentinel-data.s3.us-west-2.amazonaws.com/sentinel-2-c1-l2a/32/T/QQ/2023/2/S2B_T32TQQ_20230207T101742_L2A/B12.tif"", ""rededge2"": ""https://e84-earth-search-sentinel-data.s3.us-west-2.amazonaws.com/sentinel-2-c1-l2a/32/T/QQ/2023/2/S2B_T32TQQ_20230207T101742_L2A/B06.tif"", ""rededge3"": ""https://e84-earth-search-sentinel-data.s3.us-west-2.amazonaws.com/sentinel-2-c1-l2a/32/T/QQ/2023/2/S2B_T32TQQ_20230207T101742_L2A/B07.tif"", ""rededge1"": ""https://e84-earth-search-sentinel-data.s3.us-west-2.amazonaws.com/sentinel-2-c1-l2a/32/T/QQ/2023/2/S2B_T32TQQ_20230207T101742_L2A/B05.tif"", ""swir16"": ""https://e84-earth-search-sentinel-data.s3.us-west-2.amazonaws.com/sentinel-2-c1-l2a/32/T/QQ/2023/2/S2B_T32TQQ_20230207T101742_L2A/B11.tif"", ""wvp"": ""https://e84-earth-search-sentinel-data.s3.us-west-2.amazonaws.com/sentinel-2-c1-l2a/32/T/QQ/2023/2/S2B_T32TQQ_20230207T101742_L2A/WVP.tif"", ""nir08"": ""https://e84-earth-search-sentinel-data.s3.us-west-2.amazonaws.com/sentinel-2-c1-l2a/32/T/QQ/2023/2/S2B_T32TQQ_20230207T101742_L2A/B8A.tif"", ""scl"": ""https://e84-earth-search-sentinel-data.s3.us-west-2.amazonaws.com/sentinel-2-c1-l2a/32/T/QQ/2023/2/S2B_T32TQQ_20230207T101742_L2A/SCL.tif"", ""aot"": ""https://e84-earth-search-sentinel-data.s3.us-west-2.amazonaws.com/sentinel-2-c1-l2a/32/T/QQ/2023/2/S2B_T32TQQ_20230207T101742_L2A/AOT.tif"", ""coastal"": ""https://e84-earth-search-sentinel-data.s3.us-west-2.amazonaws.com/sentinel-2-c1-l2a/32/T/QQ/2023/2/S2B_T32TQQ_20230207T101742_L2A/B01.tif"", ""nir09"": ""https://e84-earth-search-sentinel-data.s3.us-west-2.amazonaws.com/sentinel-2-c1-l2a/32/T/QQ/2023/2/S2B_T32TQQ_20230207T101742_L2A/B09.tif"", ""cloud"": ""https://e84-earth-search-sentinel-data.s3.us-west-2.amazonaws.com/sentinel-2-c1-l2a/32/T/QQ/2023/2/S2B_T32TQQ_20230207T101742_L2A/CLD_20m.tif"", ""snow"": ""https://e84-earth-search-sentinel-data.s3.us-west-2.amazonaws.com/sentinel-2-c1-l2a/32/T/QQ/2023/2/S2B_T32TQQ_20230207T101742_L2A/SNW_20m.tif"", ""preview"": ""https://e84-earth-search-sentinel-data.s3.us-west-2.amazonaws.com/sentinel-2-c1-l2a/32/T/QQ/2023/2/S2B_T32TQQ_20230207T101742_L2A/L2A_PVI.tif"", ""granule_metadata"": ""https://e84-earth-search-sentinel-data.s3.us-west-2.amazonaws.com/sentinel-2-c1-l2a/32/T/QQ/2023/2/S2B_T32TQQ_20230207T101742_L2A/metadata.xml"", ""tileinfo_metadata"": ""https://e84-earth-search-sentinel-data.s3.us-west-2.amazonaws.com/sentinel-2-c1-l2a/32/T/QQ/2023/2/S2B_T32TQQ_20230207T101742_L2A/tileInfo.json"", ""product_metadata"": ""https://e84-earth-search-sentinel-data.s3.us-west-2.amazonaws.com/sentinel-2-c1-l2a/32/T/QQ/2023/2/S2B_T32TQQ_20230207T101742_L2A/product_metadata.xml"", ""thumbnail"": ""https://e84-earth-search-sentinel-data.s3.us-west-2.amazonaws.com/sentinel-2-c1-l2a/32/T/QQ/2023/2/S2B_T32TQQ_20230207T101742_L2A/L2A_PVI.jpg""}"
S2B_T32TPQ_20230207T101742_L2A,2023-02-07 10:18:26.567000+00:00,3.921271,,sentinel-2b,"{""red"": ""https://e84-earth-search-sentinel-data.s3.us-west-2.amazonaws.com/sentinel-2-c1-l2a/32/T/PQ/2023/2/S2B_T32TPQ_20230207T101742_L2A/B04.tif"", ""green"": ""https://e84-earth-search-sentinel-data.s3.us-west-2.amazonaws.com/sentinel-2-c1-l2a/32/T/PQ/2023/2/S2B_T32TPQ_20230207T101742_L2A/B03.tif"", ""blue"": ""https://e84-earth-search-sentinel-data.s3.us-west-2.amazonaws.com/sentinel-2-c1-l2a/32/T/PQ/2023/2/S2B_T32TPQ_20230207T101742_L2A/B02.tif"", ""visual"": ""https://e84-earth-search-sentinel-data.s3.us-west-2.amazonaws.com/sentinel-2-c1-l2a/32/T/PQ/2023/2/S2B_T32TPQ_20230207T101742_L2A/TCI.tif"", ""nir"": ""https://e84-earth-search-sentinel-data.s3.us-west-2.amazonaws.com/sentinel-2-c1-l2a/32/T/PQ/2023/2/S2B_T32TPQ_20230207T101742_L2A/B08.tif"", ""swir22"": ""https://e84-earth-search-sentinel-data.s3.us-west-2.amazonaws.com/sentinel-2-c1-l2a/32/T/PQ/2023/2/S2B_T32TPQ_20230207T101742_L2A/B12.tif"", ""rededge2"": ""https://e84-earth-search-sentinel-data.s3.us-west-2.amazonaws.com/sentinel-2-c1-l2a/32/T/PQ/2023/2/S2B_T32TPQ_20230207T101742_L2A/B06.tif"", ""rededge3"": ""https://e84-earth-search-sentinel-data.s3.us-west-2.amazonaws.com/sentinel-2-c1-l2a/32/T/PQ/2023/2/S2B_T32TPQ_20230207T101742_L2A/B07.tif"", ""rededge1"": ""https://e84-earth-search-sentinel-data.s3.us-west-2.amazonaws.com/sentinel-2-c1-l2a/32/T/PQ/2023/2/S2B_T32TPQ_20230207T101742_L2A/B05.tif"", ""swir16"": ""https://e84-earth-search-sentinel-data.s3.us-west-2.amazonaws.com/sentinel-2-c1-l2a/32/T/PQ/2023/2/S2B_T32TPQ_20230207T101742_L2A/B11.tif"", ""wvp"": ""https://e84-earth-search-sentinel-data.s3.us-west-2.amazonaws.com/sentinel-2-c1-l2a/32/T/PQ/2023/2/S2B_T32TPQ_20230207T101742_L2A/WVP.tif"", ""nir08"": ""https://e84-earth-search-sentinel-data.s3.us-west-2.amazonaws.com/sentinel-2-c1-l2a/32/T/PQ/2023/2/S2B_T32TPQ_20230207T101742_L2A/B8A.tif"", ""scl"": ""https://e84-earth-search-sentinel-data.s3.us-west-2.amazonaws.com/sentinel-2-c1-l2a/32/T/PQ/2023/2/S2B_T32TPQ_20230207T101742_L2A/SCL.tif"", ""aot"": ""https://e84-earth-search-sentinel-data.s3.us-west-2.amazonaws.com/sentinel-2-c1-l2a/32/T/PQ/2023/2/S2B_T32TPQ_20230207T101742_L2A/AOT.tif"", ""coastal"": ""https://e84-earth-search-sentinel-data.s3.us-west-2.amazonaws.com/sentinel-2-c1-l2a/32/T/PQ/2023/2/S2B_T32TPQ_20230207T101742_L2A/B01.tif"", ""nir09"": ""https://e84-earth-search-sentinel-data.s3.us-west-2.amazonaws.com/sentinel-2-c1-l2a/32/T/PQ/2023/2/S2B_T32TPQ_20230207T101742_L2A/B09.tif"", ""cloud"": ""https://e84-earth-search-sentinel-data.s3.us-west-2.amazonaws.com/sentinel-2-c1-l2a/32/T/PQ/2023/2/S2B_T32TPQ_20230207T101742_L2A/CLD_20m.tif"", ""snow"": ""https://e84-earth-search-sentinel-data.s3.us-west-2.amazonaws.com/sentinel-2-c1-l2a/32/T/PQ/2023/2/S2B_T32TPQ_20230207T101742_L2A/SNW_20m.tif"", ""preview"": ""https://e84-earth-search-sentinel-data.s3.us-west-2.amazonaws.com/sentinel-2-c1-l2a/32/T/PQ/2023/2/S2B_T32TPQ_20230207T101742_L2A/L2A_PVI.tif"", ""granule_metadata"": ""https://e84-earth-search-sentinel-data.s3.us-west-2.amazonaws.com/sentinel-2-c1-l2a/32/T/PQ/2023/2/S2B_T32TPQ_20230207T101742_L2A/metadata.xml"", ""tileinfo_metadata"": ""https://e84-earth-search-sentinel-data.s3.us-west-2.amazonaws.com/sentinel-2-c1-l2a/32/T/PQ/2023/2/S2B_T32TPQ_20230207T101742_L2A/tileInfo.json"", ""product_metadata"": ""https://e84-earth-search-sentinel-data.s3.us-west-2.amazonaws.com/sentinel-2-c1-l2a/32/T/PQ/2023/2/S2B_T32TPQ_20230207T101742_L2A/product_metadata.xml"", ""thumbnail"": ""https://e84-earth-search-sentinel-data.s3.us-west-2.amazonaws.com/sentinel-2-c1-l2a/32/T/PQ/2023/2/S2B_T32TPQ_20230207T101742_L2A/L2A_PVI.jpg""}"
S2B_T32TQP_20230207T101742_L2A,2023-02-07 10:18:37.377000+00:00,25.414991,,sentinel-2b,"{""red"": ""https://e84-earth-search-sentinel-data.s3.us-west-2.amazonaws.com/sentinel-2-c1-l2a/32/T/QP/2023/2/S2B_T32TQP_20230207T101742_L2A/B04.tif"", ""green"": ""https://e84-earth-search-sentinel-data.s3.us-west-2.amazonaws.com/sentinel-2-c1-l2a/32/T/QP/2023/2/S2B_T32TQP_20230207T101742_L2A/B03.tif"", ""blue"": ""https://e84-earth-search-sentinel-data.s3.us-west-2.amazonaws.com/sentinel-2-c1-l2a/32/T/QP/2023/2/S2B_T32TQP_20230207T101742_L2A/B02.tif"", ""visual"": ""https://e84-earth-search-sentinel-data.s3.us-west-2.amazonaws.com/sentinel-2-c1-l2a/32/T/QP/2023/2/S2B_T32TQP_20230207T101742_L2A/TCI.tif"", ""nir"": ""https://e84-earth-search-sentinel-data.s3.us-west-2.amazonaws.com/sentinel-2-c1-l2a/32/T/QP/2023/2/S2B_T32TQP_20230207T101742_L2A/B08.tif"", ""swir22"": ""https://e84-earth-search-sentinel-data.s3.us-west-2.amazonaws.com/sentinel-2-c1-l2a/32/T/QP/2023/2/S2B_T32TQP_20230207T101742_L2A/B12.tif"", ""rededge2"": ""https://e84-earth-search-sentinel-data.s3.us-west-2.amazonaws.com/sentinel-2-c1-l2a/32/T/QP/2023/2/S2B_T32TQP_20230207T101742_L2A/B06.tif"", ""rededge3"": ""https://e84-earth-search-sentinel-data.s3.us-west-2.amazonaws.com/sentinel-2-c1-l2a/32/T/QP/2023/2/S2B_T32TQP_20230207T101742_L2A/B07.tif"", ""rededge1"": ""https://e84-earth-search-sentinel-data.s3.us-west-2.amazonaws.com/sentinel-2-c1-l2a/32/T/QP/2023/2/S2B_T32TQP_20230207T101742_L2A/B05.tif"", ""swir16"": ""https://e84-earth-search-sentinel-data.s3.us-west-2.amazonaws.com/sentinel-2-c1-l2a/32/T/QP/2023/2/S2B_T32TQP_20230207T101742_L2A/B11.tif"", ""wvp"": ""https://e84-earth-search-sentinel-data.s3.us-west-2.amazonaws.com/sentinel-2-c1-l2a/32/T/QP/2023/2/S2B_T32TQP_20230207T101742_L2A/WVP.tif"", ""nir08"": ""https://e84-earth-search-sentinel-data.s3.us-west-2.amazonaws.com/sentinel-2-c1-l2a/32/T/QP/2023/2/S2B_T32TQP_20230207T101742_L2A/B8A.tif"", ""scl"": ""https://e84-earth-search-sentinel-data.s3.us-west-2.amazonaws.com/sentinel-2-c1-l2a/32/T/QP/2023/2/S2B_T32TQP_20230207T101742_L2A/SCL.tif"", ""aot"": ""https://e84-earth-search-sentinel-data.s3.us-west-2.amazonaws.com/sentinel-2-c1-l2a/32/T/QP/2023/2/S2B_T32TQP_20230207T101742_L2A/AOT.tif"", ""coastal"": ""https://e84-earth-search-sentinel-data.s3.us-west-2.amazonaws.com/sentinel-2-c1-l2a/32/T/QP/2023/2/S2B_T32TQP_20230207T101742_L2A/B01.tif"", ""nir09"": ""https://e84-earth-search-sentinel-data.s3.us-west-2.amazonaws.com/sentinel-2-c1-l2a/32/T/QP/2023/2/S2B_T32TQP_20230207T101742_L2A/B09.tif"", ""cloud"": ""https://e84-earth-search-sentinel-data.s3.us-west-2.amazonaws.com/sentinel-2-c1-l2a/32/T/QP/2023/2/S2B_T32TQP_20230207T101742_L2A/CLD_20m.tif"", ""snow"": ""https://e84-earth-search-sentinel-data.s3.us-west-2.amazonaws.com/sentinel-2-c1-l2a/32/T/QP/2023/2/S2B_T32TQP_20230207T101742_L2A/SNW_20m.tif"", ""preview"": ""https://e84-earth-search-sentinel-data.s3.us-west-2.amazonaws.com/sentinel-2-c1-l2a/32/T/QP/2023/2/S2B_T32TQP_20230207T101742_L2A/L2A_PVI.tif"", ""granule_metadata"": ""https://e84-earth-search-sentinel-data.s3.us-west-2.amazonaws.com/sentinel-2-c1-l2a/32/T/QP/2023/2/S2B_T32TQP_20230207T101742_L2A/metadata.xml"", ""tileinfo_metadata"": ""https://e84-earth-search-sentinel-data.s3.us-west-2.amazonaws.com/sentinel-2-c1-l2a/32/T/QP/2023/2/S2B_T32TQP_20230207T101742_L2A/tileInfo.json"", ""product_metadata"": ""https://e84-earth-search-sentinel-data.s3.us-west-2.amazonaws.com/sentinel-2-c1-l2a/32/T/QP/2023/2/S2B_T32TQP_20230207T101742_L2A/product_metadata.xml"", ""thumbnail"": ""https://e84-earth-search-sentinel-data.s3.us-west-2.amazonaws.com/sentinel-2-c1-l2a/32/T/QP/2023/2/S2B_T32TQP_20230207T101742_L2A/L2A_PVI.jpg""}"
S2B_T32TPP_20230207T101742_L2A,2023-02-07 10:18:40.968000+00:00,6.394325,,sentinel-2b,"{""red"": ""https://e84-earth-search-sentinel-data.s3.us-west-2.amazonaws.com/sentinel-2-c1-l2a/32/T/PP/2023/2/S2B_T32TPP_20230207T101742_L2A/B04.tif"", ""green"": ""https://e84-earth-search-sentinel-data.s3.us-west-2.amazonaws.com/sentinel-2-c1-l2a/32/T/PP/2023/2/S2B_T32TPP_20230207T101742_L2A/B03.tif"", ""blue"": ""https://e84-earth-search-sentinel-data.s3.us-west-2.amazonaws.com/sentinel-2-c1-l2a/32/T/PP/2023/2/S2B_T32TPP_20230207T101742_L2A/B02.tif"", ""visual"": ""https://e84-earth-search-sentinel-data.s3.us-west-2.amazonaws.com/sentinel-2-c1-l2a/32/T/PP/2023/2/S2B_T32TPP_20230207T101742_L2A/TCI.tif"", ""nir"": ""https://e84-earth-search-sentinel-data.s3.us-west-2.amazonaws.com/sentinel-2-c1-l2a/32/T/PP/2023/2/S2B_T32TPP_20230207T101742_L2A/B08.tif"", ""swir22"": ""https://e84-earth-search-sentinel-data.s3.us-west-2.amazonaws.com/sentinel-2-c1-l2a/32/T/PP/2023/2/S2B_T32TPP_20230207T101742_L2A/B12.tif"", ""rededge2"": ""https://e84-earth-search-sentinel-data.s3.us-west-2.amazonaws.com/sentinel-2-c1-l2a/32/T/PP/2023/2/S2B_T32TPP_20230207T101742_L2A/B06.tif"", ""rededge3"": ""https://e84-earth-search-sentinel-data.s3.us-west-2.amazonaws.com/sentinel-2-c1-l2a/32/T/PP/2023/2/S2B_T32TPP_20230207T101742_L2A/B07.tif"", ""rededge1"": ""https://e84-earth-search-sentinel-data.s3.us-west-2.amazonaws.com/sentinel-2-c1-l2a/32/T/PP/2023/2/S2B_T32TPP_20230207T101742_L2A/B05.tif"", ""swir16"": ""https://e84-earth-search-sentinel-data.s3.us-west-2.amazonaws.com/sentinel-2-c1-l2a/32/T/PP/2023/2/S2B_T32TPP_20230207T101742_L2A/B11.tif"", ""wvp"": ""https://e84-earth-search-sentinel-data.s3.us-west-2.amazonaws.com/sentinel-2-c1-l2a/32/T/PP/2023/2/S2B_T32TPP_20230207T101742_L2A/WVP.tif"", ""nir08"": ""https://e84-earth-search-sentinel-data.s3.us-west-2.amazonaws.com/sentinel-2-c1-l2a/32/T/PP/2023/2/S2B_T32TPP_20230207T101742_L2A/B8A.tif"", ""scl"": ""https://e84-earth-search-sentinel-data.s3.us-west-2.amazonaws.com/sentinel-2-c1-l2a/32/T/PP/2023/2/S2B_T32TPP_20230207T101742_L2A/SCL.tif"", ""aot"": ""https://e84-earth-search-sentinel-data.s3.us-west-2.amazonaws.com/sentinel-2-c1-l2a/32/T/PP/2023/2/S2B_T32TPP_20230207T101742_L2A/AOT.tif"", ""coastal"": ""https://e84-earth-search-sentinel-data.s3.us-west-2.amazonaws.com/sentinel-2-c1-l2a/32/T/PP/2023/2/S2B_T32TPP_20230207T101742_L2A/B01.tif"", ""nir09"": ""https://e84-earth-search-sentinel-data.s3.us-west-2.amazonaws.com/sentinel-2-c1-l2a/32/T/PP/2023/2/S2B_T32TPP_20230207T101742_L2A/B09.tif"", ""cloud"": ""https://e84-earth-search-sentinel-data.s3.us-west-2.amazonaws.com/sentinel-2-c1-l2a/32/T/PP/2023/2/S2B_T32TPP_20230207T101742_L2A/CLD_20m.tif"", ""snow"": ""https://e84-earth-search-sentinel-data.s3.us-west-2.amazonaws.com/sentinel-2-c1-l2a/32/T/PP/2023/2/S2B_T32TPP_20230207T101742_L2A/SNW_20m.tif"", ""preview"": ""https://e84-earth-search-sentinel-data.s3.us-west-2.amazonaws.com/sentinel-2-c1-l2a/32/T/PP/2023/2/S2B_T32TPP_20230207T101742_L2A/L2A_PVI.tif"", ""granule_metadata"": ""https://e84-earth-search-sentinel-data.s3.us-west-2.amazonaws.com/sentinel-2-c1-l2a/32/T/PP/2023/2/S2B_T32TPP_20230207T101742_L2A/metadata.xml"", ""tileinfo_metadata"": ""https://e84-earth-search-sentinel-data.s3.us-west-2.amazonaws.com/sentinel-2-c1-l2a/32/T/PP/2023/2/S2B_T32TPP_20230207T101742_L2A/tileInfo.json"", ""product_metadata"": ""https://e84-earth-search-sentinel-data.s3.us-west-2.amazonaws.com/sentinel-2-c1-l2a/32/T/PP/2023/2/S2B_T32TPP_20230207T101742_L2A/product_metadata.xml"", ""thumbnail"": ""https://e84-earth-search-sentinel-data.s3.us-west-2.amazonaws.com/sentinel-2-c1-l2a/32/T/PP/2023/2/S2B_T32TPP_20230207T101742_L2A/L2A_PVI.jpg""}"
S2A_T32TQQ_20230209T100209_L2A,2023-02-09 10:08:26.905000+00:00,28.098142,,sentinel-2a,"{""red"": ""https://e84-earth-search-sentinel-data.s3.us-west-2.amazonaws.com/sentinel-2-c1-l2a/32/T/QQ/2023/2/S2A_T32TQQ_20230209T100209_L2A/B04.tif"", ""green"": ""https://e84-earth-search-sentinel-data.s3.us-west-2.amazonaws.com/sentinel-2-c1-l2a/32/T/QQ/2023/2/S2A_T32TQQ_20230209T100209_L2A/B03.tif"", ""blue"": ""https://e84-earth-search-sentinel-data.s3.us-west-2.amazonaws.com/sentinel-2-c1-l2a/32/T/QQ/2023/2/S2A_T32TQQ_20230209T100209_L2A/B02.tif"", ""visual"": ""https://e84-earth-search-sentinel-data.s3.us-west-2.amazonaws.com/sentinel-2-c1-l2a/32/T/QQ/2023/2/S2A_T32TQQ_20230209T100209_L2A/TCI.tif"", ""nir"": ""https://e84-earth-search-sentinel-data.s3.us-west-2.amazonaws.com/sentinel-2-c1-l2a/32/T/QQ/2023/2/S2A_T32TQQ_20230209T100209_L2A/B08.tif"", ""swir22"": ""https://e84-earth-search-sentinel-data.s3.us-west-2.amazonaws.com/sentinel-2-c1-l2a/32/T/QQ/2023/2/S2A_T32TQQ_20230209T100209_L2A/B12.tif"", ""rededge2"": ""https://e84-earth-search-sentinel-data.s3.us-west-2.amazonaws.com/sentinel-2-c1-l2a/32/T/QQ/2023/2/S2A_T32TQQ_20230209T100209_L2A/B06.tif"", ""rededge3"": ""https://e84-earth-search-sentinel-data.s3.us-west-2.amazonaws.com/sentinel-2-c1-l2a/32/T/QQ/2023/2/S2A_T32TQQ_20230209T100209_L2A/B07.tif"", ""rededge1"": ""https://e84-earth-search-sentinel-data.s3.us-west-2.amazonaws.com/sentinel-2-c1-l2a/32/T/QQ/2023/2/S2A_T32TQQ_20230209T100209_L2A/B05.tif"", ""swir16"": ""https://e84-earth-search-sentinel-data.s3.us-west-2.amazonaws.com/sentinel-2-c1-l2a/32/T/QQ/2023/2/S2A_T32TQQ_20230209T100209_L2A/B11.tif"", ""wvp"": ""https://e84-earth-search-sentinel-data.s3.us-west-2.amazonaws.com/sentinel-2-c1-l2a/32/T/QQ/2023/2/S2A_T32TQQ_20230209T100209_L2A/WVP.tif"", ""nir08"": ""https://e84-earth-search-sentinel-data.s3.us-west-2.amazonaws.com/sentinel-2-c1-l2a/32/T/QQ/2023/2/S2A_T32TQQ_20230209T100209_L2A/B8A.tif"", ""scl"": ""https://e84-earth-search-sentinel-data.s3.us-west-2.amazonaws.com/sentinel-2-c1-l2a/32/T/QQ/2023/2/S2A_T32TQQ_20230209T100209_L2A/SCL.tif"", ""aot"": ""https://e84-earth-search-sentinel-data.s3.us-west-2.amazonaws.com/sentinel-2-c1-l2a/32/T/QQ/2023/2/S2A_T32TQQ_20230209T100209_L2A/AOT.tif"", ""coastal"": ""https://e84-earth-search-sentinel-data.s3.us-west-2.amazonaws.com/sentinel-2-c1-l2a/32/T/QQ/2023/2/S2A_T32TQQ_20230209T100209_L2A/B01.tif"", ""nir09"": ""https://e84-earth-search-sentinel-data.s3.us-west-2.amazonaws.com/sentinel-2-c1-l2a/32/T/QQ/2023/2/S2A_T32TQQ_20230209T100209_L2A/B09.tif"", ""cloud"": ""https://e84-earth-search-sentinel-data.s3.us-west-2.amazonaws.com/sentinel-2-c1-l2a/32/T/QQ/2023/2/S2A_T32TQQ_20230209T100209_L2A/CLD_20m.tif"", ""snow"": ""https://e84-earth-search-sentinel-data.s3.us-west-2.amazonaws.com/sentinel-2-c1-l2a/32/T/QQ/2023/2/S2A_T32TQQ_20230209T100209_L2A/SNW_20m.tif"", ""preview"": ""https://e84-earth-search-sentinel-data.s3.us-west-2.amazonaws.com/sentinel-2-c1-l2a/32/T/QQ/2023/2/S2A_T32TQQ_20230209T100209_L2A/L2A_PVI.tif"", ""granule_metadata"": ""https://e84-earth-search-sentinel-data.s3.us-west-2.amazonaws.com/sentinel-2-c1-l2a/32/T/QQ/2023/2/S2A_T32TQQ_20230209T100209_L2A/metadata.xml"", ""tileinfo_metadata"": ""https://e84-earth-search-sentinel-data.s3.us-west-2.amazonaws.com/sentinel-2-c1-l2a/32/T/QQ/2023/2/S2A_T32TQQ_20230209T100209_L2A/tileInfo.json"", ""product_metadata"": ""https://e84-earth-search-sentinel-data.s3.us-west-2.amazonaws.com/sentinel-2-c1-l2a/32/T/QQ/2023/2/S2A_T32TQQ_20230209T100209_L2A/product_metadata.xml"", ""thumbnail"": ""https://e84-earth-search-sentinel-data.s3.us-west-2.amazonaws.com/sentinel-2-c1-l2a/32/T/QQ/2023/2/S2A_T32TQQ_20230209T100209_L2A/L2A_PVI.jpg""}"
S2A_T32TQQ_20230212T101131_L2A,2023-02-12 10:18:23.149000+00:00,18.849334,,sentinel-2a,"{""red"": ""https://e84-earth-search-sentinel-data.s3.us-west-2.amazonaws.com/sentinel-2-c1-l2a/32/T/QQ/2023/2/S2A_T32TQQ_20230212T101131_L2A/B04.tif"", ""green"": ""https://e84-earth-search-sentinel-data.s3.us-west-2.amazonaws.com/sentinel-2-c1-l2a/32/T/QQ/2023/2/S2A_T32TQQ_20230212T101131_L2A/B03.tif"", ""blue"": ""https://e84-earth-search-sentinel-data.s3.us-west-2.amazonaws.com/sentinel-2-c1-l2a/32/T/QQ/2023/2/S2A_T32TQQ_20230212T101131_L2A/B02.tif"", ""visual"": ""https://e84-earth-search-sentinel-data.s3.us-west-2.amazonaws.com/sentinel-2-c1-l2a/32/T/QQ/2023/2/S2A_T32TQQ_20230212T101131_L2A/TCI.tif"", ""nir"": ""https://e84-earth-search-sentinel-data.s3.us-west-2.amazonaws.com/sentinel-2-c1-l2a/32/T/QQ/2023/2/S2A_T32TQQ_20230212T101131_L2A/B08.tif"", ""swir22"": ""https://e84-earth-search-sentinel-data.s3.us-west-2.amazonaws.com/sentinel-2-c1-l2a/32/T/QQ/2023/2/S2A_T32TQQ_20230212T101131_L2A/B12.tif"", ""rededge2"": ""https://e84-earth-search-sentinel-data.s3.us-west-2.amazonaws.com/sentinel-2-c1-l2a/32/T/QQ/2023/2/S2A_T32TQQ_20230212T101131_L2A/B06.tif"", ""rededge3"": ""https://e84-earth-search-sentinel-data.s3.us-west-2.amazonaws.com/sentinel-2-c1-l2a/32/T/QQ/2023/2/S2A_T32TQQ_20230212T101131_L2A/B07.tif"", ""rededge1"": ""https://e84-earth-search-sentinel-data.s3.us-west-2.amazonaws.com/sentinel-2-c1-l2a/32/T/QQ/2023/2/S2A_T32TQQ_20230212T101131_L2A/B05.tif"", ""swir16"": ""https://e84-earth-search-sentinel-data.s3.us-west-2.amazonaws.com/sentinel-2-c1-l2a/32/T/QQ/2023/2/S2A_T32TQQ_20230212T101131_L2A/B11.tif"", ""wvp"": ""https://e84-earth-search-sentinel-data.s3.us-west-2.amazonaws.com/sentinel-2-c1-l2a/32/T/QQ/2023/2/S2A_T32TQQ_20230212T101131_L2A/WVP.tif"", ""nir08"": ""https://e84-earth-search-sentinel-data.s3.us-west-2.amazonaws.com/sentinel-2-c1-l2a/32/T/QQ/2023/2/S2A_T32TQQ_20230212T101131_L2A/B8A.tif"", ""scl"": ""https://e84-earth-search-sentinel-data.s3.us-west-2.amazonaws.com/sentinel-2-c1-l2a/32/T/QQ/2023/2/S2A_T32TQQ_20230212T101131_L2A/SCL.tif"", ""aot"": ""https://e84-earth-search-sentinel-data.s3.us-west-2.amazonaws.com/sentinel-2-c1-l2a/32/T/QQ/2023/2/S2A_T32TQQ_20230212T101131_L2A/AOT.tif"", ""coastal"": ""https://e84-earth-search-sentinel-data.s3.us-west-2.amazonaws.com/sentinel-2-c1-l2a/32/T/QQ/2023/2/S2A_T32TQQ_20230212T101131_L2A/B01.tif"", ""nir09"": ""https://e84-earth-search-sentinel-data.s3.us-west-2.amazonaws.com/sentinel-2-c1-l2a/32/T/QQ/2023/2/S2A_T32TQQ_20230212T101131_L2A/B09.tif"", ""cloud"": ""https://e84-earth-search-sentinel-data.s3.us-west-2.amazonaws.com/sentinel-2-c1-l2a/32/T/QQ/2023/2/S2A_T32TQQ_20230212T101131_L2A/CLD_20m.tif"", ""snow"": ""https://e84-earth-search-sentinel-data.s3.us-west-2.amazonaws.com/sentinel-2-c1-l2a/32/T/QQ/2023/2/S2A_T32TQQ_20230212T101131_L2A/SNW_20m.tif"", ""preview"": ""https://e84-earth-search-sentinel-data.s3.us-west-2.amazonaws.com/sentinel-2-c1-l2a/32/T/QQ/2023/2/S2A_T32TQQ_20230212T101131_L2A/L2A_PVI.tif"", ""granule_metadata"": ""https://e84-earth-search-sentinel-data.s3.us-west-2.amazonaws.com/sentinel-2-c1-l2a/32/T/QQ/2023/2/S2A_T32TQQ_20230212T101131_L2A/metadata.xml"", ""tileinfo_metadata"": ""https://e84-earth-search-sentinel-data.s3.us-west-2.amazonaws.com/sentinel-2-c1-l2a/32/T/QQ/2023/2/S2A_T32TQQ_20230212T101131_L2A/tileInfo.json"", ""product_metadata"": ""https://e84-earth-search-sentinel-data.s3.us-west-2.amazonaws.com/sentinel-2-c1-l2a/32/T/QQ/2023/2/S2A_T32TQQ_20230212T101131_L2A/product_metadata.xml"", ""thumbnail"": ""https://e84-earth-search-sentinel-data.s3.us-west-2.amazonaws.com/sentinel-2-c1-l2a/32/T/QQ/2023/2/S2A_T32TQQ_20230212T101131_L2A/L2A_PVI.jpg""}"
S2A_T32TPQ_20230212T101131_L2A,2023-02-12 10:18:26.601000+00:00,0.001111,,sentinel-2a,"{""red"": ""https://e84-earth-search-sentinel-data.s3.us-west-2.amazonaws.com/sentinel-2-c1-l2a/32/T/PQ/2023/2/S2A_T32TPQ_20230212T101131_L2A/B04.tif"", ""green"": ""https://e84-earth-search-sentinel-data.s3.us-west-2.amazonaws.com/sentinel-2-c1-l2a/32/T/PQ/2023/2/S2A_T32TPQ_20230212T101131_L2A/B03.tif"", ""blue"": ""https://e84-earth-search-sentinel-data.s3.us-west-2.amazonaws.com/sentinel-2-c1-l2a/32/T/PQ/2023/2/S2A_T32TPQ_20230212T101131_L2A/B02.tif"", ""visual"": ""https://e84-earth-search-sentinel-data.s3.us-west-2.amazonaws.com/sentinel-2-c1-l2a/32/T/PQ/2023/2/S2A_T32TPQ_20230212T101131_L2A/TCI.tif"", ""nir"": ""https://e84-earth-search-sentinel-data.s3.us-west-2.amazonaws.com/sentinel-2-c1-l2a/32/T/PQ/2023/2/S2A_T32TPQ_20230212T101131_L2A/B08.tif"", ""swir22"": ""https://e84-earth-search-sentinel-data.s3.us-west-2.amazonaws.com/sentinel-2-c1-l2a/32/T/PQ/2023/2/S2A_T32TPQ_20230212T101131_L2A/B12.tif"", ""rededge2"": ""https://e84-earth-search-sentinel-data.s3.us-west-2.amazonaws.com/sentinel-2-c1-l2a/32/T/PQ/2023/2/S2A_T32TPQ_20230212T101131_L2A/B06.tif"", ""rededge3"": ""https://e84-earth-search-sentinel-data.s3.us-west-2.amazonaws.com/sentinel-2-c1-l2a/32/T/PQ/2023/2/S2A_T32TPQ_20230212T101131_L2A/B07.tif"", ""rededge1"": ""https://e84-earth-search-sentinel-data.s3.us-west-2.amazonaws.com/sentinel-2-c1-l2a/32/T/PQ/2023/2/S2A_T32TPQ_20230212T101131_L2A/B05.tif"", ""swir16"": ""https://e84-earth-search-sentinel-data.s3.us-west-2.amazonaws.com/sentinel-2-c1-l2a/32/T/PQ/2023/2/S2A_T32TPQ_20230212T101131_L2A/B11.tif"", ""wvp"": ""https://e84-earth-search-sentinel-data.s3.us-west-2.amazonaws.com/sentinel-2-c1-l2a/32/T/PQ/2023/2/S2A_T32TPQ_20230212T101131_L2A/WVP.tif"", ""nir08"": ""https://e84-earth-search-sentinel-data.s3.us-west-2.amazonaws.com/sentinel-2-c1-l2a/32/T/PQ/2023/2/S2A_T32TPQ_20230212T101131_L2A/B8A.tif"", ""scl"": ""https://e84-earth-search-sentinel-data.s3.us-west-2.amazonaws.com/sentinel-2-c1-l2a/32/T/PQ/2023/2/S2A_T32TPQ_20230212T101131_L2A/SCL.tif"", ""aot"": ""https://e84-earth-search-sentinel-data.s3.us-west-2.amazonaws.com/sentinel-2-c1-l2a/32/T/PQ/2023/2/S2A_T32TPQ_20230212T101131_L2A/AOT.tif"", ""coastal"": ""https://e84-earth-search-sentinel-data.s3.us-west-2.amazonaws.com/sentinel-2-c1-l2a/32/T/PQ/2023/2/S2A_T32TPQ_20230212T101131_L2A/B01.tif"", ""nir09"": ""https://e84-earth-search-sentinel-data.s3.us-west-2.amazonaws.com/sentinel-2-c1-l2a/32/T/PQ/2023/2/S2A_T32TPQ_20230212T101131_L2A/B09.tif"", ""cloud"": ""https://e84-earth-search-sentinel-data.s3.us-west-2.amazonaws.com/sentinel-2-c1-l2a/32/T/PQ/2023/2/S2A_T32TPQ_20230212T101131_L2A/CLD_20m.tif"", ""snow"": ""https://e84-earth-search-sentinel-data.s3.us-west-2.amazonaws.com/sentinel-2-c1-l2a/32/T/PQ/2023/2/S2A_T32TPQ_20230212T101131_L2A/SNW_20m.tif"", ""preview"": ""https://e84-earth-search-sentinel-data.s3.us-west-2.amazonaws.com/sentinel-2-c1-l2a/32/T/PQ/2023/2/S2A_T32TPQ_20230212T101131_L2A/L2A_PVI.tif"", ""granule_metadata"": ""https://e84-earth-search-sentinel-data.s3.us-west-2.amazonaws.com/sentinel-2-c1-l2a/32/T/PQ/2023/2/S2A_T32TPQ_20230212T101131_L2A/metadata.xml"", ""tileinfo_metadata"": ""https://e84-earth-search-sentinel-data.s3.us-west-2.amazonaws.com/sentinel-2-c1-l2a/32/T/PQ/2023/2/S2A_T32TPQ_20230212T101131_L2A/tileInfo.json"", ""product_metadata"": ""https://e84-earth-search-sentinel-data.s3.us-west-2.amazonaws.com/sentinel-2-c1-l2a/32/T/PQ/2023/2/S2A_T32TPQ_20230212T101131_L2A/product_metadata.xml"", ""thumbnail"": ""https://e84-earth-search-sentinel-data.s3.us-west-2.amazonaws.com/sentinel-2-c1-l2a/32/T/PQ/2023/2/S2A_T32TPQ_20230212T101131_L2A/L2A_PVI.jpg""}"
S2A_T32TQP_20230212T101131_L2A,2023-02-12 10:18:37.396000+00:00,48.073959,,sentinel-2a,"{""red"": ""https://e84-earth-search-sentinel-data.s3.us-west-2.amazonaws.com/sentinel-2-c1-l2a/32/T/QP/2023/2/S2A_T32TQP_20230212T101131_L2A/B04.tif"", ""green"": ""https://e84-earth-search-sentinel-data.s3.us-west-2.amazonaws.com/sentinel-2-c1-l2a/32/T/QP/2023/2/S2A_T32TQP_20230212T101131_L2A/B03.tif"", ""blue"": ""https://e84-earth-search-sentinel-data.s3.us-west-2.amazonaws.com/sentinel-2-c1-l2a/32/T/QP/2023/2/S2A_T32TQP_20230212T101131_L2A/B02.tif"", ""visual"": ""https://e84-earth-search-sentinel-data.s3.us-west-2.amazonaws.com/sentinel-2-c1-l2a/32/T/QP/2023/2/S2A_T32TQP_20230212T101131_L2A/TCI.tif"", ""nir"": ""https://e84-earth-search-sentinel-data.s3.us-west-2.amazonaws.com/sentinel-2-c1-l2a/32/T/QP/2023/2/S2A_T32TQP_20230212T101131_L2A/B08.tif"", ""swir22"": ""https://e84-earth-search-sentinel-data.s3.us-west-2.amazonaws.com/sentinel-2-c1-l2a/32/T/QP/2023/2/S2A_T32TQP_20230212T101131_L2A/B12.tif"", ""rededge2"": ""https://e84-earth-search-sentinel-data.s3.us-west-2.amazonaws.com/sentinel-2-c1-l2a/32/T/QP/2023/2/S2A_T32TQP_20230212T101131_L2A/B06.tif"", ""rededge3"": ""https://e84-earth-search-sentinel-data.s3.us-west-2.amazonaws.com/sentinel-2-c1-l2a/32/T/QP/2023/2/S2A_T32TQP_20230212T101131_L2A/B07.tif"", ""rededge1"": ""https://e84-earth-search-sentinel-data.s3.us-west-2.amazonaws.com/sentinel-2-c1-l2a/32/T/QP/2023/2/S2A_T32TQP_20230212T101131_L2A/B05.tif"", ""swir16"": ""https://e84-earth-search-sentinel-data.s3.us-west-2.amazonaws.com/sentinel-2-c1-l2a/32/T/QP/2023/2/S2A_T32TQP_20230212T101131_L2A/B11.tif"", ""wvp"": ""https://e84-earth-search-sentinel-data.s3.us-west-2.amazonaws.com/sentinel-2-c1-l2a/32/T/QP/2023/2/S2A_T32TQP_20230212T101131_L2A/WVP.tif"", ""nir08"": ""https://e84-earth-search-sentinel-data.s3.us-west-2.amazonaws.com/sentinel-2-c1-l2a/32/T/QP/2023/2/S2A_T32TQP_20230212T101131_L2A/B8A.tif"", ""scl"": ""https://e84-earth-search-sentinel-data.s3.us-west-2.amazonaws.com/sentinel-2-c1-l2a/32/T/QP/2023/2/S2A_T32TQP_20230212T101131_L2A/SCL.tif"", ""aot"": ""https://e84-earth-search-sentinel-data.s3.us-west-2.amazonaws.com/sentinel-2-c1-l2a/32/T/QP/2023/2/S2A_T32TQP_20230212T101131_L2A/AOT.tif"", ""coastal"": ""https://e84-earth-search-sentinel-data.s3.us-west-2.amazonaws.com/sentinel-2-c1-l2a/32/T/QP/2023/2/S2A_T32TQP_20230212T101131_L2A/B01.tif"", ""nir09"": ""https://e84-earth-search-sentinel-data.s3.us-west-2.amazonaws.com/sentinel-2-c1-l2a/32/T/QP/2023/2/S2A_T32TQP_20230212T101131_L2A/B09.tif"", ""cloud"": ""https://e84-earth-search-sentinel-data.s3.us-west-2.amazonaws.com/sentinel-2-c1-l2a/32/T/QP/2023/2/S2A_T32TQP_20230212T101131_L2A/CLD_20m.tif"", ""snow"": ""https://e84-earth-search-sentinel-data.s3.us-west-2.amazonaws.com/sentinel-2-c1-l2a/32/T/QP/2023/2/S2A_T32TQP_20230212T101131_L2A/SNW_20m.tif"", ""preview"": ""https://e84-earth-search-sentinel-data.s3.us-west-2.amazonaws.com/sentinel-2-c1-l2a/32/T/QP/2023/2/S2A_T32TQP_20230212T101131_L2A/L2A_PVI.tif"", ""granule_metadata"": ""https://e84-earth-search-sentinel-data.s3.us-west-2.amazonaws.com/sentinel-2-c1-l2a/32/T/QP/2023/2/S2A_T32TQP_20230212T101131_L2A/metadata.xml"", ""tileinfo_metadata"": ""https://e84-earth-search-sentinel-data.s3.us-west-2.amazonaws.com/sentinel-2-c1-l2a/32/T/QP/2023/2/S2A_T32TQP_20230212T101131_L2A/tileInfo.json"", ""product_metadata"": ""https://e84-earth-search-sentinel-data.s3.us-west-2.amazonaws.com/sentinel-2-c1-l2a/32/T/QP/2023/2/S2A_T32TQP_20230212T101131_L2A/product_metadata.xml"", ""thumbnail"": ""https://e84-earth-search-sentinel-data.s3.us-west-2.amazonaws.com/sentinel-2-c1-l2a/32/T/QP/2023/2/S2A_T32TQP_20230212T101131_L2A/L2A_PVI.jpg""}"
S2A_T32TPP_20230212T101131_L2A,2023-02-12 10:18:40.999000+00:00,0.001433,,sentinel-2a,"{""red"": ""https://e84-earth-search-sentinel-data.s3.us-west-2.amazonaws.com/sentinel-2-c1-l2a/32/T/PP/2023/2/S2A_T32TPP_20230212T101131_L2A/B04.tif"", ""green"": ""https://e84-earth-search-sentinel-data.s3.us-west-2.amazonaws.com/sentinel-2-c1-l2a/32/T/PP/2023/2/S2A_T32TPP_20230212T101131_L2A/B03.tif"", ""blue"": ""https://e84-earth-search-sentinel-data.s3.us-west-2.amazonaws.com/sentinel-2-c1-l2a/32/T/PP/2023/2/S2A_T32TPP_20230212T101131_L2A/B02.tif"", ""visual"": ""https://e84-earth-search-sentinel-data.s3.us-west-2.amazonaws.com/sentinel-2-c1-l2a/32/T/PP/2023/2/S2A_T32TPP_20230212T101131_L2A/TCI.tif"", ""nir"": ""https://e84-earth-search-sentinel-data.s3.us-west-2.amazonaws.com/sentinel-2-c1-l2a/32/T/PP/2023/2/S2A_T32TPP_20230212T101131_L2A/B08.tif"", ""swir22"": ""https://e84-earth-search-sentinel-data.s3.us-west-2.amazonaws.com/sentinel-2-c1-l2a/32/T/PP/2023/2/S2A_T32TPP_20230212T101131_L2A/B12.tif"", ""rededge2"": ""https://e84-earth-search-sentinel-data.s3.us-west-2.amazonaws.com/sentinel-2-c1-l2a/32/T/PP/2023/2/S2A_T32TPP_20230212T101131_L2A/B06.tif"", ""rededge3"": ""https://e84-earth-search-sentinel-data.s3.us-west-2.amazonaws.com/sentinel-2-c1-l2a/32/T/PP/2023/2/S2A_T32TPP_20230212T101131_L2A/B07.tif"", ""rededge1"": ""https://e84-earth-search-sentinel-data.s3.us-west-2.amazonaws.com/sentinel-2-c1-l2a/32/T/PP/2023/2/S2A_T32TPP_20230212T101131_L2A/B05.tif"", ""swir16"": ""https://e84-earth-search-sentinel-data.s3.us-west-2.amazonaws.com/sentinel-2-c1-l2a/32/T/PP/2023/2/S2A_T32TPP_20230212T101131_L2A/B11.tif"", ""wvp"": ""https://e84-earth-search-sentinel-data.s3.us-west-2.amazonaws.com/sentinel-2-c1-l2a/32/T/PP/2023/2/S2A_T32TPP_20230212T101131_L2A/WVP.tif"", ""nir08"": ""https://e84-earth-search-sentinel-data.s3.us-west-2.amazonaws.com/sentinel-2-c1-l2a/32/T/PP/2023/2/S2A_T32TPP_20230212T101131_L2A/B8A.tif"", ""scl"": ""https://e84-earth-search-sentinel-data.s3.us-west-2.amazonaws.com/sentinel-2-c1-l2a/32/T/PP/2023/2/S2A_T32TPP_20230212T101131_L2A/SCL.tif"", ""aot"": ""https://e84-earth-search-sentinel-data.s3.us-west-2.amazonaws.com/sentinel-2-c1-l2a/32/T/PP/2023/2/S2A_T32TPP_20230212T101131_L2A/AOT.tif"", ""coastal"": ""https://e84-earth-search-sentinel-data.s3.us-west-2.amazonaws.com/sentinel-2-c1-l2a/32/T/PP/2023/2/S2A_T32TPP_20230212T101131_L2A/B01.tif"", ""nir09"": ""https://e84-earth-search-sentinel-data.s3.us-west-2.amazonaws.com/sentinel-2-c1-l2a/32/T/PP/2023/2/S2A_T32TPP_20230212T101131_L2A/B09.tif"", ""cloud"": ""https://e84-earth-search-sentinel-data.s3.us-west-2.amazonaws.com/sentinel-2-c1-l2a/32/T/PP/2023/2/S2A_T32TPP_20230212T101131_L2A/CLD_20m.tif"", ""snow"": ""https://e84-earth-search-sentinel-data.s3.us-west-2.amazonaws.com/sentinel-2-c1-l2a/32/T/PP/2023/2/S2A_T32TPP_20230212T101131_L2A/SNW_20m.tif"", ""preview"": ""https://e84-earth-search-sentinel-data.s3.us-west-2.amazonaws.com/sentinel-2-c1-l2a/32/T/PP/2023/2/S2A_T32TPP_20230212T101131_L2A/L2A_PVI.tif"", ""granule_metadata"": ""https://e84-earth-search-sentinel-data.s3.us-west-2.amazonaws.com/sentinel-2-c1-l2a/32/T/PP/2023/2/S2A_T32TPP_20230212T101131_L2A/metadata.xml"", ""tileinfo_metadata"": ""https://e84-earth-search-sentinel-data.s3.us-west-2.amazonaws.com/sentinel-2-c1-l2a/32/T/PP/2023/2/S2A_T32TPP_20230212T101131_L2A/tileInfo.json"", ""product_metadata"": ""https://e84-earth-search-sentinel-data.s3.us-west-2.amazonaws.com/sentinel-2-c1-l2a/32/T/PP/2023/2/S2A_T32TPP_20230212T101131_L2A/product_metadata.xml"", ""thumbnail"": ""https://e84-earth-search-sentinel-data.s3.us-west-2.amazonaws.com/sentinel-2-c1-l2a/32/T/PP/2023/2/S2A_T32TPP_20230212T101131_L2A/L2A_PVI.jpg""}"
S2B_T32TQQ_20230214T100452_L2A,2023-02-14 10:08:26.480000+00:00,0.007254,,sentinel-2b,"{""red"": ""https://e84-earth-search-sentinel-data.s3.us-west-2.amazonaws.com/sentinel-2-c1-l2a/32/T/QQ/2023/2/S2B_T32TQQ_20230214T100452_L2A/B04.tif"", ""green"": ""https://e84-earth-search-sentinel-data.s3.us-west-2.amazonaws.com/sentinel-2-c1-l2a/32/T/QQ/2023/2/S2B_T32TQQ_20230214T100452_L2A/B03.tif"", ""blue"": ""https://e84-earth-search-sentinel-data.s3.us-west-2.amazonaws.com/sentinel-2-c1-l2a/32/T/QQ/2023/2/S2B_T32TQQ_20230214T100452_L2A/B02.tif"", ""visual"": ""https://e84-earth-search-sentinel-data.s3.us-west-2.amazonaws.com/sentinel-2-c1-l2a/32/T/QQ/2023/2/S2B_T32TQQ_20230214T100452_L2A/TCI.tif"", ""nir"": ""https://e84-earth-search-sentinel-data.s3.us-west-2.amazonaws.com/sentinel-2-c1-l2a/32/T/QQ/2023/2/S2B_T32TQQ_20230214T100452_L2A/B08.tif"", ""swir22"": ""https://e84-earth-search-sentinel-data.s3.us-west-2.amazonaws.com/sentinel-2-c1-l2a/32/T/QQ/2023/2/S2B_T32TQQ_20230214T100452_L2A/B12.tif"", ""rededge2"": ""https://e84-earth-search-sentinel-data.s3.us-west-2.amazonaws.com/sentinel-2-c1-l2a/32/T/QQ/2023/2/S2B_T32TQQ_20230214T100452_L2A/B06.tif"", ""rededge3"": ""https://e84-earth-search-sentinel-data.s3.us-west-2.amazonaws.com/sentinel-2-c1-l2a/32/T/QQ/2023/2/S2B_T32TQQ_20230214T100452_L2A/B07.tif"", ""rededge1"": ""https://e84-earth-search-sentinel-data.s3.us-west-2.amazonaws.com/sentinel-2-c1-l2a/32/T/QQ/2023/2/S2B_T32TQQ_20230214T100452_L2A/B05.tif"", ""swir16"": ""https://e84-earth-search-sentinel-data.s3.us-west-2.amazonaws.com/sentinel-2-c1-l2a/32/T/QQ/2023/2/S2B_T32TQQ_20230214T100452_L2A/B11.tif"", ""wvp"": ""https://e84-earth-search-sentinel-data.s3.us-west-2.amazonaws.com/sentinel-2-c1-l2a/32/T/QQ/2023/2/S2B_T32TQQ_20230214T100452_L2A/WVP.tif"", ""nir08"": ""https://e84-earth-search-sentinel-data.s3.us-west-2.amazonaws.com/sentinel-2-c1-l2a/32/T/QQ/2023/2/S2B_T32TQQ_20230214T100452_L2A/B8A.tif"", ""scl"": ""https://e84-earth-search-sentinel-data.s3.us-west-2.amazonaws.com/sentinel-2-c1-l2a/32/T/QQ/2023/2/S2B_T32TQQ_20230214T100452_L2A/SCL.tif"", ""aot"": ""https://e84-earth-search-sentinel-data.s3.us-west-2.amazonaws.com/sentinel-2-c1-l2a/32/T/QQ/2023/2/S2B_T32TQQ_20230214T100452_L2A/AOT.tif"", ""coastal"": ""https://e84-earth-search-sentinel-data.s3.us-west-2.amazonaws.com/sentinel-2-c1-l2a/32/T/QQ/2023/2/S2B_T32TQQ_20230214T100452_L2A/B01.tif"", ""nir09"": ""https://e84-earth-search-sentinel-data.s3.us-west-2.amazonaws.com/sentinel-2-c1-l2a/32/T/QQ/2023/2/S2B_T32TQQ_20230214T100452_L2A/B09.tif"", ""cloud"": ""https://e84-earth-search-sentinel-data.s3.us-west-2.amazonaws.com/sentinel-2-c1-l2a/32/T/QQ/2023/2/S2B_T32TQQ_20230214T100452_L2A/CLD_20m.tif"", ""snow"": ""https://e84-earth-search-sentinel-data.s3.us-west-2.amazonaws.com/sentinel-2-c1-l2a/32/T/QQ/2023/2/S2B_T32TQQ_20230214T100452_L2A/SNW_20m.tif"", ""preview"": ""https://e84-earth-search-sentinel-data.s3.us-west-2.amazonaws.com/sentinel-2-c1-l2a/32/T/QQ/2023/2/S2B_T32TQQ_20230214T100452_L2A/L2A_PVI.tif"", ""granule_metadata"": ""https://e84-earth-search-sentinel-data.s3.us-west-2.amazonaws.com/sentinel-2-c1-l2a/32/T/QQ/2023/2/S2B_T32TQQ_20230214T100452_L2A/metadata.xml"", ""tileinfo_metadata"": ""https://e84-earth-search-sentinel-data.s3.us-west-2.amazonaws.com/sentinel-2-c1-l2a/32/T/QQ/2023/2/S2B_T32TQQ_20230214T100452_L2A/tileInfo.json"", ""product_metadata"": ""https://e84-earth-search-sentinel-data.s3.us-west-2.amazonaws.com/sentinel-2-c1-l2a/32/T/QQ/2023/2/S2B_T32TQQ_20230214T100452_L2A/product_metadata.xml"", ""thumbnail"": ""https://e84-earth-search-sentinel-data.s3.us-west-2.amazonaws.com/sentinel-2-c1-l2a/32/T/QQ/2023/2/S2B_T32TQQ_20230214T100452_L2A/L2A_PVI.jpg""}"
S2B_T32TQP_20230214T100452_L2A,2023-02-14 10:08:41.210000+00:00,0.021414,,sentinel-2b,"{""red"": ""https://e84-earth-search-sentinel-data.s3.us-west-2.amazonaws.com/sentinel-2-c1-l2a/32/T/QP/2023/2/S2B_T32TQP_20230214T100452_L2A/B04.tif"", ""green"": ""https://e84-earth-search-sentinel-data.s3.us-west-2.amazonaws.com/sentinel-2-c1-l2a/32/T/QP/2023/2/S2B_T32TQP_20230214T100452_L2A/B03.tif"", ""blue"": ""https://e84-earth-search-sentinel-data.s3.us-west-2.amazonaws.com/sentinel-2-c1-l2a/32/T/QP/2023/2/S2B_T32TQP_20230214T100452_L2A/B02.tif"", ""visual"": ""https://e84-earth-search-sentinel-data.s3.us-west-2.amazonaws.com/sentinel-2-c1-l2a/32/T/QP/2023/2/S2B_T32TQP_20230214T100452_L2A/TCI.tif"", ""nir"": ""https://e84-earth-search-sentinel-data.s3.us-west-2.amazonaws.com/sentinel-2-c1-l2a/32/T/QP/2023/2/S2B_T32TQP_20230214T100452_L2A/B08.tif"", ""swir22"": ""https://e84-earth-search-sentinel-data.s3.us-west-2.amazonaws.com/sentinel-2-c1-l2a/32/T/QP/2023/2/S2B_T32TQP_20230214T100452_L2A/B12.tif"", ""rededge2"": ""https://e84-earth-search-sentinel-data.s3.us-west-2.amazonaws.com/sentinel-2-c1-l2a/32/T/QP/2023/2/S2B_T32TQP_20230214T100452_L2A/B06.tif"", ""rededge3"": ""https://e84-earth-search-sentinel-data.s3.us-west-2.amazonaws.com/sentinel-2-c1-l2a/32/T/QP/2023/2/S2B_T32TQP_20230214T100452_L2A/B07.tif"", ""rededge1"": ""https://e84-earth-search-sentinel-data.s3.us-west-2.amazonaws.com/sentinel-2-c1-l2a/32/T/QP/2023/2/S2B_T32TQP_20230214T100452_L2A/B05.tif"", ""swir16"": ""https://e84-earth-search-sentinel-data.s3.us-west-2.amazonaws.com/sentinel-2-c1-l2a/32/T/QP/2023/2/S2B_T32TQP_20230214T100452_L2A/B11.tif"", ""wvp"": ""https://e84-earth-search-sentinel-data.s3.us-west-2.amazonaws.com/sentinel-2-c1-l2a/32/T/QP/2023/2/S2B_T32TQP_20230214T100452_L2A/WVP.tif"", ""nir08"": ""https://e84-earth-search-sentinel-data.s3.us-west-2.amazonaws.com/sentinel-2-c1-l2a/32/T/QP/2023/2/S2B_T32TQP_20230214T100452_L2A/B8A.tif"", ""scl"": ""https://e84-earth-search-sentinel-data.s3.us-west-2.amazonaws.com/sentinel-2-c1-l2a/32/T/QP/2023/2/S2B_T32TQP_20230214T100452_L2A/SCL.tif"", ""aot"": ""https://e84-earth-search-sentinel-data.s3.us-west-2.amazonaws.com/sentinel-2-c1-l2a/32/T/QP/2023/2/S2B_T32TQP_20230214T100452_L2A/AOT.tif"", ""coastal"": ""https://e84-earth-search-sentinel-data.s3.us-west-2.amazonaws.com/sentinel-2-c1-l2a/32/T/QP/2023/2/S2B_T32TQP_20230214T100452_L2A/B01.tif"", ""nir09"": ""https://e84-earth-search-sentinel-data.s3.us-west-2.amazonaws.com/sentinel-2-c1-l2a/32/T/QP/2023/2/S2B_T32TQP_20230214T100452_L2A/B09.tif"", ""cloud"": ""https://e84-earth-search-sentinel-data.s3.us-west-2.amazonaws.com/sentinel-2-c1-l2a/32/T/QP/2023/2/S2B_T32TQP_20230214T100452_L2A/CLD_20m.tif"", ""snow"": ""https://e84-earth-search-sentinel-data.s3.us-west-2.amazonaws.com/sentinel-2-c1-l2a/32/T/QP/2023/2/S2B_T32TQP_20230214T100452_L2A/SNW_20m.tif"", ""preview"": ""https://e84-earth-search-sentinel-data.s3.us-west-2.amazonaws.com/sentinel-2-c1-l2a/32/T/QP/2023/2/S2B_T32TQP_20230214T100452_L2A/L2A_PVI.tif"", ""granule_metadata"": ""https://e84-earth-search-sentinel-data.s3.us-west-2.amazonaws.com/sentinel-2-c1-l2a/32/T/QP/2023/2/S2B_T32TQP_20230214T100452_L2A/metadata.xml"", ""tileinfo_metadata"": ""https://e84-earth-search-sentinel-data.s3.us-west-2.amazonaws.com/sentinel-2-c1-l2a/32/T/QP/2023/2/S2B_T32TQP_20230214T100452_L2A/tileInfo.json"", ""product_metadata"": ""https://e84-earth-search-sentinel-data.s3.us-west-2.amazonaws.com/sentinel-2-c1-l2a/32/T/QP/2023/2/S2B_T32TQP_20230214T100452_L2A/product_metadata.xml"", ""thumbnail"": ""https://e84-earth-search-sentinel-data.s3.us-west-2.amazonaws.com/sentinel-2-c1-l2a/32/T/QP/2023/2/S2B_T32TQP_20230214T100452_L2A/L2A_PVI.jpg""}"
S2B_T32TQQ_20230217T101023_L2A,2023-02-17 10:18:23.210000+00:00,16.480218,,sentinel-2b,"{""red"": ""https://e84-earth-search-sentinel-data.s3.us-west-2.amazonaws.com/sentinel-2-c1-l2a/32/T/QQ/2023/2/S2B_T32TQQ_20230217T101023_L2A/B04.tif"", ""green"": ""https://e84-earth-search-sentinel-data.s3.us-west-2.amazonaws.com/sentinel-2-c1-l2a/32/T/QQ/2023/2/S2B_T32TQQ_20230217T101023_L2A/B03.tif"", ""blue"": ""https://e84-earth-search-sentinel-data.s3.us-west-2.amazonaws.com/sentinel-2-c1-l2a/32/T/QQ/2023/2/S2B_T32TQQ_20230217T101023_L2A/B02.tif"", ""visual"": ""https://e84-earth-search-sentinel-data.s3.us-west-2.amazonaws.com/sentinel-2-c1-l2a/32/T/QQ/2023/2/S2B_T32TQQ_20230217T101023_L2A/TCI.tif"", ""nir"": ""https://e84-earth-search-sentinel-data.s3.us-west-2.amazonaws.com/sentinel-2-c1-l2a/32/T/QQ/2023/2/S2B_T32TQQ_20230217T101023_L2A/B08.tif"", ""swir22"": ""https://e84-earth-search-sentinel-data.s3.us-west-2.amazonaws.com/sentinel-2-c1-l2a/32/T/QQ/2023/2/S2B_T32TQQ_20230217T101023_L2A/B12.tif"", ""rededge2"": ""https://e84-earth-search-sentinel-data.s3.us-west-2.amazonaws.com/sentinel-2-c1-l2a/32/T/QQ/2023/2/S2B_T32TQQ_20230217T101023_L2A/B06.tif"", ""rededge3"": ""https://e84-earth-search-sentinel-data.s3.us-west-2.amazonaws.com/sentinel-2-c1-l2a/32/T/QQ/2023/2/S2B_T32TQQ_20230217T101023_L2A/B07.tif"", ""rededge1"": ""https://e84-earth-search-sentinel-data.s3.us-west-2.amazonaws.com/sentinel-2-c1-l2a/32/T/QQ/2023/2/S2B_T32TQQ_20230217T101023_L2A/B05.tif"", ""swir16"": ""https://e84-earth-search-sentinel-data.s3.us-west-2.amazonaws.com/sentinel-2-c1-l2a/32/T/QQ/2023/2/S2B_T32TQQ_20230217T101023_L2A/B11.tif"", ""wvp"": ""https://e84-earth-search-sentinel-data.s3.us-west-2.amazonaws.com/sentinel-2-c1-l2a/32/T/QQ/2023/2/S2B_T32TQQ_20230217T101023_L2A/WVP.tif"", ""nir08"": ""https://e84-earth-search-sentinel-data.s3.us-west-2.amazonaws.com/sentinel-2-c1-l2a/32/T/QQ/2023/2/S2B_T32TQQ_20230217T101023_L2A/B8A.tif"", ""scl"": ""https://e84-earth-search-sentinel-data.s3.us-west-2.amazonaws.com/sentinel-2-c1-l2a/32/T/QQ/2023/2/S2B_T32TQQ_20230217T101023_L2A/SCL.tif"", ""aot"": ""https://e84-earth-search-sentinel-data.s3.us-west-2.amazonaws.com/sentinel-2-c1-l2a/32/T/QQ/2023/2/S2B_T32TQQ_20230217T101023_L2A/AOT.tif"", ""coastal"": ""https://e84-earth-search-sentinel-data.s3.us-west-2.amazonaws.com/sentinel-2-c1-l2a/32/T/QQ/2023/2/S2B_T32TQQ_20230217T101023_L2A/B01.tif"", ""nir09"": ""https://e84-earth-search-sentinel-data.s3.us-west-2.amazonaws.com/sentinel-2-c1-l2a/32/T/QQ/2023/2/S2B_T32TQQ_20230217T101023_L2A/B09.tif"", ""cloud"": ""https://e84-earth-search-sentinel-data.s3.us-west-2.amazonaws.com/sentinel-2-c1-l2a/32/T/QQ/2023/2/S2B_T32TQQ_20230217T101023_L2A/CLD_20m.tif"", ""snow"": ""https://e84-earth-search-sentinel-data.s3.us-west-2.amazonaws.com/sentinel-2-c1-l2a/32/T/QQ/2023/2/S2B_T32TQQ_20230217T101023_L2A/SNW_20m.tif"", ""preview"": ""https://e84-earth-search-sentinel-data.s3.us-west-2.amazonaws.com/sentinel-2-c1-l2a/32/T/QQ/2023/2/S2B_T32TQQ_20230217T101023_L2A/L2A_PVI.tif"", ""granule_metadata"": ""https://e84-earth-search-sentinel-data.s3.us-west-2.amazonaws.com/sentinel-2-c1-l2a/32/T/QQ/2023/2/S2B_T32TQQ_20230217T101023_L2A/metadata.xml"", ""tileinfo_metadata"": ""https://e84-earth-search-sentinel-data.s3.us-west-2.amazonaws.com/sentinel-2-c1-l2a/32/T/QQ/2023/2/S2B_T32TQQ_20230217T101023_L2A/tileInfo.json"", ""product_metadata"": ""https://e84-earth-search-sentinel-data.s3.us-west-2.amazonaws.com/sentinel-2-c1-l2a/32/T/QQ/2023/2/S2B_T32TQQ_20230217T101023_L2A/product_metadata.xml"", ""thumbnail"": ""https://e84-earth-search-sentinel-data.s3.us-west-2.amazonaws.com/sentinel-2-c1-l2a/32/T/QQ/2023/2/S2B_T32TQQ_20230217T101023_L2A/L2A_PVI.jpg""}"
S2B_T32TPQ_20230217T101023_L2A,2023-02-17 10:18:26.655000+00:00,4.079552,,sentinel-2b,"{""red"": ""https://e84-earth-search-sentinel-data.s3.us-west-2.amazonaws.com/sentinel-2-c1-l2a/32/T/PQ/2023/2/S2B_T32TPQ_20230217T101023_L2A/B04.tif"", ""green"": ""https://e84-earth-search-sentinel-data.s3.us-west-2.amazonaws.com/sentinel-2-c1-l2a/32/T/PQ/2023/2/S2B_T32TPQ_20230217T101023_L2A/B03.tif"", ""blue"": ""https://e84-earth-search-sentinel-data.s3.us-west-2.amazonaws.com/sentinel-2-c1-l2a/32/T/PQ/2023/2/S2B_T32TPQ_20230217T101023_L2A/B02.tif"", ""visual"": ""https://e84-earth-search-sentinel-data.s3.us-west-2.amazonaws.com/sentinel-2-c1-l2a/32/T/PQ/2023/2/S2B_T32TPQ_20230217T101023_L2A/TCI.tif"", ""nir"": ""https://e84-earth-search-sentinel-data.s3.us-west-2.amazonaws.com/sentinel-2-c1-l2a/32/T/PQ/2023/2/S2B_T32TPQ_20230217T101023_L2A/B08.tif"", ""swir22"": ""https://e84-earth-search-sentinel-data.s3.us-west-2.amazonaws.com/sentinel-2-c1-l2a/32/T/PQ/2023/2/S2B_T32TPQ_20230217T101023_L2A/B12.tif"", ""rededge2"": ""https://e84-earth-search-sentinel-data.s3.us-west-2.amazonaws.com/sentinel-2-c1-l2a/32/T/PQ/2023/2/S2B_T32TPQ_20230217T101023_L2A/B06.tif"", ""rededge3"": ""https://e84-earth-search-sentinel-data.s3.us-west-2.amazonaws.com/sentinel-2-c1-l2a/32/T/PQ/2023/2/S2B_T32TPQ_20230217T101023_L2A/B07.tif"", ""rededge1"": ""https://e84-earth-search-sentinel-data.s3.us-west-2.amazonaws.com/sentinel-2-c1-l2a/32/T/PQ/2023/2/S2B_T32TPQ_20230217T101023_L2A/B05.tif"", ""swir16"": ""https://e84-earth-search-sentinel-data.s3.us-west-2.amazonaws.com/sentinel-2-c1-l2a/32/T/PQ/2023/2/S2B_T32TPQ_20230217T101023_L2A/B11.tif"", ""wvp"": ""https://e84-earth-search-sentinel-data.s3.us-west-2.amazonaws.com/sentinel-2-c1-l2a/32/T/PQ/2023/2/S2B_T32TPQ_20230217T101023_L2A/WVP.tif"", ""nir08"": ""https://e84-earth-search-sentinel-data.s3.us-west-2.amazonaws.com/sentinel-2-c1-l2a/32/T/PQ/2023/2/S2B_T32TPQ_20230217T101023_L2A/B8A.tif"", ""scl"": ""https://e84-earth-search-sentinel-data.s3.us-west-2.amazonaws.com/sentinel-2-c1-l2a/32/T/PQ/2023/2/S2B_T32TPQ_20230217T101023_L2A/SCL.tif"", ""aot"": ""https://e84-earth-search-sentinel-data.s3.us-west-2.amazonaws.com/sentinel-2-c1-l2a/32/T/PQ/2023/2/S2B_T32TPQ_20230217T101023_L2A/AOT.tif"", ""coastal"": ""https://e84-earth-search-sentinel-data.s3.us-west-2.amazonaws.com/sentinel-2-c1-l2a/32/T/PQ/2023/2/S2B_T32TPQ_20230217T101023_L2A/B01.tif"", ""nir09"": ""https://e84-earth-search-sentinel-data.s3.us-west-2.amazonaws.com/sentinel-2-c1-l2a/32/T/PQ/2023/2/S2B_T32TPQ_20230217T101023_L2A/B09.tif"", ""cloud"": ""https://e84-earth-search-sentinel-data.s3.us-west-2.amazonaws.com/sentinel-2-c1-l2a/32/T/PQ/2023/2/S2B_T32TPQ_20230217T101023_L2A/CLD_20m.tif"", ""snow"": ""https://e84-earth-search-sentinel-data.s3.us-west-2.amazonaws.com/sentinel-2-c1-l2a/32/T/PQ/2023/2/S2B_T32TPQ_20230217T101023_L2A/SNW_20m.tif"", ""preview"": ""https://e84-earth-search-sentinel-data.s3.us-west-2.amazonaws.com/sentinel-2-c1-l2a/32/T/PQ/2023/2/S2B_T32TPQ_20230217T101023_L2A/L2A_PVI.tif"", ""granule_metadata"": ""https://e84-earth-search-sentinel-data.s3.us-west-2.amazonaws.com/sentinel-2-c1-l2a/32/T/PQ/2023/2/S2B_T32TPQ_20230217T101023_L2A/metadata.xml"", ""tileinfo_metadata"": ""https://e84-earth-search-sentinel-data.s3.us-west-2.amazonaws.com/sentinel-2-c1-l2a/32/T/PQ/2023/2/S2B_T32TPQ_20230217T101023_L2A/tileInfo.json"", ""product_metadata"": ""https://e84-earth-search-sentinel-data.s3.us-west-2.amazonaws.com/sentinel-2-c1-l2a/32/T/PQ/2023/2/S2B_T32TPQ_20230217T101023_L2A/product_metadata.xml"", ""thumbnail"": ""https://e84-earth-search-sentinel-data.s3.us-west-2.amazonaws.com/sentinel-2-c1-l2a/32/T/PQ/2023/2/S2B_T32TPQ_20230217T101023_L2A/L2A_PVI.jpg""}"
S2B_T32TQP_20230217T101023_L2A,2023-02-17 10:18:35.162000+00:00,19.571117,,sentinel-2b,"{""red"": ""https://e84-earth-search-sentinel-data.s3.us-west-2.amazonaws.com/sentinel-2-c1-l2a/32/T/QP/2023/2/S2B_T32TQP_20230217T101023_L2A/B04.tif"", ""green"": ""https://e84-earth-search-sentinel-data.s3.us-west-2.amazonaws.com/sentinel-2-c1-l2a/32/T/QP/2023/2/S2B_T32TQP_20230217T101023_L2A/B03.tif"", ""blue"": ""https://e84-earth-search-sentinel-data.s3.us-west-2.amazonaws.com/sentinel-2-c1-l2a/32/T/QP/2023/2/S2B_T32TQP_20230217T101023_L2A/B02.tif"", ""visual"": ""https://e84-earth-search-sentinel-data.s3.us-west-2.amazonaws.com/sentinel-2-c1-l2a/32/T/QP/2023/2/S2B_T32TQP_20230217T101023_L2A/TCI.tif"", ""nir"": ""https://e84-earth-search-sentinel-data.s3.us-west-2.amazonaws.com/sentinel-2-c1-l2a/32/T/QP/2023/2/S2B_T32TQP_20230217T101023_L2A/B08.tif"", ""swir22"": ""https://e84-earth-search-sentinel-data.s3.us-west-2.amazonaws.com/sentinel-2-c1-l2a/32/T/QP/2023/2/S2B_T32TQP_20230217T101023_L2A/B12.tif"", ""rededge2"": ""https://e84-earth-search-sentinel-data.s3.us-west-2.amazonaws.com/sentinel-2-c1-l2a/32/T/QP/2023/2/S2B_T32TQP_20230217T101023_L2A/B06.tif"", ""rededge3"": ""https://e84-earth-search-sentinel-data.s3.us-west-2.amazonaws.com/sentinel-2-c1-l2a/32/T/QP/2023/2/S2B_T32TQP_20230217T101023_L2A/B07.tif"", ""rededge1"": ""https://e84-earth-search-sentinel-data.s3.us-west-2.amazonaws.com/sentinel-2-c1-l2a/32/T/QP/2023/2/S2B_T32TQP_20230217T101023_L2A/B05.tif"", ""swir16"": ""https://e84-earth-search-sentinel-data.s3.us-west-2.amazonaws.com/sentinel-2-c1-l2a/32/T/QP/2023/2/S2B_T32TQP_20230217T101023_L2A/B11.tif"", ""wvp"": ""https://e84-earth-search-sentinel-data.s3.us-west-2.amazonaws.com/sentinel-2-c1-l2a/32/T/QP/2023/2/S2B_T32TQP_20230217T101023_L2A/WVP.tif"", ""nir08"": ""https://e84-earth-search-sentinel-data.s3.us-west-2.amazonaws.com/sentinel-2-c1-l2a/32/T/QP/2023/2/S2B_T32TQP_20230217T101023_L2A/B8A.tif"", ""scl"": ""https://e84-earth-search-sentinel-data.s3.us-west-2.amazonaws.com/sentinel-2-c1-l2a/32/T/QP/2023/2/S2B_T32TQP_20230217T101023_L2A/SCL.tif"", ""aot"": ""https://e84-earth-search-sentinel-data.s3.us-west-2.amazonaws.com/sentinel-2-c1-l2a/32/T/QP/2023/2/S2B_T32TQP_20230217T101023_L2A/AOT.tif"", ""coastal"": ""https://e84-earth-search-sentinel-data.s3.us-west-2.amazonaws.com/sentinel-2-c1-l2a/32/T/QP/2023/2/S2B_T32TQP_20230217T101023_L2A/B01.tif"", ""nir09"": ""https://e84-earth-search-sentinel-data.s3.us-west-2.amazonaws.com/sentinel-2-c1-l2a/32/T/QP/2023/2/S2B_T32TQP_20230217T101023_L2A/B09.tif"", ""cloud"": ""https://e84-earth-search-sentinel-data.s3.us-west-2.amazonaws.com/sentinel-2-c1-l2a/32/T/QP/2023/2/S2B_T32TQP_20230217T101023_L2A/CLD_20m.tif"", ""snow"": ""https://e84-earth-search-sentinel-data.s3.us-west-2.amazonaws.com/sentinel-2-c1-l2a/32/T/QP/2023/2/S2B_T32TQP_20230217T101023_L2A/SNW_20m.tif"", ""preview"": ""https://e84-earth-search-sentinel-data.s3.us-west-2.amazonaws.com/sentinel-2-c1-l2a/32/T/QP/2023/2/S2B_T32TQP_20230217T101023_L2A/L2A_PVI.tif"", ""granule_metadata"": ""https://e84-earth-search-sentinel-data.s3.us-west-2.amazonaws.com/sentinel-2-c1-l2a/32/T/QP/2023/2/S2B_T32TQP_20230217T101023_L2A/metadata.xml"", ""tileinfo_metadata"": ""https://e84-earth-search-sentinel-data.s3.us-west-2.amazonaws.com/sentinel-2-c1-l2a/32/T/QP/2023/2/S2B_T32TQP_20230217T101023_L2A/tileInfo.json"", ""product_metadata"": ""https://e84-earth-search-sentinel-data.s3.us-west-2.amazonaws.com/sentinel-2-c1-l2a/32/T/QP/2023/2/S2B_T32TQP_20230217T101023_L2A/product_metadata.xml"", ""thumbnail"": ""https://e84-earth-search-sentinel-data.s3.us-west-2.amazonaws.com/sentinel-2-c1-l2a/32/T/QP/2023/2/S2B_T32TQP_20230217T101023_L2A/L2A_PVI.jpg""}"
S2B_T32TPP_20230217T101023_L2A,2023-02-17 10:18:36.934000+00:00,43.944246,,sentinel-2b,"{""red"": ""https://e84-earth-search-sentinel-data.s3.us-west-2.amazonaws.com/sentinel-2-c1-l2a/32/T/PP/2023/2/S2B_T32TPP_20230217T101023_L2A/B04.tif"", ""green"": ""https://e84-earth-search-sentinel-data.s3.us-west-2.amazonaws.com/sentinel-2-c1-l2a/32/T/PP/2023/2/S2B_T32TPP_20230217T101023_L2A/B03.tif"", ""blue"": ""https://e84-earth-search-sentinel-data.s3.us-west-2.amazonaws.com/sentinel-2-c1-l2a/32/T/PP/2023/2/S2B_T32TPP_20230217T101023_L2A/B02.tif"", ""visual"": ""https://e84-earth-search-sentinel-data.s3.us-west-2.amazonaws.com/sentinel-2-c1-l2a/32/T/PP/2023/2/S2B_T32TPP_20230217T101023_L2A/TCI.tif"", ""nir"": ""https://e84-earth-search-sentinel-data.s3.us-west-2.amazonaws.com/sentinel-2-c1-l2a/32/T/PP/2023/2/S2B_T32TPP_20230217T101023_L2A/B08.tif"", ""swir22"": ""https://e84-earth-search-sentinel-data.s3.us-west-2.amazonaws.com/sentinel-2-c1-l2a/32/T/PP/2023/2/S2B_T32TPP_20230217T101023_L2A/B12.tif"", ""rededge2"": ""https://e84-earth-search-sentinel-data.s3.us-west-2.amazonaws.com/sentinel-2-c1-l2a/32/T/PP/2023/2/S2B_T32TPP_20230217T101023_L2A/B06.tif"", ""rededge3"": ""https://e84-earth-search-sentinel-data.s3.us-west-2.amazonaws.com/sentinel-2-c1-l2a/32/T/PP/2023/2/S2B_T32TPP_20230217T101023_L2A/B07.tif"", ""rededge1"": ""https://e84-earth-search-sentinel-data.s3.us-west-2.amazonaws.com/sentinel-2-c1-l2a/32/T/PP/2023/2/S2B_T32TPP_20230217T101023_L2A/B05.tif"", ""swir16"": ""https://e84-earth-search-sentinel-data.s3.us-west-2.amazonaws.com/sentinel-2-c1-l2a/32/T/PP/2023/2/S2B_T32TPP_20230217T101023_L2A/B11.tif"", ""wvp"": ""https://e84-earth-search-sentinel-data.s3.us-west-2.amazonaws.com/sentinel-2-c1-l2a/32/T/PP/2023/2/S2B_T32TPP_20230217T101023_L2A/WVP.tif"", ""nir08"": ""https://e84-earth-search-sentinel-data.s3.us-west-2.amazonaws.com/sentinel-2-c1-l2a/32/T/PP/2023/2/S2B_T32TPP_20230217T101023_L2A/B8A.tif"", ""scl"": ""https://e84-earth-search-sentinel-data.s3.us-west-2.amazonaws.com/sentinel-2-c1-l2a/32/T/PP/2023/2/S2B_T32TPP_20230217T101023_L2A/SCL.tif"", ""aot"": ""https://e84-earth-search-sentinel-data.s3.us-west-2.amazonaws.com/sentinel-2-c1-l2a/32/T/PP/2023/2/S2B_T32TPP_20230217T101023_L2A/AOT.tif"", ""coastal"": ""https://e84-earth-search-sentinel-data.s3.us-west-2.amazonaws.com/sentinel-2-c1-l2a/32/T/PP/2023/2/S2B_T32TPP_20230217T101023_L2A/B01.tif"", ""nir09"": ""https://e84-earth-search-sentinel-data.s3.us-west-2.amazonaws.com/sentinel-2-c1-l2a/32/T/PP/2023/2/S2B_T32TPP_20230217T101023_L2A/B09.tif"", ""cloud"": ""https://e84-earth-search-sentinel-data.s3.us-west-2.amazonaws.com/sentinel-2-c1-l2a/32/T/PP/2023/2/S2B_T32TPP_20230217T101023_L2A/CLD_20m.tif"", ""snow"": ""https://e84-earth-search-sentinel-data.s3.us-west-2.amazonaws.com/sentinel-2-c1-l2a/32/T/PP/2023/2/S2B_T32TPP_20230217T101023_L2A/SNW_20m.tif"", ""preview"": ""https://e84-earth-search-sentinel-data.s3.us-west-2.amazonaws.com/sentinel-2-c1-l2a/32/T/PP/2023/2/S2B_T32TPP_20230217T101023_L2A/L2A_PVI.tif"", ""granule_metadata"": ""https://e84-earth-search-sentinel-data.s3.us-west-2.amazonaws.com/sentinel-2-c1-l2a/32/T/PP/2023/2/S2B_T32TPP_20230217T101023_L2A/metadata.xml"", ""tileinfo_metadata"": ""https://e84-earth-search-sentinel-data.s3.us-west-2.amazonaws.com/sentinel-2-c1-l2a/32/T/PP/2023/2/S2B_T32TPP_20230217T101023_L2A/tileInfo.json"", ""product_metadata"": ""https://e84-earth-search-sentinel-data.s3.us-west-2.amazonaws.com/sentinel-2-c1-l2a/32/T/PP/2023/2/S2B_T32TPP_20230217T101023_L2A/product_metadata.xml"", ""thumbnail"": ""https://e84-earth-search-sentinel-data.s3.us-west-2.amazonaws.com/sentinel-2-c1-l2a/32/T/PP/2023/2/S2B_T32TPP_20230217T101023_L2A/L2A_PVI.jpg""}"
S2A_T32TQP_20230219T100103_L2A,2023-02-19 10:08:39.910000+00:00,58.23859,,sentinel-2a,"{""red"": ""https://e84-earth-search-sentinel-data.s3.us-west-2.amazonaws.com/sentinel-2-c1-l2a/32/T/QP/2023/2/S2A_T32TQP_20230219T100103_L2A/B04.tif"", ""green"": ""https://e84-earth-search-sentinel-data.s3.us-west-2.amazonaws.com/sentinel-2-c1-l2a/32/T/QP/2023/2/S2A_T32TQP_20230219T100103_L2A/B03.tif"", ""blue"": ""https://e84-earth-search-sentinel-data.s3.us-west-2.amazonaws.com/sentinel-2-c1-l2a/32/T/QP/2023/2/S2A_T32TQP_20230219T100103_L2A/B02.tif"", ""visual"": ""https://e84-earth-search-sentinel-data.s3.us-west-2.amazonaws.com/sentinel-2-c1-l2a/32/T/QP/2023/2/S2A_T32TQP_20230219T100103_L2A/TCI.tif"", ""nir"": ""https://e84-earth-search-sentinel-data.s3.us-west-2.amazonaws.com/sentinel-2-c1-l2a/32/T/QP/2023/2/S2A_T32TQP_20230219T100103_L2A/B08.tif"", ""swir22"": ""https://e84-earth-search-sentinel-data.s3.us-west-2.amazonaws.com/sentinel-2-c1-l2a/32/T/QP/2023/2/S2A_T32TQP_20230219T100103_L2A/B12.tif"", ""rededge2"": ""https://e84-earth-search-sentinel-data.s3.us-west-2.amazonaws.com/sentinel-2-c1-l2a/32/T/QP/2023/2/S2A_T32TQP_20230219T100103_L2A/B06.tif"", ""rededge3"": ""https://e84-earth-search-sentinel-data.s3.us-west-2.amazonaws.com/sentinel-2-c1-l2a/32/T/QP/2023/2/S2A_T32TQP_20230219T100103_L2A/B07.tif"", ""rededge1"": ""https://e84-earth-search-sentinel-data.s3.us-west-2.amazonaws.com/sentinel-2-c1-l2a/32/T/QP/2023/2/S2A_T32TQP_20230219T100103_L2A/B05.tif"", ""swir16"": ""https://e84-earth-search-sentinel-data.s3.us-west-2.amazonaws.com/sentinel-2-c1-l2a/32/T/QP/2023/2/S2A_T32TQP_20230219T100103_L2A/B11.tif"", ""wvp"": ""https://e84-earth-search-sentinel-data.s3.us-west-2.amazonaws.com/sentinel-2-c1-l2a/32/T/QP/2023/2/S2A_T32TQP_20230219T100103_L2A/WVP.tif"", ""nir08"": ""https://e84-earth-search-sentinel-data.s3.us-west-2.amazonaws.com/sentinel-2-c1-l2a/32/T/QP/2023/2/S2A_T32TQP_20230219T100103_L2A/B8A.tif"", ""scl"": ""https://e84-earth-search-sentinel-data.s3.us-west-2.amazonaws.com/sentinel-2-c1-l2a/32/T/QP/2023/2/S2A_T32TQP_20230219T100103_L2A/SCL.tif"", ""aot"": ""https://e84-earth-search-sentinel-data.s3.us-west-2.amazonaws.com/sentinel-2-c1-l2a/32/T/QP/2023/2/S2A_T32TQP_20230219T100103_L2A/AOT.tif"", ""coastal"": ""https://e84-earth-search-sentinel-data.s3.us-west-2.amazonaws.com/sentinel-2-c1-l2a/32/T/QP/2023/2/S2A_T32TQP_20230219T100103_L2A/B01.tif"", ""nir09"": ""https://e84-earth-search-sentinel-data.s3.us-west-2.amazonaws.com/sentinel-2-c1-l2a/32/T/QP/2023/2/S2A_T32TQP_20230219T100103_L2A/B09.tif"", ""cloud"": ""https://e84-earth-search-sentinel-data.s3.us-west-2.amazonaws.com/sentinel-2-c1-l2a/32/T/QP/2023/2/S2A_T32TQP_20230219T100103_L2A/CLD_20m.tif"", ""snow"": ""https://e84-earth-search-sentinel-data.s3.us-west-2.amazonaws.com/sentinel-2-c1-l2a/32/T/QP/2023/2/S2A_T32TQP_20230219T100103_L2A/SNW_20m.tif"", ""preview"": ""https://e84-earth-search-sentinel-data.s3.us-west-2.amazonaws.com/sentinel-2-c1-l2a/32/T/QP/2023/2/S2A_T32TQP_20230219T100103_L2A/L2A_PVI.tif"", ""granule_metadata"": ""https://e84-earth-search-sentinel-data.s3.us-west-2.amazonaws.com/sentinel-2-c1-l2a/32/T/QP/2023/2/S2A_T32TQP_20230219T100103_L2A/metadata.xml"", ""tileinfo_metadata"": ""https://e84-earth-search-sentinel-data.s3.us-west-2.amazonaws.com/sentinel-2-c1-l2a/32/T/QP/2023/2/S2A_T32TQP_20230219T100103_L2A/tileInfo.json"", ""product_metadata"": ""https://e84-earth-search-sentinel-data.s3.us-west-2.amazonaws.com/sentinel-2-c1-l2a/32/T/QP/2023/2/S2A_T32TQP_20230219T100103_L2A/product_metadata.xml"", ""thumbnail"": ""https://e84-earth-search-sentinel-data.s3.us-west-2.amazonaws.com/sentinel-2-c1-l2a/32/T/QP/2023/2/S2A_T32TQP_20230219T100103_L2A/L2A_PVI.jpg""}"
S2B_T32TQP_20230306T100720_L2A,2023-03-06 10:08:45.873000+00:00,51.732206,,sentinel-2b,"{""red"": ""https://e84-earth-search-sentinel-data.s3.us-west-2.amazonaws.com/sentinel-2-c1-l2a/32/T/QP/2023/3/S2B_T32TQP_20230306T100720_L2A/B04.tif"", ""green"": ""https://e84-earth-search-sentinel-data.s3.us-west-2.amazonaws.com/sentinel-2-c1-l2a/32/T/QP/2023/3/S2B_T32TQP_20230306T100720_L2A/B03.tif"", ""blue"": ""https://e84-earth-search-sentinel-data.s3.us-west-2.amazonaws.com/sentinel-2-c1-l2a/32/T/QP/2023/3/S2B_T32TQP_20230306T100720_L2A/B02.tif"", ""visual"": ""https://e84-earth-search-sentinel-data.s3.us-west-2.amazonaws.com/sentinel-2-c1-l2a/32/T/QP/2023/3/S2B_T32TQP_20230306T100720_L2A/TCI.tif"", ""nir"": ""https://e84-earth-search-sentinel-data.s3.us-west-2.amazonaws.com/sentinel-2-c1-l2a/32/T/QP/2023/3/S2B_T32TQP_20230306T100720_L2A/B08.tif"", ""swir22"": ""https://e84-earth-search-sentinel-data.s3.us-west-2.amazonaws.com/sentinel-2-c1-l2a/32/T/QP/2023/3/S2B_T32TQP_20230306T100720_L2A/B12.tif"", ""rededge2"": ""https://e84-earth-search-sentinel-data.s3.us-west-2.amazonaws.com/sentinel-2-c1-l2a/32/T/QP/2023/3/S2B_T32TQP_20230306T100720_L2A/B06.tif"", ""rededge3"": ""https://e84-earth-search-sentinel-data.s3.us-west-2.amazonaws.com/sentinel-2-c1-l2a/32/T/QP/2023/3/S2B_T32TQP_20230306T100720_L2A/B07.tif"", ""rededge1"": ""https://e84-earth-search-sentinel-data.s3.us-west-2.amazonaws.com/sentinel-2-c1-l2a/32/T/QP/2023/3/S2B_T32TQP_20230306T100720_L2A/B05.tif"", ""swir16"": ""https://e84-earth-search-sentinel-data.s3.us-west-2.amazonaws.com/sentinel-2-c1-l2a/32/T/QP/2023/3/S2B_T32TQP_20230306T100720_L2A/B11.tif"", ""wvp"": ""https://e84-earth-search-sentinel-data.s3.us-west-2.amazonaws.com/sentinel-2-c1-l2a/32/T/QP/2023/3/S2B_T32TQP_20230306T100720_L2A/WVP.tif"", ""nir08"": ""https://e84-earth-search-sentinel-data.s3.us-west-2.amazonaws.com/sentinel-2-c1-l2a/32/T/QP/2023/3/S2B_T32TQP_20230306T100720_L2A/B8A.tif"", ""scl"": ""https://e84-earth-search-sentinel-data.s3.us-west-2.amazonaws.com/sentinel-2-c1-l2a/32/T/QP/2023/3/S2B_T32TQP_20230306T100720_L2A/SCL.tif"", ""aot"": ""https://e84-earth-search-sentinel-data.s3.us-west-2.amazonaws.com/sentinel-2-c1-l2a/32/T/QP/2023/3/S2B_T32TQP_20230306T100720_L2A/AOT.tif"", ""coastal"": ""https://e84-earth-search-sentinel-data.s3.us-west-2.amazonaws.com/sentinel-2-c1-l2a/32/T/QP/2023/3/S2B_T32TQP_20230306T100720_L2A/B01.tif"", ""nir09"": ""https://e84-earth-search-sentinel-data.s3.us-west-2.amazonaws.com/sentinel-2-c1-l2a/32/T/QP/2023/3/S2B_T32TQP_20230306T100720_L2A/B09.tif"", ""cloud"": ""https://e84-earth-search-sentinel-data.s3.us-west-2.amazonaws.com/sentinel-2-c1-l2a/32/T/QP/2023/3/S2B_T32TQP_20230306T100720_L2A/CLD_20m.tif"", ""snow"": ""https://e84-earth-search-sentinel-data.s3.us-west-2.amazonaws.com/sentinel-2-c1-l2a/32/T/QP/2023/3/S2B_T32TQP_20230306T100720_L2A/SNW_20m.tif"", ""preview"": ""https://e84-earth-search-sentinel-data.s3.us-west-2.amazonaws.com/sentinel-2-c1-l2a/32/T/QP/2023/3/S2B_T32TQP_20230306T100720_L2A/L2A_PVI.tif"", ""granule_metadata"": ""https://e84-earth-search-sentinel-data.s3.us-west-2.amazonaws.com/sentinel-2-c1-l2a/32/T/QP/2023/3/S2B_T32TQP_20230306T100720_L2A/metadata.xml"", ""tileinfo_metadata"": ""https://e84-earth-search-sentinel-data.s3.us-west-2.amazonaws.com/sentinel-2-c1-l2a/32/T/QP/2023/3/S2B_T32TQP_20230306T100720_L2A/tileInfo.json"", ""product_metadata"": ""https://e84-earth-search-sentinel-data.s3.us-west-2.amazonaws.com/sentinel-2-c1-l2a/32/T/QP/2023/3/S2B_T32TQP_20230306T100720_L2A/product_metadata.xml"", ""thumbnail"": ""https://e84-earth-search-sentinel-data.s3.us-west-2.amazonaws.com/sentinel-2-c1-l2a/32/T/QP/2023/3/S2B_T32TQP_20230306T100720_L2A/L2A_PVI.jpg""}"
S2B_T32TQQ_20230309T101352_L2A,2023-03-09 10:18:29.004000+00:00,52.078056,,sentinel-2b,"{""red"": ""https://e84-earth-search-sentinel-data.s3.us-west-2.amazonaws.com/sentinel-2-c1-l2a/32/T/QQ/2023/3/S2B_T32TQQ_20230309T101352_L2A/B04.tif"", ""green"": ""https://e84-earth-search-sentinel-data.s3.us-west-2.amazonaws.com/sentinel-2-c1-l2a/32/T/QQ/2023/3/S2B_T32TQQ_20230309T101352_L2A/B03.tif"", ""blue"": ""https://e84-earth-search-sentinel-data.s3.us-west-2.amazonaws.com/sentinel-2-c1-l2a/32/T/QQ/2023/3/S2B_T32TQQ_20230309T101352_L2A/B02.tif"", ""visual"": ""https://e84-earth-search-sentinel-data.s3.us-west-2.amazonaws.com/sentinel-2-c1-l2a/32/T/QQ/2023/3/S2B_T32TQQ_20230309T101352_L2A/TCI.tif"", ""nir"": ""https://e84-earth-search-sentinel-data.s3.us-west-2.amazonaws.com/sentinel-2-c1-l2a/32/T/QQ/2023/3/S2B_T32TQQ_20230309T101352_L2A/B08.tif"", ""swir22"": ""https://e84-earth-search-sentinel-data.s3.us-west-2.amazonaws.com/sentinel-2-c1-l2a/32/T/QQ/2023/3/S2B_T32TQQ_20230309T101352_L2A/B12.tif"", ""rededge2"": ""https://e84-earth-search-sentinel-data.s3.us-west-2.amazonaws.com/sentinel-2-c1-l2a/32/T/QQ/2023/3/S2B_T32TQQ_20230309T101352_L2A/B06.tif"", ""rededge3"": ""https://e84-earth-search-sentinel-data.s3.us-west-2.amazonaws.com/sentinel-2-c1-l2a/32/T/QQ/2023/3/S2B_T32TQQ_20230309T101352_L2A/B07.tif"", ""rededge1"": ""https://e84-earth-search-sentinel-data.s3.us-west-2.amazonaws.com/sentinel-2-c1-l2a/32/T/QQ/2023/3/S2B_T32TQQ_20230309T101352_L2A/B05.tif"", ""swir16"": ""https://e84-earth-search-sentinel-data.s3.us-west-2.amazonaws.com/sentinel-2-c1-l2a/32/T/QQ/2023/3/S2B_T32TQQ_20230309T101352_L2A/B11.tif"", ""wvp"": ""https://e84-earth-search-sentinel-data.s3.us-west-2.amazonaws.com/sentinel-2-c1-l2a/32/T/QQ/2023/3/S2B_T32TQQ_20230309T101352_L2A/WVP.tif"", ""nir08"": ""https://e84-earth-search-sentinel-data.s3.us-west-2.amazonaws.com/sentinel-2-c1-l2a/32/T/QQ/2023/3/S2B_T32TQQ_20230309T101352_L2A/B8A.tif"", ""scl"": ""https://e84-earth-search-sentinel-data.s3.us-west-2.amazonaws.com/sentinel-2-c1-l2a/32/T/QQ/2023/3/S2B_T32TQQ_20230309T101352_L2A/SCL.tif"", ""aot"": ""https://e84-earth-search-sentinel-data.s3.us-west-2.amazonaws.com/sentinel-2-c1-l2a/32/T/QQ/2023/3/S2B_T32TQQ_20230309T101352_L2A/AOT.tif"", ""coastal"": ""https://e84-earth-search-sentinel-data.s3.us-west-2.amazonaws.com/sentinel-2-c1-l2a/32/T/QQ/2023/3/S2B_T32TQQ_20230309T101352_L2A/B01.tif"", ""nir09"": ""https://e84-earth-search-sentinel-data.s3.us-west-2.amazonaws.com/sentinel-2-c1-l2a/32/T/QQ/2023/3/S2B_T32TQQ_20230309T101352_L2A/B09.tif"", ""cloud"": ""https://e84-earth-search-sentinel-data.s3.us-west-2.amazonaws.com/sentinel-2-c1-l2a/32/T/QQ/2023/3/S2B_T32TQQ_20230309T101352_L2A/CLD_20m.tif"", ""snow"": ""https://e84-earth-search-sentinel-data.s3.us-west-2.amazonaws.com/sentinel-2-c1-l2a/32/T/QQ/2023/3/S2B_T32TQQ_20230309T101352_L2A/SNW_20m.tif"", ""preview"": ""https://e84-earth-search-sentinel-data.s3.us-west-2.amazonaws.com/sentinel-2-c1-l2a/32/T/QQ/2023/3/S2B_T32TQQ_20230309T101352_L2A/L2A_PVI.tif"", ""granule_metadata"": ""https://e84-earth-search-sentinel-data.s3.us-west-2.amazonaws.com/sentinel-2-c1-l2a/32/T/QQ/2023/3/S2B_T32TQQ_20230309T101352_L2A/metadata.xml"", ""tileinfo_metadata"": ""https://e84-earth-search-sentinel-data.s3.us-west-2.amazonaws.com/sentinel-2-c1-l2a/32/T/QQ/2023/3/S2B_T32TQQ_20230309T101352_L2A/tileInfo.json"", ""product_metadata"": ""https://e84-earth-search-sentinel-data.s3.us-west-2.amazonaws.com/sentinel-2-c1-l2a/32/T/QQ/2023/3/S2B_T32TQQ_20230309T101352_L2A/product_metadata.xml"", ""thumbnail"": ""https://e84-earth-search-sentinel-data.s3.us-west-2.amazonaws.com/sentinel-2-c1-l2a/32/T/QQ/2023/3/S2B_T32TQQ_20230309T101352_L2A/L2A_PVI.jpg""}"
S2B_T32TPQ_20230309T101352_L2A,2023-03-09 10:18:32.458000+00:00,64.507419,,sentinel-2b,"{""red"": ""https://e84-earth-search-sentinel-data.s3.us-west-2.amazonaws.com/sentinel-2-c1-l2a/32/T/PQ/2023/3/S2B_T32TPQ_20230309T101352_L2A/B04.tif"", ""green"": ""https://e84-earth-search-sentinel-data.s3.us-west-2.amazonaws.com/sentinel-2-c1-l2a/32/T/PQ/2023/3/S2B_T32TPQ_20230309T101352_L2A/B03.tif"", ""blue"": ""https://e84-earth-search-sentinel-data.s3.us-west-2.amazonaws.com/sentinel-2-c1-l2a/32/T/PQ/2023/3/S2B_T32TPQ_20230309T101352_L2A/B02.tif"", ""visual"": ""https://e84-earth-search-sentinel-data.s3.us-west-2.amazonaws.com/sentinel-2-c1-l2a/32/T/PQ/2023/3/S2B_T32TPQ_20230309T101352_L2A/TCI.tif"", ""nir"": ""https://e84-earth-search-sentinel-data.s3.us-west-2.amazonaws.com/sentinel-2-c1-l2a/32/T/PQ/2023/3/S2B_T32TPQ_20230309T101352_L2A/B08.tif"", ""swir22"": ""https://e84-earth-search-sentinel-data.s3.us-west-2.amazonaws.com/sentinel-2-c1-l2a/32/T/PQ/2023/3/S2B_T32TPQ_20230309T101352_L2A/B12.tif"", ""rededge2"": ""https://e84-earth-search-sentinel-data.s3.us-west-2.amazonaws.com/sentinel-2-c1-l2a/32/T/PQ/2023/3/S2B_T32TPQ_20230309T101352_L2A/B06.tif"", ""rededge3"": ""https://e84-earth-search-sentinel-data.s3.us-west-2.amazonaws.com/sentinel-2-c1-l2a/32/T/PQ/2023/3/S2B_T32TPQ_20230309T101352_L2A/B07.tif"", ""rededge1"": ""https://e84-earth-search-sentinel-data.s3.us-west-2.amazonaws.com/sentinel-2-c1-l2a/32/T/PQ/2023/3/S2B_T32TPQ_20230309T101352_L2A/B05.tif"", ""swir16"": ""https://e84-earth-search-sentinel-data.s3.us-west-2.amazonaws.com/sentinel-2-c1-l2a/32/T/PQ/2023/3/S2B_T32TPQ_20230309T101352_L2A/B11.tif"", ""wvp"": ""https://e84-earth-search-sentinel-data.s3.us-west-2.amazonaws.com/sentinel-2-c1-l2a/32/T/PQ/2023/3/S2B_T32TPQ_20230309T101352_L2A/WVP.tif"", ""nir08"": ""https://e84-earth-search-sentinel-data.s3.us-west-2.amazonaws.com/sentinel-2-c1-l2a/32/T/PQ/2023/3/S2B_T32TPQ_20230309T101352_L2A/B8A.tif"", ""scl"": ""https://e84-earth-search-sentinel-data.s3.us-west-2.amazonaws.com/sentinel-2-c1-l2a/32/T/PQ/2023/3/S2B_T32TPQ_20230309T101352_L2A/SCL.tif"", ""aot"": ""https://e84-earth-search-sentinel-data.s3.us-west-2.amazonaws.com/sentinel-2-c1-l2a/32/T/PQ/2023/3/S2B_T32TPQ_20230309T101352_L2A/AOT.tif"", ""coastal"": ""https://e84-earth-search-sentinel-data.s3.us-west-2.amazonaws.com/sentinel-2-c1-l2a/32/T/PQ/2023/3/S2B_T32TPQ_20230309T101352_L2A/B01.tif"", ""nir09"": ""https://e84-earth-search-sentinel-data.s3.us-west-2.amazonaws.com/sentinel-2-c1-l2a/32/T/PQ/2023/3/S2B_T32TPQ_20230309T101352_L2A/B09.tif"", ""cloud"": ""https://e84-earth-search-sentinel-data.s3.us-west-2.amazonaws.com/sentinel-2-c1-l2a/32/T/PQ/2023/3/S2B_T32TPQ_20230309T101352_L2A/CLD_20m.tif"", ""snow"": ""https://e84-earth-search-sentinel-data.s3.us-west-2.amazonaws.com/sentinel-2-c1-l2a/32/T/PQ/2023/3/S2B_T32TPQ_20230309T101352_L2A/SNW_20m.tif"", ""preview"": ""https://e84-earth-search-sentinel-data.s3.us-west-2.amazonaws.com/sentinel-2-c1-l2a/32/T/PQ/2023/3/S2B_T32TPQ_20230309T101352_L2A/L2A_PVI.tif"", ""granule_metadata"": ""https://e84-earth-search-sentinel-data.s3.us-west-2.amazonaws.com/sentinel-2-c1-l2a/32/T/PQ/2023/3/S2B_T32TPQ_20230309T101352_L2A/metadata.xml"", ""tileinfo_metadata"": ""https://e84-earth-search-sentinel-data.s3.us-west-2.amazonaws.com/sentinel-2-c1-l2a/32/T/PQ/2023/3/S2B_T32TPQ_20230309T101352_L2A/tileInfo.json"", ""product_metadata"": ""https://e84-earth-search-sentinel-data.s3.us-west-2.amazonaws.com/sentinel-2-c1-l2a/32/T/PQ/2023/3/S2B_T32TPQ_20230309T101352_L2A/product_metadata.xml"", ""thumbnail"": ""https://e84-earth-search-sentinel-data.s3.us-west-2.amazonaws.com/sentinel-2-c1-l2a/32/T/PQ/2023/3/S2B_T32TPQ_20230309T101352_L2A/L2A_PVI.jpg""}"
S2B_T32TQP_20230309T101352_L2A,2023-03-09 10:18:43.245000+00:00,58.187699,,sentinel-2b,"{""red"": ""https://e84-earth-search-sentinel-data.s3.us-west-2.amazonaws.com/sentinel-2-c1-l2a/32/T/QP/2023/3/S2B_T32TQP_20230309T101352_L2A/B04.tif"", ""green"": ""https://e84-earth-search-sentinel-data.s3.us-west-2.amazonaws.com/sentinel-2-c1-l2a/32/T/QP/2023/3/S2B_T32TQP_20230309T101352_L2A/B03.tif"", ""blue"": ""https://e84-earth-search-sentinel-data.s3.us-west-2.amazonaws.com/sentinel-2-c1-l2a/32/T/QP/2023/3/S2B_T32TQP_20230309T101352_L2A/B02.tif"", ""visual"": ""https://e84-earth-search-sentinel-data.s3.us-west-2.amazonaws.com/sentinel-2-c1-l2a/32/T/QP/2023/3/S2B_T32TQP_20230309T101352_L2A/TCI.tif"", ""nir"": ""https://e84-earth-search-sentinel-data.s3.us-west-2.amazonaws.com/sentinel-2-c1-l2a/32/T/QP/2023/3/S2B_T32TQP_20230309T101352_L2A/B08.tif"", ""swir22"": ""https://e84-earth-search-sentinel-data.s3.us-west-2.amazonaws.com/sentinel-2-c1-l2a/32/T/QP/2023/3/S2B_T32TQP_20230309T101352_L2A/B12.tif"", ""rededge2"": ""https://e84-earth-search-sentinel-data.s3.us-west-2.amazonaws.com/sentinel-2-c1-l2a/32/T/QP/2023/3/S2B_T32TQP_20230309T101352_L2A/B06.tif"", ""rededge3"": ""https://e84-earth-search-sentinel-data.s3.us-west-2.amazonaws.com/sentinel-2-c1-l2a/32/T/QP/2023/3/S2B_T32TQP_20230309T101352_L2A/B07.tif"", ""rededge1"": ""https://e84-earth-search-sentinel-data.s3.us-west-2.amazonaws.com/sentinel-2-c1-l2a/32/T/QP/2023/3/S2B_T32TQP_20230309T101352_L2A/B05.tif"", ""swir16"": ""https://e84-earth-search-sentinel-data.s3.us-west-2.amazonaws.com/sentinel-2-c1-l2a/32/T/QP/2023/3/S2B_T32TQP_20230309T101352_L2A/B11.tif"", ""wvp"": ""https://e84-earth-search-sentinel-data.s3.us-west-2.amazonaws.com/sentinel-2-c1-l2a/32/T/QP/2023/3/S2B_T32TQP_20230309T101352_L2A/WVP.tif"", ""nir08"": ""https://e84-earth-search-sentinel-data.s3.us-west-2.amazonaws.com/sentinel-2-c1-l2a/32/T/QP/2023/3/S2B_T32TQP_20230309T101352_L2A/B8A.tif"", ""scl"": ""https://e84-earth-search-sentinel-data.s3.us-west-2.amazonaws.com/sentinel-2-c1-l2a/32/T/QP/2023/3/S2B_T32TQP_20230309T101352_L2A/SCL.tif"", ""aot"": ""https://e84-earth-search-sentinel-data.s3.us-west-2.amazonaws.com/sentinel-2-c1-l2a/32/T/QP/2023/3/S2B_T32TQP_20230309T101352_L2A/AOT.tif"", ""coastal"": ""https://e84-earth-search-sentinel-data.s3.us-west-2.amazonaws.com/sentinel-2-c1-l2a/32/T/QP/2023/3/S2B_T32TQP_20230309T101352_L2A/B01.tif"", ""nir09"": ""https://e84-earth-search-sentinel-data.s3.us-west-2.amazonaws.com/sentinel-2-c1-l2a/32/T/QP/2023/3/S2B_T32TQP_20230309T101352_L2A/B09.tif"", ""cloud"": ""https://e84-earth-search-sentinel-data.s3.us-west-2.amazonaws.com/sentinel-2-c1-l2a/32/T/QP/2023/3/S2B_T32TQP_20230309T101352_L2A/CLD_20m.tif"", ""snow"": ""https://e84-earth-search-sentinel-data.s3.us-west-2.amazonaws.com/sentinel-2-c1-l2a/32/T/QP/2023/3/S2B_T32TQP_20230309T101352_L2A/SNW_20m.tif"", ""preview"": ""https://e84-earth-search-sentinel-data.s3.us-west-2.amazonaws.com/sentinel-2-c1-l2a/32/T/QP/2023/3/S2B_T32TQP_20230309T101352_L2A/L2A_PVI.tif"", ""granule_metadata"": ""https://e84-earth-search-sentinel-data.s3.us-west-2.amazonaws.com/sentinel-2-c1-l2a/32/T/QP/2023/3/S2B_T32TQP_20230309T101352_L2A/metadata.xml"", ""tileinfo_metadata"": ""https://e84-earth-search-sentinel-data.s3.us-west-2.amazonaws.com/sentinel-2-c1-l2a/32/T/QP/2023/3/S2B_T32TQP_20230309T101352_L2A/tileInfo.json"", ""product_metadata"": ""https://e84-earth-search-sentinel-data.s3.us-west-2.amazonaws.com/sentinel-2-c1-l2a/32/T/QP/2023/3/S2B_T32TQP_20230309T101352_L2A/product_metadata.xml"", ""thumbnail"": ""https://e84-earth-search-sentinel-data.s3.us-west-2.amazonaws.com/sentinel-2-c1-l2a/32/T/QP/2023/3/S2B_T32TQP_20230309T101352_L2A/L2A_PVI.jpg""}"
S2A_T32TQQ_20230311T100022_L2A,2023-03-11 10:08:23.664000+00:00,42.67993,,sentinel-2a,"{""red"": ""https://e84-earth-search-sentinel-data.s3.us-west-2.amazonaws.com/sentinel-2-c1-l2a/32/T/QQ/2023/3/S2A_T32TQQ_20230311T100022_L2A/B04.tif"", ""green"": ""https://e84-earth-search-sentinel-data.s3.us-west-2.amazonaws.com/sentinel-2-c1-l2a/32/T/QQ/2023/3/S2A_T32TQQ_20230311T100022_L2A/B03.tif"", ""blue"": ""https://e84-earth-search-sentinel-data.s3.us-west-2.amazonaws.com/sentinel-2-c1-l2a/32/T/QQ/2023/3/S2A_T32TQQ_20230311T100022_L2A/B02.tif"", ""visual"": ""https://e84-earth-search-sentinel-data.s3.us-west-2.amazonaws.com/sentinel-2-c1-l2a/32/T/QQ/2023/3/S2A_T32TQQ_20230311T100022_L2A/TCI.tif"", ""nir"": ""https://e84-earth-search-sentinel-data.s3.us-west-2.amazonaws.com/sentinel-2-c1-l2a/32/T/QQ/2023/3/S2A_T32TQQ_20230311T100022_L2A/B08.tif"", ""swir22"": ""https://e84-earth-search-sentinel-data.s3.us-west-2.amazonaws.com/sentinel-2-c1-l2a/32/T/QQ/2023/3/S2A_T32TQQ_20230311T100022_L2A/B12.tif"", ""rededge2"": ""https://e84-earth-search-sentinel-data.s3.us-west-2.amazonaws.com/sentinel-2-c1-l2a/32/T/QQ/2023/3/S2A_T32TQQ_20230311T100022_L2A/B06.tif"", ""rededge3"": ""https://e84-earth-search-sentinel-data.s3.us-west-2.amazonaws.com/sentinel-2-c1-l2a/32/T/QQ/2023/3/S2A_T32TQQ_20230311T100022_L2A/B07.tif"", ""rededge1"": ""https://e84-earth-search-sentinel-data.s3.us-west-2.amazonaws.com/sentinel-2-c1-l2a/32/T/QQ/2023/3/S2A_T32TQQ_20230311T100022_L2A/B05.tif"", ""swir16"": ""https://e84-earth-search-sentinel-data.s3.us-west-2.amazonaws.com/sentinel-2-c1-l2a/32/T/QQ/2023/3/S2A_T32TQQ_20230311T100022_L2A/B11.tif"", ""wvp"": ""https://e84-earth-search-sentinel-data.s3.us-west-2.amazonaws.com/sentinel-2-c1-l2a/32/T/QQ/2023/3/S2A_T32TQQ_20230311T100022_L2A/WVP.tif"", ""nir08"": ""https://e84-earth-search-sentinel-data.s3.us-west-2.amazonaws.com/sentinel-2-c1-l2a/32/T/QQ/2023/3/S2A_T32TQQ_20230311T100022_L2A/B8A.tif"", ""scl"": ""https://e84-earth-search-sentinel-data.s3.us-west-2.amazonaws.com/sentinel-2-c1-l2a/32/T/QQ/2023/3/S2A_T32TQQ_20230311T100022_L2A/SCL.tif"", ""aot"": ""https://e84-earth-search-sentinel-data.s3.us-west-2.amazonaws.com/sentinel-2-c1-l2a/32/T/QQ/2023/3/S2A_T32TQQ_20230311T100022_L2A/AOT.tif"", ""coastal"": ""https://e84-earth-search-sentinel-data.s3.us-west-2.amazonaws.com/sentinel-2-c1-l2a/32/T/QQ/2023/3/S2A_T32TQQ_20230311T100022_L2A/B01.tif"", ""nir09"": ""https://e84-earth-search-sentinel-data.s3.us-west-2.amazonaws.com/sentinel-2-c1-l2a/32/T/QQ/2023/3/S2A_T32TQQ_20230311T100022_L2A/B09.tif"", ""cloud"": ""https://e84-earth-search-sentinel-data.s3.us-west-2.amazonaws.com/sentinel-2-c1-l2a/32/T/QQ/2023/3/S2A_T32TQQ_20230311T100022_L2A/CLD_20m.tif"", ""snow"": ""https://e84-earth-search-sentinel-data.s3.us-west-2.amazonaws.com/sentinel-2-c1-l2a/32/T/QQ/2023/3/S2A_T32TQQ_20230311T100022_L2A/SNW_20m.tif"", ""preview"": ""https://e84-earth-search-sentinel-data.s3.us-west-2.amazonaws.com/sentinel-2-c1-l2a/32/T/QQ/2023/3/S2A_T32TQQ_20230311T100022_L2A/L2A_PVI.tif"", ""granule_metadata"": ""https://e84-earth-search-sentinel-data.s3.us-west-2.amazonaws.com/sentinel-2-c1-l2a/32/T/QQ/2023/3/S2A_T32TQQ_20230311T100022_L2A/metadata.xml"", ""tileinfo_metadata"": ""https://e84-earth-search-sentinel-data.s3.us-west-2.amazonaws.com/sentinel-2-c1-l2a/32/T/QQ/2023/3/S2A_T32TQQ_20230311T100022_L2A/tileInfo.json"", ""product_metadata"": ""https://e84-earth-search-sentinel-data.s3.us-west-2.amazonaws.com/sentinel-2-c1-l2a/32/T/QQ/2023/3/S2A_T32TQQ_20230311T100022_L2A/product_metadata.xml"", ""thumbnail"": ""https://e84-earth-search-sentinel-data.s3.us-west-2.amazonaws.com/sentinel-2-c1-l2a/32/T/QQ/2023/3/S2A_T32TQQ_20230311T100022_L2A/L2A_PVI.jpg""}"
S2A_T32TQP_20230311T100022_L2A,2023-03-11 10:08:38.391000+00:00,52.972722,,sentinel-2a,"{""red"": ""https://e84-earth-search-sentinel-data.s3.us-west-2.amazonaws.com/sentinel-2-c1-l2a/32/T/QP/2023/3/S2A_T32TQP_20230311T100022_L2A/B04.tif"", ""green"": ""https://e84-earth-search-sentinel-data.s3.us-west-2.amazonaws.com/sentinel-2-c1-l2a/32/T/QP/2023/3/S2A_T32TQP_20230311T100022_L2A/B03.tif"", ""blue"": ""https://e84-earth-search-sentinel-data.s3.us-west-2.amazonaws.com/sentinel-2-c1-l2a/32/T/QP/2023/3/S2A_T32TQP_20230311T100022_L2A/B02.tif"", ""visual"": ""https://e84-earth-search-sentinel-data.s3.us-west-2.amazonaws.com/sentinel-2-c1-l2a/32/T/QP/2023/3/S2A_T32TQP_20230311T100022_L2A/TCI.tif"", ""nir"": ""https://e84-earth-search-sentinel-data.s3.us-west-2.amazonaws.com/sentinel-2-c1-l2a/32/T/QP/2023/3/S2A_T32TQP_20230311T100022_L2A/B08.tif"", ""swir22"": ""https://e84-earth-search-sentinel-data.s3.us-west-2.amazonaws.com/sentinel-2-c1-l2a/32/T/QP/2023/3/S2A_T32TQP_20230311T100022_L2A/B12.tif"", ""rededge2"": ""https://e84-earth-search-sentinel-data.s3.us-west-2.amazonaws.com/sentinel-2-c1-l2a/32/T/QP/2023/3/S2A_T32TQP_20230311T100022_L2A/B06.tif"", ""rededge3"": ""https://e84-earth-search-sentinel-data.s3.us-west-2.amazonaws.com/sentinel-2-c1-l2a/32/T/QP/2023/3/S2A_T32TQP_20230311T100022_L2A/B07.tif"", ""rededge1"": ""https://e84-earth-search-sentinel-data.s3.us-west-2.amazonaws.com/sentinel-2-c1-l2a/32/T/QP/2023/3/S2A_T32TQP_20230311T100022_L2A/B05.tif"", ""swir16"": ""https://e84-earth-search-sentinel-data.s3.us-west-2.amazonaws.com/sentinel-2-c1-l2a/32/T/QP/2023/3/S2A_T32TQP_20230311T100022_L2A/B11.tif"", ""wvp"": ""https://e84-earth-search-sentinel-data.s3.us-west-2.amazonaws.com/sentinel-2-c1-l2a/32/T/QP/2023/3/S2A_T32TQP_20230311T100022_L2A/WVP.tif"", ""nir08"": ""https://e84-earth-search-sentinel-data.s3.us-west-2.amazonaws.com/sentinel-2-c1-l2a/32/T/QP/2023/3/S2A_T32TQP_20230311T100022_L2A/B8A.tif"", ""scl"": ""https://e84-earth-search-sentinel-data.s3.us-west-2.amazonaws.com/sentinel-2-c1-l2a/32/T/QP/2023/3/S2A_T32TQP_20230311T100022_L2A/SCL.tif"", ""aot"": ""https://e84-earth-search-sentinel-data.s3.us-west-2.amazonaws.com/sentinel-2-c1-l2a/32/T/QP/2023/3/S2A_T32TQP_20230311T100022_L2A/AOT.tif"", ""coastal"": ""https://e84-earth-search-sentinel-data.s3.us-west-2.amazonaws.com/sentinel-2-c1-l2a/32/T/QP/2023/3/S2A_T32TQP_20230311T100022_L2A/B01.tif"", ""nir09"": ""https://e84-earth-search-sentinel-data.s3.us-west-2.amazonaws.com/sentinel-2-c1-l2a/32/T/QP/2023/3/S2A_T32TQP_20230311T100022_L2A/B09.tif"", ""cloud"": ""https://e84-earth-search-sentinel-data.s3.us-west-2.amazonaws.com/sentinel-2-c1-l2a/32/T/QP/2023/3/S2A_T32TQP_20230311T100022_L2A/CLD_20m.tif"", ""snow"": ""https://e84-earth-search-sentinel-data.s3.us-west-2.amazonaws.com/sentinel-2-c1-l2a/32/T/QP/2023/3/S2A_T32TQP_20230311T100022_L2A/SNW_20m.tif"", ""preview"": ""https://e84-earth-search-sentinel-data.s3.us-west-2.amazonaws.com/sentinel-2-c1-l2a/32/T/QP/2023/3/S2A_T32TQP_20230311T100022_L2A/L2A_PVI.tif"", ""granule_metadata"": ""https://e84-earth-search-sentinel-data.s3.us-west-2.amazonaws.com/sentinel-2-c1-l2a/32/T/QP/2023/3/S2A_T32TQP_20230311T100022_L2A/metadata.xml"", ""tileinfo_metadata"": ""https://e84-earth-search-sentinel-data.s3.us-west-2.amazonaws.com/sentinel-2-c1-l2a/32/T/QP/2023/3/S2A_T32TQP_20230311T100022_L2A/tileInfo.json"", ""product_metadata"": ""https://e84-earth-search-sentinel-data.s3.us-west-2.amazonaws.com/sentinel-2-c1-l2a/32/T/QP/2023/3/S2A_T32TQP_20230311T100022_L2A/product_metadata.xml"", ""thumbnail"": ""https://e84-earth-search-sentinel-data.s3.us-west-2.amazonaws.com/sentinel-2-c1-l2a/32/T/QP/2023/3/S2A_T32TQP_20230311T100022_L2A/L2A_PVI.jpg""}"
S2B_T32TQQ_20230316T100305_L2A,2023-03-16 10:08:32.233000+00:00,8.032982,,sentinel-2b,"{""red"": ""https://e84-earth-search-sentinel-data.s3.us-west-2.amazonaws.com/sentinel-2-c1-l2a/32/T/QQ/2023/3/S2B_T32TQQ_20230316T100305_L2A/B04.tif"", ""green"": ""https://e84-earth-search-sentinel-data.s3.us-west-2.amazonaws.com/sentinel-2-c1-l2a/32/T/QQ/2023/3/S2B_T32TQQ_20230316T100305_L2A/B03.tif"", ""blue"": ""https://e84-earth-search-sentinel-data.s3.us-west-2.amazonaws.com/sentinel-2-c1-l2a/32/T/QQ/2023/3/S2B_T32TQQ_20230316T100305_L2A/B02.tif"", ""visual"": ""https://e84-earth-search-sentinel-data.s3.us-west-2.amazonaws.com/sentinel-2-c1-l2a/32/T/QQ/2023/3/S2B_T32TQQ_20230316T100305_L2A/TCI.tif"", ""nir"": ""https://e84-earth-search-sentinel-data.s3.us-west-2.amazonaws.com/sentinel-2-c1-l2a/32/T/QQ/2023/3/S2B_T32TQQ_20230316T100305_L2A/B08.tif"", ""swir22"": ""https://e84-earth-search-sentinel-data.s3.us-west-2.amazonaws.com/sentinel-2-c1-l2a/32/T/QQ/2023/3/S2B_T32TQQ_20230316T100305_L2A/B12.tif"", ""rededge2"": ""https://e84-earth-search-sentinel-data.s3.us-west-2.amazonaws.com/sentinel-2-c1-l2a/32/T/QQ/2023/3/S2B_T32TQQ_20230316T100305_L2A/B06.tif"", ""rededge3"": ""https://e84-earth-search-sentinel-data.s3.us-west-2.amazonaws.com/sentinel-2-c1-l2a/32/T/QQ/2023/3/S2B_T32TQQ_20230316T100305_L2A/B07.tif"", ""rededge1"": ""https://e84-earth-search-sentinel-data.s3.us-west-2.amazonaws.com/sentinel-2-c1-l2a/32/T/QQ/2023/3/S2B_T32TQQ_20230316T100305_L2A/B05.tif"", ""swir16"": ""https://e84-earth-search-sentinel-data.s3.us-west-2.amazonaws.com/sentinel-2-c1-l2a/32/T/QQ/2023/3/S2B_T32TQQ_20230316T100305_L2A/B11.tif"", ""wvp"": ""https://e84-earth-search-sentinel-data.s3.us-west-2.amazonaws.com/sentinel-2-c1-l2a/32/T/QQ/2023/3/S2B_T32TQQ_20230316T100305_L2A/WVP.tif"", ""nir08"": ""https://e84-earth-search-sentinel-data.s3.us-west-2.amazonaws.com/sentinel-2-c1-l2a/32/T/QQ/2023/3/S2B_T32TQQ_20230316T100305_L2A/B8A.tif"", ""scl"": ""https://e84-earth-search-sentinel-data.s3.us-west-2.amazonaws.com/sentinel-2-c1-l2a/32/T/QQ/2023/3/S2B_T32TQQ_20230316T100305_L2A/SCL.tif"", ""aot"": ""https://e84-earth-search-sentinel-data.s3.us-west-2.amazonaws.com/sentinel-2-c1-l2a/32/T/QQ/2023/3/S2B_T32TQQ_20230316T100305_L2A/AOT.tif"", ""coastal"": ""https://e84-earth-search-sentinel-data.s3.us-west-2.amazonaws.com/sentinel-2-c1-l2a/32/T/QQ/2023/3/S2B_T32TQQ_20230316T100305_L2A/B01.tif"", ""nir09"": ""https://e84-earth-search-sentinel-data.s3.us-west-2.amazonaws.com/sentinel-2-c1-l2a/32/T/QQ/2023/3/S2B_T32TQQ_20230316T100305_L2A/B09.tif"", ""cloud"": ""https://e84-earth-search-sentinel-data.s3.us-west-2.amazonaws.com/sentinel-2-c1-l2a/32/T/QQ/2023/3/S2B_T32TQQ_20230316T100305_L2A/CLD_20m.tif"", ""snow"": ""https://e84-earth-search-sentinel-data.s3.us-west-2.amazonaws.com/sentinel-2-c1-l2a/32/T/QQ/2023/3/S2B_T32TQQ_20230316T100305_L2A/SNW_20m.tif"", ""preview"": ""https://e84-earth-search-sentinel-data.s3.us-west-2.amazonaws.com/sentinel-2-c1-l2a/32/T/QQ/2023/3/S2B_T32TQQ_20230316T100305_L2A/L2A_PVI.tif"", ""granule_metadata"": ""https://e84-earth-search-sentinel-data.s3.us-west-2.amazonaws.com/sentinel-2-c1-l2a/32/T/QQ/2023/3/S2B_T32TQQ_20230316T100305_L2A/metadata.xml"", ""tileinfo_metadata"": ""https://e84-earth-search-sentinel-data.s3.us-west-2.amazonaws.com/sentinel-2-c1-l2a/32/T/QQ/2023/3/S2B_T32TQQ_20230316T100305_L2A/tileInfo.json"", ""product_metadata"": ""https://e84-earth-search-sentinel-data.s3.us-west-2.amazonaws.com/sentinel-2-c1-l2a/32/T/QQ/2023/3/S2B_T32TQQ_20230316T100305_L2A/product_metadata.xml"", ""thumbnail"": ""https://e84-earth-search-sentinel-data.s3.us-west-2.amazonaws.com/sentinel-2-c1-l2a/32/T/QQ/2023/3/S2B_T32TQQ_20230316T100305_L2A/L2A_PVI.jpg""}"
S2B_T32TQP_20230316T100305_L2A,2023-03-16 10:08:46.961000+00:00,12.411885,,sentinel-2b,"{""red"": ""https://e84-earth-search-sentinel-data.s3.us-west-2.amazonaws.com/sentinel-2-c1-l2a/32/T/QP/2023/3/S2B_T32TQP_20230316T100305_L2A/B04.tif"", ""green"": ""https://e84-earth-search-sentinel-data.s3.us-west-2.amazonaws.com/sentinel-2-c1-l2a/32/T/QP/2023/3/S2B_T32TQP_20230316T100305_L2A/B03.tif"", ""blue"": ""https://e84-earth-search-sentinel-data.s3.us-west-2.amazonaws.com/sentinel-2-c1-l2a/32/T/QP/2023/3/S2B_T32TQP_20230316T100305_L2A/B02.tif"", ""visual"": ""https://e84-earth-search-sentinel-data.s3.us-west-2.amazonaws.com/sentinel-2-c1-l2a/32/T/QP/2023/3/S2B_T32TQP_20230316T100305_L2A/TCI.tif"", ""nir"": ""https://e84-earth-search-sentinel-data.s3.us-west-2.amazonaws.com/sentinel-2-c1-l2a/32/T/QP/2023/3/S2B_T32TQP_20230316T100305_L2A/B08.tif"", ""swir22"": ""https://e84-earth-search-sentinel-data.s3.us-west-2.amazonaws.com/sentinel-2-c1-l2a/32/T/QP/2023/3/S2B_T32TQP_20230316T100305_L2A/B12.tif"", ""rededge2"": ""https://e84-earth-search-sentinel-data.s3.us-west-2.amazonaws.com/sentinel-2-c1-l2a/32/T/QP/2023/3/S2B_T32TQP_20230316T100305_L2A/B06.tif"", ""rededge3"": ""https://e84-earth-search-sentinel-data.s3.us-west-2.amazonaws.com/sentinel-2-c1-l2a/32/T/QP/2023/3/S2B_T32TQP_20230316T100305_L2A/B07.tif"", ""rededge1"": ""https://e84-earth-search-sentinel-data.s3.us-west-2.amazonaws.com/sentinel-2-c1-l2a/32/T/QP/2023/3/S2B_T32TQP_20230316T100305_L2A/B05.tif"", ""swir16"": ""https://e84-earth-search-sentinel-data.s3.us-west-2.amazonaws.com/sentinel-2-c1-l2a/32/T/QP/2023/3/S2B_T32TQP_20230316T100305_L2A/B11.tif"", ""wvp"": ""https://e84-earth-search-sentinel-data.s3.us-west-2.amazonaws.com/sentinel-2-c1-l2a/32/T/QP/2023/3/S2B_T32TQP_20230316T100305_L2A/WVP.tif"", ""nir08"": ""https://e84-earth-search-sentinel-data.s3.us-west-2.amazonaws.com/sentinel-2-c1-l2a/32/T/QP/2023/3/S2B_T32TQP_20230316T100305_L2A/B8A.tif"", ""scl"": ""https://e84-earth-search-sentinel-data.s3.us-west-2.amazonaws.com/sentinel-2-c1-l2a/32/T/QP/2023/3/S2B_T32TQP_20230316T100305_L2A/SCL.tif"", ""aot"": ""https://e84-earth-search-sentinel-data.s3.us-west-2.amazonaws.com/sentinel-2-c1-l2a/32/T/QP/2023/3/S2B_T32TQP_20230316T100305_L2A/AOT.tif"", ""coastal"": ""https://e84-earth-search-sentinel-data.s3.us-west-2.amazonaws.com/sentinel-2-c1-l2a/32/T/QP/2023/3/S2B_T32TQP_20230316T100305_L2A/B01.tif"", ""nir09"": ""https://e84-earth-search-sentinel-data.s3.us-west-2.amazonaws.com/sentinel-2-c1-l2a/32/T/QP/2023/3/S2B_T32TQP_20230316T100305_L2A/B09.tif"", ""cloud"": ""https://e84-earth-search-sentinel-data.s3.us-west-2.amazonaws.com/sentinel-2-c1-l2a/32/T/QP/2023/3/S2B_T32TQP_20230316T100305_L2A/CLD_20m.tif"", ""snow"": ""https://e84-earth-search-sentinel-data.s3.us-west-2.amazonaws.com/sentinel-2-c1-l2a/32/T/QP/2023/3/S2B_T32TQP_20230316T100305_L2A/SNW_20m.tif"", ""preview"": ""https://e84-earth-search-sentinel-data.s3.us-west-2.amazonaws.com/sentinel-2-c1-l2a/32/T/QP/2023/3/S2B_T32TQP_20230316T100305_L2A/L2A_PVI.tif"", ""granule_metadata"": ""https://e84-earth-search-sentinel-data.s3.us-west-2.amazonaws.com/sentinel-2-c1-l2a/32/T/QP/2023/3/S2B_T32TQP_20230316T100305_L2A/metadata.xml"", ""tileinfo_metadata"": ""https://e84-earth-search-sentinel-data.s3.us-west-2.amazonaws.com/sentinel-2-c1-l2a/32/T/QP/2023/3/S2B_T32TQP_20230316T100305_L2A/tileInfo.json"", ""product_metadata"": ""https://e84-earth-search-sentinel-data.s3.us-west-2.amazonaws.com/sentinel-2-c1-l2a/32/T/QP/2023/3/S2B_T32TQP_20230316T100305_L2A/product_metadata.xml"", ""thumbnail"": ""https://e84-earth-search-sentinel-data.s3.us-west-2.amazonaws.com/sentinel-2-c1-l2a/32/T/QP/2023/3/S2B_T32TQP_20230316T100305_L2A/L2A_PVI.jpg""}"
S2A_T32TQQ_20230321T100137_L2A,2023-03-21 10:08:26.605000+00:00,11.729958,,sentinel-2a,"{""red"": ""https://e84-earth-search-sentinel-data.s3.us-west-2.amazonaws.com/sentinel-2-c1-l2a/32/T/QQ/2023/3/S2A_T32TQQ_20230321T100137_L2A/B04.tif"", ""green"": ""https://e84-earth-search-sentinel-data.s3.us-west-2.amazonaws.com/sentinel-2-c1-l2a/32/T/QQ/2023/3/S2A_T32TQQ_20230321T100137_L2A/B03.tif"", ""blue"": ""https://e84-earth-search-sentinel-data.s3.us-west-2.amazonaws.com/sentinel-2-c1-l2a/32/T/QQ/2023/3/S2A_T32TQQ_20230321T100137_L2A/B02.tif"", ""visual"": ""https://e84-earth-search-sentinel-data.s3.us-west-2.amazonaws.com/sentinel-2-c1-l2a/32/T/QQ/2023/3/S2A_T32TQQ_20230321T100137_L2A/TCI.tif"", ""nir"": ""https://e84-earth-search-sentinel-data.s3.us-west-2.amazonaws.com/sentinel-2-c1-l2a/32/T/QQ/2023/3/S2A_T32TQQ_20230321T100137_L2A/B08.tif"", ""swir22"": ""https://e84-earth-search-sentinel-data.s3.us-west-2.amazonaws.com/sentinel-2-c1-l2a/32/T/QQ/2023/3/S2A_T32TQQ_20230321T100137_L2A/B12.tif"", ""rededge2"": ""https://e84-earth-search-sentinel-data.s3.us-west-2.amazonaws.com/sentinel-2-c1-l2a/32/T/QQ/2023/3/S2A_T32TQQ_20230321T100137_L2A/B06.tif"", ""rededge3"": ""https://e84-earth-search-sentinel-data.s3.us-west-2.amazonaws.com/sentinel-2-c1-l2a/32/T/QQ/2023/3/S2A_T32TQQ_20230321T100137_L2A/B07.tif"", ""rededge1"": ""https://e84-earth-search-sentinel-data.s3.us-west-2.amazonaws.com/sentinel-2-c1-l2a/32/T/QQ/2023/3/S2A_T32TQQ_20230321T100137_L2A/B05.tif"", ""swir16"": ""https://e84-earth-search-sentinel-data.s3.us-west-2.amazonaws.com/sentinel-2-c1-l2a/32/T/QQ/2023/3/S2A_T32TQQ_20230321T100137_L2A/B11.tif"", ""wvp"": ""https://e84-earth-search-sentinel-data.s3.us-west-2.amazonaws.com/sentinel-2-c1-l2a/32/T/QQ/2023/3/S2A_T32TQQ_20230321T100137_L2A/WVP.tif"", ""nir08"": ""https://e84-earth-search-sentinel-data.s3.us-west-2.amazonaws.com/sentinel-2-c1-l2a/32/T/QQ/2023/3/S2A_T32TQQ_20230321T100137_L2A/B8A.tif"", ""scl"": ""https://e84-earth-search-sentinel-data.s3.us-west-2.amazonaws.com/sentinel-2-c1-l2a/32/T/QQ/2023/3/S2A_T32TQQ_20230321T100137_L2A/SCL.tif"", ""aot"": ""https://e84-earth-search-sentinel-data.s3.us-west-2.amazonaws.com/sentinel-2-c1-l2a/32/T/QQ/2023/3/S2A_T32TQQ_20230321T100137_L2A/AOT.tif"", ""coastal"": ""https://e84-earth-search-sentinel-data.s3.us-west-2.amazonaws.com/sentinel-2-c1-l2a/32/T/QQ/2023/3/S2A_T32TQQ_20230321T100137_L2A/B01.tif"", ""nir09"": ""https://e84-earth-search-sentinel-data.s3.us-west-2.amazonaws.com/sentinel-2-c1-l2a/32/T/QQ/2023/3/S2A_T32TQQ_20230321T100137_L2A/B09.tif"", ""cloud"": ""https://e84-earth-search-sentinel-data.s3.us-west-2.amazonaws.com/sentinel-2-c1-l2a/32/T/QQ/2023/3/S2A_T32TQQ_20230321T100137_L2A/CLD_20m.tif"", ""snow"": ""https://e84-earth-search-sentinel-data.s3.us-west-2.amazonaws.com/sentinel-2-c1-l2a/32/T/QQ/2023/3/S2A_T32TQQ_20230321T100137_L2A/SNW_20m.tif"", ""preview"": ""https://e84-earth-search-sentinel-data.s3.us-west-2.amazonaws.com/sentinel-2-c1-l2a/32/T/QQ/2023/3/S2A_T32TQQ_20230321T100137_L2A/L2A_PVI.tif"", ""granule_metadata"": ""https://e84-earth-search-sentinel-data.s3.us-west-2.amazonaws.com/sentinel-2-c1-l2a/32/T/QQ/2023/3/S2A_T32TQQ_20230321T100137_L2A/metadata.xml"", ""tileinfo_metadata"": ""https://e84-earth-search-sentinel-data.s3.us-west-2.amazonaws.com/sentinel-2-c1-l2a/32/T/QQ/2023/3/S2A_T32TQQ_20230321T100137_L2A/tileInfo.json"", ""product_metadata"": ""https://e84-earth-search-sentinel-data.s3.us-west-2.amazonaws.com/sentinel-2-c1-l2a/32/T/QQ/2023/3/S2A_T32TQQ_20230321T100137_L2A/product_metadata.xml"", ""thumbnail"": ""https://e84-earth-search-sentinel-data.s3.us-west-2.amazonaws.com/sentinel-2-c1-l2a/32/T/QQ/2023/3/S2A_T32TQQ_20230321T100137_L2A/L2A_PVI.jpg""}"
S2A_T32TQP_20230321T100137_L2A,2023-03-21 10:08:41.326000+00:00,48.361352,,sentinel-2a,"{""red"": ""https://e84-earth-search-sentinel-data.s3.us-west-2.amazonaws.com/sentinel-2-c1-l2a/32/T/QP/2023/3/S2A_T32TQP_20230321T100137_L2A/B04.tif"", ""green"": ""https://e84-earth-search-sentinel-data.s3.us-west-2.amazonaws.com/sentinel-2-c1-l2a/32/T/QP/2023/3/S2A_T32TQP_20230321T100137_L2A/B03.tif"", ""blue"": ""https://e84-earth-search-sentinel-data.s3.us-west-2.amazonaws.com/sentinel-2-c1-l2a/32/T/QP/2023/3/S2A_T32TQP_20230321T100137_L2A/B02.tif"", ""visual"": ""https://e84-earth-search-sentinel-data.s3.us-west-2.amazonaws.com/sentinel-2-c1-l2a/32/T/QP/2023/3/S2A_T32TQP_20230321T100137_L2A/TCI.tif"", ""nir"": ""https://e84-earth-search-sentinel-data.s3.us-west-2.amazonaws.com/sentinel-2-c1-l2a/32/T/QP/2023/3/S2A_T32TQP_20230321T100137_L2A/B08.tif"", ""swir22"": ""https://e84-earth-search-sentinel-data.s3.us-west-2.amazonaws.com/sentinel-2-c1-l2a/32/T/QP/2023/3/S2A_T32TQP_20230321T100137_L2A/B12.tif"", ""rededge2"": ""https://e84-earth-search-sentinel-data.s3.us-west-2.amazonaws.com/sentinel-2-c1-l2a/32/T/QP/2023/3/S2A_T32TQP_20230321T100137_L2A/B06.tif"", ""rededge3"": ""https://e84-earth-search-sentinel-data.s3.us-west-2.amazonaws.com/sentinel-2-c1-l2a/32/T/QP/2023/3/S2A_T32TQP_20230321T100137_L2A/B07.tif"", ""rededge1"": ""https://e84-earth-search-sentinel-data.s3.us-west-2.amazonaws.com/sentinel-2-c1-l2a/32/T/QP/2023/3/S2A_T32TQP_20230321T100137_L2A/B05.tif"", ""swir16"": ""https://e84-earth-search-sentinel-data.s3.us-west-2.amazonaws.com/sentinel-2-c1-l2a/32/T/QP/2023/3/S2A_T32TQP_20230321T100137_L2A/B11.tif"", ""wvp"": ""https://e84-earth-search-sentinel-data.s3.us-west-2.amazonaws.com/sentinel-2-c1-l2a/32/T/QP/2023/3/S2A_T32TQP_20230321T100137_L2A/WVP.tif"", ""nir08"": ""https://e84-earth-search-sentinel-data.s3.us-west-2.amazonaws.com/sentinel-2-c1-l2a/32/T/QP/2023/3/S2A_T32TQP_20230321T100137_L2A/B8A.tif"", ""scl"": ""https://e84-earth-search-sentinel-data.s3.us-west-2.amazonaws.com/sentinel-2-c1-l2a/32/T/QP/2023/3/S2A_T32TQP_20230321T100137_L2A/SCL.tif"", ""aot"": ""https://e84-earth-search-sentinel-data.s3.us-west-2.amazonaws.com/sentinel-2-c1-l2a/32/T/QP/2023/3/S2A_T32TQP_20230321T100137_L2A/AOT.tif"", ""coastal"": ""https://e84-earth-search-sentinel-data.s3.us-west-2.amazonaws.com/sentinel-2-c1-l2a/32/T/QP/2023/3/S2A_T32TQP_20230321T100137_L2A/B01.tif"", ""nir09"": ""https://e84-earth-search-sentinel-data.s3.us-west-2.amazonaws.com/sentinel-2-c1-l2a/32/T/QP/2023/3/S2A_T32TQP_20230321T100137_L2A/B09.tif"", ""cloud"": ""https://e84-earth-search-sentinel-data.s3.us-west-2.amazonaws.com/sentinel-2-c1-l2a/32/T/QP/2023/3/S2A_T32TQP_20230321T100137_L2A/CLD_20m.tif"", ""snow"": ""https://e84-earth-search-sentinel-data.s3.us-west-2.amazonaws.com/sentinel-2-c1-l2a/32/T/QP/2023/3/S2A_T32TQP_20230321T100137_L2A/SNW_20m.tif"", ""preview"": ""https://e84-earth-search-sentinel-data.s3.us-west-2.amazonaws.com/sentinel-2-c1-l2a/32/T/QP/2023/3/S2A_T32TQP_20230321T100137_L2A/L2A_PVI.tif"", ""granule_metadata"": ""https://e84-earth-search-sentinel-data.s3.us-west-2.amazonaws.com/sentinel-2-c1-l2a/32/T/QP/2023/3/S2A_T32TQP_20230321T100137_L2A/metadata.xml"", ""tileinfo_metadata"": ""https://e84-earth-search-sentinel-data.s3.us-west-2.amazonaws.com/sentinel-2-c1-l2a/32/T/QP/2023/3/S2A_T32TQP_20230321T100137_L2A/tileInfo.json"", ""product_metadata"": ""https://e84-earth-search-sentinel-data.s3.us-west-2.amazonaws.com/sentinel-2-c1-l2a/32/T/QP/2023/3/S2A_T32TQP_20230321T100137_L2A/product_metadata.xml"", ""thumbnail"": ""https://e84-earth-search-sentinel-data.s3.us-west-2.amazonaws.com/sentinel-2-c1-l2a/32/T/QP/2023/3/S2A_T32TQP_20230321T100137_L2A/L2A_PVI.jpg""}"
S2B_T32TQQ_20230326T100319_L2A,2023-03-26 10:08:30.963000+00:00,67.06503,,sentinel-2b,"{""red"": ""https://e84-earth-search-sentinel-data.s3.us-west-2.amazonaws.com/sentinel-2-c1-l2a/32/T/QQ/2023/3/S2B_T32TQQ_20230326T100319_L2A/B04.tif"", ""green"": ""https://e84-earth-search-sentinel-data.s3.us-west-2.amazonaws.com/sentinel-2-c1-l2a/32/T/QQ/2023/3/S2B_T32TQQ_20230326T100319_L2A/B03.tif"", ""blue"": ""https://e84-earth-search-sentinel-data.s3.us-west-2.amazonaws.com/sentinel-2-c1-l2a/32/T/QQ/2023/3/S2B_T32TQQ_20230326T100319_L2A/B02.tif"", ""visual"": ""https://e84-earth-search-sentinel-data.s3.us-west-2.amazonaws.com/sentinel-2-c1-l2a/32/T/QQ/2023/3/S2B_T32TQQ_20230326T100319_L2A/TCI.tif"", ""nir"": ""https://e84-earth-search-sentinel-data.s3.us-west-2.amazonaws.com/sentinel-2-c1-l2a/32/T/QQ/2023/3/S2B_T32TQQ_20230326T100319_L2A/B08.tif"", ""swir22"": ""https://e84-earth-search-sentinel-data.s3.us-west-2.amazonaws.com/sentinel-2-c1-l2a/32/T/QQ/2023/3/S2B_T32TQQ_20230326T100319_L2A/B12.tif"", ""rededge2"": ""https://e84-earth-search-sentinel-data.s3.us-west-2.amazonaws.com/sentinel-2-c1-l2a/32/T/QQ/2023/3/S2B_T32TQQ_20230326T100319_L2A/B06.tif"", ""rededge3"": ""https://e84-earth-search-sentinel-data.s3.us-west-2.amazonaws.com/sentinel-2-c1-l2a/32/T/QQ/2023/3/S2B_T32TQQ_20230326T100319_L2A/B07.tif"", ""rededge1"": ""https://e84-earth-search-sentinel-data.s3.us-west-2.amazonaws.com/sentinel-2-c1-l2a/32/T/QQ/2023/3/S2B_T32TQQ_20230326T100319_L2A/B05.tif"", ""swir16"": ""https://e84-earth-search-sentinel-data.s3.us-west-2.amazonaws.com/sentinel-2-c1-l2a/32/T/QQ/2023/3/S2B_T32TQQ_20230326T100319_L2A/B11.tif"", ""wvp"": ""https://e84-earth-search-sentinel-data.s3.us-west-2.amazonaws.com/sentinel-2-c1-l2a/32/T/QQ/2023/3/S2B_T32TQQ_20230326T100319_L2A/WVP.tif"", ""nir08"": ""https://e84-earth-search-sentinel-data.s3.us-west-2.amazonaws.com/sentinel-2-c1-l2a/32/T/QQ/2023/3/S2B_T32TQQ_20230326T100319_L2A/B8A.tif"", ""scl"": ""https://e84-earth-search-sentinel-data.s3.us-west-2.amazonaws.com/sentinel-2-c1-l2a/32/T/QQ/2023/3/S2B_T32TQQ_20230326T100319_L2A/SCL.tif"", ""aot"": ""https://e84-earth-search-sentinel-data.s3.us-west-2.amazonaws.com/sentinel-2-c1-l2a/32/T/QQ/2023/3/S2B_T32TQQ_20230326T100319_L2A/AOT.tif"", ""coastal"": ""https://e84-earth-search-sentinel-data.s3.us-west-2.amazonaws.com/sentinel-2-c1-l2a/32/T/QQ/2023/3/S2B_T32TQQ_20230326T100319_L2A/B01.tif"", ""nir09"": ""https://e84-earth-search-sentinel-data.s3.us-west-2.amazonaws.com/sentinel-2-c1-l2a/32/T/QQ/2023/3/S2B_T32TQQ_20230326T100319_L2A/B09.tif"", ""cloud"": ""https://e84-earth-search-sentinel-data.s3.us-west-2.amazonaws.com/sentinel-2-c1-l2a/32/T/QQ/2023/3/S2B_T32TQQ_20230326T100319_L2A/CLD_20m.tif"", ""snow"": ""https://e84-earth-search-sentinel-data.s3.us-west-2.amazonaws.com/sentinel-2-c1-l2a/32/T/QQ/2023/3/S2B_T32TQQ_20230326T100319_L2A/SNW_20m.tif"", ""preview"": ""https://e84-earth-search-sentinel-data.s3.us-west-2.amazonaws.com/sentinel-2-c1-l2a/32/T/QQ/2023/3/S2B_T32TQQ_20230326T100319_L2A/L2A_PVI.tif"", ""granule_metadata"": ""https://e84-earth-search-sentinel-data.s3.us-west-2.amazonaws.com/sentinel-2-c1-l2a/32/T/QQ/2023/3/S2B_T32TQQ_20230326T100319_L2A/metadata.xml"", ""tileinfo_metadata"": ""https://e84-earth-search-sentinel-data.s3.us-west-2.amazonaws.com/sentinel-2-c1-l2a/32/T/QQ/2023/3/S2B_T32TQQ_20230326T100319_L2A/tileInfo.json"", ""product_metadata"": ""https://e84-earth-search-sentinel-data.s3.us-west-2.amazonaws.com/sentinel-2-c1-l2a/32/T/QQ/2023/3/S2B_T32TQQ_20230326T100319_L2A/product_metadata.xml"", ""thumbnail"": ""https://e84-earth-search-sentinel-data.s3.us-west-2.amazonaws.com/sentinel-2-c1-l2a/32/T/QQ/2023/3/S2B_T32TQQ_20230326T100319_L2A/L2A_PVI.jpg""}"
S2B_T32TQQ_20230329T101232_L2A,2023-03-29 10:18:28.386000+00:00,50.51617,,sentinel-2b,"{""red"": ""https://e84-earth-search-sentinel-data.s3.us-west-2.amazonaws.com/sentinel-2-c1-l2a/32/T/QQ/2023/3/S2B_T32TQQ_20230329T101232_L2A/B04.tif"", ""green"": ""https://e84-earth-search-sentinel-data.s3.us-west-2.amazonaws.com/sentinel-2-c1-l2a/32/T/QQ/2023/3/S2B_T32TQQ_20230329T101232_L2A/B03.tif"", ""blue"": ""https://e84-earth-search-sentinel-data.s3.us-west-2.amazonaws.com/sentinel-2-c1-l2a/32/T/QQ/2023/3/S2B_T32TQQ_20230329T101232_L2A/B02.tif"", ""visual"": ""https://e84-earth-search-sentinel-data.s3.us-west-2.amazonaws.com/sentinel-2-c1-l2a/32/T/QQ/2023/3/S2B_T32TQQ_20230329T101232_L2A/TCI.tif"", ""nir"": ""https://e84-earth-search-sentinel-data.s3.us-west-2.amazonaws.com/sentinel-2-c1-l2a/32/T/QQ/2023/3/S2B_T32TQQ_20230329T101232_L2A/B08.tif"", ""swir22"": ""https://e84-earth-search-sentinel-data.s3.us-west-2.amazonaws.com/sentinel-2-c1-l2a/32/T/QQ/2023/3/S2B_T32TQQ_20230329T101232_L2A/B12.tif"", ""rededge2"": ""https://e84-earth-search-sentinel-data.s3.us-west-2.amazonaws.com/sentinel-2-c1-l2a/32/T/QQ/2023/3/S2B_T32TQQ_20230329T101232_L2A/B06.tif"", ""rededge3"": ""https://e84-earth-search-sentinel-data.s3.us-west-2.amazonaws.com/sentinel-2-c1-l2a/32/T/QQ/2023/3/S2B_T32TQQ_20230329T101232_L2A/B07.tif"", ""rededge1"": ""https://e84-earth-search-sentinel-data.s3.us-west-2.amazonaws.com/sentinel-2-c1-l2a/32/T/QQ/2023/3/S2B_T32TQQ_20230329T101232_L2A/B05.tif"", ""swir16"": ""https://e84-earth-search-sentinel-data.s3.us-west-2.amazonaws.com/sentinel-2-c1-l2a/32/T/QQ/2023/3/S2B_T32TQQ_20230329T101232_L2A/B11.tif"", ""wvp"": ""https://e84-earth-search-sentinel-data.s3.us-west-2.amazonaws.com/sentinel-2-c1-l2a/32/T/QQ/2023/3/S2B_T32TQQ_20230329T101232_L2A/WVP.tif"", ""nir08"": ""https://e84-earth-search-sentinel-data.s3.us-west-2.amazonaws.com/sentinel-2-c1-l2a/32/T/QQ/2023/3/S2B_T32TQQ_20230329T101232_L2A/B8A.tif"", ""scl"": ""https://e84-earth-search-sentinel-data.s3.us-west-2.amazonaws.com/sentinel-2-c1-l2a/32/T/QQ/2023/3/S2B_T32TQQ_20230329T101232_L2A/SCL.tif"", ""aot"": ""https://e84-earth-search-sentinel-data.s3.us-west-2.amazonaws.com/sentinel-2-c1-l2a/32/T/QQ/2023/3/S2B_T32TQQ_20230329T101232_L2A/AOT.tif"", ""coastal"": ""https://e84-earth-search-sentinel-data.s3.us-west-2.amazonaws.com/sentinel-2-c1-l2a/32/T/QQ/2023/3/S2B_T32TQQ_20230329T101232_L2A/B01.tif"", ""nir09"": ""https://e84-earth-search-sentinel-data.s3.us-west-2.amazonaws.com/sentinel-2-c1-l2a/32/T/QQ/2023/3/S2B_T32TQQ_20230329T101232_L2A/B09.tif"", ""cloud"": ""https://e84-earth-search-sentinel-data.s3.us-west-2.amazonaws.com/sentinel-2-c1-l2a/32/T/QQ/2023/3/S2B_T32TQQ_20230329T101232_L2A/CLD_20m.tif"", ""snow"": ""https://e84-earth-search-sentinel-data.s3.us-west-2.amazonaws.com/sentinel-2-c1-l2a/32/T/QQ/2023/3/S2B_T32TQQ_20230329T101232_L2A/SNW_20m.tif"", ""preview"": ""https://e84-earth-search-sentinel-data.s3.us-west-2.amazonaws.com/sentinel-2-c1-l2a/32/T/QQ/2023/3/S2B_T32TQQ_20230329T101232_L2A/L2A_PVI.tif"", ""granule_metadata"": ""https://e84-earth-search-sentinel-data.s3.us-west-2.amazonaws.com/sentinel-2-c1-l2a/32/T/QQ/2023/3/S2B_T32TQQ_20230329T101232_L2A/metadata.xml"", ""tileinfo_metadata"": ""https://e84-earth-search-sentinel-data.s3.us-west-2.amazonaws.com/sentinel-2-c1-l2a/32/T/QQ/2023/3/S2B_T32TQQ_20230329T101232_L2A/tileInfo.json"", ""product_metadata"": ""https://e84-earth-search-sentinel-data.s3.us-west-2.amazonaws.com/sentinel-2-c1-l2a/32/T/QQ/2023/3/S2B_T32TQQ_20230329T101232_L2A/product_metadata.xml"", ""thumbnail"": ""https://e84-earth-search-sentinel-data.s3.us-west-2.amazonaws.com/sentinel-2-c1-l2a/32/T/QQ/2023/3/S2B_T32TQQ_20230329T101232_L2A/L2A_PVI.jpg""}"
S2A_T32TPQ_20230403T100912_L2A,2023-04-03 10:18:27.803000+00:00,58.680427,,sentinel-2a,"{""red"": ""https://e84-earth-search-sentinel-data.s3.us-west-2.amazonaws.com/sentinel-2-c1-l2a/32/T/PQ/2023/4/S2A_T32TPQ_20230403T100912_L2A/B04.tif"", ""green"": ""https://e84-earth-search-sentinel-data.s3.us-west-2.amazonaws.com/sentinel-2-c1-l2a/32/T/PQ/2023/4/S2A_T32TPQ_20230403T100912_L2A/B03.tif"", ""blue"": ""https://e84-earth-search-sentinel-data.s3.us-west-2.amazonaws.com/sentinel-2-c1-l2a/32/T/PQ/2023/4/S2A_T32TPQ_20230403T100912_L2A/B02.tif"", ""visual"": ""https://e84-earth-search-sentinel-data.s3.us-west-2.amazonaws.com/sentinel-2-c1-l2a/32/T/PQ/2023/4/S2A_T32TPQ_20230403T100912_L2A/TCI.tif"", ""nir"": ""https://e84-earth-search-sentinel-data.s3.us-west-2.amazonaws.com/sentinel-2-c1-l2a/32/T/PQ/2023/4/S2A_T32TPQ_20230403T100912_L2A/B08.tif"", ""swir22"": ""https://e84-earth-search-sentinel-data.s3.us-west-2.amazonaws.com/sentinel-2-c1-l2a/32/T/PQ/2023/4/S2A_T32TPQ_20230403T100912_L2A/B12.tif"", ""rededge2"": ""https://e84-earth-search-sentinel-data.s3.us-west-2.amazonaws.com/sentinel-2-c1-l2a/32/T/PQ/2023/4/S2A_T32TPQ_20230403T100912_L2A/B06.tif"", ""rededge3"": ""https://e84-earth-search-sentinel-data.s3.us-west-2.amazonaws.com/sentinel-2-c1-l2a/32/T/PQ/2023/4/S2A_T32TPQ_20230403T100912_L2A/B07.tif"", ""rededge1"": ""https://e84-earth-search-sentinel-data.s3.us-west-2.amazonaws.com/sentinel-2-c1-l2a/32/T/PQ/2023/4/S2A_T32TPQ_20230403T100912_L2A/B05.tif"", ""swir16"": ""https://e84-earth-search-sentinel-data.s3.us-west-2.amazonaws.com/sentinel-2-c1-l2a/32/T/PQ/2023/4/S2A_T32TPQ_20230403T100912_L2A/B11.tif"", ""wvp"": ""https://e84-earth-search-sentinel-data.s3.us-west-2.amazonaws.com/sentinel-2-c1-l2a/32/T/PQ/2023/4/S2A_T32TPQ_20230403T100912_L2A/WVP.tif"", ""nir08"": ""https://e84-earth-search-sentinel-data.s3.us-west-2.amazonaws.com/sentinel-2-c1-l2a/32/T/PQ/2023/4/S2A_T32TPQ_20230403T100912_L2A/B8A.tif"", ""scl"": ""https://e84-earth-search-sentinel-data.s3.us-west-2.amazonaws.com/sentinel-2-c1-l2a/32/T/PQ/2023/4/S2A_T32TPQ_20230403T100912_L2A/SCL.tif"", ""aot"": ""https://e84-earth-search-sentinel-data.s3.us-west-2.amazonaws.com/sentinel-2-c1-l2a/32/T/PQ/2023/4/S2A_T32TPQ_20230403T100912_L2A/AOT.tif"", ""coastal"": ""https://e84-earth-search-sentinel-data.s3.us-west-2.amazonaws.com/sentinel-2-c1-l2a/32/T/PQ/2023/4/S2A_T32TPQ_20230403T100912_L2A/B01.tif"", ""nir09"": ""https://e84-earth-search-sentinel-data.s3.us-west-2.amazonaws.com/sentinel-2-c1-l2a/32/T/PQ/2023/4/S2A_T32TPQ_20230403T100912_L2A/B09.tif"", ""cloud"": ""https://e84-earth-search-sentinel-data.s3.us-west-2.amazonaws.com/sentinel-2-c1-l2a/32/T/PQ/2023/4/S2A_T32TPQ_20230403T100912_L2A/CLD_20m.tif"", ""snow"": ""https://e84-earth-search-sentinel-data.s3.us-west-2.amazonaws.com/sentinel-2-c1-l2a/32/T/PQ/2023/4/S2A_T32TPQ_20230403T100912_L2A/SNW_20m.tif"", ""preview"": ""https://e84-earth-search-sentinel-data.s3.us-west-2.amazonaws.com/sentinel-2-c1-l2a/32/T/PQ/2023/4/S2A_T32TPQ_20230403T100912_L2A/L2A_PVI.tif"", ""granule_metadata"": ""https://e84-earth-search-sentinel-data.s3.us-west-2.amazonaws.com/sentinel-2-c1-l2a/32/T/PQ/2023/4/S2A_T32TPQ_20230403T100912_L2A/metadata.xml"", ""tileinfo_metadata"": ""https://e84-earth-search-sentinel-data.s3.us-west-2.amazonaws.com/sentinel-2-c1-l2a/32/T/PQ/2023/4/S2A_T32TPQ_20230403T100912_L2A/tileInfo.json"", ""product_metadata"": ""https://e84-earth-search-sentinel-data.s3.us-west-2.amazonaws.com/sentinel-2-c1-l2a/32/T/PQ/2023/4/S2A_T32TPQ_20230403T100912_L2A/product_metadata.xml"", ""thumbnail"": ""https://e84-earth-search-sentinel-data.s3.us-west-2.amazonaws.com/sentinel-2-c1-l2a/32/T/PQ/2023/4/S2A_T32TPQ_20230403T100912_L2A/L2A_PVI.jpg""}"
S2A_T32TQP_20230403T100912_L2A,2023-04-03 10:18:38.585000+00:00,17.574096,,sentinel-2a,"{""red"": ""https://e84-earth-search-sentinel-data.s3.us-west-2.amazonaws.com/sentinel-2-c1-l2a/32/T/QP/2023/4/S2A_T32TQP_20230403T100912_L2A/B04.tif"", ""green"": ""https://e84-earth-search-sentinel-data.s3.us-west-2.amazonaws.com/sentinel-2-c1-l2a/32/T/QP/2023/4/S2A_T32TQP_20230403T100912_L2A/B03.tif"", ""blue"": ""https://e84-earth-search-sentinel-data.s3.us-west-2.amazonaws.com/sentinel-2-c1-l2a/32/T/QP/2023/4/S2A_T32TQP_20230403T100912_L2A/B02.tif"", ""visual"": ""https://e84-earth-search-sentinel-data.s3.us-west-2.amazonaws.com/sentinel-2-c1-l2a/32/T/QP/2023/4/S2A_T32TQP_20230403T100912_L2A/TCI.tif"", ""nir"": ""https://e84-earth-search-sentinel-data.s3.us-west-2.amazonaws.com/sentinel-2-c1-l2a/32/T/QP/2023/4/S2A_T32TQP_20230403T100912_L2A/B08.tif"", ""swir22"": ""https://e84-earth-search-sentinel-data.s3.us-west-2.amazonaws.com/sentinel-2-c1-l2a/32/T/QP/2023/4/S2A_T32TQP_20230403T100912_L2A/B12.tif"", ""rededge2"": ""https://e84-earth-search-sentinel-data.s3.us-west-2.amazonaws.com/sentinel-2-c1-l2a/32/T/QP/2023/4/S2A_T32TQP_20230403T100912_L2A/B06.tif"", ""rededge3"": ""https://e84-earth-search-sentinel-data.s3.us-west-2.amazonaws.com/sentinel-2-c1-l2a/32/T/QP/2023/4/S2A_T32TQP_20230403T100912_L2A/B07.tif"", ""rededge1"": ""https://e84-earth-search-sentinel-data.s3.us-west-2.amazonaws.com/sentinel-2-c1-l2a/32/T/QP/2023/4/S2A_T32TQP_20230403T100912_L2A/B05.tif"", ""swir16"": ""https://e84-earth-search-sentinel-data.s3.us-west-2.amazonaws.com/sentinel-2-c1-l2a/32/T/QP/2023/4/S2A_T32TQP_20230403T100912_L2A/B11.tif"", ""wvp"": ""https://e84-earth-search-sentinel-data.s3.us-west-2.amazonaws.com/sentinel-2-c1-l2a/32/T/QP/2023/4/S2A_T32TQP_20230403T100912_L2A/WVP.tif"", ""nir08"": ""https://e84-earth-search-sentinel-data.s3.us-west-2.amazonaws.com/sentinel-2-c1-l2a/32/T/QP/2023/4/S2A_T32TQP_20230403T100912_L2A/B8A.tif"", ""scl"": ""https://e84-earth-search-sentinel-data.s3.us-west-2.amazonaws.com/sentinel-2-c1-l2a/32/T/QP/2023/4/S2A_T32TQP_20230403T100912_L2A/SCL.tif"", ""aot"": ""https://e84-earth-search-sentinel-data.s3.us-west-2.amazonaws.com/sentinel-2-c1-l2a/32/T/QP/2023/4/S2A_T32TQP_20230403T100912_L2A/AOT.tif"", ""coastal"": ""https://e84-earth-search-sentinel-data.s3.us-west-2.amazonaws.com/sentinel-2-c1-l2a/32/T/QP/2023/4/S2A_T32TQP_20230403T100912_L2A/B01.tif"", ""nir09"": ""https://e84-earth-search-sentinel-data.s3.us-west-2.amazonaws.com/sentinel-2-c1-l2a/32/T/QP/2023/4/S2A_T32TQP_20230403T100912_L2A/B09.tif"", ""cloud"": ""https://e84-earth-search-sentinel-data.s3.us-west-2.amazonaws.com/sentinel-2-c1-l2a/32/T/QP/2023/4/S2A_T32TQP_20230403T100912_L2A/CLD_20m.tif"", ""snow"": ""https://e84-earth-search-sentinel-data.s3.us-west-2.amazonaws.com/sentinel-2-c1-l2a/32/T/QP/2023/4/S2A_T32TQP_20230403T100912_L2A/SNW_20m.tif"", ""preview"": ""https://e84-earth-search-sentinel-data.s3.us-west-2.amazonaws.com/sentinel-2-c1-l2a/32/T/QP/2023/4/S2A_T32TQP_20230403T100912_L2A/L2A_PVI.tif"", ""granule_metadata"": ""https://e84-earth-search-sentinel-data.s3.us-west-2.amazonaws.com/sentinel-2-c1-l2a/32/T/QP/2023/4/S2A_T32TQP_20230403T100912_L2A/metadata.xml"", ""tileinfo_metadata"": ""https://e84-earth-search-sentinel-data.s3.us-west-2.amazonaws.com/sentinel-2-c1-l2a/32/T/QP/2023/4/S2A_T32TQP_20230403T100912_L2A/tileInfo.json"", ""product_metadata"": ""https://e84-earth-search-sentinel-data.s3.us-west-2.amazonaws.com/sentinel-2-c1-l2a/32/T/QP/2023/4/S2A_T32TQP_20230403T100912_L2A/product_metadata.xml"", ""thumbnail"": ""https://e84-earth-search-sentinel-data.s3.us-west-2.amazonaws.com/sentinel-2-c1-l2a/32/T/QP/2023/4/S2A_T32TQP_20230403T100912_L2A/L2A_PVI.jpg""}"
S2A_T32TPP_20230403T100912_L2A,2023-04-03 10:18:42.195000+00:00,31.068274,,sentinel-2a,"{""red"": ""https://e84-earth-search-sentinel-data.s3.us-west-2.amazonaws.com/sentinel-2-c1-l2a/32/T/PP/2023/4/S2A_T32TPP_20230403T100912_L2A/B04.tif"", ""green"": ""https://e84-earth-search-sentinel-data.s3.us-west-2.amazonaws.com/sentinel-2-c1-l2a/32/T/PP/2023/4/S2A_T32TPP_20230403T100912_L2A/B03.tif"", ""blue"": ""https://e84-earth-search-sentinel-data.s3.us-west-2.amazonaws.com/sentinel-2-c1-l2a/32/T/PP/2023/4/S2A_T32TPP_20230403T100912_L2A/B02.tif"", ""visual"": ""https://e84-earth-search-sentinel-data.s3.us-west-2.amazonaws.com/sentinel-2-c1-l2a/32/T/PP/2023/4/S2A_T32TPP_20230403T100912_L2A/TCI.tif"", ""nir"": ""https://e84-earth-search-sentinel-data.s3.us-west-2.amazonaws.com/sentinel-2-c1-l2a/32/T/PP/2023/4/S2A_T32TPP_20230403T100912_L2A/B08.tif"", ""swir22"": ""https://e84-earth-search-sentinel-data.s3.us-west-2.amazonaws.com/sentinel-2-c1-l2a/32/T/PP/2023/4/S2A_T32TPP_20230403T100912_L2A/B12.tif"", ""rededge2"": ""https://e84-earth-search-sentinel-data.s3.us-west-2.amazonaws.com/sentinel-2-c1-l2a/32/T/PP/2023/4/S2A_T32TPP_20230403T100912_L2A/B06.tif"", ""rededge3"": ""https://e84-earth-search-sentinel-data.s3.us-west-2.amazonaws.com/sentinel-2-c1-l2a/32/T/PP/2023/4/S2A_T32TPP_20230403T100912_L2A/B07.tif"", ""rededge1"": ""https://e84-earth-search-sentinel-data.s3.us-west-2.amazonaws.com/sentinel-2-c1-l2a/32/T/PP/2023/4/S2A_T32TPP_20230403T100912_L2A/B05.tif"", ""swir16"": ""https://e84-earth-search-sentinel-data.s3.us-west-2.amazonaws.com/sentinel-2-c1-l2a/32/T/PP/2023/4/S2A_T32TPP_20230403T100912_L2A/B11.tif"", ""wvp"": ""https://e84-earth-search-sentinel-data.s3.us-west-2.amazonaws.com/sentinel-2-c1-l2a/32/T/PP/2023/4/S2A_T32TPP_20230403T100912_L2A/WVP.tif"", ""nir08"": ""https://e84-earth-search-sentinel-data.s3.us-west-2.amazonaws.com/sentinel-2-c1-l2a/32/T/PP/2023/4/S2A_T32TPP_20230403T100912_L2A/B8A.tif"", ""scl"": ""https://e84-earth-search-sentinel-data.s3.us-west-2.amazonaws.com/sentinel-2-c1-l2a/32/T/PP/2023/4/S2A_T32TPP_20230403T100912_L2A/SCL.tif"", ""aot"": ""https://e84-earth-search-sentinel-data.s3.us-west-2.amazonaws.com/sentinel-2-c1-l2a/32/T/PP/2023/4/S2A_T32TPP_20230403T100912_L2A/AOT.tif"", ""coastal"": ""https://e84-earth-search-sentinel-data.s3.us-west-2.amazonaws.com/sentinel-2-c1-l2a/32/T/PP/2023/4/S2A_T32TPP_20230403T100912_L2A/B01.tif"", ""nir09"": ""https://e84-earth-search-sentinel-data.s3.us-west-2.amazonaws.com/sentinel-2-c1-l2a/32/T/PP/2023/4/S2A_T32TPP_20230403T100912_L2A/B09.tif"", ""cloud"": ""https://e84-earth-search-sentinel-data.s3.us-west-2.amazonaws.com/sentinel-2-c1-l2a/32/T/PP/2023/4/S2A_T32TPP_20230403T100912_L2A/CLD_20m.tif"", ""snow"": ""https://e84-earth-search-sentinel-data.s3.us-west-2.amazonaws.com/sentinel-2-c1-l2a/32/T/PP/2023/4/S2A_T32TPP_20230403T100912_L2A/SNW_20m.tif"", ""preview"": ""https://e84-earth-search-sentinel-data.s3.us-west-2.amazonaws.com/sentinel-2-c1-l2a/32/T/PP/2023/4/S2A_T32TPP_20230403T100912_L2A/L2A_PVI.tif"", ""granule_metadata"": ""https://e84-earth-search-sentinel-data.s3.us-west-2.amazonaws.com/sentinel-2-c1-l2a/32/T/PP/2023/4/S2A_T32TPP_20230403T100912_L2A/metadata.xml"", ""tileinfo_metadata"": ""https://e84-earth-search-sentinel-data.s3.us-west-2.amazonaws.com/sentinel-2-c1-l2a/32/T/PP/2023/4/S2A_T32TPP_20230403T100912_L2A/tileInfo.json"", ""product_metadata"": ""https://e84-earth-search-sentinel-data.s3.us-west-2.amazonaws.com/sentinel-2-c1-l2a/32/T/PP/2023/4/S2A_T32TPP_20230403T100912_L2A/product_metadata.xml"", ""thumbnail"": ""https://e84-earth-search-sentinel-data.s3.us-west-2.amazonaws.com/sentinel-2-c1-l2a/32/T/PP/2023/4/S2A_T32TPP_20230403T100912_L2A/L2A_PVI.jpg""}"
S2B_T32TQQ_20230405T100807_L2A,2023-04-05 10:08:31.205000+00:00,40.629405,,sentinel-2b,"{""red"": ""https://e84-earth-search-sentinel-data.s3.us-west-2.amazonaws.com/sentinel-2-c1-l2a/32/T/QQ/2023/4/S2B_T32TQQ_20230405T100807_L2A/B04.tif"", ""green"": ""https://e84-earth-search-sentinel-data.s3.us-west-2.amazonaws.com/sentinel-2-c1-l2a/32/T/QQ/2023/4/S2B_T32TQQ_20230405T100807_L2A/B03.tif"", ""blue"": ""https://e84-earth-search-sentinel-data.s3.us-west-2.amazonaws.com/sentinel-2-c1-l2a/32/T/QQ/2023/4/S2B_T32TQQ_20230405T100807_L2A/B02.tif"", ""visual"": ""https://e84-earth-search-sentinel-data.s3.us-west-2.amazonaws.com/sentinel-2-c1-l2a/32/T/QQ/2023/4/S2B_T32TQQ_20230405T100807_L2A/TCI.tif"", ""nir"": ""https://e84-earth-search-sentinel-data.s3.us-west-2.amazonaws.com/sentinel-2-c1-l2a/32/T/QQ/2023/4/S2B_T32TQQ_20230405T100807_L2A/B08.tif"", ""swir22"": ""https://e84-earth-search-sentinel-data.s3.us-west-2.amazonaws.com/sentinel-2-c1-l2a/32/T/QQ/2023/4/S2B_T32TQQ_20230405T100807_L2A/B12.tif"", ""rededge2"": ""https://e84-earth-search-sentinel-data.s3.us-west-2.amazonaws.com/sentinel-2-c1-l2a/32/T/QQ/2023/4/S2B_T32TQQ_20230405T100807_L2A/B06.tif"", ""rededge3"": ""https://e84-earth-search-sentinel-data.s3.us-west-2.amazonaws.com/sentinel-2-c1-l2a/32/T/QQ/2023/4/S2B_T32TQQ_20230405T100807_L2A/B07.tif"", ""rededge1"": ""https://e84-earth-search-sentinel-data.s3.us-west-2.amazonaws.com/sentinel-2-c1-l2a/32/T/QQ/2023/4/S2B_T32TQQ_20230405T100807_L2A/B05.tif"", ""swir16"": ""https://e84-earth-search-sentinel-data.s3.us-west-2.amazonaws.com/sentinel-2-c1-l2a/32/T/QQ/2023/4/S2B_T32TQQ_20230405T100807_L2A/B11.tif"", ""wvp"": ""https://e84-earth-search-sentinel-data.s3.us-west-2.amazonaws.com/sentinel-2-c1-l2a/32/T/QQ/2023/4/S2B_T32TQQ_20230405T100807_L2A/WVP.tif"", ""nir08"": ""https://e84-earth-search-sentinel-data.s3.us-west-2.amazonaws.com/sentinel-2-c1-l2a/32/T/QQ/2023/4/S2B_T32TQQ_20230405T100807_L2A/B8A.tif"", ""scl"": ""https://e84-earth-search-sentinel-data.s3.us-west-2.amazonaws.com/sentinel-2-c1-l2a/32/T/QQ/2023/4/S2B_T32TQQ_20230405T100807_L2A/SCL.tif"", ""aot"": ""https://e84-earth-search-sentinel-data.s3.us-west-2.amazonaws.com/sentinel-2-c1-l2a/32/T/QQ/2023/4/S2B_T32TQQ_20230405T100807_L2A/AOT.tif"", ""coastal"": ""https://e84-earth-search-sentinel-data.s3.us-west-2.amazonaws.com/sentinel-2-c1-l2a/32/T/QQ/2023/4/S2B_T32TQQ_20230405T100807_L2A/B01.tif"", ""nir09"": ""https://e84-earth-search-sentinel-data.s3.us-west-2.amazonaws.com/sentinel-2-c1-l2a/32/T/QQ/2023/4/S2B_T32TQQ_20230405T100807_L2A/B09.tif"", ""cloud"": ""https://e84-earth-search-sentinel-data.s3.us-west-2.amazonaws.com/sentinel-2-c1-l2a/32/T/QQ/2023/4/S2B_T32TQQ_20230405T100807_L2A/CLD_20m.tif"", ""snow"": ""https://e84-earth-search-sentinel-data.s3.us-west-2.amazonaws.com/sentinel-2-c1-l2a/32/T/QQ/2023/4/S2B_T32TQQ_20230405T100807_L2A/SNW_20m.tif"", ""preview"": ""https://e84-earth-search-sentinel-data.s3.us-west-2.amazonaws.com/sentinel-2-c1-l2a/32/T/QQ/2023/4/S2B_T32TQQ_20230405T100807_L2A/L2A_PVI.tif"", ""granule_metadata"": ""https://e84-earth-search-sentinel-data.s3.us-west-2.amazonaws.com/sentinel-2-c1-l2a/32/T/QQ/2023/4/S2B_T32TQQ_20230405T100807_L2A/metadata.xml"", ""tileinfo_metadata"": ""https://e84-earth-search-sentinel-data.s3.us-west-2.amazonaws.com/sentinel-2-c1-l2a/32/T/QQ/2023/4/S2B_T32TQQ_20230405T100807_L2A/tileInfo.json"", ""product_metadata"": ""https://e84-earth-search-sentinel-data.s3.us-west-2.amazonaws.com/sentinel-2-c1-l2a/32/T/QQ/2023/4/S2B_T32TQQ_20230405T100807_L2A/product_metadata.xml"", ""thumbnail"": ""https://e84-earth-search-sentinel-data.s3.us-west-2.amazonaws.com/sentinel-2-c1-l2a/32/T/QQ/2023/4/S2B_T32TQQ_20230405T100807_L2A/L2A_PVI.jpg""}"
S2B_T32TQQ_20230408T101408_L2A,2023-04-08 10:18:27.422000+00:00,37.229571,,sentinel-2b,"{""red"": ""https://e84-earth-search-sentinel-data.s3.us-west-2.amazonaws.com/sentinel-2-c1-l2a/32/T/QQ/2023/4/S2B_T32TQQ_20230408T101408_L2A/B04.tif"", ""green"": ""https://e84-earth-search-sentinel-data.s3.us-west-2.amazonaws.com/sentinel-2-c1-l2a/32/T/QQ/2023/4/S2B_T32TQQ_20230408T101408_L2A/B03.tif"", ""blue"": ""https://e84-earth-search-sentinel-data.s3.us-west-2.amazonaws.com/sentinel-2-c1-l2a/32/T/QQ/2023/4/S2B_T32TQQ_20230408T101408_L2A/B02.tif"", ""visual"": ""https://e84-earth-search-sentinel-data.s3.us-west-2.amazonaws.com/sentinel-2-c1-l2a/32/T/QQ/2023/4/S2B_T32TQQ_20230408T101408_L2A/TCI.tif"", ""nir"": ""https://e84-earth-search-sentinel-data.s3.us-west-2.amazonaws.com/sentinel-2-c1-l2a/32/T/QQ/2023/4/S2B_T32TQQ_20230408T101408_L2A/B08.tif"", ""swir22"": ""https://e84-earth-search-sentinel-data.s3.us-west-2.amazonaws.com/sentinel-2-c1-l2a/32/T/QQ/2023/4/S2B_T32TQQ_20230408T101408_L2A/B12.tif"", ""rededge2"": ""https://e84-earth-search-sentinel-data.s3.us-west-2.amazonaws.com/sentinel-2-c1-l2a/32/T/QQ/2023/4/S2B_T32TQQ_20230408T101408_L2A/B06.tif"", ""rededge3"": ""https://e84-earth-search-sentinel-data.s3.us-west-2.amazonaws.com/sentinel-2-c1-l2a/32/T/QQ/2023/4/S2B_T32TQQ_20230408T101408_L2A/B07.tif"", ""rededge1"": ""https://e84-earth-search-sentinel-data.s3.us-west-2.amazonaws.com/sentinel-2-c1-l2a/32/T/QQ/2023/4/S2B_T32TQQ_20230408T101408_L2A/B05.tif"", ""swir16"": ""https://e84-earth-search-sentinel-data.s3.us-west-2.amazonaws.com/sentinel-2-c1-l2a/32/T/QQ/2023/4/S2B_T32TQQ_20230408T101408_L2A/B11.tif"", ""wvp"": ""https://e84-earth-search-sentinel-data.s3.us-west-2.amazonaws.com/sentinel-2-c1-l2a/32/T/QQ/2023/4/S2B_T32TQQ_20230408T101408_L2A/WVP.tif"", ""nir08"": ""https://e84-earth-search-sentinel-data.s3.us-west-2.amazonaws.com/sentinel-2-c1-l2a/32/T/QQ/2023/4/S2B_T32TQQ_20230408T101408_L2A/B8A.tif"", ""scl"": ""https://e84-earth-search-sentinel-data.s3.us-west-2.amazonaws.com/sentinel-2-c1-l2a/32/T/QQ/2023/4/S2B_T32TQQ_20230408T101408_L2A/SCL.tif"", ""aot"": ""https://e84-earth-search-sentinel-data.s3.us-west-2.amazonaws.com/sentinel-2-c1-l2a/32/T/QQ/2023/4/S2B_T32TQQ_20230408T101408_L2A/AOT.tif"", ""coastal"": ""https://e84-earth-search-sentinel-data.s3.us-west-2.amazonaws.com/sentinel-2-c1-l2a/32/T/QQ/2023/4/S2B_T32TQQ_20230408T101408_L2A/B01.tif"", ""nir09"": ""https://e84-earth-search-sentinel-data.s3.us-west-2.amazonaws.com/sentinel-2-c1-l2a/32/T/QQ/2023/4/S2B_T32TQQ_20230408T101408_L2A/B09.tif"", ""cloud"": ""https://e84-earth-search-sentinel-data.s3.us-west-2.amazonaws.com/sentinel-2-c1-l2a/32/T/QQ/2023/4/S2B_T32TQQ_20230408T101408_L2A/CLD_20m.tif"", ""snow"": ""https://e84-earth-search-sentinel-data.s3.us-west-2.amazonaws.com/sentinel-2-c1-l2a/32/T/QQ/2023/4/S2B_T32TQQ_20230408T101408_L2A/SNW_20m.tif"", ""preview"": ""https://e84-earth-search-sentinel-data.s3.us-west-2.amazonaws.com/sentinel-2-c1-l2a/32/T/QQ/2023/4/S2B_T32TQQ_20230408T101408_L2A/L2A_PVI.tif"", ""granule_metadata"": ""https://e84-earth-search-sentinel-data.s3.us-west-2.amazonaws.com/sentinel-2-c1-l2a/32/T/QQ/2023/4/S2B_T32TQQ_20230408T101408_L2A/metadata.xml"", ""tileinfo_metadata"": ""https://e84-earth-search-sentinel-data.s3.us-west-2.amazonaws.com/sentinel-2-c1-l2a/32/T/QQ/2023/4/S2B_T32TQQ_20230408T101408_L2A/tileInfo.json"", ""product_metadata"": ""https://e84-earth-search-sentinel-data.s3.us-west-2.amazonaws.com/sentinel-2-c1-l2a/32/T/QQ/2023/4/S2B_T32TQQ_20230408T101408_L2A/product_metadata.xml"", ""thumbnail"": ""https://e84-earth-search-sentinel-data.s3.us-west-2.amazonaws.com/sentinel-2-c1-l2a/32/T/QQ/2023/4/S2B_T32TQQ_20230408T101408_L2A/L2A_PVI.jpg""}"
S2B_T32TPQ_20230408T101408_L2A,2023-04-08 10:18:30.872000+00:00,18.090408,,sentinel-2b,"{""red"": ""https://e84-earth-search-sentinel-data.s3.us-west-2.amazonaws.com/sentinel-2-c1-l2a/32/T/PQ/2023/4/S2B_T32TPQ_20230408T101408_L2A/B04.tif"", ""green"": ""https://e84-earth-search-sentinel-data.s3.us-west-2.amazonaws.com/sentinel-2-c1-l2a/32/T/PQ/2023/4/S2B_T32TPQ_20230408T101408_L2A/B03.tif"", ""blue"": ""https://e84-earth-search-sentinel-data.s3.us-west-2.amazonaws.com/sentinel-2-c1-l2a/32/T/PQ/2023/4/S2B_T32TPQ_20230408T101408_L2A/B02.tif"", ""visual"": ""https://e84-earth-search-sentinel-data.s3.us-west-2.amazonaws.com/sentinel-2-c1-l2a/32/T/PQ/2023/4/S2B_T32TPQ_20230408T101408_L2A/TCI.tif"", ""nir"": ""https://e84-earth-search-sentinel-data.s3.us-west-2.amazonaws.com/sentinel-2-c1-l2a/32/T/PQ/2023/4/S2B_T32TPQ_20230408T101408_L2A/B08.tif"", ""swir22"": ""https://e84-earth-search-sentinel-data.s3.us-west-2.amazonaws.com/sentinel-2-c1-l2a/32/T/PQ/2023/4/S2B_T32TPQ_20230408T101408_L2A/B12.tif"", ""rededge2"": ""https://e84-earth-search-sentinel-data.s3.us-west-2.amazonaws.com/sentinel-2-c1-l2a/32/T/PQ/2023/4/S2B_T32TPQ_20230408T101408_L2A/B06.tif"", ""rededge3"": ""https://e84-earth-search-sentinel-data.s3.us-west-2.amazonaws.com/sentinel-2-c1-l2a/32/T/PQ/2023/4/S2B_T32TPQ_20230408T101408_L2A/B07.tif"", ""rededge1"": ""https://e84-earth-search-sentinel-data.s3.us-west-2.amazonaws.com/sentinel-2-c1-l2a/32/T/PQ/2023/4/S2B_T32TPQ_20230408T101408_L2A/B05.tif"", ""swir16"": ""https://e84-earth-search-sentinel-data.s3.us-west-2.amazonaws.com/sentinel-2-c1-l2a/32/T/PQ/2023/4/S2B_T32TPQ_20230408T101408_L2A/B11.tif"", ""wvp"": ""https://e84-earth-search-sentinel-data.s3.us-west-2.amazonaws.com/sentinel-2-c1-l2a/32/T/PQ/2023/4/S2B_T32TPQ_20230408T101408_L2A/WVP.tif"", ""nir08"": ""https://e84-earth-search-sentinel-data.s3.us-west-2.amazonaws.com/sentinel-2-c1-l2a/32/T/PQ/2023/4/S2B_T32TPQ_20230408T101408_L2A/B8A.tif"", ""scl"": ""https://e84-earth-search-sentinel-data.s3.us-west-2.amazonaws.com/sentinel-2-c1-l2a/32/T/PQ/2023/4/S2B_T32TPQ_20230408T101408_L2A/SCL.tif"", ""aot"": ""https://e84-earth-search-sentinel-data.s3.us-west-2.amazonaws.com/sentinel-2-c1-l2a/32/T/PQ/2023/4/S2B_T32TPQ_20230408T101408_L2A/AOT.tif"", ""coastal"": ""https://e84-earth-search-sentinel-data.s3.us-west-2.amazonaws.com/sentinel-2-c1-l2a/32/T/PQ/2023/4/S2B_T32TPQ_20230408T101408_L2A/B01.tif"", ""nir09"": ""https://e84-earth-search-sentinel-data.s3.us-west-2.amazonaws.com/sentinel-2-c1-l2a/32/T/PQ/2023/4/S2B_T32TPQ_20230408T101408_L2A/B09.tif"", ""cloud"": ""https://e84-earth-search-sentinel-data.s3.us-west-2.amazonaws.com/sentinel-2-c1-l2a/32/T/PQ/2023/4/S2B_T32TPQ_20230408T101408_L2A/CLD_20m.tif"", ""snow"": ""https://e84-earth-search-sentinel-data.s3.us-west-2.amazonaws.com/sentinel-2-c1-l2a/32/T/PQ/2023/4/S2B_T32TPQ_20230408T101408_L2A/SNW_20m.tif"", ""preview"": ""https://e84-earth-search-sentinel-data.s3.us-west-2.amazonaws.com/sentinel-2-c1-l2a/32/T/PQ/2023/4/S2B_T32TPQ_20230408T101408_L2A/L2A_PVI.tif"", ""granule_metadata"": ""https://e84-earth-search-sentinel-data.s3.us-west-2.amazonaws.com/sentinel-2-c1-l2a/32/T/PQ/2023/4/S2B_T32TPQ_20230408T101408_L2A/metadata.xml"", ""tileinfo_metadata"": ""https://e84-earth-search-sentinel-data.s3.us-west-2.amazonaws.com/sentinel-2-c1-l2a/32/T/PQ/2023/4/S2B_T32TPQ_20230408T101408_L2A/tileInfo.json"", ""product_metadata"": ""https://e84-earth-search-sentinel-data.s3.us-west-2.amazonaws.com/sentinel-2-c1-l2a/32/T/PQ/2023/4/S2B_T32TPQ_20230408T101408_L2A/product_metadata.xml"", ""thumbnail"": ""https://e84-earth-search-sentinel-data.s3.us-west-2.amazonaws.com/sentinel-2-c1-l2a/32/T/PQ/2023/4/S2B_T32TPQ_20230408T101408_L2A/L2A_PVI.jpg""}"
S2B_T32TPP_20230408T101408_L2A,2023-04-08 10:18:45.271000+00:00,28.822488,,sentinel-2b,"{""red"": ""https://e84-earth-search-sentinel-data.s3.us-west-2.amazonaws.com/sentinel-2-c1-l2a/32/T/PP/2023/4/S2B_T32TPP_20230408T101408_L2A/B04.tif"", ""green"": ""https://e84-earth-search-sentinel-data.s3.us-west-2.amazonaws.com/sentinel-2-c1-l2a/32/T/PP/2023/4/S2B_T32TPP_20230408T101408_L2A/B03.tif"", ""blue"": ""https://e84-earth-search-sentinel-data.s3.us-west-2.amazonaws.com/sentinel-2-c1-l2a/32/T/PP/2023/4/S2B_T32TPP_20230408T101408_L2A/B02.tif"", ""visual"": ""https://e84-earth-search-sentinel-data.s3.us-west-2.amazonaws.com/sentinel-2-c1-l2a/32/T/PP/2023/4/S2B_T32TPP_20230408T101408_L2A/TCI.tif"", ""nir"": ""https://e84-earth-search-sentinel-data.s3.us-west-2.amazonaws.com/sentinel-2-c1-l2a/32/T/PP/2023/4/S2B_T32TPP_20230408T101408_L2A/B08.tif"", ""swir22"": ""https://e84-earth-search-sentinel-data.s3.us-west-2.amazonaws.com/sentinel-2-c1-l2a/32/T/PP/2023/4/S2B_T32TPP_20230408T101408_L2A/B12.tif"", ""rededge2"": ""https://e84-earth-search-sentinel-data.s3.us-west-2.amazonaws.com/sentinel-2-c1-l2a/32/T/PP/2023/4/S2B_T32TPP_20230408T101408_L2A/B06.tif"", ""rededge3"": ""https://e84-earth-search-sentinel-data.s3.us-west-2.amazonaws.com/sentinel-2-c1-l2a/32/T/PP/2023/4/S2B_T32TPP_20230408T101408_L2A/B07.tif"", ""rededge1"": ""https://e84-earth-search-sentinel-data.s3.us-west-2.amazonaws.com/sentinel-2-c1-l2a/32/T/PP/2023/4/S2B_T32TPP_20230408T101408_L2A/B05.tif"", ""swir16"": ""https://e84-earth-search-sentinel-data.s3.us-west-2.amazonaws.com/sentinel-2-c1-l2a/32/T/PP/2023/4/S2B_T32TPP_20230408T101408_L2A/B11.tif"", ""wvp"": ""https://e84-earth-search-sentinel-data.s3.us-west-2.amazonaws.com/sentinel-2-c1-l2a/32/T/PP/2023/4/S2B_T32TPP_20230408T101408_L2A/WVP.tif"", ""nir08"": ""https://e84-earth-search-sentinel-data.s3.us-west-2.amazonaws.com/sentinel-2-c1-l2a/32/T/PP/2023/4/S2B_T32TPP_20230408T101408_L2A/B8A.tif"", ""scl"": ""https://e84-earth-search-sentinel-data.s3.us-west-2.amazonaws.com/sentinel-2-c1-l2a/32/T/PP/2023/4/S2B_T32TPP_20230408T101408_L2A/SCL.tif"", ""aot"": ""https://e84-earth-search-sentinel-data.s3.us-west-2.amazonaws.com/sentinel-2-c1-l2a/32/T/PP/2023/4/S2B_T32TPP_20230408T101408_L2A/AOT.tif"", ""coastal"": ""https://e84-earth-search-sentinel-data.s3.us-west-2.amazonaws.com/sentinel-2-c1-l2a/32/T/PP/2023/4/S2B_T32TPP_20230408T101408_L2A/B01.tif"", ""nir09"": ""https://e84-earth-search-sentinel-data.s3.us-west-2.amazonaws.com/sentinel-2-c1-l2a/32/T/PP/2023/4/S2B_T32TPP_20230408T101408_L2A/B09.tif"", ""cloud"": ""https://e84-earth-search-sentinel-data.s3.us-west-2.amazonaws.com/sentinel-2-c1-l2a/32/T/PP/2023/4/S2B_T32TPP_20230408T101408_L2A/CLD_20m.tif"", ""snow"": ""https://e84-earth-search-sentinel-data.s3.us-west-2.amazonaws.com/sentinel-2-c1-l2a/32/T/PP/2023/4/S2B_T32TPP_20230408T101408_L2A/SNW_20m.tif"", ""preview"": ""https://e84-earth-search-sentinel-data.s3.us-west-2.amazonaws.com/sentinel-2-c1-l2a/32/T/PP/2023/4/S2B_T32TPP_20230408T101408_L2A/L2A_PVI.tif"", ""granule_metadata"": ""https://e84-earth-search-sentinel-data.s3.us-west-2.amazonaws.com/sentinel-2-c1-l2a/32/T/PP/2023/4/S2B_T32TPP_20230408T101408_L2A/metadata.xml"", ""tileinfo_metadata"": ""https://e84-earth-search-sentinel-data.s3.us-west-2.amazonaws.com/sentinel-2-c1-l2a/32/T/PP/2023/4/S2B_T32TPP_20230408T101408_L2A/tileInfo.json"", ""product_metadata"": ""https://e84-earth-search-sentinel-data.s3.us-west-2.amazonaws.com/sentinel-2-c1-l2a/32/T/PP/2023/4/S2B_T32TPP_20230408T101408_L2A/product_metadata.xml"", ""thumbnail"": ""https://e84-earth-search-sentinel-data.s3.us-west-2.amazonaws.com/sentinel-2-c1-l2a/32/T/PP/2023/4/S2B_T32TPP_20230408T101408_L2A/L2A_PVI.jpg""}"
S2A_T32TQQ_20230410T100027_L2A,2023-04-10 10:08:28.311000+00:00,1.903726,,sentinel-2a,"{""red"": ""https://e84-earth-search-sentinel-data.s3.us-west-2.amazonaws.com/sentinel-2-c1-l2a/32/T/QQ/2023/4/S2A_T32TQQ_20230410T100027_L2A/B04.tif"", ""green"": ""https://e84-earth-search-sentinel-data.s3.us-west-2.amazonaws.com/sentinel-2-c1-l2a/32/T/QQ/2023/4/S2A_T32TQQ_20230410T100027_L2A/B03.tif"", ""blue"": ""https://e84-earth-search-sentinel-data.s3.us-west-2.amazonaws.com/sentinel-2-c1-l2a/32/T/QQ/2023/4/S2A_T32TQQ_20230410T100027_L2A/B02.tif"", ""visual"": ""https://e84-earth-search-sentinel-data.s3.us-west-2.amazonaws.com/sentinel-2-c1-l2a/32/T/QQ/2023/4/S2A_T32TQQ_20230410T100027_L2A/TCI.tif"", ""nir"": ""https://e84-earth-search-sentinel-data.s3.us-west-2.amazonaws.com/sentinel-2-c1-l2a/32/T/QQ/2023/4/S2A_T32TQQ_20230410T100027_L2A/B08.tif"", ""swir22"": ""https://e84-earth-search-sentinel-data.s3.us-west-2.amazonaws.com/sentinel-2-c1-l2a/32/T/QQ/2023/4/S2A_T32TQQ_20230410T100027_L2A/B12.tif"", ""rededge2"": ""https://e84-earth-search-sentinel-data.s3.us-west-2.amazonaws.com/sentinel-2-c1-l2a/32/T/QQ/2023/4/S2A_T32TQQ_20230410T100027_L2A/B06.tif"", ""rededge3"": ""https://e84-earth-search-sentinel-data.s3.us-west-2.amazonaws.com/sentinel-2-c1-l2a/32/T/QQ/2023/4/S2A_T32TQQ_20230410T100027_L2A/B07.tif"", ""rededge1"": ""https://e84-earth-search-sentinel-data.s3.us-west-2.amazonaws.com/sentinel-2-c1-l2a/32/T/QQ/2023/4/S2A_T32TQQ_20230410T100027_L2A/B05.tif"", ""swir16"": ""https://e84-earth-search-sentinel-data.s3.us-west-2.amazonaws.com/sentinel-2-c1-l2a/32/T/QQ/2023/4/S2A_T32TQQ_20230410T100027_L2A/B11.tif"", ""wvp"": ""https://e84-earth-search-sentinel-data.s3.us-west-2.amazonaws.com/sentinel-2-c1-l2a/32/T/QQ/2023/4/S2A_T32TQQ_20230410T100027_L2A/WVP.tif"", ""nir08"": ""https://e84-earth-search-sentinel-data.s3.us-west-2.amazonaws.com/sentinel-2-c1-l2a/32/T/QQ/2023/4/S2A_T32TQQ_20230410T100027_L2A/B8A.tif"", ""scl"": ""https://e84-earth-search-sentinel-data.s3.us-west-2.amazonaws.com/sentinel-2-c1-l2a/32/T/QQ/2023/4/S2A_T32TQQ_20230410T100027_L2A/SCL.tif"", ""aot"": ""https://e84-earth-search-sentinel-data.s3.us-west-2.amazonaws.com/sentinel-2-c1-l2a/32/T/QQ/2023/4/S2A_T32TQQ_20230410T100027_L2A/AOT.tif"", ""coastal"": ""https://e84-earth-search-sentinel-data.s3.us-west-2.amazonaws.com/sentinel-2-c1-l2a/32/T/QQ/2023/4/S2A_T32TQQ_20230410T100027_L2A/B01.tif"", ""nir09"": ""https://e84-earth-search-sentinel-data.s3.us-west-2.amazonaws.com/sentinel-2-c1-l2a/32/T/QQ/2023/4/S2A_T32TQQ_20230410T100027_L2A/B09.tif"", ""cloud"": ""https://e84-earth-search-sentinel-data.s3.us-west-2.amazonaws.com/sentinel-2-c1-l2a/32/T/QQ/2023/4/S2A_T32TQQ_20230410T100027_L2A/CLD_20m.tif"", ""snow"": ""https://e84-earth-search-sentinel-data.s3.us-west-2.amazonaws.com/sentinel-2-c1-l2a/32/T/QQ/2023/4/S2A_T32TQQ_20230410T100027_L2A/SNW_20m.tif"", ""preview"": ""https://e84-earth-search-sentinel-data.s3.us-west-2.amazonaws.com/sentinel-2-c1-l2a/32/T/QQ/2023/4/S2A_T32TQQ_20230410T100027_L2A/L2A_PVI.tif"", ""granule_metadata"": ""https://e84-earth-search-sentinel-data.s3.us-west-2.amazonaws.com/sentinel-2-c1-l2a/32/T/QQ/2023/4/S2A_T32TQQ_20230410T100027_L2A/metadata.xml"", ""tileinfo_metadata"": ""https://e84-earth-search-sentinel-data.s3.us-west-2.amazonaws.com/sentinel-2-c1-l2a/32/T/QQ/2023/4/S2A_T32TQQ_20230410T100027_L2A/tileInfo.json"", ""product_metadata"": ""https://e84-earth-search-sentinel-data.s3.us-west-2.amazonaws.com/sentinel-2-c1-l2a/32/T/QQ/2023/4/S2A_T32TQQ_20230410T100027_L2A/product_metadata.xml"", ""thumbnail"": ""https://e84-earth-search-sentinel-data.s3.us-west-2.amazonaws.com/sentinel-2-c1-l2a/32/T/QQ/2023/4/S2A_T32TQQ_20230410T100027_L2A/L2A_PVI.jpg""}"
S2A_T32TQP_20230410T100027_L2A,2023-04-10 10:08:43.034000+00:00,27.142686,,sentinel-2a,"{""red"": ""https://e84-earth-search-sentinel-data.s3.us-west-2.amazonaws.com/sentinel-2-c1-l2a/32/T/QP/2023/4/S2A_T32TQP_20230410T100027_L2A/B04.tif"", ""green"": ""https://e84-earth-search-sentinel-data.s3.us-west-2.amazonaws.com/sentinel-2-c1-l2a/32/T/QP/2023/4/S2A_T32TQP_20230410T100027_L2A/B03.tif"", ""blue"": ""https://e84-earth-search-sentinel-data.s3.us-west-2.amazonaws.com/sentinel-2-c1-l2a/32/T/QP/2023/4/S2A_T32TQP_20230410T100027_L2A/B02.tif"", ""visual"": ""https://e84-earth-search-sentinel-data.s3.us-west-2.amazonaws.com/sentinel-2-c1-l2a/32/T/QP/2023/4/S2A_T32TQP_20230410T100027_L2A/TCI.tif"", ""nir"": ""https://e84-earth-search-sentinel-data.s3.us-west-2.amazonaws.com/sentinel-2-c1-l2a/32/T/QP/2023/4/S2A_T32TQP_20230410T100027_L2A/B08.tif"", ""swir22"": ""https://e84-earth-search-sentinel-data.s3.us-west-2.amazonaws.com/sentinel-2-c1-l2a/32/T/QP/2023/4/S2A_T32TQP_20230410T100027_L2A/B12.tif"", ""rededge2"": ""https://e84-earth-search-sentinel-data.s3.us-west-2.amazonaws.com/sentinel-2-c1-l2a/32/T/QP/2023/4/S2A_T32TQP_20230410T100027_L2A/B06.tif"", ""rededge3"": ""https://e84-earth-search-sentinel-data.s3.us-west-2.amazonaws.com/sentinel-2-c1-l2a/32/T/QP/2023/4/S2A_T32TQP_20230410T100027_L2A/B07.tif"", ""rededge1"": ""https://e84-earth-search-sentinel-data.s3.us-west-2.amazonaws.com/sentinel-2-c1-l2a/32/T/QP/2023/4/S2A_T32TQP_20230410T100027_L2A/B05.tif"", ""swir16"": ""https://e84-earth-search-sentinel-data.s3.us-west-2.amazonaws.com/sentinel-2-c1-l2a/32/T/QP/2023/4/S2A_T32TQP_20230410T100027_L2A/B11.tif"", ""wvp"": ""https://e84-earth-search-sentinel-data.s3.us-west-2.amazonaws.com/sentinel-2-c1-l2a/32/T/QP/2023/4/S2A_T32TQP_20230410T100027_L2A/WVP.tif"", ""nir08"": ""https://e84-earth-search-sentinel-data.s3.us-west-2.amazonaws.com/sentinel-2-c1-l2a/32/T/QP/2023/4/S2A_T32TQP_20230410T100027_L2A/B8A.tif"", ""scl"": ""https://e84-earth-search-sentinel-data.s3.us-west-2.amazonaws.com/sentinel-2-c1-l2a/32/T/QP/2023/4/S2A_T32TQP_20230410T100027_L2A/SCL.tif"", ""aot"": ""https://e84-earth-search-sentinel-data.s3.us-west-2.amazonaws.com/sentinel-2-c1-l2a/32/T/QP/2023/4/S2A_T32TQP_20230410T100027_L2A/AOT.tif"", ""coastal"": ""https://e84-earth-search-sentinel-data.s3.us-west-2.amazonaws.com/sentinel-2-c1-l2a/32/T/QP/2023/4/S2A_T32TQP_20230410T100027_L2A/B01.tif"", ""nir09"": ""https://e84-earth-search-sentinel-data.s3.us-west-2.amazonaws.com/sentinel-2-c1-l2a/32/T/QP/2023/4/S2A_T32TQP_20230410T100027_L2A/B09.tif"", ""cloud"": ""https://e84-earth-search-sentinel-data.s3.us-west-2.amazonaws.com/sentinel-2-c1-l2a/32/T/QP/2023/4/S2A_T32TQP_20230410T100027_L2A/CLD_20m.tif"", ""snow"": ""https://e84-earth-search-sentinel-data.s3.us-west-2.amazonaws.com/sentinel-2-c1-l2a/32/T/QP/2023/4/S2A_T32TQP_20230410T100027_L2A/SNW_20m.tif"", ""preview"": ""https://e84-earth-search-sentinel-data.s3.us-west-2.amazonaws.com/sentinel-2-c1-l2a/32/T/QP/2023/4/S2A_T32TQP_20230410T100027_L2A/L2A_PVI.tif"", ""granule_metadata"": ""https://e84-earth-search-sentinel-data.s3.us-west-2.amazonaws.com/sentinel-2-c1-l2a/32/T/QP/2023/4/S2A_T32TQP_20230410T100027_L2A/metadata.xml"", ""tileinfo_metadata"": ""https://e84-earth-search-sentinel-data.s3.us-west-2.amazonaws.com/sentinel-2-c1-l2a/32/T/QP/2023/4/S2A_T32TQP_20230410T100027_L2A/tileInfo.json"", ""product_metadata"": ""https://e84-earth-search-sentinel-data.s3.us-west-2.amazonaws.com/sentinel-2-c1-l2a/32/T/QP/2023/4/S2A_T32TQP_20230410T100027_L2A/product_metadata.xml"", ""thumbnail"": ""https://e84-earth-search-sentinel-data.s3.us-west-2.amazonaws.com/sentinel-2-c1-l2a/32/T/QP/2023/4/S2A_T32TQP_20230410T100027_L2A/L2A_PVI.jpg""}"
S2A_T32TQQ_20230413T100738_L2A,2023-04-13 10:18:25.066000+00:00,54.072118,,sentinel-2a,"{""red"": ""https://e84-earth-search-sentinel-data.s3.us-west-2.amazonaws.com/sentinel-2-c1-l2a/32/T/QQ/2023/4/S2A_T32TQQ_20230413T100738_L2A/B04.tif"", ""green"": ""https://e84-earth-search-sentinel-data.s3.us-west-2.amazonaws.com/sentinel-2-c1-l2a/32/T/QQ/2023/4/S2A_T32TQQ_20230413T100738_L2A/B03.tif"", ""blue"": ""https://e84-earth-search-sentinel-data.s3.us-west-2.amazonaws.com/sentinel-2-c1-l2a/32/T/QQ/2023/4/S2A_T32TQQ_20230413T100738_L2A/B02.tif"", ""visual"": ""https://e84-earth-search-sentinel-data.s3.us-west-2.amazonaws.com/sentinel-2-c1-l2a/32/T/QQ/2023/4/S2A_T32TQQ_20230413T100738_L2A/TCI.tif"", ""nir"": ""https://e84-earth-search-sentinel-data.s3.us-west-2.amazonaws.com/sentinel-2-c1-l2a/32/T/QQ/2023/4/S2A_T32TQQ_20230413T100738_L2A/B08.tif"", ""swir22"": ""https://e84-earth-search-sentinel-data.s3.us-west-2.amazonaws.com/sentinel-2-c1-l2a/32/T/QQ/2023/4/S2A_T32TQQ_20230413T100738_L2A/B12.tif"", ""rededge2"": ""https://e84-earth-search-sentinel-data.s3.us-west-2.amazonaws.com/sentinel-2-c1-l2a/32/T/QQ/2023/4/S2A_T32TQQ_20230413T100738_L2A/B06.tif"", ""rededge3"": ""https://e84-earth-search-sentinel-data.s3.us-west-2.amazonaws.com/sentinel-2-c1-l2a/32/T/QQ/2023/4/S2A_T32TQQ_20230413T100738_L2A/B07.tif"", ""rededge1"": ""https://e84-earth-search-sentinel-data.s3.us-west-2.amazonaws.com/sentinel-2-c1-l2a/32/T/QQ/2023/4/S2A_T32TQQ_20230413T100738_L2A/B05.tif"", ""swir16"": ""https://e84-earth-search-sentinel-data.s3.us-west-2.amazonaws.com/sentinel-2-c1-l2a/32/T/QQ/2023/4/S2A_T32TQQ_20230413T100738_L2A/B11.tif"", ""wvp"": ""https://e84-earth-search-sentinel-data.s3.us-west-2.amazonaws.com/sentinel-2-c1-l2a/32/T/QQ/2023/4/S2A_T32TQQ_20230413T100738_L2A/WVP.tif"", ""nir08"": ""https://e84-earth-search-sentinel-data.s3.us-west-2.amazonaws.com/sentinel-2-c1-l2a/32/T/QQ/2023/4/S2A_T32TQQ_20230413T100738_L2A/B8A.tif"", ""scl"": ""https://e84-earth-search-sentinel-data.s3.us-west-2.amazonaws.com/sentinel-2-c1-l2a/32/T/QQ/2023/4/S2A_T32TQQ_20230413T100738_L2A/SCL.tif"", ""aot"": ""https://e84-earth-search-sentinel-data.s3.us-west-2.amazonaws.com/sentinel-2-c1-l2a/32/T/QQ/2023/4/S2A_T32TQQ_20230413T100738_L2A/AOT.tif"", ""coastal"": ""https://e84-earth-search-sentinel-data.s3.us-west-2.amazonaws.com/sentinel-2-c1-l2a/32/T/QQ/2023/4/S2A_T32TQQ_20230413T100738_L2A/B01.tif"", ""nir09"": ""https://e84-earth-search-sentinel-data.s3.us-west-2.amazonaws.com/sentinel-2-c1-l2a/32/T/QQ/2023/4/S2A_T32TQQ_20230413T100738_L2A/B09.tif"", ""cloud"": ""https://e84-earth-search-sentinel-data.s3.us-west-2.amazonaws.com/sentinel-2-c1-l2a/32/T/QQ/2023/4/S2A_T32TQQ_20230413T100738_L2A/CLD_20m.tif"", ""snow"": ""https://e84-earth-search-sentinel-data.s3.us-west-2.amazonaws.com/sentinel-2-c1-l2a/32/T/QQ/2023/4/S2A_T32TQQ_20230413T100738_L2A/SNW_20m.tif"", ""preview"": ""https://e84-earth-search-sentinel-data.s3.us-west-2.amazonaws.com/sentinel-2-c1-l2a/32/T/QQ/2023/4/S2A_T32TQQ_20230413T100738_L2A/L2A_PVI.tif"", ""granule_metadata"": ""https://e84-earth-search-sentinel-data.s3.us-west-2.amazonaws.com/sentinel-2-c1-l2a/32/T/QQ/2023/4/S2A_T32TQQ_20230413T100738_L2A/metadata.xml"", ""tileinfo_metadata"": ""https://e84-earth-search-sentinel-data.s3.us-west-2.amazonaws.com/sentinel-2-c1-l2a/32/T/QQ/2023/4/S2A_T32TQQ_20230413T100738_L2A/tileInfo.json"", ""product_metadata"": ""https://e84-earth-search-sentinel-data.s3.us-west-2.amazonaws.com/sentinel-2-c1-l2a/32/T/QQ/2023/4/S2A_T32TQQ_20230413T100738_L2A/product_metadata.xml"", ""thumbnail"": ""https://e84-earth-search-sentinel-data.s3.us-west-2.amazonaws.com/sentinel-2-c1-l2a/32/T/QQ/2023/4/S2A_T32TQQ_20230413T100738_L2A/L2A_PVI.jpg""}"
S2B_T32TQQ_20230415T100027_L2A,2023-04-15 10:08:29.123000+00:00,46.554083,,sentinel-2b,"{""red"": ""https://e84-earth-search-sentinel-data.s3.us-west-2.amazonaws.com/sentinel-2-c1-l2a/32/T/QQ/2023/4/S2B_T32TQQ_20230415T100027_L2A/B04.tif"", ""green"": ""https://e84-earth-search-sentinel-data.s3.us-west-2.amazonaws.com/sentinel-2-c1-l2a/32/T/QQ/2023/4/S2B_T32TQQ_20230415T100027_L2A/B03.tif"", ""blue"": ""https://e84-earth-search-sentinel-data.s3.us-west-2.amazonaws.com/sentinel-2-c1-l2a/32/T/QQ/2023/4/S2B_T32TQQ_20230415T100027_L2A/B02.tif"", ""visual"": ""https://e84-earth-search-sentinel-data.s3.us-west-2.amazonaws.com/sentinel-2-c1-l2a/32/T/QQ/2023/4/S2B_T32TQQ_20230415T100027_L2A/TCI.tif"", ""nir"": ""https://e84-earth-search-sentinel-data.s3.us-west-2.amazonaws.com/sentinel-2-c1-l2a/32/T/QQ/2023/4/S2B_T32TQQ_20230415T100027_L2A/B08.tif"", ""swir22"": ""https://e84-earth-search-sentinel-data.s3.us-west-2.amazonaws.com/sentinel-2-c1-l2a/32/T/QQ/2023/4/S2B_T32TQQ_20230415T100027_L2A/B12.tif"", ""rededge2"": ""https://e84-earth-search-sentinel-data.s3.us-west-2.amazonaws.com/sentinel-2-c1-l2a/32/T/QQ/2023/4/S2B_T32TQQ_20230415T100027_L2A/B06.tif"", ""rededge3"": ""https://e84-earth-search-sentinel-data.s3.us-west-2.amazonaws.com/sentinel-2-c1-l2a/32/T/QQ/2023/4/S2B_T32TQQ_20230415T100027_L2A/B07.tif"", ""rededge1"": ""https://e84-earth-search-sentinel-data.s3.us-west-2.amazonaws.com/sentinel-2-c1-l2a/32/T/QQ/2023/4/S2B_T32TQQ_20230415T100027_L2A/B05.tif"", ""swir16"": ""https://e84-earth-search-sentinel-data.s3.us-west-2.amazonaws.com/sentinel-2-c1-l2a/32/T/QQ/2023/4/S2B_T32TQQ_20230415T100027_L2A/B11.tif"", ""wvp"": ""https://e84-earth-search-sentinel-data.s3.us-west-2.amazonaws.com/sentinel-2-c1-l2a/32/T/QQ/2023/4/S2B_T32TQQ_20230415T100027_L2A/WVP.tif"", ""nir08"": ""https://e84-earth-search-sentinel-data.s3.us-west-2.amazonaws.com/sentinel-2-c1-l2a/32/T/QQ/2023/4/S2B_T32TQQ_20230415T100027_L2A/B8A.tif"", ""scl"": ""https://e84-earth-search-sentinel-data.s3.us-west-2.amazonaws.com/sentinel-2-c1-l2a/32/T/QQ/2023/4/S2B_T32TQQ_20230415T100027_L2A/SCL.tif"", ""aot"": ""https://e84-earth-search-sentinel-data.s3.us-west-2.amazonaws.com/sentinel-2-c1-l2a/32/T/QQ/2023/4/S2B_T32TQQ_20230415T100027_L2A/AOT.tif"", ""coastal"": ""https://e84-earth-search-sentinel-data.s3.us-west-2.amazonaws.com/sentinel-2-c1-l2a/32/T/QQ/2023/4/S2B_T32TQQ_20230415T100027_L2A/B01.tif"", ""nir09"": ""https://e84-earth-search-sentinel-data.s3.us-west-2.amazonaws.com/sentinel-2-c1-l2a/32/T/QQ/2023/4/S2B_T32TQQ_20230415T100027_L2A/B09.tif"", ""cloud"": ""https://e84-earth-search-sentinel-data.s3.us-west-2.amazonaws.com/sentinel-2-c1-l2a/32/T/QQ/2023/4/S2B_T32TQQ_20230415T100027_L2A/CLD_20m.tif"", ""snow"": ""https://e84-earth-search-sentinel-data.s3.us-west-2.amazonaws.com/sentinel-2-c1-l2a/32/T/QQ/2023/4/S2B_T32TQQ_20230415T100027_L2A/SNW_20m.tif"", ""preview"": ""https://e84-earth-search-sentinel-data.s3.us-west-2.amazonaws.com/sentinel-2-c1-l2a/32/T/QQ/2023/4/S2B_T32TQQ_20230415T100027_L2A/L2A_PVI.tif"", ""granule_metadata"": ""https://e84-earth-search-sentinel-data.s3.us-west-2.amazonaws.com/sentinel-2-c1-l2a/32/T/QQ/2023/4/S2B_T32TQQ_20230415T100027_L2A/metadata.xml"", ""tileinfo_metadata"": ""https://e84-earth-search-sentinel-data.s3.us-west-2.amazonaws.com/sentinel-2-c1-l2a/32/T/QQ/2023/4/S2B_T32TQQ_20230415T100027_L2A/tileInfo.json"", ""product_metadata"": ""https://e84-earth-search-sentinel-data.s3.us-west-2.amazonaws.com/sentinel-2-c1-l2a/32/T/QQ/2023/4/S2B_T32TQQ_20230415T100027_L2A/product_metadata.xml"", ""thumbnail"": ""https://e84-earth-search-sentinel-data.s3.us-west-2.amazonaws.com/sentinel-2-c1-l2a/32/T/QQ/2023/4/S2B_T32TQQ_20230415T100027_L2A/L2A_PVI.jpg""}"
S2B_T32TPQ_20230418T101457_L2A,2023-04-18 10:18:30.187000+00:00,64.947426,,sentinel-2b,"{""red"": ""https://e84-earth-search-sentinel-data.s3.us-west-2.amazonaws.com/sentinel-2-c1-l2a/32/T/PQ/2023/4/S2B_T32TPQ_20230418T101457_L2A/B04.tif"", ""green"": ""https://e84-earth-search-sentinel-data.s3.us-west-2.amazonaws.com/sentinel-2-c1-l2a/32/T/PQ/2023/4/S2B_T32TPQ_20230418T101457_L2A/B03.tif"", ""blue"": ""https://e84-earth-search-sentinel-data.s3.us-west-2.amazonaws.com/sentinel-2-c1-l2a/32/T/PQ/2023/4/S2B_T32TPQ_20230418T101457_L2A/B02.tif"", ""visual"": ""https://e84-earth-search-sentinel-data.s3.us-west-2.amazonaws.com/sentinel-2-c1-l2a/32/T/PQ/2023/4/S2B_T32TPQ_20230418T101457_L2A/TCI.tif"", ""nir"": ""https://e84-earth-search-sentinel-data.s3.us-west-2.amazonaws.com/sentinel-2-c1-l2a/32/T/PQ/2023/4/S2B_T32TPQ_20230418T101457_L2A/B08.tif"", ""swir22"": ""https://e84-earth-search-sentinel-data.s3.us-west-2.amazonaws.com/sentinel-2-c1-l2a/32/T/PQ/2023/4/S2B_T32TPQ_20230418T101457_L2A/B12.tif"", ""rededge2"": ""https://e84-earth-search-sentinel-data.s3.us-west-2.amazonaws.com/sentinel-2-c1-l2a/32/T/PQ/2023/4/S2B_T32TPQ_20230418T101457_L2A/B06.tif"", ""rededge3"": ""https://e84-earth-search-sentinel-data.s3.us-west-2.amazonaws.com/sentinel-2-c1-l2a/32/T/PQ/2023/4/S2B_T32TPQ_20230418T101457_L2A/B07.tif"", ""rededge1"": ""https://e84-earth-search-sentinel-data.s3.us-west-2.amazonaws.com/sentinel-2-c1-l2a/32/T/PQ/2023/4/S2B_T32TPQ_20230418T101457_L2A/B05.tif"", ""swir16"": ""https://e84-earth-search-sentinel-data.s3.us-west-2.amazonaws.com/sentinel-2-c1-l2a/32/T/PQ/2023/4/S2B_T32TPQ_20230418T101457_L2A/B11.tif"", ""wvp"": ""https://e84-earth-search-sentinel-data.s3.us-west-2.amazonaws.com/sentinel-2-c1-l2a/32/T/PQ/2023/4/S2B_T32TPQ_20230418T101457_L2A/WVP.tif"", ""nir08"": ""https://e84-earth-search-sentinel-data.s3.us-west-2.amazonaws.com/sentinel-2-c1-l2a/32/T/PQ/2023/4/S2B_T32TPQ_20230418T101457_L2A/B8A.tif"", ""scl"": ""https://e84-earth-search-sentinel-data.s3.us-west-2.amazonaws.com/sentinel-2-c1-l2a/32/T/PQ/2023/4/S2B_T32TPQ_20230418T101457_L2A/SCL.tif"", ""aot"": ""https://e84-earth-search-sentinel-data.s3.us-west-2.amazonaws.com/sentinel-2-c1-l2a/32/T/PQ/2023/4/S2B_T32TPQ_20230418T101457_L2A/AOT.tif"", ""coastal"": ""https://e84-earth-search-sentinel-data.s3.us-west-2.amazonaws.com/sentinel-2-c1-l2a/32/T/PQ/2023/4/S2B_T32TPQ_20230418T101457_L2A/B01.tif"", ""nir09"": ""https://e84-earth-search-sentinel-data.s3.us-west-2.amazonaws.com/sentinel-2-c1-l2a/32/T/PQ/2023/4/S2B_T32TPQ_20230418T101457_L2A/B09.tif"", ""cloud"": ""https://e84-earth-search-sentinel-data.s3.us-west-2.amazonaws.com/sentinel-2-c1-l2a/32/T/PQ/2023/4/S2B_T32TPQ_20230418T101457_L2A/CLD_20m.tif"", ""snow"": ""https://e84-earth-search-sentinel-data.s3.us-west-2.amazonaws.com/sentinel-2-c1-l2a/32/T/PQ/2023/4/S2B_T32TPQ_20230418T101457_L2A/SNW_20m.tif"", ""preview"": ""https://e84-earth-search-sentinel-data.s3.us-west-2.amazonaws.com/sentinel-2-c1-l2a/32/T/PQ/2023/4/S2B_T32TPQ_20230418T101457_L2A/L2A_PVI.tif"", ""granule_metadata"": ""https://e84-earth-search-sentinel-data.s3.us-west-2.amazonaws.com/sentinel-2-c1-l2a/32/T/PQ/2023/4/S2B_T32TPQ_20230418T101457_L2A/metadata.xml"", ""tileinfo_metadata"": ""https://e84-earth-search-sentinel-data.s3.us-west-2.amazonaws.com/sentinel-2-c1-l2a/32/T/PQ/2023/4/S2B_T32TPQ_20230418T101457_L2A/tileInfo.json"", ""product_metadata"": ""https://e84-earth-search-sentinel-data.s3.us-west-2.amazonaws.com/sentinel-2-c1-l2a/32/T/PQ/2023/4/S2B_T32TPQ_20230418T101457_L2A/product_metadata.xml"", ""thumbnail"": ""https://e84-earth-search-sentinel-data.s3.us-west-2.amazonaws.com/sentinel-2-c1-l2a/32/T/PQ/2023/4/S2B_T32TPQ_20230418T101457_L2A/L2A_PVI.jpg""}"
S2A_T32TQQ_20230420T100737_L2A,2023-04-20 10:08:26.525000+00:00,18.628633,,sentinel-2a,"{""red"": ""https://e84-earth-search-sentinel-data.s3.us-west-2.amazonaws.com/sentinel-2-c1-l2a/32/T/QQ/2023/4/S2A_T32TQQ_20230420T100737_L2A/B04.tif"", ""green"": ""https://e84-earth-search-sentinel-data.s3.us-west-2.amazonaws.com/sentinel-2-c1-l2a/32/T/QQ/2023/4/S2A_T32TQQ_20230420T100737_L2A/B03.tif"", ""blue"": ""https://e84-earth-search-sentinel-data.s3.us-west-2.amazonaws.com/sentinel-2-c1-l2a/32/T/QQ/2023/4/S2A_T32TQQ_20230420T100737_L2A/B02.tif"", ""visual"": ""https://e84-earth-search-sentinel-data.s3.us-west-2.amazonaws.com/sentinel-2-c1-l2a/32/T/QQ/2023/4/S2A_T32TQQ_20230420T100737_L2A/TCI.tif"", ""nir"": ""https://e84-earth-search-sentinel-data.s3.us-west-2.amazonaws.com/sentinel-2-c1-l2a/32/T/QQ/2023/4/S2A_T32TQQ_20230420T100737_L2A/B08.tif"", ""swir22"": ""https://e84-earth-search-sentinel-data.s3.us-west-2.amazonaws.com/sentinel-2-c1-l2a/32/T/QQ/2023/4/S2A_T32TQQ_20230420T100737_L2A/B12.tif"", ""rededge2"": ""https://e84-earth-search-sentinel-data.s3.us-west-2.amazonaws.com/sentinel-2-c1-l2a/32/T/QQ/2023/4/S2A_T32TQQ_20230420T100737_L2A/B06.tif"", ""rededge3"": ""https://e84-earth-search-sentinel-data.s3.us-west-2.amazonaws.com/sentinel-2-c1-l2a/32/T/QQ/2023/4/S2A_T32TQQ_20230420T100737_L2A/B07.tif"", ""rededge1"": ""https://e84-earth-search-sentinel-data.s3.us-west-2.amazonaws.com/sentinel-2-c1-l2a/32/T/QQ/2023/4/S2A_T32TQQ_20230420T100737_L2A/B05.tif"", ""swir16"": ""https://e84-earth-search-sentinel-data.s3.us-west-2.amazonaws.com/sentinel-2-c1-l2a/32/T/QQ/2023/4/S2A_T32TQQ_20230420T100737_L2A/B11.tif"", ""wvp"": ""https://e84-earth-search-sentinel-data.s3.us-west-2.amazonaws.com/sentinel-2-c1-l2a/32/T/QQ/2023/4/S2A_T32TQQ_20230420T100737_L2A/WVP.tif"", ""nir08"": ""https://e84-earth-search-sentinel-data.s3.us-west-2.amazonaws.com/sentinel-2-c1-l2a/32/T/QQ/2023/4/S2A_T32TQQ_20230420T100737_L2A/B8A.tif"", ""scl"": ""https://e84-earth-search-sentinel-data.s3.us-west-2.amazonaws.com/sentinel-2-c1-l2a/32/T/QQ/2023/4/S2A_T32TQQ_20230420T100737_L2A/SCL.tif"", ""aot"": ""https://e84-earth-search-sentinel-data.s3.us-west-2.amazonaws.com/sentinel-2-c1-l2a/32/T/QQ/2023/4/S2A_T32TQQ_20230420T100737_L2A/AOT.tif"", ""coastal"": ""https://e84-earth-search-sentinel-data.s3.us-west-2.amazonaws.com/sentinel-2-c1-l2a/32/T/QQ/2023/4/S2A_T32TQQ_20230420T100737_L2A/B01.tif"", ""nir09"": ""https://e84-earth-search-sentinel-data.s3.us-west-2.amazonaws.com/sentinel-2-c1-l2a/32/T/QQ/2023/4/S2A_T32TQQ_20230420T100737_L2A/B09.tif"", ""cloud"": ""https://e84-earth-search-sentinel-data.s3.us-west-2.amazonaws.com/sentinel-2-c1-l2a/32/T/QQ/2023/4/S2A_T32TQQ_20230420T100737_L2A/CLD_20m.tif"", ""snow"": ""https://e84-earth-search-sentinel-data.s3.us-west-2.amazonaws.com/sentinel-2-c1-l2a/32/T/QQ/2023/4/S2A_T32TQQ_20230420T100737_L2A/SNW_20m.tif"", ""preview"": ""https://e84-earth-search-sentinel-data.s3.us-west-2.amazonaws.com/sentinel-2-c1-l2a/32/T/QQ/2023/4/S2A_T32TQQ_20230420T100737_L2A/L2A_PVI.tif"", ""granule_metadata"": ""https://e84-earth-search-sentinel-data.s3.us-west-2.amazonaws.com/sentinel-2-c1-l2a/32/T/QQ/2023/4/S2A_T32TQQ_20230420T100737_L2A/metadata.xml"", ""tileinfo_metadata"": ""https://e84-earth-search-sentinel-data.s3.us-west-2.amazonaws.com/sentinel-2-c1-l2a/32/T/QQ/2023/4/S2A_T32TQQ_20230420T100737_L2A/tileInfo.json"", ""product_metadata"": ""https://e84-earth-search-sentinel-data.s3.us-west-2.amazonaws.com/sentinel-2-c1-l2a/32/T/QQ/2023/4/S2A_T32TQQ_20230420T100737_L2A/product_metadata.xml"", ""thumbnail"": ""https://e84-earth-search-sentinel-data.s3.us-west-2.amazonaws.com/sentinel-2-c1-l2a/32/T/QQ/2023/4/S2A_T32TQQ_20230420T100737_L2A/L2A_PVI.jpg""}"
S2A_T32TQP_20230420T100737_L2A,2023-04-20 10:08:41.251000+00:00,42.991775,,sentinel-2a,"{""red"": ""https://e84-earth-search-sentinel-data.s3.us-west-2.amazonaws.com/sentinel-2-c1-l2a/32/T/QP/2023/4/S2A_T32TQP_20230420T100737_L2A/B04.tif"", ""green"": ""https://e84-earth-search-sentinel-data.s3.us-west-2.amazonaws.com/sentinel-2-c1-l2a/32/T/QP/2023/4/S2A_T32TQP_20230420T100737_L2A/B03.tif"", ""blue"": ""https://e84-earth-search-sentinel-data.s3.us-west-2.amazonaws.com/sentinel-2-c1-l2a/32/T/QP/2023/4/S2A_T32TQP_20230420T100737_L2A/B02.tif"", ""visual"": ""https://e84-earth-search-sentinel-data.s3.us-west-2.amazonaws.com/sentinel-2-c1-l2a/32/T/QP/2023/4/S2A_T32TQP_20230420T100737_L2A/TCI.tif"", ""nir"": ""https://e84-earth-search-sentinel-data.s3.us-west-2.amazonaws.com/sentinel-2-c1-l2a/32/T/QP/2023/4/S2A_T32TQP_20230420T100737_L2A/B08.tif"", ""swir22"": ""https://e84-earth-search-sentinel-data.s3.us-west-2.amazonaws.com/sentinel-2-c1-l2a/32/T/QP/2023/4/S2A_T32TQP_20230420T100737_L2A/B12.tif"", ""rededge2"": ""https://e84-earth-search-sentinel-data.s3.us-west-2.amazonaws.com/sentinel-2-c1-l2a/32/T/QP/2023/4/S2A_T32TQP_20230420T100737_L2A/B06.tif"", ""rededge3"": ""https://e84-earth-search-sentinel-data.s3.us-west-2.amazonaws.com/sentinel-2-c1-l2a/32/T/QP/2023/4/S2A_T32TQP_20230420T100737_L2A/B07.tif"", ""rededge1"": ""https://e84-earth-search-sentinel-data.s3.us-west-2.amazonaws.com/sentinel-2-c1-l2a/32/T/QP/2023/4/S2A_T32TQP_20230420T100737_L2A/B05.tif"", ""swir16"": ""https://e84-earth-search-sentinel-data.s3.us-west-2.amazonaws.com/sentinel-2-c1-l2a/32/T/QP/2023/4/S2A_T32TQP_20230420T100737_L2A/B11.tif"", ""wvp"": ""https://e84-earth-search-sentinel-data.s3.us-west-2.amazonaws.com/sentinel-2-c1-l2a/32/T/QP/2023/4/S2A_T32TQP_20230420T100737_L2A/WVP.tif"", ""nir08"": ""https://e84-earth-search-sentinel-data.s3.us-west-2.amazonaws.com/sentinel-2-c1-l2a/32/T/QP/2023/4/S2A_T32TQP_20230420T100737_L2A/B8A.tif"", ""scl"": ""https://e84-earth-search-sentinel-data.s3.us-west-2.amazonaws.com/sentinel-2-c1-l2a/32/T/QP/2023/4/S2A_T32TQP_20230420T100737_L2A/SCL.tif"", ""aot"": ""https://e84-earth-search-sentinel-data.s3.us-west-2.amazonaws.com/sentinel-2-c1-l2a/32/T/QP/2023/4/S2A_T32TQP_20230420T100737_L2A/AOT.tif"", ""coastal"": ""https://e84-earth-search-sentinel-data.s3.us-west-2.amazonaws.com/sentinel-2-c1-l2a/32/T/QP/2023/4/S2A_T32TQP_20230420T100737_L2A/B01.tif"", ""nir09"": ""https://e84-earth-search-sentinel-data.s3.us-west-2.amazonaws.com/sentinel-2-c1-l2a/32/T/QP/2023/4/S2A_T32TQP_20230420T100737_L2A/B09.tif"", ""cloud"": ""https://e84-earth-search-sentinel-data.s3.us-west-2.amazonaws.com/sentinel-2-c1-l2a/32/T/QP/2023/4/S2A_T32TQP_20230420T100737_L2A/CLD_20m.tif"", ""snow"": ""https://e84-earth-search-sentinel-data.s3.us-west-2.amazonaws.com/sentinel-2-c1-l2a/32/T/QP/2023/4/S2A_T32TQP_20230420T100737_L2A/SNW_20m.tif"", ""preview"": ""https://e84-earth-search-sentinel-data.s3.us-west-2.amazonaws.com/sentinel-2-c1-l2a/32/T/QP/2023/4/S2A_T32TQP_20230420T100737_L2A/L2A_PVI.tif"", ""granule_metadata"": ""https://e84-earth-search-sentinel-data.s3.us-west-2.amazonaws.com/sentinel-2-c1-l2a/32/T/QP/2023/4/S2A_T32TQP_20230420T100737_L2A/metadata.xml"", ""tileinfo_metadata"": ""https://e84-earth-search-sentinel-data.s3.us-west-2.amazonaws.com/sentinel-2-c1-l2a/32/T/QP/2023/4/S2A_T32TQP_20230420T100737_L2A/tileInfo.json"", ""product_metadata"": ""https://e84-earth-search-sentinel-data.s3.us-west-2.amazonaws.com/sentinel-2-c1-l2a/32/T/QP/2023/4/S2A_T32TQP_20230420T100737_L2A/product_metadata.xml"", ""thumbnail"": ""https://e84-earth-search-sentinel-data.s3.us-west-2.amazonaws.com/sentinel-2-c1-l2a/32/T/QP/2023/4/S2A_T32TQP_20230420T100737_L2A/L2A_PVI.jpg""}"
S2A_T32TQQ_20230423T101552_L2A,2023-04-23 10:18:24.308000+00:00,16.376296,,sentinel-2a,"{""red"": ""https://e84-earth-search-sentinel-data.s3.us-west-2.amazonaws.com/sentinel-2-c1-l2a/32/T/QQ/2023/4/S2A_T32TQQ_20230423T101552_L2A/B04.tif"", ""green"": ""https://e84-earth-search-sentinel-data.s3.us-west-2.amazonaws.com/sentinel-2-c1-l2a/32/T/QQ/2023/4/S2A_T32TQQ_20230423T101552_L2A/B03.tif"", ""blue"": ""https://e84-earth-search-sentinel-data.s3.us-west-2.amazonaws.com/sentinel-2-c1-l2a/32/T/QQ/2023/4/S2A_T32TQQ_20230423T101552_L2A/B02.tif"", ""visual"": ""https://e84-earth-search-sentinel-data.s3.us-west-2.amazonaws.com/sentinel-2-c1-l2a/32/T/QQ/2023/4/S2A_T32TQQ_20230423T101552_L2A/TCI.tif"", ""nir"": ""https://e84-earth-search-sentinel-data.s3.us-west-2.amazonaws.com/sentinel-2-c1-l2a/32/T/QQ/2023/4/S2A_T32TQQ_20230423T101552_L2A/B08.tif"", ""swir22"": ""https://e84-earth-search-sentinel-data.s3.us-west-2.amazonaws.com/sentinel-2-c1-l2a/32/T/QQ/2023/4/S2A_T32TQQ_20230423T101552_L2A/B12.tif"", ""rededge2"": ""https://e84-earth-search-sentinel-data.s3.us-west-2.amazonaws.com/sentinel-2-c1-l2a/32/T/QQ/2023/4/S2A_T32TQQ_20230423T101552_L2A/B06.tif"", ""rededge3"": ""https://e84-earth-search-sentinel-data.s3.us-west-2.amazonaws.com/sentinel-2-c1-l2a/32/T/QQ/2023/4/S2A_T32TQQ_20230423T101552_L2A/B07.tif"", ""rededge1"": ""https://e84-earth-search-sentinel-data.s3.us-west-2.amazonaws.com/sentinel-2-c1-l2a/32/T/QQ/2023/4/S2A_T32TQQ_20230423T101552_L2A/B05.tif"", ""swir16"": ""https://e84-earth-search-sentinel-data.s3.us-west-2.amazonaws.com/sentinel-2-c1-l2a/32/T/QQ/2023/4/S2A_T32TQQ_20230423T101552_L2A/B11.tif"", ""wvp"": ""https://e84-earth-search-sentinel-data.s3.us-west-2.amazonaws.com/sentinel-2-c1-l2a/32/T/QQ/2023/4/S2A_T32TQQ_20230423T101552_L2A/WVP.tif"", ""nir08"": ""https://e84-earth-search-sentinel-data.s3.us-west-2.amazonaws.com/sentinel-2-c1-l2a/32/T/QQ/2023/4/S2A_T32TQQ_20230423T101552_L2A/B8A.tif"", ""scl"": ""https://e84-earth-search-sentinel-data.s3.us-west-2.amazonaws.com/sentinel-2-c1-l2a/32/T/QQ/2023/4/S2A_T32TQQ_20230423T101552_L2A/SCL.tif"", ""aot"": ""https://e84-earth-search-sentinel-data.s3.us-west-2.amazonaws.com/sentinel-2-c1-l2a/32/T/QQ/2023/4/S2A_T32TQQ_20230423T101552_L2A/AOT.tif"", ""coastal"": ""https://e84-earth-search-sentinel-data.s3.us-west-2.amazonaws.com/sentinel-2-c1-l2a/32/T/QQ/2023/4/S2A_T32TQQ_20230423T101552_L2A/B01.tif"", ""nir09"": ""https://e84-earth-search-sentinel-data.s3.us-west-2.amazonaws.com/sentinel-2-c1-l2a/32/T/QQ/2023/4/S2A_T32TQQ_20230423T101552_L2A/B09.tif"", ""cloud"": ""https://e84-earth-search-sentinel-data.s3.us-west-2.amazonaws.com/sentinel-2-c1-l2a/32/T/QQ/2023/4/S2A_T32TQQ_20230423T101552_L2A/CLD_20m.tif"", ""snow"": ""https://e84-earth-search-sentinel-data.s3.us-west-2.amazonaws.com/sentinel-2-c1-l2a/32/T/QQ/2023/4/S2A_T32TQQ_20230423T101552_L2A/SNW_20m.tif"", ""preview"": ""https://e84-earth-search-sentinel-data.s3.us-west-2.amazonaws.com/sentinel-2-c1-l2a/32/T/QQ/2023/4/S2A_T32TQQ_20230423T101552_L2A/L2A_PVI.tif"", ""granule_metadata"": ""https://e84-earth-search-sentinel-data.s3.us-west-2.amazonaws.com/sentinel-2-c1-l2a/32/T/QQ/2023/4/S2A_T32TQQ_20230423T101552_L2A/metadata.xml"", ""tileinfo_metadata"": ""https://e84-earth-search-sentinel-data.s3.us-west-2.amazonaws.com/sentinel-2-c1-l2a/32/T/QQ/2023/4/S2A_T32TQQ_20230423T101552_L2A/tileInfo.json"", ""product_metadata"": ""https://e84-earth-search-sentinel-data.s3.us-west-2.amazonaws.com/sentinel-2-c1-l2a/32/T/QQ/2023/4/S2A_T32TQQ_20230423T101552_L2A/product_metadata.xml"", ""thumbnail"": ""https://e84-earth-search-sentinel-data.s3.us-west-2.amazonaws.com/sentinel-2-c1-l2a/32/T/QQ/2023/4/S2A_T32TQQ_20230423T101552_L2A/L2A_PVI.jpg""}"
S2A_T32TPQ_20230423T101552_L2A,2023-04-23 10:18:27.765000+00:00,40.669808,,sentinel-2a,"{""red"": ""https://e84-earth-search-sentinel-data.s3.us-west-2.amazonaws.com/sentinel-2-c1-l2a/32/T/PQ/2023/4/S2A_T32TPQ_20230423T101552_L2A/B04.tif"", ""green"": ""https://e84-earth-search-sentinel-data.s3.us-west-2.amazonaws.com/sentinel-2-c1-l2a/32/T/PQ/2023/4/S2A_T32TPQ_20230423T101552_L2A/B03.tif"", ""blue"": ""https://e84-earth-search-sentinel-data.s3.us-west-2.amazonaws.com/sentinel-2-c1-l2a/32/T/PQ/2023/4/S2A_T32TPQ_20230423T101552_L2A/B02.tif"", ""visual"": ""https://e84-earth-search-sentinel-data.s3.us-west-2.amazonaws.com/sentinel-2-c1-l2a/32/T/PQ/2023/4/S2A_T32TPQ_20230423T101552_L2A/TCI.tif"", ""nir"": ""https://e84-earth-search-sentinel-data.s3.us-west-2.amazonaws.com/sentinel-2-c1-l2a/32/T/PQ/2023/4/S2A_T32TPQ_20230423T101552_L2A/B08.tif"", ""swir22"": ""https://e84-earth-search-sentinel-data.s3.us-west-2.amazonaws.com/sentinel-2-c1-l2a/32/T/PQ/2023/4/S2A_T32TPQ_20230423T101552_L2A/B12.tif"", ""rededge2"": ""https://e84-earth-search-sentinel-data.s3.us-west-2.amazonaws.com/sentinel-2-c1-l2a/32/T/PQ/2023/4/S2A_T32TPQ_20230423T101552_L2A/B06.tif"", ""rededge3"": ""https://e84-earth-search-sentinel-data.s3.us-west-2.amazonaws.com/sentinel-2-c1-l2a/32/T/PQ/2023/4/S2A_T32TPQ_20230423T101552_L2A/B07.tif"", ""rededge1"": ""https://e84-earth-search-sentinel-data.s3.us-west-2.amazonaws.com/sentinel-2-c1-l2a/32/T/PQ/2023/4/S2A_T32TPQ_20230423T101552_L2A/B05.tif"", ""swir16"": ""https://e84-earth-search-sentinel-data.s3.us-west-2.amazonaws.com/sentinel-2-c1-l2a/32/T/PQ/2023/4/S2A_T32TPQ_20230423T101552_L2A/B11.tif"", ""wvp"": ""https://e84-earth-search-sentinel-data.s3.us-west-2.amazonaws.com/sentinel-2-c1-l2a/32/T/PQ/2023/4/S2A_T32TPQ_20230423T101552_L2A/WVP.tif"", ""nir08"": ""https://e84-earth-search-sentinel-data.s3.us-west-2.amazonaws.com/sentinel-2-c1-l2a/32/T/PQ/2023/4/S2A_T32TPQ_20230423T101552_L2A/B8A.tif"", ""scl"": ""https://e84-earth-search-sentinel-data.s3.us-west-2.amazonaws.com/sentinel-2-c1-l2a/32/T/PQ/2023/4/S2A_T32TPQ_20230423T101552_L2A/SCL.tif"", ""aot"": ""https://e84-earth-search-sentinel-data.s3.us-west-2.amazonaws.com/sentinel-2-c1-l2a/32/T/PQ/2023/4/S2A_T32TPQ_20230423T101552_L2A/AOT.tif"", ""coastal"": ""https://e84-earth-search-sentinel-data.s3.us-west-2.amazonaws.com/sentinel-2-c1-l2a/32/T/PQ/2023/4/S2A_T32TPQ_20230423T101552_L2A/B01.tif"", ""nir09"": ""https://e84-earth-search-sentinel-data.s3.us-west-2.amazonaws.com/sentinel-2-c1-l2a/32/T/PQ/2023/4/S2A_T32TPQ_20230423T101552_L2A/B09.tif"", ""cloud"": ""https://e84-earth-search-sentinel-data.s3.us-west-2.amazonaws.com/sentinel-2-c1-l2a/32/T/PQ/2023/4/S2A_T32TPQ_20230423T101552_L2A/CLD_20m.tif"", ""snow"": ""https://e84-earth-search-sentinel-data.s3.us-west-2.amazonaws.com/sentinel-2-c1-l2a/32/T/PQ/2023/4/S2A_T32TPQ_20230423T101552_L2A/SNW_20m.tif"", ""preview"": ""https://e84-earth-search-sentinel-data.s3.us-west-2.amazonaws.com/sentinel-2-c1-l2a/32/T/PQ/2023/4/S2A_T32TPQ_20230423T101552_L2A/L2A_PVI.tif"", ""granule_metadata"": ""https://e84-earth-search-sentinel-data.s3.us-west-2.amazonaws.com/sentinel-2-c1-l2a/32/T/PQ/2023/4/S2A_T32TPQ_20230423T101552_L2A/metadata.xml"", ""tileinfo_metadata"": ""https://e84-earth-search-sentinel-data.s3.us-west-2.amazonaws.com/sentinel-2-c1-l2a/32/T/PQ/2023/4/S2A_T32TPQ_20230423T101552_L2A/tileInfo.json"", ""product_metadata"": ""https://e84-earth-search-sentinel-data.s3.us-west-2.amazonaws.com/sentinel-2-c1-l2a/32/T/PQ/2023/4/S2A_T32TPQ_20230423T101552_L2A/product_metadata.xml"", ""thumbnail"": ""https://e84-earth-search-sentinel-data.s3.us-west-2.amazonaws.com/sentinel-2-c1-l2a/32/T/PQ/2023/4/S2A_T32TPQ_20230423T101552_L2A/L2A_PVI.jpg""}"
S2A_T32TQP_20230423T101552_L2A,2023-04-23 10:18:38.547000+00:00,36.839691,,sentinel-2a,"{""red"": ""https://e84-earth-search-sentinel-data.s3.us-west-2.amazonaws.com/sentinel-2-c1-l2a/32/T/QP/2023/4/S2A_T32TQP_20230423T101552_L2A/B04.tif"", ""green"": ""https://e84-earth-search-sentinel-data.s3.us-west-2.amazonaws.com/sentinel-2-c1-l2a/32/T/QP/2023/4/S2A_T32TQP_20230423T101552_L2A/B03.tif"", ""blue"": ""https://e84-earth-search-sentinel-data.s3.us-west-2.amazonaws.com/sentinel-2-c1-l2a/32/T/QP/2023/4/S2A_T32TQP_20230423T101552_L2A/B02.tif"", ""visual"": ""https://e84-earth-search-sentinel-data.s3.us-west-2.amazonaws.com/sentinel-2-c1-l2a/32/T/QP/2023/4/S2A_T32TQP_20230423T101552_L2A/TCI.tif"", ""nir"": ""https://e84-earth-search-sentinel-data.s3.us-west-2.amazonaws.com/sentinel-2-c1-l2a/32/T/QP/2023/4/S2A_T32TQP_20230423T101552_L2A/B08.tif"", ""swir22"": ""https://e84-earth-search-sentinel-data.s3.us-west-2.amazonaws.com/sentinel-2-c1-l2a/32/T/QP/2023/4/S2A_T32TQP_20230423T101552_L2A/B12.tif"", ""rededge2"": ""https://e84-earth-search-sentinel-data.s3.us-west-2.amazonaws.com/sentinel-2-c1-l2a/32/T/QP/2023/4/S2A_T32TQP_20230423T101552_L2A/B06.tif"", ""rededge3"": ""https://e84-earth-search-sentinel-data.s3.us-west-2.amazonaws.com/sentinel-2-c1-l2a/32/T/QP/2023/4/S2A_T32TQP_20230423T101552_L2A/B07.tif"", ""rededge1"": ""https://e84-earth-search-sentinel-data.s3.us-west-2.amazonaws.com/sentinel-2-c1-l2a/32/T/QP/2023/4/S2A_T32TQP_20230423T101552_L2A/B05.tif"", ""swir16"": ""https://e84-earth-search-sentinel-data.s3.us-west-2.amazonaws.com/sentinel-2-c1-l2a/32/T/QP/2023/4/S2A_T32TQP_20230423T101552_L2A/B11.tif"", ""wvp"": ""https://e84-earth-search-sentinel-data.s3.us-west-2.amazonaws.com/sentinel-2-c1-l2a/32/T/QP/2023/4/S2A_T32TQP_20230423T101552_L2A/WVP.tif"", ""nir08"": ""https://e84-earth-search-sentinel-data.s3.us-west-2.amazonaws.com/sentinel-2-c1-l2a/32/T/QP/2023/4/S2A_T32TQP_20230423T101552_L2A/B8A.tif"", ""scl"": ""https://e84-earth-search-sentinel-data.s3.us-west-2.amazonaws.com/sentinel-2-c1-l2a/32/T/QP/2023/4/S2A_T32TQP_20230423T101552_L2A/SCL.tif"", ""aot"": ""https://e84-earth-search-sentinel-data.s3.us-west-2.amazonaws.com/sentinel-2-c1-l2a/32/T/QP/2023/4/S2A_T32TQP_20230423T101552_L2A/AOT.tif"", ""coastal"": ""https://e84-earth-search-sentinel-data.s3.us-west-2.amazonaws.com/sentinel-2-c1-l2a/32/T/QP/2023/4/S2A_T32TQP_20230423T101552_L2A/B01.tif"", ""nir09"": ""https://e84-earth-search-sentinel-data.s3.us-west-2.amazonaws.com/sentinel-2-c1-l2a/32/T/QP/2023/4/S2A_T32TQP_20230423T101552_L2A/B09.tif"", ""cloud"": ""https://e84-earth-search-sentinel-data.s3.us-west-2.amazonaws.com/sentinel-2-c1-l2a/32/T/QP/2023/4/S2A_T32TQP_20230423T101552_L2A/CLD_20m.tif"", ""snow"": ""https://e84-earth-search-sentinel-data.s3.us-west-2.amazonaws.com/sentinel-2-c1-l2a/32/T/QP/2023/4/S2A_T32TQP_20230423T101552_L2A/SNW_20m.tif"", ""preview"": ""https://e84-earth-search-sentinel-data.s3.us-west-2.amazonaws.com/sentinel-2-c1-l2a/32/T/QP/2023/4/S2A_T32TQP_20230423T101552_L2A/L2A_PVI.tif"", ""granule_metadata"": ""https://e84-earth-search-sentinel-data.s3.us-west-2.amazonaws.com/sentinel-2-c1-l2a/32/T/QP/2023/4/S2A_T32TQP_20230423T101552_L2A/metadata.xml"", ""tileinfo_metadata"": ""https://e84-earth-search-sentinel-data.s3.us-west-2.amazonaws.com/sentinel-2-c1-l2a/32/T/QP/2023/4/S2A_T32TQP_20230423T101552_L2A/tileInfo.json"", ""product_metadata"": ""https://e84-earth-search-sentinel-data.s3.us-west-2.amazonaws.com/sentinel-2-c1-l2a/32/T/QP/2023/4/S2A_T32TQP_20230423T101552_L2A/product_metadata.xml"", ""thumbnail"": ""https://e84-earth-search-sentinel-data.s3.us-west-2.amazonaws.com/sentinel-2-c1-l2a/32/T/QP/2023/4/S2A_T32TQP_20230423T101552_L2A/L2A_PVI.jpg""}"
S2A_T32TPP_20230423T101552_L2A,2023-04-23 10:18:42.156000+00:00,59.804267,,sentinel-2a,"{""red"": ""https://e84-earth-search-sentinel-data.s3.us-west-2.amazonaws.com/sentinel-2-c1-l2a/32/T/PP/2023/4/S2A_T32TPP_20230423T101552_L2A/B04.tif"", ""green"": ""https://e84-earth-search-sentinel-data.s3.us-west-2.amazonaws.com/sentinel-2-c1-l2a/32/T/PP/2023/4/S2A_T32TPP_20230423T101552_L2A/B03.tif"", ""blue"": ""https://e84-earth-search-sentinel-data.s3.us-west-2.amazonaws.com/sentinel-2-c1-l2a/32/T/PP/2023/4/S2A_T32TPP_20230423T101552_L2A/B02.tif"", ""visual"": ""https://e84-earth-search-sentinel-data.s3.us-west-2.amazonaws.com/sentinel-2-c1-l2a/32/T/PP/2023/4/S2A_T32TPP_20230423T101552_L2A/TCI.tif"", ""nir"": ""https://e84-earth-search-sentinel-data.s3.us-west-2.amazonaws.com/sentinel-2-c1-l2a/32/T/PP/2023/4/S2A_T32TPP_20230423T101552_L2A/B08.tif"", ""swir22"": ""https://e84-earth-search-sentinel-data.s3.us-west-2.amazonaws.com/sentinel-2-c1-l2a/32/T/PP/2023/4/S2A_T32TPP_20230423T101552_L2A/B12.tif"", ""rededge2"": ""https://e84-earth-search-sentinel-data.s3.us-west-2.amazonaws.com/sentinel-2-c1-l2a/32/T/PP/2023/4/S2A_T32TPP_20230423T101552_L2A/B06.tif"", ""rededge3"": ""https://e84-earth-search-sentinel-data.s3.us-west-2.amazonaws.com/sentinel-2-c1-l2a/32/T/PP/2023/4/S2A_T32TPP_20230423T101552_L2A/B07.tif"", ""rededge1"": ""https://e84-earth-search-sentinel-data.s3.us-west-2.amazonaws.com/sentinel-2-c1-l2a/32/T/PP/2023/4/S2A_T32TPP_20230423T101552_L2A/B05.tif"", ""swir16"": ""https://e84-earth-search-sentinel-data.s3.us-west-2.amazonaws.com/sentinel-2-c1-l2a/32/T/PP/2023/4/S2A_T32TPP_20230423T101552_L2A/B11.tif"", ""wvp"": ""https://e84-earth-search-sentinel-data.s3.us-west-2.amazonaws.com/sentinel-2-c1-l2a/32/T/PP/2023/4/S2A_T32TPP_20230423T101552_L2A/WVP.tif"", ""nir08"": ""https://e84-earth-search-sentinel-data.s3.us-west-2.amazonaws.com/sentinel-2-c1-l2a/32/T/PP/2023/4/S2A_T32TPP_20230423T101552_L2A/B8A.tif"", ""scl"": ""https://e84-earth-search-sentinel-data.s3.us-west-2.amazonaws.com/sentinel-2-c1-l2a/32/T/PP/2023/4/S2A_T32TPP_20230423T101552_L2A/SCL.tif"", ""aot"": ""https://e84-earth-search-sentinel-data.s3.us-west-2.amazonaws.com/sentinel-2-c1-l2a/32/T/PP/2023/4/S2A_T32TPP_20230423T101552_L2A/AOT.tif"", ""coastal"": ""https://e84-earth-search-sentinel-data.s3.us-west-2.amazonaws.com/sentinel-2-c1-l2a/32/T/PP/2023/4/S2A_T32TPP_20230423T101552_L2A/B01.tif"", ""nir09"": ""https://e84-earth-search-sentinel-data.s3.us-west-2.amazonaws.com/sentinel-2-c1-l2a/32/T/PP/2023/4/S2A_T32TPP_20230423T101552_L2A/B09.tif"", ""cloud"": ""https://e84-earth-search-sentinel-data.s3.us-west-2.amazonaws.com/sentinel-2-c1-l2a/32/T/PP/2023/4/S2A_T32TPP_20230423T101552_L2A/CLD_20m.tif"", ""snow"": ""https://e84-earth-search-sentinel-data.s3.us-west-2.amazonaws.com/sentinel-2-c1-l2a/32/T/PP/2023/4/S2A_T32TPP_20230423T101552_L2A/SNW_20m.tif"", ""preview"": ""https://e84-earth-search-sentinel-data.s3.us-west-2.amazonaws.com/sentinel-2-c1-l2a/32/T/PP/2023/4/S2A_T32TPP_20230423T101552_L2A/L2A_PVI.tif"", ""granule_metadata"": ""https://e84-earth-search-sentinel-data.s3.us-west-2.amazonaws.com/sentinel-2-c1-l2a/32/T/PP/2023/4/S2A_T32TPP_20230423T101552_L2A/metadata.xml"", ""tileinfo_metadata"": ""https://e84-earth-search-sentinel-data.s3.us-west-2.amazonaws.com/sentinel-2-c1-l2a/32/T/PP/2023/4/S2A_T32TPP_20230423T101552_L2A/tileInfo.json"", ""product_metadata"": ""https://e84-earth-search-sentinel-data.s3.us-west-2.amazonaws.com/sentinel-2-c1-l2a/32/T/PP/2023/4/S2A_T32TPP_20230423T101552_L2A/product_metadata.xml"", ""thumbnail"": ""https://e84-earth-search-sentinel-data.s3.us-west-2.amazonaws.com/sentinel-2-c1-l2a/32/T/PP/2023/4/S2A_T32TPP_20230423T101552_L2A/L2A_PVI.jpg""}"
S2B_T32TQP_20230428T101606_L2A,2023-04-28 10:18:40.968000+00:00,32.42923,,sentinel-2b,"{""red"": ""https://e84-earth-search-sentinel-data.s3.us-west-2.amazonaws.com/sentinel-2-c1-l2a/32/T/QP/2023/4/S2B_T32TQP_20230428T101606_L2A/B04.tif"", ""green"": ""https://e84-earth-search-sentinel-data.s3.us-west-2.amazonaws.com/sentinel-2-c1-l2a/32/T/QP/2023/4/S2B_T32TQP_20230428T101606_L2A/B03.tif"", ""blue"": ""https://e84-earth-search-sentinel-data.s3.us-west-2.amazonaws.com/sentinel-2-c1-l2a/32/T/QP/2023/4/S2B_T32TQP_20230428T101606_L2A/B02.tif"", ""visual"": ""https://e84-earth-search-sentinel-data.s3.us-west-2.amazonaws.com/sentinel-2-c1-l2a/32/T/QP/2023/4/S2B_T32TQP_20230428T101606_L2A/TCI.tif"", ""nir"": ""https://e84-earth-search-sentinel-data.s3.us-west-2.amazonaws.com/sentinel-2-c1-l2a/32/T/QP/2023/4/S2B_T32TQP_20230428T101606_L2A/B08.tif"", ""swir22"": ""https://e84-earth-search-sentinel-data.s3.us-west-2.amazonaws.com/sentinel-2-c1-l2a/32/T/QP/2023/4/S2B_T32TQP_20230428T101606_L2A/B12.tif"", ""rededge2"": ""https://e84-earth-search-sentinel-data.s3.us-west-2.amazonaws.com/sentinel-2-c1-l2a/32/T/QP/2023/4/S2B_T32TQP_20230428T101606_L2A/B06.tif"", ""rededge3"": ""https://e84-earth-search-sentinel-data.s3.us-west-2.amazonaws.com/sentinel-2-c1-l2a/32/T/QP/2023/4/S2B_T32TQP_20230428T101606_L2A/B07.tif"", ""rededge1"": ""https://e84-earth-search-sentinel-data.s3.us-west-2.amazonaws.com/sentinel-2-c1-l2a/32/T/QP/2023/4/S2B_T32TQP_20230428T101606_L2A/B05.tif"", ""swir16"": ""https://e84-earth-search-sentinel-data.s3.us-west-2.amazonaws.com/sentinel-2-c1-l2a/32/T/QP/2023/4/S2B_T32TQP_20230428T101606_L2A/B11.tif"", ""wvp"": ""https://e84-earth-search-sentinel-data.s3.us-west-2.amazonaws.com/sentinel-2-c1-l2a/32/T/QP/2023/4/S2B_T32TQP_20230428T101606_L2A/WVP.tif"", ""nir08"": ""https://e84-earth-search-sentinel-data.s3.us-west-2.amazonaws.com/sentinel-2-c1-l2a/32/T/QP/2023/4/S2B_T32TQP_20230428T101606_L2A/B8A.tif"", ""scl"": ""https://e84-earth-search-sentinel-data.s3.us-west-2.amazonaws.com/sentinel-2-c1-l2a/32/T/QP/2023/4/S2B_T32TQP_20230428T101606_L2A/SCL.tif"", ""aot"": ""https://e84-earth-search-sentinel-data.s3.us-west-2.amazonaws.com/sentinel-2-c1-l2a/32/T/QP/2023/4/S2B_T32TQP_20230428T101606_L2A/AOT.tif"", ""coastal"": ""https://e84-earth-search-sentinel-data.s3.us-west-2.amazonaws.com/sentinel-2-c1-l2a/32/T/QP/2023/4/S2B_T32TQP_20230428T101606_L2A/B01.tif"", ""nir09"": ""https://e84-earth-search-sentinel-data.s3.us-west-2.amazonaws.com/sentinel-2-c1-l2a/32/T/QP/2023/4/S2B_T32TQP_20230428T101606_L2A/B09.tif"", ""cloud"": ""https://e84-earth-search-sentinel-data.s3.us-west-2.amazonaws.com/sentinel-2-c1-l2a/32/T/QP/2023/4/S2B_T32TQP_20230428T101606_L2A/CLD_20m.tif"", ""snow"": ""https://e84-earth-search-sentinel-data.s3.us-west-2.amazonaws.com/sentinel-2-c1-l2a/32/T/QP/2023/4/S2B_T32TQP_20230428T101606_L2A/SNW_20m.tif"", ""preview"": ""https://e84-earth-search-sentinel-data.s3.us-west-2.amazonaws.com/sentinel-2-c1-l2a/32/T/QP/2023/4/S2B_T32TQP_20230428T101606_L2A/L2A_PVI.tif"", ""granule_metadata"": ""https://e84-earth-search-sentinel-data.s3.us-west-2.amazonaws.com/sentinel-2-c1-l2a/32/T/QP/2023/4/S2B_T32TQP_20230428T101606_L2A/metadata.xml"", ""tileinfo_metadata"": ""https://e84-earth-search-sentinel-data.s3.us-west-2.amazonaws.com/sentinel-2-c1-l2a/32/T/QP/2023/4/S2B_T32TQP_20230428T101606_L2A/tileInfo.json"", ""product_metadata"": ""https://e84-earth-search-sentinel-data.s3.us-west-2.amazonaws.com/sentinel-2-c1-l2a/32/T/QP/2023/4/S2B_T32TQP_20230428T101606_L2A/product_metadata.xml"", ""thumbnail"": ""https://e84-earth-search-sentinel-data.s3.us-west-2.amazonaws.com/sentinel-2-c1-l2a/32/T/QP/2023/4/S2B_T32TQP_20230428T101606_L2A/L2A_PVI.jpg""}"
S2B_T32TPP_20230428T101606_L2A,2023-04-28 10:18:44.571000+00:00,67.453432,,sentinel-2b,"{""red"": ""https://e84-earth-search-sentinel-data.s3.us-west-2.amazonaws.com/sentinel-2-c1-l2a/32/T/PP/2023/4/S2B_T32TPP_20230428T101606_L2A/B04.tif"", ""green"": ""https://e84-earth-search-sentinel-data.s3.us-west-2.amazonaws.com/sentinel-2-c1-l2a/32/T/PP/2023/4/S2B_T32TPP_20230428T101606_L2A/B03.tif"", ""blue"": ""https://e84-earth-search-sentinel-data.s3.us-west-2.amazonaws.com/sentinel-2-c1-l2a/32/T/PP/2023/4/S2B_T32TPP_20230428T101606_L2A/B02.tif"", ""visual"": ""https://e84-earth-search-sentinel-data.s3.us-west-2.amazonaws.com/sentinel-2-c1-l2a/32/T/PP/2023/4/S2B_T32TPP_20230428T101606_L2A/TCI.tif"", ""nir"": ""https://e84-earth-search-sentinel-data.s3.us-west-2.amazonaws.com/sentinel-2-c1-l2a/32/T/PP/2023/4/S2B_T32TPP_20230428T101606_L2A/B08.tif"", ""swir22"": ""https://e84-earth-search-sentinel-data.s3.us-west-2.amazonaws.com/sentinel-2-c1-l2a/32/T/PP/2023/4/S2B_T32TPP_20230428T101606_L2A/B12.tif"", ""rededge2"": ""https://e84-earth-search-sentinel-data.s3.us-west-2.amazonaws.com/sentinel-2-c1-l2a/32/T/PP/2023/4/S2B_T32TPP_20230428T101606_L2A/B06.tif"", ""rededge3"": ""https://e84-earth-search-sentinel-data.s3.us-west-2.amazonaws.com/sentinel-2-c1-l2a/32/T/PP/2023/4/S2B_T32TPP_20230428T101606_L2A/B07.tif"", ""rededge1"": ""https://e84-earth-search-sentinel-data.s3.us-west-2.amazonaws.com/sentinel-2-c1-l2a/32/T/PP/2023/4/S2B_T32TPP_20230428T101606_L2A/B05.tif"", ""swir16"": ""https://e84-earth-search-sentinel-data.s3.us-west-2.amazonaws.com/sentinel-2-c1-l2a/32/T/PP/2023/4/S2B_T32TPP_20230428T101606_L2A/B11.tif"", ""wvp"": ""https://e84-earth-search-sentinel-data.s3.us-west-2.amazonaws.com/sentinel-2-c1-l2a/32/T/PP/2023/4/S2B_T32TPP_20230428T101606_L2A/WVP.tif"", ""nir08"": ""https://e84-earth-search-sentinel-data.s3.us-west-2.amazonaws.com/sentinel-2-c1-l2a/32/T/PP/2023/4/S2B_T32TPP_20230428T101606_L2A/B8A.tif"", ""scl"": ""https://e84-earth-search-sentinel-data.s3.us-west-2.amazonaws.com/sentinel-2-c1-l2a/32/T/PP/2023/4/S2B_T32TPP_20230428T101606_L2A/SCL.tif"", ""aot"": ""https://e84-earth-search-sentinel-data.s3.us-west-2.amazonaws.com/sentinel-2-c1-l2a/32/T/PP/2023/4/S2B_T32TPP_20230428T101606_L2A/AOT.tif"", ""coastal"": ""https://e84-earth-search-sentinel-data.s3.us-west-2.amazonaws.com/sentinel-2-c1-l2a/32/T/PP/2023/4/S2B_T32TPP_20230428T101606_L2A/B01.tif"", ""nir09"": ""https://e84-earth-search-sentinel-data.s3.us-west-2.amazonaws.com/sentinel-2-c1-l2a/32/T/PP/2023/4/S2B_T32TPP_20230428T101606_L2A/B09.tif"", ""cloud"": ""https://e84-earth-search-sentinel-data.s3.us-west-2.amazonaws.com/sentinel-2-c1-l2a/32/T/PP/2023/4/S2B_T32TPP_20230428T101606_L2A/CLD_20m.tif"", ""snow"": ""https://e84-earth-search-sentinel-data.s3.us-west-2.amazonaws.com/sentinel-2-c1-l2a/32/T/PP/2023/4/S2B_T32TPP_20230428T101606_L2A/SNW_20m.tif"", ""preview"": ""https://e84-earth-search-sentinel-data.s3.us-west-2.amazonaws.com/sentinel-2-c1-l2a/32/T/PP/2023/4/S2B_T32TPP_20230428T101606_L2A/L2A_PVI.tif"", ""granule_metadata"": ""https://e84-earth-search-sentinel-data.s3.us-west-2.amazonaws.com/sentinel-2-c1-l2a/32/T/PP/2023/4/S2B_T32TPP_20230428T101606_L2A/metadata.xml"", ""tileinfo_metadata"": ""https://e84-earth-search-sentinel-data.s3.us-west-2.amazonaws.com/sentinel-2-c1-l2a/32/T/PP/2023/4/S2B_T32TPP_20230428T101606_L2A/tileInfo.json"", ""product_metadata"": ""https://e84-earth-search-sentinel-data.s3.us-west-2.amazonaws.com/sentinel-2-c1-l2a/32/T/PP/2023/4/S2B_T32TPP_20230428T101606_L2A/product_metadata.xml"", ""thumbnail"": ""https://e84-earth-search-sentinel-data.s3.us-west-2.amazonaws.com/sentinel-2-c1-l2a/32/T/PP/2023/4/S2B_T32TPP_20230428T101606_L2A/L2A_PVI.jpg""}"
S2A_T32TQQ_20230430T100815_L2A,2023-04-30 10:08:28.530000+00:00,49.26894,,sentinel-2a,"{""red"": ""https://e84-earth-search-sentinel-data.s3.us-west-2.amazonaws.com/sentinel-2-c1-l2a/32/T/QQ/2023/4/S2A_T32TQQ_20230430T100815_L2A/B04.tif"", ""green"": ""https://e84-earth-search-sentinel-data.s3.us-west-2.amazonaws.com/sentinel-2-c1-l2a/32/T/QQ/2023/4/S2A_T32TQQ_20230430T100815_L2A/B03.tif"", ""blue"": ""https://e84-earth-search-sentinel-data.s3.us-west-2.amazonaws.com/sentinel-2-c1-l2a/32/T/QQ/2023/4/S2A_T32TQQ_20230430T100815_L2A/B02.tif"", ""visual"": ""https://e84-earth-search-sentinel-data.s3.us-west-2.amazonaws.com/sentinel-2-c1-l2a/32/T/QQ/2023/4/S2A_T32TQQ_20230430T100815_L2A/TCI.tif"", ""nir"": ""https://e84-earth-search-sentinel-data.s3.us-west-2.amazonaws.com/sentinel-2-c1-l2a/32/T/QQ/2023/4/S2A_T32TQQ_20230430T100815_L2A/B08.tif"", ""swir22"": ""https://e84-earth-search-sentinel-data.s3.us-west-2.amazonaws.com/sentinel-2-c1-l2a/32/T/QQ/2023/4/S2A_T32TQQ_20230430T100815_L2A/B12.tif"", ""rededge2"": ""https://e84-earth-search-sentinel-data.s3.us-west-2.amazonaws.com/sentinel-2-c1-l2a/32/T/QQ/2023/4/S2A_T32TQQ_20230430T100815_L2A/B06.tif"", ""rededge3"": ""https://e84-earth-search-sentinel-data.s3.us-west-2.amazonaws.com/sentinel-2-c1-l2a/32/T/QQ/2023/4/S2A_T32TQQ_20230430T100815_L2A/B07.tif"", ""rededge1"": ""https://e84-earth-search-sentinel-data.s3.us-west-2.amazonaws.com/sentinel-2-c1-l2a/32/T/QQ/2023/4/S2A_T32TQQ_20230430T100815_L2A/B05.tif"", ""swir16"": ""https://e84-earth-search-sentinel-data.s3.us-west-2.amazonaws.com/sentinel-2-c1-l2a/32/T/QQ/2023/4/S2A_T32TQQ_20230430T100815_L2A/B11.tif"", ""wvp"": ""https://e84-earth-search-sentinel-data.s3.us-west-2.amazonaws.com/sentinel-2-c1-l2a/32/T/QQ/2023/4/S2A_T32TQQ_20230430T100815_L2A/WVP.tif"", ""nir08"": ""https://e84-earth-search-sentinel-data.s3.us-west-2.amazonaws.com/sentinel-2-c1-l2a/32/T/QQ/2023/4/S2A_T32TQQ_20230430T100815_L2A/B8A.tif"", ""scl"": ""https://e84-earth-search-sentinel-data.s3.us-west-2.amazonaws.com/sentinel-2-c1-l2a/32/T/QQ/2023/4/S2A_T32TQQ_20230430T100815_L2A/SCL.tif"", ""aot"": ""https://e84-earth-search-sentinel-data.s3.us-west-2.amazonaws.com/sentinel-2-c1-l2a/32/T/QQ/2023/4/S2A_T32TQQ_20230430T100815_L2A/AOT.tif"", ""coastal"": ""https://e84-earth-search-sentinel-data.s3.us-west-2.amazonaws.com/sentinel-2-c1-l2a/32/T/QQ/2023/4/S2A_T32TQQ_20230430T100815_L2A/B01.tif"", ""nir09"": ""https://e84-earth-search-sentinel-data.s3.us-west-2.amazonaws.com/sentinel-2-c1-l2a/32/T/QQ/2023/4/S2A_T32TQQ_20230430T100815_L2A/B09.tif"", ""cloud"": ""https://e84-earth-search-sentinel-data.s3.us-west-2.amazonaws.com/sentinel-2-c1-l2a/32/T/QQ/2023/4/S2A_T32TQQ_20230430T100815_L2A/CLD_20m.tif"", ""snow"": ""https://e84-earth-search-sentinel-data.s3.us-west-2.amazonaws.com/sentinel-2-c1-l2a/32/T/QQ/2023/4/S2A_T32TQQ_20230430T100815_L2A/SNW_20m.tif"", ""preview"": ""https://e84-earth-search-sentinel-data.s3.us-west-2.amazonaws.com/sentinel-2-c1-l2a/32/T/QQ/2023/4/S2A_T32TQQ_20230430T100815_L2A/L2A_PVI.tif"", ""granule_metadata"": ""https://e84-earth-search-sentinel-data.s3.us-west-2.amazonaws.com/sentinel-2-c1-l2a/32/T/QQ/2023/4/S2A_T32TQQ_20230430T100815_L2A/metadata.xml"", ""tileinfo_metadata"": ""https://e84-earth-search-sentinel-data.s3.us-west-2.amazonaws.com/sentinel-2-c1-l2a/32/T/QQ/2023/4/S2A_T32TQQ_20230430T100815_L2A/tileInfo.json"", ""product_metadata"": ""https://e84-earth-search-sentinel-data.s3.us-west-2.amazonaws.com/sentinel-2-c1-l2a/32/T/QQ/2023/4/S2A_T32TQQ_20230430T100815_L2A/product_metadata.xml"", ""thumbnail"": ""https://e84-earth-search-sentinel-data.s3.us-west-2.amazonaws.com/sentinel-2-c1-l2a/32/T/QQ/2023/4/S2A_T32TQQ_20230430T100815_L2A/L2A_PVI.jpg""}"
S2A_T32TPP_20230503T101520_L2A,2023-05-03 10:18:43.249000+00:00,45.249826,,sentinel-2a,"{""red"": ""https://e84-earth-search-sentinel-data.s3.us-west-2.amazonaws.com/sentinel-2-c1-l2a/32/T/PP/2023/5/S2A_T32TPP_20230503T101520_L2A/B04.tif"", ""green"": ""https://e84-earth-search-sentinel-data.s3.us-west-2.amazonaws.com/sentinel-2-c1-l2a/32/T/PP/2023/5/S2A_T32TPP_20230503T101520_L2A/B03.tif"", ""blue"": ""https://e84-earth-search-sentinel-data.s3.us-west-2.amazonaws.com/sentinel-2-c1-l2a/32/T/PP/2023/5/S2A_T32TPP_20230503T101520_L2A/B02.tif"", ""visual"": ""https://e84-earth-search-sentinel-data.s3.us-west-2.amazonaws.com/sentinel-2-c1-l2a/32/T/PP/2023/5/S2A_T32TPP_20230503T101520_L2A/TCI.tif"", ""nir"": ""https://e84-earth-search-sentinel-data.s3.us-west-2.amazonaws.com/sentinel-2-c1-l2a/32/T/PP/2023/5/S2A_T32TPP_20230503T101520_L2A/B08.tif"", ""swir22"": ""https://e84-earth-search-sentinel-data.s3.us-west-2.amazonaws.com/sentinel-2-c1-l2a/32/T/PP/2023/5/S2A_T32TPP_20230503T101520_L2A/B12.tif"", ""rededge2"": ""https://e84-earth-search-sentinel-data.s3.us-west-2.amazonaws.com/sentinel-2-c1-l2a/32/T/PP/2023/5/S2A_T32TPP_20230503T101520_L2A/B06.tif"", ""rededge3"": ""https://e84-earth-search-sentinel-data.s3.us-west-2.amazonaws.com/sentinel-2-c1-l2a/32/T/PP/2023/5/S2A_T32TPP_20230503T101520_L2A/B07.tif"", ""rededge1"": ""https://e84-earth-search-sentinel-data.s3.us-west-2.amazonaws.com/sentinel-2-c1-l2a/32/T/PP/2023/5/S2A_T32TPP_20230503T101520_L2A/B05.tif"", ""swir16"": ""https://e84-earth-search-sentinel-data.s3.us-west-2.amazonaws.com/sentinel-2-c1-l2a/32/T/PP/2023/5/S2A_T32TPP_20230503T101520_L2A/B11.tif"", ""wvp"": ""https://e84-earth-search-sentinel-data.s3.us-west-2.amazonaws.com/sentinel-2-c1-l2a/32/T/PP/2023/5/S2A_T32TPP_20230503T101520_L2A/WVP.tif"", ""nir08"": ""https://e84-earth-search-sentinel-data.s3.us-west-2.amazonaws.com/sentinel-2-c1-l2a/32/T/PP/2023/5/S2A_T32TPP_20230503T101520_L2A/B8A.tif"", ""scl"": ""https://e84-earth-search-sentinel-data.s3.us-west-2.amazonaws.com/sentinel-2-c1-l2a/32/T/PP/2023/5/S2A_T32TPP_20230503T101520_L2A/SCL.tif"", ""aot"": ""https://e84-earth-search-sentinel-data.s3.us-west-2.amazonaws.com/sentinel-2-c1-l2a/32/T/PP/2023/5/S2A_T32TPP_20230503T101520_L2A/AOT.tif"", ""coastal"": ""https://e84-earth-search-sentinel-data.s3.us-west-2.amazonaws.com/sentinel-2-c1-l2a/32/T/PP/2023/5/S2A_T32TPP_20230503T101520_L2A/B01.tif"", ""nir09"": ""https://e84-earth-search-sentinel-data.s3.us-west-2.amazonaws.com/sentinel-2-c1-l2a/32/T/PP/2023/5/S2A_T32TPP_20230503T101520_L2A/B09.tif"", ""cloud"": ""https://e84-earth-search-sentinel-data.s3.us-west-2.amazonaws.com/sentinel-2-c1-l2a/32/T/PP/2023/5/S2A_T32TPP_20230503T101520_L2A/CLD_20m.tif"", ""snow"": ""https://e84-earth-search-sentinel-data.s3.us-west-2.amazonaws.com/sentinel-2-c1-l2a/32/T/PP/2023/5/S2A_T32TPP_20230503T101520_L2A/SNW_20m.tif"", ""preview"": ""https://e84-earth-search-sentinel-data.s3.us-west-2.amazonaws.com/sentinel-2-c1-l2a/32/T/PP/2023/5/S2A_T32TPP_20230503T101520_L2A/L2A_PVI.tif"", ""granule_metadata"": ""https://e84-earth-search-sentinel-data.s3.us-west-2.amazonaws.com/sentinel-2-c1-l2a/32/T/PP/2023/5/S2A_T32TPP_20230503T101520_L2A/metadata.xml"", ""tileinfo_metadata"": ""https://e84-earth-search-sentinel-data.s3.us-west-2.amazonaws.com/sentinel-2-c1-l2a/32/T/PP/2023/5/S2A_T32TPP_20230503T101520_L2A/tileInfo.json"", ""product_metadata"": ""https://e84-earth-search-sentinel-data.s3.us-west-2.amazonaws.com/sentinel-2-c1-l2a/32/T/PP/2023/5/S2A_T32TPP_20230503T101520_L2A/product_metadata.xml"", ""thumbnail"": ""https://e84-earth-search-sentinel-data.s3.us-west-2.amazonaws.com/sentinel-2-c1-l2a/32/T/PP/2023/5/S2A_T32TPP_20230503T101520_L2A/L2A_PVI.jpg""}"
S2B_T32TQQ_20230505T100612_L2A,2023-05-05 10:08:30.741000+00:00,2.199921,,sentinel-2b,"{""red"": ""https://e84-earth-search-sentinel-data.s3.us-west-2.amazonaws.com/sentinel-2-c1-l2a/32/T/QQ/2023/5/S2B_T32TQQ_20230505T100612_L2A/B04.tif"", ""green"": ""https://e84-earth-search-sentinel-data.s3.us-west-2.amazonaws.com/sentinel-2-c1-l2a/32/T/QQ/2023/5/S2B_T32TQQ_20230505T100612_L2A/B03.tif"", ""blue"": ""https://e84-earth-search-sentinel-data.s3.us-west-2.amazonaws.com/sentinel-2-c1-l2a/32/T/QQ/2023/5/S2B_T32TQQ_20230505T100612_L2A/B02.tif"", ""visual"": ""https://e84-earth-search-sentinel-data.s3.us-west-2.amazonaws.com/sentinel-2-c1-l2a/32/T/QQ/2023/5/S2B_T32TQQ_20230505T100612_L2A/TCI.tif"", ""nir"": ""https://e84-earth-search-sentinel-data.s3.us-west-2.amazonaws.com/sentinel-2-c1-l2a/32/T/QQ/2023/5/S2B_T32TQQ_20230505T100612_L2A/B08.tif"", ""swir22"": ""https://e84-earth-search-sentinel-data.s3.us-west-2.amazonaws.com/sentinel-2-c1-l2a/32/T/QQ/2023/5/S2B_T32TQQ_20230505T100612_L2A/B12.tif"", ""rededge2"": ""https://e84-earth-search-sentinel-data.s3.us-west-2.amazonaws.com/sentinel-2-c1-l2a/32/T/QQ/2023/5/S2B_T32TQQ_20230505T100612_L2A/B06.tif"", ""rededge3"": ""https://e84-earth-search-sentinel-data.s3.us-west-2.amazonaws.com/sentinel-2-c1-l2a/32/T/QQ/2023/5/S2B_T32TQQ_20230505T100612_L2A/B07.tif"", ""rededge1"": ""https://e84-earth-search-sentinel-data.s3.us-west-2.amazonaws.com/sentinel-2-c1-l2a/32/T/QQ/2023/5/S2B_T32TQQ_20230505T100612_L2A/B05.tif"", ""swir16"": ""https://e84-earth-search-sentinel-data.s3.us-west-2.amazonaws.com/sentinel-2-c1-l2a/32/T/QQ/2023/5/S2B_T32TQQ_20230505T100612_L2A/B11.tif"", ""wvp"": ""https://e84-earth-search-sentinel-data.s3.us-west-2.amazonaws.com/sentinel-2-c1-l2a/32/T/QQ/2023/5/S2B_T32TQQ_20230505T100612_L2A/WVP.tif"", ""nir08"": ""https://e84-earth-search-sentinel-data.s3.us-west-2.amazonaws.com/sentinel-2-c1-l2a/32/T/QQ/2023/5/S2B_T32TQQ_20230505T100612_L2A/B8A.tif"", ""scl"": ""https://e84-earth-search-sentinel-data.s3.us-west-2.amazonaws.com/sentinel-2-c1-l2a/32/T/QQ/2023/5/S2B_T32TQQ_20230505T100612_L2A/SCL.tif"", ""aot"": ""https://e84-earth-search-sentinel-data.s3.us-west-2.amazonaws.com/sentinel-2-c1-l2a/32/T/QQ/2023/5/S2B_T32TQQ_20230505T100612_L2A/AOT.tif"", ""coastal"": ""https://e84-earth-search-sentinel-data.s3.us-west-2.amazonaws.com/sentinel-2-c1-l2a/32/T/QQ/2023/5/S2B_T32TQQ_20230505T100612_L2A/B01.tif"", ""nir09"": ""https://e84-earth-search-sentinel-data.s3.us-west-2.amazonaws.com/sentinel-2-c1-l2a/32/T/QQ/2023/5/S2B_T32TQQ_20230505T100612_L2A/B09.tif"", ""cloud"": ""https://e84-earth-search-sentinel-data.s3.us-west-2.amazonaws.com/sentinel-2-c1-l2a/32/T/QQ/2023/5/S2B_T32TQQ_20230505T100612_L2A/CLD_20m.tif"", ""snow"": ""https://e84-earth-search-sentinel-data.s3.us-west-2.amazonaws.com/sentinel-2-c1-l2a/32/T/QQ/2023/5/S2B_T32TQQ_20230505T100612_L2A/SNW_20m.tif"", ""preview"": ""https://e84-earth-search-sentinel-data.s3.us-west-2.amazonaws.com/sentinel-2-c1-l2a/32/T/QQ/2023/5/S2B_T32TQQ_20230505T100612_L2A/L2A_PVI.tif"", ""granule_metadata"": ""https://e84-earth-search-sentinel-data.s3.us-west-2.amazonaws.com/sentinel-2-c1-l2a/32/T/QQ/2023/5/S2B_T32TQQ_20230505T100612_L2A/metadata.xml"", ""tileinfo_metadata"": ""https://e84-earth-search-sentinel-data.s3.us-west-2.amazonaws.com/sentinel-2-c1-l2a/32/T/QQ/2023/5/S2B_T32TQQ_20230505T100612_L2A/tileInfo.json"", ""product_metadata"": ""https://e84-earth-search-sentinel-data.s3.us-west-2.amazonaws.com/sentinel-2-c1-l2a/32/T/QQ/2023/5/S2B_T32TQQ_20230505T100612_L2A/product_metadata.xml"", ""thumbnail"": ""https://e84-earth-search-sentinel-data.s3.us-west-2.amazonaws.com/sentinel-2-c1-l2a/32/T/QQ/2023/5/S2B_T32TQQ_20230505T100612_L2A/L2A_PVI.jpg""}"
S2B_T32TQP_20230505T100612_L2A,2023-05-05 10:08:45.466000+00:00,34.269342,,sentinel-2b,"{""red"": ""https://e84-earth-search-sentinel-data.s3.us-west-2.amazonaws.com/sentinel-2-c1-l2a/32/T/QP/2023/5/S2B_T32TQP_20230505T100612_L2A/B04.tif"", ""green"": ""https://e84-earth-search-sentinel-data.s3.us-west-2.amazonaws.com/sentinel-2-c1-l2a/32/T/QP/2023/5/S2B_T32TQP_20230505T100612_L2A/B03.tif"", ""blue"": ""https://e84-earth-search-sentinel-data.s3.us-west-2.amazonaws.com/sentinel-2-c1-l2a/32/T/QP/2023/5/S2B_T32TQP_20230505T100612_L2A/B02.tif"", ""visual"": ""https://e84-earth-search-sentinel-data.s3.us-west-2.amazonaws.com/sentinel-2-c1-l2a/32/T/QP/2023/5/S2B_T32TQP_20230505T100612_L2A/TCI.tif"", ""nir"": ""https://e84-earth-search-sentinel-data.s3.us-west-2.amazonaws.com/sentinel-2-c1-l2a/32/T/QP/2023/5/S2B_T32TQP_20230505T100612_L2A/B08.tif"", ""swir22"": ""https://e84-earth-search-sentinel-data.s3.us-west-2.amazonaws.com/sentinel-2-c1-l2a/32/T/QP/2023/5/S2B_T32TQP_20230505T100612_L2A/B12.tif"", ""rededge2"": ""https://e84-earth-search-sentinel-data.s3.us-west-2.amazonaws.com/sentinel-2-c1-l2a/32/T/QP/2023/5/S2B_T32TQP_20230505T100612_L2A/B06.tif"", ""rededge3"": ""https://e84-earth-search-sentinel-data.s3.us-west-2.amazonaws.com/sentinel-2-c1-l2a/32/T/QP/2023/5/S2B_T32TQP_20230505T100612_L2A/B07.tif"", ""rededge1"": ""https://e84-earth-search-sentinel-data.s3.us-west-2.amazonaws.com/sentinel-2-c1-l2a/32/T/QP/2023/5/S2B_T32TQP_20230505T100612_L2A/B05.tif"", ""swir16"": ""https://e84-earth-search-sentinel-data.s3.us-west-2.amazonaws.com/sentinel-2-c1-l2a/32/T/QP/2023/5/S2B_T32TQP_20230505T100612_L2A/B11.tif"", ""wvp"": ""https://e84-earth-search-sentinel-data.s3.us-west-2.amazonaws.com/sentinel-2-c1-l2a/32/T/QP/2023/5/S2B_T32TQP_20230505T100612_L2A/WVP.tif"", ""nir08"": ""https://e84-earth-search-sentinel-data.s3.us-west-2.amazonaws.com/sentinel-2-c1-l2a/32/T/QP/2023/5/S2B_T32TQP_20230505T100612_L2A/B8A.tif"", ""scl"": ""https://e84-earth-search-sentinel-data.s3.us-west-2.amazonaws.com/sentinel-2-c1-l2a/32/T/QP/2023/5/S2B_T32TQP_20230505T100612_L2A/SCL.tif"", ""aot"": ""https://e84-earth-search-sentinel-data.s3.us-west-2.amazonaws.com/sentinel-2-c1-l2a/32/T/QP/2023/5/S2B_T32TQP_20230505T100612_L2A/AOT.tif"", ""coastal"": ""https://e84-earth-search-sentinel-data.s3.us-west-2.amazonaws.com/sentinel-2-c1-l2a/32/T/QP/2023/5/S2B_T32TQP_20230505T100612_L2A/B01.tif"", ""nir09"": ""https://e84-earth-search-sentinel-data.s3.us-west-2.amazonaws.com/sentinel-2-c1-l2a/32/T/QP/2023/5/S2B_T32TQP_20230505T100612_L2A/B09.tif"", ""cloud"": ""https://e84-earth-search-sentinel-data.s3.us-west-2.amazonaws.com/sentinel-2-c1-l2a/32/T/QP/2023/5/S2B_T32TQP_20230505T100612_L2A/CLD_20m.tif"", ""snow"": ""https://e84-earth-search-sentinel-data.s3.us-west-2.amazonaws.com/sentinel-2-c1-l2a/32/T/QP/2023/5/S2B_T32TQP_20230505T100612_L2A/SNW_20m.tif"", ""preview"": ""https://e84-earth-search-sentinel-data.s3.us-west-2.amazonaws.com/sentinel-2-c1-l2a/32/T/QP/2023/5/S2B_T32TQP_20230505T100612_L2A/L2A_PVI.tif"", ""granule_metadata"": ""https://e84-earth-search-sentinel-data.s3.us-west-2.amazonaws.com/sentinel-2-c1-l2a/32/T/QP/2023/5/S2B_T32TQP_20230505T100612_L2A/metadata.xml"", ""tileinfo_metadata"": ""https://e84-earth-search-sentinel-data.s3.us-west-2.amazonaws.com/sentinel-2-c1-l2a/32/T/QP/2023/5/S2B_T32TQP_20230505T100612_L2A/tileInfo.json"", ""product_metadata"": ""https://e84-earth-search-sentinel-data.s3.us-west-2.amazonaws.com/sentinel-2-c1-l2a/32/T/QP/2023/5/S2B_T32TQP_20230505T100612_L2A/product_metadata.xml"", ""thumbnail"": ""https://e84-earth-search-sentinel-data.s3.us-west-2.amazonaws.com/sentinel-2-c1-l2a/32/T/QP/2023/5/S2B_T32TQP_20230505T100612_L2A/L2A_PVI.jpg""}"
S2A_T32TPQ_20230513T100843_L2A,2023-05-13 10:18:28.368000+00:00,65.712243,,sentinel-2a,"{""red"": ""https://e84-earth-search-sentinel-data.s3.us-west-2.amazonaws.com/sentinel-2-c1-l2a/32/T/PQ/2023/5/S2A_T32TPQ_20230513T100843_L2A/B04.tif"", ""green"": ""https://e84-earth-search-sentinel-data.s3.us-west-2.amazonaws.com/sentinel-2-c1-l2a/32/T/PQ/2023/5/S2A_T32TPQ_20230513T100843_L2A/B03.tif"", ""blue"": ""https://e84-earth-search-sentinel-data.s3.us-west-2.amazonaws.com/sentinel-2-c1-l2a/32/T/PQ/2023/5/S2A_T32TPQ_20230513T100843_L2A/B02.tif"", ""visual"": ""https://e84-earth-search-sentinel-data.s3.us-west-2.amazonaws.com/sentinel-2-c1-l2a/32/T/PQ/2023/5/S2A_T32TPQ_20230513T100843_L2A/TCI.tif"", ""nir"": ""https://e84-earth-search-sentinel-data.s3.us-west-2.amazonaws.com/sentinel-2-c1-l2a/32/T/PQ/2023/5/S2A_T32TPQ_20230513T100843_L2A/B08.tif"", ""swir22"": ""https://e84-earth-search-sentinel-data.s3.us-west-2.amazonaws.com/sentinel-2-c1-l2a/32/T/PQ/2023/5/S2A_T32TPQ_20230513T100843_L2A/B12.tif"", ""rededge2"": ""https://e84-earth-search-sentinel-data.s3.us-west-2.amazonaws.com/sentinel-2-c1-l2a/32/T/PQ/2023/5/S2A_T32TPQ_20230513T100843_L2A/B06.tif"", ""rededge3"": ""https://e84-earth-search-sentinel-data.s3.us-west-2.amazonaws.com/sentinel-2-c1-l2a/32/T/PQ/2023/5/S2A_T32TPQ_20230513T100843_L2A/B07.tif"", ""rededge1"": ""https://e84-earth-search-sentinel-data.s3.us-west-2.amazonaws.com/sentinel-2-c1-l2a/32/T/PQ/2023/5/S2A_T32TPQ_20230513T100843_L2A/B05.tif"", ""swir16"": ""https://e84-earth-search-sentinel-data.s3.us-west-2.amazonaws.com/sentinel-2-c1-l2a/32/T/PQ/2023/5/S2A_T32TPQ_20230513T100843_L2A/B11.tif"", ""wvp"": ""https://e84-earth-search-sentinel-data.s3.us-west-2.amazonaws.com/sentinel-2-c1-l2a/32/T/PQ/2023/5/S2A_T32TPQ_20230513T100843_L2A/WVP.tif"", ""nir08"": ""https://e84-earth-search-sentinel-data.s3.us-west-2.amazonaws.com/sentinel-2-c1-l2a/32/T/PQ/2023/5/S2A_T32TPQ_20230513T100843_L2A/B8A.tif"", ""scl"": ""https://e84-earth-search-sentinel-data.s3.us-west-2.amazonaws.com/sentinel-2-c1-l2a/32/T/PQ/2023/5/S2A_T32TPQ_20230513T100843_L2A/SCL.tif"", ""aot"": ""https://e84-earth-search-sentinel-data.s3.us-west-2.amazonaws.com/sentinel-2-c1-l2a/32/T/PQ/2023/5/S2A_T32TPQ_20230513T100843_L2A/AOT.tif"", ""coastal"": ""https://e84-earth-search-sentinel-data.s3.us-west-2.amazonaws.com/sentinel-2-c1-l2a/32/T/PQ/2023/5/S2A_T32TPQ_20230513T100843_L2A/B01.tif"", ""nir09"": ""https://e84-earth-search-sentinel-data.s3.us-west-2.amazonaws.com/sentinel-2-c1-l2a/32/T/PQ/2023/5/S2A_T32TPQ_20230513T100843_L2A/B09.tif"", ""cloud"": ""https://e84-earth-search-sentinel-data.s3.us-west-2.amazonaws.com/sentinel-2-c1-l2a/32/T/PQ/2023/5/S2A_T32TPQ_20230513T100843_L2A/CLD_20m.tif"", ""snow"": ""https://e84-earth-search-sentinel-data.s3.us-west-2.amazonaws.com/sentinel-2-c1-l2a/32/T/PQ/2023/5/S2A_T32TPQ_20230513T100843_L2A/SNW_20m.tif"", ""preview"": ""https://e84-earth-search-sentinel-data.s3.us-west-2.amazonaws.com/sentinel-2-c1-l2a/32/T/PQ/2023/5/S2A_T32TPQ_20230513T100843_L2A/L2A_PVI.tif"", ""granule_metadata"": ""https://e84-earth-search-sentinel-data.s3.us-west-2.amazonaws.com/sentinel-2-c1-l2a/32/T/PQ/2023/5/S2A_T32TPQ_20230513T100843_L2A/metadata.xml"", ""tileinfo_metadata"": ""https://e84-earth-search-sentinel-data.s3.us-west-2.amazonaws.com/sentinel-2-c1-l2a/32/T/PQ/2023/5/S2A_T32TPQ_20230513T100843_L2A/tileInfo.json"", ""product_metadata"": ""https://e84-earth-search-sentinel-data.s3.us-west-2.amazonaws.com/sentinel-2-c1-l2a/32/T/PQ/2023/5/S2A_T32TPQ_20230513T100843_L2A/product_metadata.xml"", ""thumbnail"": ""https://e84-earth-search-sentinel-data.s3.us-west-2.amazonaws.com/sentinel-2-c1-l2a/32/T/PQ/2023/5/S2A_T32TPQ_20230513T100843_L2A/L2A_PVI.jpg""}"
S2B_T32TQQ_20230515T095746_L2A,2023-05-15 10:08:32.092000+00:00,37.880272,,sentinel-2b,"{""red"": ""https://e84-earth-search-sentinel-data.s3.us-west-2.amazonaws.com/sentinel-2-c1-l2a/32/T/QQ/2023/5/S2B_T32TQQ_20230515T095746_L2A/B04.tif"", ""green"": ""https://e84-earth-search-sentinel-data.s3.us-west-2.amazonaws.com/sentinel-2-c1-l2a/32/T/QQ/2023/5/S2B_T32TQQ_20230515T095746_L2A/B03.tif"", ""blue"": ""https://e84-earth-search-sentinel-data.s3.us-west-2.amazonaws.com/sentinel-2-c1-l2a/32/T/QQ/2023/5/S2B_T32TQQ_20230515T095746_L2A/B02.tif"", ""visual"": ""https://e84-earth-search-sentinel-data.s3.us-west-2.amazonaws.com/sentinel-2-c1-l2a/32/T/QQ/2023/5/S2B_T32TQQ_20230515T095746_L2A/TCI.tif"", ""nir"": ""https://e84-earth-search-sentinel-data.s3.us-west-2.amazonaws.com/sentinel-2-c1-l2a/32/T/QQ/2023/5/S2B_T32TQQ_20230515T095746_L2A/B08.tif"", ""swir22"": ""https://e84-earth-search-sentinel-data.s3.us-west-2.amazonaws.com/sentinel-2-c1-l2a/32/T/QQ/2023/5/S2B_T32TQQ_20230515T095746_L2A/B12.tif"", ""rededge2"": ""https://e84-earth-search-sentinel-data.s3.us-west-2.amazonaws.com/sentinel-2-c1-l2a/32/T/QQ/2023/5/S2B_T32TQQ_20230515T095746_L2A/B06.tif"", ""rededge3"": ""https://e84-earth-search-sentinel-data.s3.us-west-2.amazonaws.com/sentinel-2-c1-l2a/32/T/QQ/2023/5/S2B_T32TQQ_20230515T095746_L2A/B07.tif"", ""rededge1"": ""https://e84-earth-search-sentinel-data.s3.us-west-2.amazonaws.com/sentinel-2-c1-l2a/32/T/QQ/2023/5/S2B_T32TQQ_20230515T095746_L2A/B05.tif"", ""swir16"": ""https://e84-earth-search-sentinel-data.s3.us-west-2.amazonaws.com/sentinel-2-c1-l2a/32/T/QQ/2023/5/S2B_T32TQQ_20230515T095746_L2A/B11.tif"", ""wvp"": ""https://e84-earth-search-sentinel-data.s3.us-west-2.amazonaws.com/sentinel-2-c1-l2a/32/T/QQ/2023/5/S2B_T32TQQ_20230515T095746_L2A/WVP.tif"", ""nir08"": ""https://e84-earth-search-sentinel-data.s3.us-west-2.amazonaws.com/sentinel-2-c1-l2a/32/T/QQ/2023/5/S2B_T32TQQ_20230515T095746_L2A/B8A.tif"", ""scl"": ""https://e84-earth-search-sentinel-data.s3.us-west-2.amazonaws.com/sentinel-2-c1-l2a/32/T/QQ/2023/5/S2B_T32TQQ_20230515T095746_L2A/SCL.tif"", ""aot"": ""https://e84-earth-search-sentinel-data.s3.us-west-2.amazonaws.com/sentinel-2-c1-l2a/32/T/QQ/2023/5/S2B_T32TQQ_20230515T095746_L2A/AOT.tif"", ""coastal"": ""https://e84-earth-search-sentinel-data.s3.us-west-2.amazonaws.com/sentinel-2-c1-l2a/32/T/QQ/2023/5/S2B_T32TQQ_20230515T095746_L2A/B01.tif"", ""nir09"": ""https://e84-earth-search-sentinel-data.s3.us-west-2.amazonaws.com/sentinel-2-c1-l2a/32/T/QQ/2023/5/S2B_T32TQQ_20230515T095746_L2A/B09.tif"", ""cloud"": ""https://e84-earth-search-sentinel-data.s3.us-west-2.amazonaws.com/sentinel-2-c1-l2a/32/T/QQ/2023/5/S2B_T32TQQ_20230515T095746_L2A/CLD_20m.tif"", ""snow"": ""https://e84-earth-search-sentinel-data.s3.us-west-2.amazonaws.com/sentinel-2-c1-l2a/32/T/QQ/2023/5/S2B_T32TQQ_20230515T095746_L2A/SNW_20m.tif"", ""preview"": ""https://e84-earth-search-sentinel-data.s3.us-west-2.amazonaws.com/sentinel-2-c1-l2a/32/T/QQ/2023/5/S2B_T32TQQ_20230515T095746_L2A/L2A_PVI.tif"", ""granule_metadata"": ""https://e84-earth-search-sentinel-data.s3.us-west-2.amazonaws.com/sentinel-2-c1-l2a/32/T/QQ/2023/5/S2B_T32TQQ_20230515T095746_L2A/metadata.xml"", ""tileinfo_metadata"": ""https://e84-earth-search-sentinel-data.s3.us-west-2.amazonaws.com/sentinel-2-c1-l2a/32/T/QQ/2023/5/S2B_T32TQQ_20230515T095746_L2A/tileInfo.json"", ""product_metadata"": ""https://e84-earth-search-sentinel-data.s3.us-west-2.amazonaws.com/sentinel-2-c1-l2a/32/T/QQ/2023/5/S2B_T32TQQ_20230515T095746_L2A/product_metadata.xml"", ""thumbnail"": ""https://e84-earth-search-sentinel-data.s3.us-west-2.amazonaws.com/sentinel-2-c1-l2a/32/T/QQ/2023/5/S2B_T32TQQ_20230515T095746_L2A/L2A_PVI.jpg""}"
S2A_T32TQQ_20230523T100828_L2A,2023-05-23 10:18:28.166000+00:00,8.439461,,sentinel-2a,"{""red"": ""https://e84-earth-search-sentinel-data.s3.us-west-2.amazonaws.com/sentinel-2-c1-l2a/32/T/QQ/2023/5/S2A_T32TQQ_20230523T100828_L2A/B04.tif"", ""green"": ""https://e84-earth-search-sentinel-data.s3.us-west-2.amazonaws.com/sentinel-2-c1-l2a/32/T/QQ/2023/5/S2A_T32TQQ_20230523T100828_L2A/B03.tif"", ""blue"": ""https://e84-earth-search-sentinel-data.s3.us-west-2.amazonaws.com/sentinel-2-c1-l2a/32/T/QQ/2023/5/S2A_T32TQQ_20230523T100828_L2A/B02.tif"", ""visual"": ""https://e84-earth-search-sentinel-data.s3.us-west-2.amazonaws.com/sentinel-2-c1-l2a/32/T/QQ/2023/5/S2A_T32TQQ_20230523T100828_L2A/TCI.tif"", ""nir"": ""https://e84-earth-search-sentinel-data.s3.us-west-2.amazonaws.com/sentinel-2-c1-l2a/32/T/QQ/2023/5/S2A_T32TQQ_20230523T100828_L2A/B08.tif"", ""swir22"": ""https://e84-earth-search-sentinel-data.s3.us-west-2.amazonaws.com/sentinel-2-c1-l2a/32/T/QQ/2023/5/S2A_T32TQQ_20230523T100828_L2A/B12.tif"", ""rededge2"": ""https://e84-earth-search-sentinel-data.s3.us-west-2.amazonaws.com/sentinel-2-c1-l2a/32/T/QQ/2023/5/S2A_T32TQQ_20230523T100828_L2A/B06.tif"", ""rededge3"": ""https://e84-earth-search-sentinel-data.s3.us-west-2.amazonaws.com/sentinel-2-c1-l2a/32/T/QQ/2023/5/S2A_T32TQQ_20230523T100828_L2A/B07.tif"", ""rededge1"": ""https://e84-earth-search-sentinel-data.s3.us-west-2.amazonaws.com/sentinel-2-c1-l2a/32/T/QQ/2023/5/S2A_T32TQQ_20230523T100828_L2A/B05.tif"", ""swir16"": ""https://e84-earth-search-sentinel-data.s3.us-west-2.amazonaws.com/sentinel-2-c1-l2a/32/T/QQ/2023/5/S2A_T32TQQ_20230523T100828_L2A/B11.tif"", ""wvp"": ""https://e84-earth-search-sentinel-data.s3.us-west-2.amazonaws.com/sentinel-2-c1-l2a/32/T/QQ/2023/5/S2A_T32TQQ_20230523T100828_L2A/WVP.tif"", ""nir08"": ""https://e84-earth-search-sentinel-data.s3.us-west-2.amazonaws.com/sentinel-2-c1-l2a/32/T/QQ/2023/5/S2A_T32TQQ_20230523T100828_L2A/B8A.tif"", ""scl"": ""https://e84-earth-search-sentinel-data.s3.us-west-2.amazonaws.com/sentinel-2-c1-l2a/32/T/QQ/2023/5/S2A_T32TQQ_20230523T100828_L2A/SCL.tif"", ""aot"": ""https://e84-earth-search-sentinel-data.s3.us-west-2.amazonaws.com/sentinel-2-c1-l2a/32/T/QQ/2023/5/S2A_T32TQQ_20230523T100828_L2A/AOT.tif"", ""coastal"": ""https://e84-earth-search-sentinel-data.s3.us-west-2.amazonaws.com/sentinel-2-c1-l2a/32/T/QQ/2023/5/S2A_T32TQQ_20230523T100828_L2A/B01.tif"", ""nir09"": ""https://e84-earth-search-sentinel-data.s3.us-west-2.amazonaws.com/sentinel-2-c1-l2a/32/T/QQ/2023/5/S2A_T32TQQ_20230523T100828_L2A/B09.tif"", ""cloud"": ""https://e84-earth-search-sentinel-data.s3.us-west-2.amazonaws.com/sentinel-2-c1-l2a/32/T/QQ/2023/5/S2A_T32TQQ_20230523T100828_L2A/CLD_20m.tif"", ""snow"": ""https://e84-earth-search-sentinel-data.s3.us-west-2.amazonaws.com/sentinel-2-c1-l2a/32/T/QQ/2023/5/S2A_T32TQQ_20230523T100828_L2A/SNW_20m.tif"", ""preview"": ""https://e84-earth-search-sentinel-data.s3.us-west-2.amazonaws.com/sentinel-2-c1-l2a/32/T/QQ/2023/5/S2A_T32TQQ_20230523T100828_L2A/L2A_PVI.tif"", ""granule_metadata"": ""https://e84-earth-search-sentinel-data.s3.us-west-2.amazonaws.com/sentinel-2-c1-l2a/32/T/QQ/2023/5/S2A_T32TQQ_20230523T100828_L2A/metadata.xml"", ""tileinfo_metadata"": ""https://e84-earth-search-sentinel-data.s3.us-west-2.amazonaws.com/sentinel-2-c1-l2a/32/T/QQ/2023/5/S2A_T32TQQ_20230523T100828_L2A/tileInfo.json"", ""product_metadata"": ""https://e84-earth-search-sentinel-data.s3.us-west-2.amazonaws.com/sentinel-2-c1-l2a/32/T/QQ/2023/5/S2A_T32TQQ_20230523T100828_L2A/product_metadata.xml"", ""thumbnail"": ""https://e84-earth-search-sentinel-data.s3.us-west-2.amazonaws.com/sentinel-2-c1-l2a/32/T/QQ/2023/5/S2A_T32TQQ_20230523T100828_L2A/L2A_PVI.jpg""}"
S2A_T32TPQ_20230523T100828_L2A,2023-05-23 10:18:31.625000+00:00,7.049811,,sentinel-2a,"{""red"": ""https://e84-earth-search-sentinel-data.s3.us-west-2.amazonaws.com/sentinel-2-c1-l2a/32/T/PQ/2023/5/S2A_T32TPQ_20230523T100828_L2A/B04.tif"", ""green"": ""https://e84-earth-search-sentinel-data.s3.us-west-2.amazonaws.com/sentinel-2-c1-l2a/32/T/PQ/2023/5/S2A_T32TPQ_20230523T100828_L2A/B03.tif"", ""blue"": ""https://e84-earth-search-sentinel-data.s3.us-west-2.amazonaws.com/sentinel-2-c1-l2a/32/T/PQ/2023/5/S2A_T32TPQ_20230523T100828_L2A/B02.tif"", ""visual"": ""https://e84-earth-search-sentinel-data.s3.us-west-2.amazonaws.com/sentinel-2-c1-l2a/32/T/PQ/2023/5/S2A_T32TPQ_20230523T100828_L2A/TCI.tif"", ""nir"": ""https://e84-earth-search-sentinel-data.s3.us-west-2.amazonaws.com/sentinel-2-c1-l2a/32/T/PQ/2023/5/S2A_T32TPQ_20230523T100828_L2A/B08.tif"", ""swir22"": ""https://e84-earth-search-sentinel-data.s3.us-west-2.amazonaws.com/sentinel-2-c1-l2a/32/T/PQ/2023/5/S2A_T32TPQ_20230523T100828_L2A/B12.tif"", ""rededge2"": ""https://e84-earth-search-sentinel-data.s3.us-west-2.amazonaws.com/sentinel-2-c1-l2a/32/T/PQ/2023/5/S2A_T32TPQ_20230523T100828_L2A/B06.tif"", ""rededge3"": ""https://e84-earth-search-sentinel-data.s3.us-west-2.amazonaws.com/sentinel-2-c1-l2a/32/T/PQ/2023/5/S2A_T32TPQ_20230523T100828_L2A/B07.tif"", ""rededge1"": ""https://e84-earth-search-sentinel-data.s3.us-west-2.amazonaws.com/sentinel-2-c1-l2a/32/T/PQ/2023/5/S2A_T32TPQ_20230523T100828_L2A/B05.tif"", ""swir16"": ""https://e84-earth-search-sentinel-data.s3.us-west-2.amazonaws.com/sentinel-2-c1-l2a/32/T/PQ/2023/5/S2A_T32TPQ_20230523T100828_L2A/B11.tif"", ""wvp"": ""https://e84-earth-search-sentinel-data.s3.us-west-2.amazonaws.com/sentinel-2-c1-l2a/32/T/PQ/2023/5/S2A_T32TPQ_20230523T100828_L2A/WVP.tif"", ""nir08"": ""https://e84-earth-search-sentinel-data.s3.us-west-2.amazonaws.com/sentinel-2-c1-l2a/32/T/PQ/2023/5/S2A_T32TPQ_20230523T100828_L2A/B8A.tif"", ""scl"": ""https://e84-earth-search-sentinel-data.s3.us-west-2.amazonaws.com/sentinel-2-c1-l2a/32/T/PQ/2023/5/S2A_T32TPQ_20230523T100828_L2A/SCL.tif"", ""aot"": ""https://e84-earth-search-sentinel-data.s3.us-west-2.amazonaws.com/sentinel-2-c1-l2a/32/T/PQ/2023/5/S2A_T32TPQ_20230523T100828_L2A/AOT.tif"", ""coastal"": ""https://e84-earth-search-sentinel-data.s3.us-west-2.amazonaws.com/sentinel-2-c1-l2a/32/T/PQ/2023/5/S2A_T32TPQ_20230523T100828_L2A/B01.tif"", ""nir09"": ""https://e84-earth-search-sentinel-data.s3.us-west-2.amazonaws.com/sentinel-2-c1-l2a/32/T/PQ/2023/5/S2A_T32TPQ_20230523T100828_L2A/B09.tif"", ""cloud"": ""https://e84-earth-search-sentinel-data.s3.us-west-2.amazonaws.com/sentinel-2-c1-l2a/32/T/PQ/2023/5/S2A_T32TPQ_20230523T100828_L2A/CLD_20m.tif"", ""snow"": ""https://e84-earth-search-sentinel-data.s3.us-west-2.amazonaws.com/sentinel-2-c1-l2a/32/T/PQ/2023/5/S2A_T32TPQ_20230523T100828_L2A/SNW_20m.tif"", ""preview"": ""https://e84-earth-search-sentinel-data.s3.us-west-2.amazonaws.com/sentinel-2-c1-l2a/32/T/PQ/2023/5/S2A_T32TPQ_20230523T100828_L2A/L2A_PVI.tif"", ""granule_metadata"": ""https://e84-earth-search-sentinel-data.s3.us-west-2.amazonaws.com/sentinel-2-c1-l2a/32/T/PQ/2023/5/S2A_T32TPQ_20230523T100828_L2A/metadata.xml"", ""tileinfo_metadata"": ""https://e84-earth-search-sentinel-data.s3.us-west-2.amazonaws.com/sentinel-2-c1-l2a/32/T/PQ/2023/5/S2A_T32TPQ_20230523T100828_L2A/tileInfo.json"", ""product_metadata"": ""https://e84-earth-search-sentinel-data.s3.us-west-2.amazonaws.com/sentinel-2-c1-l2a/32/T/PQ/2023/5/S2A_T32TPQ_20230523T100828_L2A/product_metadata.xml"", ""thumbnail"": ""https://e84-earth-search-sentinel-data.s3.us-west-2.amazonaws.com/sentinel-2-c1-l2a/32/T/PQ/2023/5/S2A_T32TPQ_20230523T100828_L2A/L2A_PVI.jpg""}"
S2A_T32TQP_20230523T100828_L2A,2023-05-23 10:18:42.411000+00:00,8.484079,,sentinel-2a,"{""red"": ""https://e84-earth-search-sentinel-data.s3.us-west-2.amazonaws.com/sentinel-2-c1-l2a/32/T/QP/2023/5/S2A_T32TQP_20230523T100828_L2A/B04.tif"", ""green"": ""https://e84-earth-search-sentinel-data.s3.us-west-2.amazonaws.com/sentinel-2-c1-l2a/32/T/QP/2023/5/S2A_T32TQP_20230523T100828_L2A/B03.tif"", ""blue"": ""https://e84-earth-search-sentinel-data.s3.us-west-2.amazonaws.com/sentinel-2-c1-l2a/32/T/QP/2023/5/S2A_T32TQP_20230523T100828_L2A/B02.tif"", ""visual"": ""https://e84-earth-search-sentinel-data.s3.us-west-2.amazonaws.com/sentinel-2-c1-l2a/32/T/QP/2023/5/S2A_T32TQP_20230523T100828_L2A/TCI.tif"", ""nir"": ""https://e84-earth-search-sentinel-data.s3.us-west-2.amazonaws.com/sentinel-2-c1-l2a/32/T/QP/2023/5/S2A_T32TQP_20230523T100828_L2A/B08.tif"", ""swir22"": ""https://e84-earth-search-sentinel-data.s3.us-west-2.amazonaws.com/sentinel-2-c1-l2a/32/T/QP/2023/5/S2A_T32TQP_20230523T100828_L2A/B12.tif"", ""rededge2"": ""https://e84-earth-search-sentinel-data.s3.us-west-2.amazonaws.com/sentinel-2-c1-l2a/32/T/QP/2023/5/S2A_T32TQP_20230523T100828_L2A/B06.tif"", ""rededge3"": ""https://e84-earth-search-sentinel-data.s3.us-west-2.amazonaws.com/sentinel-2-c1-l2a/32/T/QP/2023/5/S2A_T32TQP_20230523T100828_L2A/B07.tif"", ""rededge1"": ""https://e84-earth-search-sentinel-data.s3.us-west-2.amazonaws.com/sentinel-2-c1-l2a/32/T/QP/2023/5/S2A_T32TQP_20230523T100828_L2A/B05.tif"", ""swir16"": ""https://e84-earth-search-sentinel-data.s3.us-west-2.amazonaws.com/sentinel-2-c1-l2a/32/T/QP/2023/5/S2A_T32TQP_20230523T100828_L2A/B11.tif"", ""wvp"": ""https://e84-earth-search-sentinel-data.s3.us-west-2.amazonaws.com/sentinel-2-c1-l2a/32/T/QP/2023/5/S2A_T32TQP_20230523T100828_L2A/WVP.tif"", ""nir08"": ""https://e84-earth-search-sentinel-data.s3.us-west-2.amazonaws.com/sentinel-2-c1-l2a/32/T/QP/2023/5/S2A_T32TQP_20230523T100828_L2A/B8A.tif"", ""scl"": ""https://e84-earth-search-sentinel-data.s3.us-west-2.amazonaws.com/sentinel-2-c1-l2a/32/T/QP/2023/5/S2A_T32TQP_20230523T100828_L2A/SCL.tif"", ""aot"": ""https://e84-earth-search-sentinel-data.s3.us-west-2.amazonaws.com/sentinel-2-c1-l2a/32/T/QP/2023/5/S2A_T32TQP_20230523T100828_L2A/AOT.tif"", ""coastal"": ""https://e84-earth-search-sentinel-data.s3.us-west-2.amazonaws.com/sentinel-2-c1-l2a/32/T/QP/2023/5/S2A_T32TQP_20230523T100828_L2A/B01.tif"", ""nir09"": ""https://e84-earth-search-sentinel-data.s3.us-west-2.amazonaws.com/sentinel-2-c1-l2a/32/T/QP/2023/5/S2A_T32TQP_20230523T100828_L2A/B09.tif"", ""cloud"": ""https://e84-earth-search-sentinel-data.s3.us-west-2.amazonaws.com/sentinel-2-c1-l2a/32/T/QP/2023/5/S2A_T32TQP_20230523T100828_L2A/CLD_20m.tif"", ""snow"": ""https://e84-earth-search-sentinel-data.s3.us-west-2.amazonaws.com/sentinel-2-c1-l2a/32/T/QP/2023/5/S2A_T32TQP_20230523T100828_L2A/SNW_20m.tif"", ""preview"": ""https://e84-earth-search-sentinel-data.s3.us-west-2.amazonaws.com/sentinel-2-c1-l2a/32/T/QP/2023/5/S2A_T32TQP_20230523T100828_L2A/L2A_PVI.tif"", ""granule_metadata"": ""https://e84-earth-search-sentinel-data.s3.us-west-2.amazonaws.com/sentinel-2-c1-l2a/32/T/QP/2023/5/S2A_T32TQP_20230523T100828_L2A/metadata.xml"", ""tileinfo_metadata"": ""https://e84-earth-search-sentinel-data.s3.us-west-2.amazonaws.com/sentinel-2-c1-l2a/32/T/QP/2023/5/S2A_T32TQP_20230523T100828_L2A/tileInfo.json"", ""product_metadata"": ""https://e84-earth-search-sentinel-data.s3.us-west-2.amazonaws.com/sentinel-2-c1-l2a/32/T/QP/2023/5/S2A_T32TQP_20230523T100828_L2A/product_metadata.xml"", ""thumbnail"": ""https://e84-earth-search-sentinel-data.s3.us-west-2.amazonaws.com/sentinel-2-c1-l2a/32/T/QP/2023/5/S2A_T32TQP_20230523T100828_L2A/L2A_PVI.jpg""}"
S2A_T32TPP_20230523T100828_L2A,2023-05-23 10:18:46.028000+00:00,6.361257,,sentinel-2a,"{""red"": ""https://e84-earth-search-sentinel-data.s3.us-west-2.amazonaws.com/sentinel-2-c1-l2a/32/T/PP/2023/5/S2A_T32TPP_20230523T100828_L2A/B04.tif"", ""green"": ""https://e84-earth-search-sentinel-data.s3.us-west-2.amazonaws.com/sentinel-2-c1-l2a/32/T/PP/2023/5/S2A_T32TPP_20230523T100828_L2A/B03.tif"", ""blue"": ""https://e84-earth-search-sentinel-data.s3.us-west-2.amazonaws.com/sentinel-2-c1-l2a/32/T/PP/2023/5/S2A_T32TPP_20230523T100828_L2A/B02.tif"", ""visual"": ""https://e84-earth-search-sentinel-data.s3.us-west-2.amazonaws.com/sentinel-2-c1-l2a/32/T/PP/2023/5/S2A_T32TPP_20230523T100828_L2A/TCI.tif"", ""nir"": ""https://e84-earth-search-sentinel-data.s3.us-west-2.amazonaws.com/sentinel-2-c1-l2a/32/T/PP/2023/5/S2A_T32TPP_20230523T100828_L2A/B08.tif"", ""swir22"": ""https://e84-earth-search-sentinel-data.s3.us-west-2.amazonaws.com/sentinel-2-c1-l2a/32/T/PP/2023/5/S2A_T32TPP_20230523T100828_L2A/B12.tif"", ""rededge2"": ""https://e84-earth-search-sentinel-data.s3.us-west-2.amazonaws.com/sentinel-2-c1-l2a/32/T/PP/2023/5/S2A_T32TPP_20230523T100828_L2A/B06.tif"", ""rededge3"": ""https://e84-earth-search-sentinel-data.s3.us-west-2.amazonaws.com/sentinel-2-c1-l2a/32/T/PP/2023/5/S2A_T32TPP_20230523T100828_L2A/B07.tif"", ""rededge1"": ""https://e84-earth-search-sentinel-data.s3.us-west-2.amazonaws.com/sentinel-2-c1-l2a/32/T/PP/2023/5/S2A_T32TPP_20230523T100828_L2A/B05.tif"", ""swir16"": ""https://e84-earth-search-sentinel-data.s3.us-west-2.amazonaws.com/sentinel-2-c1-l2a/32/T/PP/2023/5/S2A_T32TPP_20230523T100828_L2A/B11.tif"", ""wvp"": ""https://e84-earth-search-sentinel-data.s3.us-west-2.amazonaws.com/sentinel-2-c1-l2a/32/T/PP/2023/5/S2A_T32TPP_20230523T100828_L2A/WVP.tif"", ""nir08"": ""https://e84-earth-search-sentinel-data.s3.us-west-2.amazonaws.com/sentinel-2-c1-l2a/32/T/PP/2023/5/S2A_T32TPP_20230523T100828_L2A/B8A.tif"", ""scl"": ""https://e84-earth-search-sentinel-data.s3.us-west-2.amazonaws.com/sentinel-2-c1-l2a/32/T/PP/2023/5/S2A_T32TPP_20230523T100828_L2A/SCL.tif"", ""aot"": ""https://e84-earth-search-sentinel-data.s3.us-west-2.amazonaws.com/sentinel-2-c1-l2a/32/T/PP/2023/5/S2A_T32TPP_20230523T100828_L2A/AOT.tif"", ""coastal"": ""https://e84-earth-search-sentinel-data.s3.us-west-2.amazonaws.com/sentinel-2-c1-l2a/32/T/PP/2023/5/S2A_T32TPP_20230523T100828_L2A/B01.tif"", ""nir09"": ""https://e84-earth-search-sentinel-data.s3.us-west-2.amazonaws.com/sentinel-2-c1-l2a/32/T/PP/2023/5/S2A_T32TPP_20230523T100828_L2A/B09.tif"", ""cloud"": ""https://e84-earth-search-sentinel-data.s3.us-west-2.amazonaws.com/sentinel-2-c1-l2a/32/T/PP/2023/5/S2A_T32TPP_20230523T100828_L2A/CLD_20m.tif"", ""snow"": ""https://e84-earth-search-sentinel-data.s3.us-west-2.amazonaws.com/sentinel-2-c1-l2a/32/T/PP/2023/5/S2A_T32TPP_20230523T100828_L2A/SNW_20m.tif"", ""preview"": ""https://e84-earth-search-sentinel-data.s3.us-west-2.amazonaws.com/sentinel-2-c1-l2a/32/T/PP/2023/5/S2A_T32TPP_20230523T100828_L2A/L2A_PVI.tif"", ""granule_metadata"": ""https://e84-earth-search-sentinel-data.s3.us-west-2.amazonaws.com/sentinel-2-c1-l2a/32/T/PP/2023/5/S2A_T32TPP_20230523T100828_L2A/metadata.xml"", ""tileinfo_metadata"": ""https://e84-earth-search-sentinel-data.s3.us-west-2.amazonaws.com/sentinel-2-c1-l2a/32/T/PP/2023/5/S2A_T32TPP_20230523T100828_L2A/tileInfo.json"", ""product_metadata"": ""https://e84-earth-search-sentinel-data.s3.us-west-2.amazonaws.com/sentinel-2-c1-l2a/32/T/PP/2023/5/S2A_T32TPP_20230523T100828_L2A/product_metadata.xml"", ""thumbnail"": ""https://e84-earth-search-sentinel-data.s3.us-west-2.amazonaws.com/sentinel-2-c1-l2a/32/T/PP/2023/5/S2A_T32TPP_20230523T100828_L2A/L2A_PVI.jpg""}"
S2B_T32TQQ_20230525T095738_L2A,2023-05-25 10:08:32.946000+00:00,6.459814,,sentinel-2b,"{""red"": ""https://e84-earth-search-sentinel-data.s3.us-west-2.amazonaws.com/sentinel-2-c1-l2a/32/T/QQ/2023/5/S2B_T32TQQ_20230525T095738_L2A/B04.tif"", ""green"": ""https://e84-earth-search-sentinel-data.s3.us-west-2.amazonaws.com/sentinel-2-c1-l2a/32/T/QQ/2023/5/S2B_T32TQQ_20230525T095738_L2A/B03.tif"", ""blue"": ""https://e84-earth-search-sentinel-data.s3.us-west-2.amazonaws.com/sentinel-2-c1-l2a/32/T/QQ/2023/5/S2B_T32TQQ_20230525T095738_L2A/B02.tif"", ""visual"": ""https://e84-earth-search-sentinel-data.s3.us-west-2.amazonaws.com/sentinel-2-c1-l2a/32/T/QQ/2023/5/S2B_T32TQQ_20230525T095738_L2A/TCI.tif"", ""nir"": ""https://e84-earth-search-sentinel-data.s3.us-west-2.amazonaws.com/sentinel-2-c1-l2a/32/T/QQ/2023/5/S2B_T32TQQ_20230525T095738_L2A/B08.tif"", ""swir22"": ""https://e84-earth-search-sentinel-data.s3.us-west-2.amazonaws.com/sentinel-2-c1-l2a/32/T/QQ/2023/5/S2B_T32TQQ_20230525T095738_L2A/B12.tif"", ""rededge2"": ""https://e84-earth-search-sentinel-data.s3.us-west-2.amazonaws.com/sentinel-2-c1-l2a/32/T/QQ/2023/5/S2B_T32TQQ_20230525T095738_L2A/B06.tif"", ""rededge3"": ""https://e84-earth-search-sentinel-data.s3.us-west-2.amazonaws.com/sentinel-2-c1-l2a/32/T/QQ/2023/5/S2B_T32TQQ_20230525T095738_L2A/B07.tif"", ""rededge1"": ""https://e84-earth-search-sentinel-data.s3.us-west-2.amazonaws.com/sentinel-2-c1-l2a/32/T/QQ/2023/5/S2B_T32TQQ_20230525T095738_L2A/B05.tif"", ""swir16"": ""https://e84-earth-search-sentinel-data.s3.us-west-2.amazonaws.com/sentinel-2-c1-l2a/32/T/QQ/2023/5/S2B_T32TQQ_20230525T095738_L2A/B11.tif"", ""wvp"": ""https://e84-earth-search-sentinel-data.s3.us-west-2.amazonaws.com/sentinel-2-c1-l2a/32/T/QQ/2023/5/S2B_T32TQQ_20230525T095738_L2A/WVP.tif"", ""nir08"": ""https://e84-earth-search-sentinel-data.s3.us-west-2.amazonaws.com/sentinel-2-c1-l2a/32/T/QQ/2023/5/S2B_T32TQQ_20230525T095738_L2A/B8A.tif"", ""scl"": ""https://e84-earth-search-sentinel-data.s3.us-west-2.amazonaws.com/sentinel-2-c1-l2a/32/T/QQ/2023/5/S2B_T32TQQ_20230525T095738_L2A/SCL.tif"", ""aot"": ""https://e84-earth-search-sentinel-data.s3.us-west-2.amazonaws.com/sentinel-2-c1-l2a/32/T/QQ/2023/5/S2B_T32TQQ_20230525T095738_L2A/AOT.tif"", ""coastal"": ""https://e84-earth-search-sentinel-data.s3.us-west-2.amazonaws.com/sentinel-2-c1-l2a/32/T/QQ/2023/5/S2B_T32TQQ_20230525T095738_L2A/B01.tif"", ""nir09"": ""https://e84-earth-search-sentinel-data.s3.us-west-2.amazonaws.com/sentinel-2-c1-l2a/32/T/QQ/2023/5/S2B_T32TQQ_20230525T095738_L2A/B09.tif"", ""cloud"": ""https://e84-earth-search-sentinel-data.s3.us-west-2.amazonaws.com/sentinel-2-c1-l2a/32/T/QQ/2023/5/S2B_T32TQQ_20230525T095738_L2A/CLD_20m.tif"", ""snow"": ""https://e84-earth-search-sentinel-data.s3.us-west-2.amazonaws.com/sentinel-2-c1-l2a/32/T/QQ/2023/5/S2B_T32TQQ_20230525T095738_L2A/SNW_20m.tif"", ""preview"": ""https://e84-earth-search-sentinel-data.s3.us-west-2.amazonaws.com/sentinel-2-c1-l2a/32/T/QQ/2023/5/S2B_T32TQQ_20230525T095738_L2A/L2A_PVI.tif"", ""granule_metadata"": ""https://e84-earth-search-sentinel-data.s3.us-west-2.amazonaws.com/sentinel-2-c1-l2a/32/T/QQ/2023/5/S2B_T32TQQ_20230525T095738_L2A/metadata.xml"", ""tileinfo_metadata"": ""https://e84-earth-search-sentinel-data.s3.us-west-2.amazonaws.com/sentinel-2-c1-l2a/32/T/QQ/2023/5/S2B_T32TQQ_20230525T095738_L2A/tileInfo.json"", ""product_metadata"": ""https://e84-earth-search-sentinel-data.s3.us-west-2.amazonaws.com/sentinel-2-c1-l2a/32/T/QQ/2023/5/S2B_T32TQQ_20230525T095738_L2A/product_metadata.xml"", ""thumbnail"": ""https://e84-earth-search-sentinel-data.s3.us-west-2.amazonaws.com/sentinel-2-c1-l2a/32/T/QQ/2023/5/S2B_T32TQQ_20230525T095738_L2A/L2A_PVI.jpg""}"
S2B_T32TQP_20230525T095738_L2A,2023-05-25 10:08:47.670000+00:00,38.604441,,sentinel-2b,"{""red"": ""https://e84-earth-search-sentinel-data.s3.us-west-2.amazonaws.com/sentinel-2-c1-l2a/32/T/QP/2023/5/S2B_T32TQP_20230525T095738_L2A/B04.tif"", ""green"": ""https://e84-earth-search-sentinel-data.s3.us-west-2.amazonaws.com/sentinel-2-c1-l2a/32/T/QP/2023/5/S2B_T32TQP_20230525T095738_L2A/B03.tif"", ""blue"": ""https://e84-earth-search-sentinel-data.s3.us-west-2.amazonaws.com/sentinel-2-c1-l2a/32/T/QP/2023/5/S2B_T32TQP_20230525T095738_L2A/B02.tif"", ""visual"": ""https://e84-earth-search-sentinel-data.s3.us-west-2.amazonaws.com/sentinel-2-c1-l2a/32/T/QP/2023/5/S2B_T32TQP_20230525T095738_L2A/TCI.tif"", ""nir"": ""https://e84-earth-search-sentinel-data.s3.us-west-2.amazonaws.com/sentinel-2-c1-l2a/32/T/QP/2023/5/S2B_T32TQP_20230525T095738_L2A/B08.tif"", ""swir22"": ""https://e84-earth-search-sentinel-data.s3.us-west-2.amazonaws.com/sentinel-2-c1-l2a/32/T/QP/2023/5/S2B_T32TQP_20230525T095738_L2A/B12.tif"", ""rededge2"": ""https://e84-earth-search-sentinel-data.s3.us-west-2.amazonaws.com/sentinel-2-c1-l2a/32/T/QP/2023/5/S2B_T32TQP_20230525T095738_L2A/B06.tif"", ""rededge3"": ""https://e84-earth-search-sentinel-data.s3.us-west-2.amazonaws.com/sentinel-2-c1-l2a/32/T/QP/2023/5/S2B_T32TQP_20230525T095738_L2A/B07.tif"", ""rededge1"": ""https://e84-earth-search-sentinel-data.s3.us-west-2.amazonaws.com/sentinel-2-c1-l2a/32/T/QP/2023/5/S2B_T32TQP_20230525T095738_L2A/B05.tif"", ""swir16"": ""https://e84-earth-search-sentinel-data.s3.us-west-2.amazonaws.com/sentinel-2-c1-l2a/32/T/QP/2023/5/S2B_T32TQP_20230525T095738_L2A/B11.tif"", ""wvp"": ""https://e84-earth-search-sentinel-data.s3.us-west-2.amazonaws.com/sentinel-2-c1-l2a/32/T/QP/2023/5/S2B_T32TQP_20230525T095738_L2A/WVP.tif"", ""nir08"": ""https://e84-earth-search-sentinel-data.s3.us-west-2.amazonaws.com/sentinel-2-c1-l2a/32/T/QP/2023/5/S2B_T32TQP_20230525T095738_L2A/B8A.tif"", ""scl"": ""https://e84-earth-search-sentinel-data.s3.us-west-2.amazonaws.com/sentinel-2-c1-l2a/32/T/QP/2023/5/S2B_T32TQP_20230525T095738_L2A/SCL.tif"", ""aot"": ""https://e84-earth-search-sentinel-data.s3.us-west-2.amazonaws.com/sentinel-2-c1-l2a/32/T/QP/2023/5/S2B_T32TQP_20230525T095738_L2A/AOT.tif"", ""coastal"": ""https://e84-earth-search-sentinel-data.s3.us-west-2.amazonaws.com/sentinel-2-c1-l2a/32/T/QP/2023/5/S2B_T32TQP_20230525T095738_L2A/B01.tif"", ""nir09"": ""https://e84-earth-search-sentinel-data.s3.us-west-2.amazonaws.com/sentinel-2-c1-l2a/32/T/QP/2023/5/S2B_T32TQP_20230525T095738_L2A/B09.tif"", ""cloud"": ""https://e84-earth-search-sentinel-data.s3.us-west-2.amazonaws.com/sentinel-2-c1-l2a/32/T/QP/2023/5/S2B_T32TQP_20230525T095738_L2A/CLD_20m.tif"", ""snow"": ""https://e84-earth-search-sentinel-data.s3.us-west-2.amazonaws.com/sentinel-2-c1-l2a/32/T/QP/2023/5/S2B_T32TQP_20230525T095738_L2A/SNW_20m.tif"", ""preview"": ""https://e84-earth-search-sentinel-data.s3.us-west-2.amazonaws.com/sentinel-2-c1-l2a/32/T/QP/2023/5/S2B_T32TQP_20230525T095738_L2A/L2A_PVI.tif"", ""granule_metadata"": ""https://e84-earth-search-sentinel-data.s3.us-west-2.amazonaws.com/sentinel-2-c1-l2a/32/T/QP/2023/5/S2B_T32TQP_20230525T095738_L2A/metadata.xml"", ""tileinfo_metadata"": ""https://e84-earth-search-sentinel-data.s3.us-west-2.amazonaws.com/sentinel-2-c1-l2a/32/T/QP/2023/5/S2B_T32TQP_20230525T095738_L2A/tileInfo.json"", ""product_metadata"": ""https://e84-earth-search-sentinel-data.s3.us-west-2.amazonaws.com/sentinel-2-c1-l2a/32/T/QP/2023/5/S2B_T32TQP_20230525T095738_L2A/product_metadata.xml"", ""thumbnail"": ""https://e84-earth-search-sentinel-data.s3.us-west-2.amazonaws.com/sentinel-2-c1-l2a/32/T/QP/2023/5/S2B_T32TQP_20230525T095738_L2A/L2A_PVI.jpg""}"
S2B_T32TQQ_20230528T101423_L2A,2023-05-28 10:18:29.483000+00:00,32.811436,,sentinel-2b,"{""red"": ""https://e84-earth-search-sentinel-data.s3.us-west-2.amazonaws.com/sentinel-2-c1-l2a/32/T/QQ/2023/5/S2B_T32TQQ_20230528T101423_L2A/B04.tif"", ""green"": ""https://e84-earth-search-sentinel-data.s3.us-west-2.amazonaws.com/sentinel-2-c1-l2a/32/T/QQ/2023/5/S2B_T32TQQ_20230528T101423_L2A/B03.tif"", ""blue"": ""https://e84-earth-search-sentinel-data.s3.us-west-2.amazonaws.com/sentinel-2-c1-l2a/32/T/QQ/2023/5/S2B_T32TQQ_20230528T101423_L2A/B02.tif"", ""visual"": ""https://e84-earth-search-sentinel-data.s3.us-west-2.amazonaws.com/sentinel-2-c1-l2a/32/T/QQ/2023/5/S2B_T32TQQ_20230528T101423_L2A/TCI.tif"", ""nir"": ""https://e84-earth-search-sentinel-data.s3.us-west-2.amazonaws.com/sentinel-2-c1-l2a/32/T/QQ/2023/5/S2B_T32TQQ_20230528T101423_L2A/B08.tif"", ""swir22"": ""https://e84-earth-search-sentinel-data.s3.us-west-2.amazonaws.com/sentinel-2-c1-l2a/32/T/QQ/2023/5/S2B_T32TQQ_20230528T101423_L2A/B12.tif"", ""rededge2"": ""https://e84-earth-search-sentinel-data.s3.us-west-2.amazonaws.com/sentinel-2-c1-l2a/32/T/QQ/2023/5/S2B_T32TQQ_20230528T101423_L2A/B06.tif"", ""rededge3"": ""https://e84-earth-search-sentinel-data.s3.us-west-2.amazonaws.com/sentinel-2-c1-l2a/32/T/QQ/2023/5/S2B_T32TQQ_20230528T101423_L2A/B07.tif"", ""rededge1"": ""https://e84-earth-search-sentinel-data.s3.us-west-2.amazonaws.com/sentinel-2-c1-l2a/32/T/QQ/2023/5/S2B_T32TQQ_20230528T101423_L2A/B05.tif"", ""swir16"": ""https://e84-earth-search-sentinel-data.s3.us-west-2.amazonaws.com/sentinel-2-c1-l2a/32/T/QQ/2023/5/S2B_T32TQQ_20230528T101423_L2A/B11.tif"", ""wvp"": ""https://e84-earth-search-sentinel-data.s3.us-west-2.amazonaws.com/sentinel-2-c1-l2a/32/T/QQ/2023/5/S2B_T32TQQ_20230528T101423_L2A/WVP.tif"", ""nir08"": ""https://e84-earth-search-sentinel-data.s3.us-west-2.amazonaws.com/sentinel-2-c1-l2a/32/T/QQ/2023/5/S2B_T32TQQ_20230528T101423_L2A/B8A.tif"", ""scl"": ""https://e84-earth-search-sentinel-data.s3.us-west-2.amazonaws.com/sentinel-2-c1-l2a/32/T/QQ/2023/5/S2B_T32TQQ_20230528T101423_L2A/SCL.tif"", ""aot"": ""https://e84-earth-search-sentinel-data.s3.us-west-2.amazonaws.com/sentinel-2-c1-l2a/32/T/QQ/2023/5/S2B_T32TQQ_20230528T101423_L2A/AOT.tif"", ""coastal"": ""https://e84-earth-search-sentinel-data.s3.us-west-2.amazonaws.com/sentinel-2-c1-l2a/32/T/QQ/2023/5/S2B_T32TQQ_20230528T101423_L2A/B01.tif"", ""nir09"": ""https://e84-earth-search-sentinel-data.s3.us-west-2.amazonaws.com/sentinel-2-c1-l2a/32/T/QQ/2023/5/S2B_T32TQQ_20230528T101423_L2A/B09.tif"", ""cloud"": ""https://e84-earth-search-sentinel-data.s3.us-west-2.amazonaws.com/sentinel-2-c1-l2a/32/T/QQ/2023/5/S2B_T32TQQ_20230528T101423_L2A/CLD_20m.tif"", ""snow"": ""https://e84-earth-search-sentinel-data.s3.us-west-2.amazonaws.com/sentinel-2-c1-l2a/32/T/QQ/2023/5/S2B_T32TQQ_20230528T101423_L2A/SNW_20m.tif"", ""preview"": ""https://e84-earth-search-sentinel-data.s3.us-west-2.amazonaws.com/sentinel-2-c1-l2a/32/T/QQ/2023/5/S2B_T32TQQ_20230528T101423_L2A/L2A_PVI.tif"", ""granule_metadata"": ""https://e84-earth-search-sentinel-data.s3.us-west-2.amazonaws.com/sentinel-2-c1-l2a/32/T/QQ/2023/5/S2B_T32TQQ_20230528T101423_L2A/metadata.xml"", ""tileinfo_metadata"": ""https://e84-earth-search-sentinel-data.s3.us-west-2.amazonaws.com/sentinel-2-c1-l2a/32/T/QQ/2023/5/S2B_T32TQQ_20230528T101423_L2A/tileInfo.json"", ""product_metadata"": ""https://e84-earth-search-sentinel-data.s3.us-west-2.amazonaws.com/sentinel-2-c1-l2a/32/T/QQ/2023/5/S2B_T32TQQ_20230528T101423_L2A/product_metadata.xml"", ""thumbnail"": ""https://e84-earth-search-sentinel-data.s3.us-west-2.amazonaws.com/sentinel-2-c1-l2a/32/T/QQ/2023/5/S2B_T32TQQ_20230528T101423_L2A/L2A_PVI.jpg""}"
S2B_T32TPQ_20230528T101423_L2A,2023-05-28 10:18:32.936000+00:00,34.980735,,sentinel-2b,"{""red"": ""https://e84-earth-search-sentinel-data.s3.us-west-2.amazonaws.com/sentinel-2-c1-l2a/32/T/PQ/2023/5/S2B_T32TPQ_20230528T101423_L2A/B04.tif"", ""green"": ""https://e84-earth-search-sentinel-data.s3.us-west-2.amazonaws.com/sentinel-2-c1-l2a/32/T/PQ/2023/5/S2B_T32TPQ_20230528T101423_L2A/B03.tif"", ""blue"": ""https://e84-earth-search-sentinel-data.s3.us-west-2.amazonaws.com/sentinel-2-c1-l2a/32/T/PQ/2023/5/S2B_T32TPQ_20230528T101423_L2A/B02.tif"", ""visual"": ""https://e84-earth-search-sentinel-data.s3.us-west-2.amazonaws.com/sentinel-2-c1-l2a/32/T/PQ/2023/5/S2B_T32TPQ_20230528T101423_L2A/TCI.tif"", ""nir"": ""https://e84-earth-search-sentinel-data.s3.us-west-2.amazonaws.com/sentinel-2-c1-l2a/32/T/PQ/2023/5/S2B_T32TPQ_20230528T101423_L2A/B08.tif"", ""swir22"": ""https://e84-earth-search-sentinel-data.s3.us-west-2.amazonaws.com/sentinel-2-c1-l2a/32/T/PQ/2023/5/S2B_T32TPQ_20230528T101423_L2A/B12.tif"", ""rededge2"": ""https://e84-earth-search-sentinel-data.s3.us-west-2.amazonaws.com/sentinel-2-c1-l2a/32/T/PQ/2023/5/S2B_T32TPQ_20230528T101423_L2A/B06.tif"", ""rededge3"": ""https://e84-earth-search-sentinel-data.s3.us-west-2.amazonaws.com/sentinel-2-c1-l2a/32/T/PQ/2023/5/S2B_T32TPQ_20230528T101423_L2A/B07.tif"", ""rededge1"": ""https://e84-earth-search-sentinel-data.s3.us-west-2.amazonaws.com/sentinel-2-c1-l2a/32/T/PQ/2023/5/S2B_T32TPQ_20230528T101423_L2A/B05.tif"", ""swir16"": ""https://e84-earth-search-sentinel-data.s3.us-west-2.amazonaws.com/sentinel-2-c1-l2a/32/T/PQ/2023/5/S2B_T32TPQ_20230528T101423_L2A/B11.tif"", ""wvp"": ""https://e84-earth-search-sentinel-data.s3.us-west-2.amazonaws.com/sentinel-2-c1-l2a/32/T/PQ/2023/5/S2B_T32TPQ_20230528T101423_L2A/WVP.tif"", ""nir08"": ""https://e84-earth-search-sentinel-data.s3.us-west-2.amazonaws.com/sentinel-2-c1-l2a/32/T/PQ/2023/5/S2B_T32TPQ_20230528T101423_L2A/B8A.tif"", ""scl"": ""https://e84-earth-search-sentinel-data.s3.us-west-2.amazonaws.com/sentinel-2-c1-l2a/32/T/PQ/2023/5/S2B_T32TPQ_20230528T101423_L2A/SCL.tif"", ""aot"": ""https://e84-earth-search-sentinel-data.s3.us-west-2.amazonaws.com/sentinel-2-c1-l2a/32/T/PQ/2023/5/S2B_T32TPQ_20230528T101423_L2A/AOT.tif"", ""coastal"": ""https://e84-earth-search-sentinel-data.s3.us-west-2.amazonaws.com/sentinel-2-c1-l2a/32/T/PQ/2023/5/S2B_T32TPQ_20230528T101423_L2A/B01.tif"", ""nir09"": ""https://e84-earth-search-sentinel-data.s3.us-west-2.amazonaws.com/sentinel-2-c1-l2a/32/T/PQ/2023/5/S2B_T32TPQ_20230528T101423_L2A/B09.tif"", ""cloud"": ""https://e84-earth-search-sentinel-data.s3.us-west-2.amazonaws.com/sentinel-2-c1-l2a/32/T/PQ/2023/5/S2B_T32TPQ_20230528T101423_L2A/CLD_20m.tif"", ""snow"": ""https://e84-earth-search-sentinel-data.s3.us-west-2.amazonaws.com/sentinel-2-c1-l2a/32/T/PQ/2023/5/S2B_T32TPQ_20230528T101423_L2A/SNW_20m.tif"", ""preview"": ""https://e84-earth-search-sentinel-data.s3.us-west-2.amazonaws.com/sentinel-2-c1-l2a/32/T/PQ/2023/5/S2B_T32TPQ_20230528T101423_L2A/L2A_PVI.tif"", ""granule_metadata"": ""https://e84-earth-search-sentinel-data.s3.us-west-2.amazonaws.com/sentinel-2-c1-l2a/32/T/PQ/2023/5/S2B_T32TPQ_20230528T101423_L2A/metadata.xml"", ""tileinfo_metadata"": ""https://e84-earth-search-sentinel-data.s3.us-west-2.amazonaws.com/sentinel-2-c1-l2a/32/T/PQ/2023/5/S2B_T32TPQ_20230528T101423_L2A/tileInfo.json"", ""product_metadata"": ""https://e84-earth-search-sentinel-data.s3.us-west-2.amazonaws.com/sentinel-2-c1-l2a/32/T/PQ/2023/5/S2B_T32TPQ_20230528T101423_L2A/product_metadata.xml"", ""thumbnail"": ""https://e84-earth-search-sentinel-data.s3.us-west-2.amazonaws.com/sentinel-2-c1-l2a/32/T/PQ/2023/5/S2B_T32TPQ_20230528T101423_L2A/L2A_PVI.jpg""}"
S2B_T32TQP_20230528T101423_L2A,2023-05-28 10:18:43.731000+00:00,19.665301,,sentinel-2b,"{""red"": ""https://e84-earth-search-sentinel-data.s3.us-west-2.amazonaws.com/sentinel-2-c1-l2a/32/T/QP/2023/5/S2B_T32TQP_20230528T101423_L2A/B04.tif"", ""green"": ""https://e84-earth-search-sentinel-data.s3.us-west-2.amazonaws.com/sentinel-2-c1-l2a/32/T/QP/2023/5/S2B_T32TQP_20230528T101423_L2A/B03.tif"", ""blue"": ""https://e84-earth-search-sentinel-data.s3.us-west-2.amazonaws.com/sentinel-2-c1-l2a/32/T/QP/2023/5/S2B_T32TQP_20230528T101423_L2A/B02.tif"", ""visual"": ""https://e84-earth-search-sentinel-data.s3.us-west-2.amazonaws.com/sentinel-2-c1-l2a/32/T/QP/2023/5/S2B_T32TQP_20230528T101423_L2A/TCI.tif"", ""nir"": ""https://e84-earth-search-sentinel-data.s3.us-west-2.amazonaws.com/sentinel-2-c1-l2a/32/T/QP/2023/5/S2B_T32TQP_20230528T101423_L2A/B08.tif"", ""swir22"": ""https://e84-earth-search-sentinel-data.s3.us-west-2.amazonaws.com/sentinel-2-c1-l2a/32/T/QP/2023/5/S2B_T32TQP_20230528T101423_L2A/B12.tif"", ""rededge2"": ""https://e84-earth-search-sentinel-data.s3.us-west-2.amazonaws.com/sentinel-2-c1-l2a/32/T/QP/2023/5/S2B_T32TQP_20230528T101423_L2A/B06.tif"", ""rededge3"": ""https://e84-earth-search-sentinel-data.s3.us-west-2.amazonaws.com/sentinel-2-c1-l2a/32/T/QP/2023/5/S2B_T32TQP_20230528T101423_L2A/B07.tif"", ""rededge1"": ""https://e84-earth-search-sentinel-data.s3.us-west-2.amazonaws.com/sentinel-2-c1-l2a/32/T/QP/2023/5/S2B_T32TQP_20230528T101423_L2A/B05.tif"", ""swir16"": ""https://e84-earth-search-sentinel-data.s3.us-west-2.amazonaws.com/sentinel-2-c1-l2a/32/T/QP/2023/5/S2B_T32TQP_20230528T101423_L2A/B11.tif"", ""wvp"": ""https://e84-earth-search-sentinel-data.s3.us-west-2.amazonaws.com/sentinel-2-c1-l2a/32/T/QP/2023/5/S2B_T32TQP_20230528T101423_L2A/WVP.tif"", ""nir08"": ""https://e84-earth-search-sentinel-data.s3.us-west-2.amazonaws.com/sentinel-2-c1-l2a/32/T/QP/2023/5/S2B_T32TQP_20230528T101423_L2A/B8A.tif"", ""scl"": ""https://e84-earth-search-sentinel-data.s3.us-west-2.amazonaws.com/sentinel-2-c1-l2a/32/T/QP/2023/5/S2B_T32TQP_20230528T101423_L2A/SCL.tif"", ""aot"": ""https://e84-earth-search-sentinel-data.s3.us-west-2.amazonaws.com/sentinel-2-c1-l2a/32/T/QP/2023/5/S2B_T32TQP_20230528T101423_L2A/AOT.tif"", ""coastal"": ""https://e84-earth-search-sentinel-data.s3.us-west-2.amazonaws.com/sentinel-2-c1-l2a/32/T/QP/2023/5/S2B_T32TQP_20230528T101423_L2A/B01.tif"", ""nir09"": ""https://e84-earth-search-sentinel-data.s3.us-west-2.amazonaws.com/sentinel-2-c1-l2a/32/T/QP/2023/5/S2B_T32TQP_20230528T101423_L2A/B09.tif"", ""cloud"": ""https://e84-earth-search-sentinel-data.s3.us-west-2.amazonaws.com/sentinel-2-c1-l2a/32/T/QP/2023/5/S2B_T32TQP_20230528T101423_L2A/CLD_20m.tif"", ""snow"": ""https://e84-earth-search-sentinel-data.s3.us-west-2.amazonaws.com/sentinel-2-c1-l2a/32/T/QP/2023/5/S2B_T32TQP_20230528T101423_L2A/SNW_20m.tif"", ""preview"": ""https://e84-earth-search-sentinel-data.s3.us-west-2.amazonaws.com/sentinel-2-c1-l2a/32/T/QP/2023/5/S2B_T32TQP_20230528T101423_L2A/L2A_PVI.tif"", ""granule_metadata"": ""https://e84-earth-search-sentinel-data.s3.us-west-2.amazonaws.com/sentinel-2-c1-l2a/32/T/QP/2023/5/S2B_T32TQP_20230528T101423_L2A/metadata.xml"", ""tileinfo_metadata"": ""https://e84-earth-search-sentinel-data.s3.us-west-2.amazonaws.com/sentinel-2-c1-l2a/32/T/QP/2023/5/S2B_T32TQP_20230528T101423_L2A/tileInfo.json"", ""product_metadata"": ""https://e84-earth-search-sentinel-data.s3.us-west-2.amazonaws.com/sentinel-2-c1-l2a/32/T/QP/2023/5/S2B_T32TQP_20230528T101423_L2A/product_metadata.xml"", ""thumbnail"": ""https://e84-earth-search-sentinel-data.s3.us-west-2.amazonaws.com/sentinel-2-c1-l2a/32/T/QP/2023/5/S2B_T32TQP_20230528T101423_L2A/L2A_PVI.jpg""}"
S2B_T32TPP_20230528T101423_L2A,2023-05-28 10:18:47.340000+00:00,32.880929,,sentinel-2b,"{""red"": ""https://e84-earth-search-sentinel-data.s3.us-west-2.amazonaws.com/sentinel-2-c1-l2a/32/T/PP/2023/5/S2B_T32TPP_20230528T101423_L2A/B04.tif"", ""green"": ""https://e84-earth-search-sentinel-data.s3.us-west-2.amazonaws.com/sentinel-2-c1-l2a/32/T/PP/2023/5/S2B_T32TPP_20230528T101423_L2A/B03.tif"", ""blue"": ""https://e84-earth-search-sentinel-data.s3.us-west-2.amazonaws.com/sentinel-2-c1-l2a/32/T/PP/2023/5/S2B_T32TPP_20230528T101423_L2A/B02.tif"", ""visual"": ""https://e84-earth-search-sentinel-data.s3.us-west-2.amazonaws.com/sentinel-2-c1-l2a/32/T/PP/2023/5/S2B_T32TPP_20230528T101423_L2A/TCI.tif"", ""nir"": ""https://e84-earth-search-sentinel-data.s3.us-west-2.amazonaws.com/sentinel-2-c1-l2a/32/T/PP/2023/5/S2B_T32TPP_20230528T101423_L2A/B08.tif"", ""swir22"": ""https://e84-earth-search-sentinel-data.s3.us-west-2.amazonaws.com/sentinel-2-c1-l2a/32/T/PP/2023/5/S2B_T32TPP_20230528T101423_L2A/B12.tif"", ""rededge2"": ""https://e84-earth-search-sentinel-data.s3.us-west-2.amazonaws.com/sentinel-2-c1-l2a/32/T/PP/2023/5/S2B_T32TPP_20230528T101423_L2A/B06.tif"", ""rededge3"": ""https://e84-earth-search-sentinel-data.s3.us-west-2.amazonaws.com/sentinel-2-c1-l2a/32/T/PP/2023/5/S2B_T32TPP_20230528T101423_L2A/B07.tif"", ""rededge1"": ""https://e84-earth-search-sentinel-data.s3.us-west-2.amazonaws.com/sentinel-2-c1-l2a/32/T/PP/2023/5/S2B_T32TPP_20230528T101423_L2A/B05.tif"", ""swir16"": ""https://e84-earth-search-sentinel-data.s3.us-west-2.amazonaws.com/sentinel-2-c1-l2a/32/T/PP/2023/5/S2B_T32TPP_20230528T101423_L2A/B11.tif"", ""wvp"": ""https://e84-earth-search-sentinel-data.s3.us-west-2.amazonaws.com/sentinel-2-c1-l2a/32/T/PP/2023/5/S2B_T32TPP_20230528T101423_L2A/WVP.tif"", ""nir08"": ""https://e84-earth-search-sentinel-data.s3.us-west-2.amazonaws.com/sentinel-2-c1-l2a/32/T/PP/2023/5/S2B_T32TPP_20230528T101423_L2A/B8A.tif"", ""scl"": ""https://e84-earth-search-sentinel-data.s3.us-west-2.amazonaws.com/sentinel-2-c1-l2a/32/T/PP/2023/5/S2B_T32TPP_20230528T101423_L2A/SCL.tif"", ""aot"": ""https://e84-earth-search-sentinel-data.s3.us-west-2.amazonaws.com/sentinel-2-c1-l2a/32/T/PP/2023/5/S2B_T32TPP_20230528T101423_L2A/AOT.tif"", ""coastal"": ""https://e84-earth-search-sentinel-data.s3.us-west-2.amazonaws.com/sentinel-2-c1-l2a/32/T/PP/2023/5/S2B_T32TPP_20230528T101423_L2A/B01.tif"", ""nir09"": ""https://e84-earth-search-sentinel-data.s3.us-west-2.amazonaws.com/sentinel-2-c1-l2a/32/T/PP/2023/5/S2B_T32TPP_20230528T101423_L2A/B09.tif"", ""cloud"": ""https://e84-earth-search-sentinel-data.s3.us-west-2.amazonaws.com/sentinel-2-c1-l2a/32/T/PP/2023/5/S2B_T32TPP_20230528T101423_L2A/CLD_20m.tif"", ""snow"": ""https://e84-earth-search-sentinel-data.s3.us-west-2.amazonaws.com/sentinel-2-c1-l2a/32/T/PP/2023/5/S2B_T32TPP_20230528T101423_L2A/SNW_20m.tif"", ""preview"": ""https://e84-earth-search-sentinel-data.s3.us-west-2.amazonaws.com/sentinel-2-c1-l2a/32/T/PP/2023/5/S2B_T32TPP_20230528T101423_L2A/L2A_PVI.tif"", ""granule_metadata"": ""https://e84-earth-search-sentinel-data.s3.us-west-2.amazonaws.com/sentinel-2-c1-l2a/32/T/PP/2023/5/S2B_T32TPP_20230528T101423_L2A/metadata.xml"", ""tileinfo_metadata"": ""https://e84-earth-search-sentinel-data.s3.us-west-2.amazonaws.com/sentinel-2-c1-l2a/32/T/PP/2023/5/S2B_T32TPP_20230528T101423_L2A/tileInfo.json"", ""product_metadata"": ""https://e84-earth-search-sentinel-data.s3.us-west-2.amazonaws.com/sentinel-2-c1-l2a/32/T/PP/2023/5/S2B_T32TPP_20230528T101423_L2A/product_metadata.xml"", ""thumbnail"": ""https://e84-earth-search-sentinel-data.s3.us-west-2.amazonaws.com/sentinel-2-c1-l2a/32/T/PP/2023/5/S2B_T32TPP_20230528T101423_L2A/L2A_PVI.jpg""}"
S2A_T32TQQ_20230530T100029_L2A,2023-05-30 10:08:31.991000+00:00,6.542459,,sentinel-2a,"{""red"": ""https://e84-earth-search-sentinel-data.s3.us-west-2.amazonaws.com/sentinel-2-c1-l2a/32/T/QQ/2023/5/S2A_T32TQQ_20230530T100029_L2A/B04.tif"", ""green"": ""https://e84-earth-search-sentinel-data.s3.us-west-2.amazonaws.com/sentinel-2-c1-l2a/32/T/QQ/2023/5/S2A_T32TQQ_20230530T100029_L2A/B03.tif"", ""blue"": ""https://e84-earth-search-sentinel-data.s3.us-west-2.amazonaws.com/sentinel-2-c1-l2a/32/T/QQ/2023/5/S2A_T32TQQ_20230530T100029_L2A/B02.tif"", ""visual"": ""https://e84-earth-search-sentinel-data.s3.us-west-2.amazonaws.com/sentinel-2-c1-l2a/32/T/QQ/2023/5/S2A_T32TQQ_20230530T100029_L2A/TCI.tif"", ""nir"": ""https://e84-earth-search-sentinel-data.s3.us-west-2.amazonaws.com/sentinel-2-c1-l2a/32/T/QQ/2023/5/S2A_T32TQQ_20230530T100029_L2A/B08.tif"", ""swir22"": ""https://e84-earth-search-sentinel-data.s3.us-west-2.amazonaws.com/sentinel-2-c1-l2a/32/T/QQ/2023/5/S2A_T32TQQ_20230530T100029_L2A/B12.tif"", ""rededge2"": ""https://e84-earth-search-sentinel-data.s3.us-west-2.amazonaws.com/sentinel-2-c1-l2a/32/T/QQ/2023/5/S2A_T32TQQ_20230530T100029_L2A/B06.tif"", ""rededge3"": ""https://e84-earth-search-sentinel-data.s3.us-west-2.amazonaws.com/sentinel-2-c1-l2a/32/T/QQ/2023/5/S2A_T32TQQ_20230530T100029_L2A/B07.tif"", ""rededge1"": ""https://e84-earth-search-sentinel-data.s3.us-west-2.amazonaws.com/sentinel-2-c1-l2a/32/T/QQ/2023/5/S2A_T32TQQ_20230530T100029_L2A/B05.tif"", ""swir16"": ""https://e84-earth-search-sentinel-data.s3.us-west-2.amazonaws.com/sentinel-2-c1-l2a/32/T/QQ/2023/5/S2A_T32TQQ_20230530T100029_L2A/B11.tif"", ""wvp"": ""https://e84-earth-search-sentinel-data.s3.us-west-2.amazonaws.com/sentinel-2-c1-l2a/32/T/QQ/2023/5/S2A_T32TQQ_20230530T100029_L2A/WVP.tif"", ""nir08"": ""https://e84-earth-search-sentinel-data.s3.us-west-2.amazonaws.com/sentinel-2-c1-l2a/32/T/QQ/2023/5/S2A_T32TQQ_20230530T100029_L2A/B8A.tif"", ""scl"": ""https://e84-earth-search-sentinel-data.s3.us-west-2.amazonaws.com/sentinel-2-c1-l2a/32/T/QQ/2023/5/S2A_T32TQQ_20230530T100029_L2A/SCL.tif"", ""aot"": ""https://e84-earth-search-sentinel-data.s3.us-west-2.amazonaws.com/sentinel-2-c1-l2a/32/T/QQ/2023/5/S2A_T32TQQ_20230530T100029_L2A/AOT.tif"", ""coastal"": ""https://e84-earth-search-sentinel-data.s3.us-west-2.amazonaws.com/sentinel-2-c1-l2a/32/T/QQ/2023/5/S2A_T32TQQ_20230530T100029_L2A/B01.tif"", ""nir09"": ""https://e84-earth-search-sentinel-data.s3.us-west-2.amazonaws.com/sentinel-2-c1-l2a/32/T/QQ/2023/5/S2A_T32TQQ_20230530T100029_L2A/B09.tif"", ""cloud"": ""https://e84-earth-search-sentinel-data.s3.us-west-2.amazonaws.com/sentinel-2-c1-l2a/32/T/QQ/2023/5/S2A_T32TQQ_20230530T100029_L2A/CLD_20m.tif"", ""snow"": ""https://e84-earth-search-sentinel-data.s3.us-west-2.amazonaws.com/sentinel-2-c1-l2a/32/T/QQ/2023/5/S2A_T32TQQ_20230530T100029_L2A/SNW_20m.tif"", ""preview"": ""https://e84-earth-search-sentinel-data.s3.us-west-2.amazonaws.com/sentinel-2-c1-l2a/32/T/QQ/2023/5/S2A_T32TQQ_20230530T100029_L2A/L2A_PVI.tif"", ""granule_metadata"": ""https://e84-earth-search-sentinel-data.s3.us-west-2.amazonaws.com/sentinel-2-c1-l2a/32/T/QQ/2023/5/S2A_T32TQQ_20230530T100029_L2A/metadata.xml"", ""tileinfo_metadata"": ""https://e84-earth-search-sentinel-data.s3.us-west-2.amazonaws.com/sentinel-2-c1-l2a/32/T/QQ/2023/5/S2A_T32TQQ_20230530T100029_L2A/tileInfo.json"", ""product_metadata"": ""https://e84-earth-search-sentinel-data.s3.us-west-2.amazonaws.com/sentinel-2-c1-l2a/32/T/QQ/2023/5/S2A_T32TQQ_20230530T100029_L2A/product_metadata.xml"", ""thumbnail"": ""https://e84-earth-search-sentinel-data.s3.us-west-2.amazonaws.com/sentinel-2-c1-l2a/32/T/QQ/2023/5/S2A_T32TQQ_20230530T100029_L2A/L2A_PVI.jpg""}"
S2A_T32TQP_20230530T100029_L2A,2023-05-30 10:08:46.707000+00:00,16.875787,,sentinel-2a,"{""red"": ""https://e84-earth-search-sentinel-data.s3.us-west-2.amazonaws.com/sentinel-2-c1-l2a/32/T/QP/2023/5/S2A_T32TQP_20230530T100029_L2A/B04.tif"", ""green"": ""https://e84-earth-search-sentinel-data.s3.us-west-2.amazonaws.com/sentinel-2-c1-l2a/32/T/QP/2023/5/S2A_T32TQP_20230530T100029_L2A/B03.tif"", ""blue"": ""https://e84-earth-search-sentinel-data.s3.us-west-2.amazonaws.com/sentinel-2-c1-l2a/32/T/QP/2023/5/S2A_T32TQP_20230530T100029_L2A/B02.tif"", ""visual"": ""https://e84-earth-search-sentinel-data.s3.us-west-2.amazonaws.com/sentinel-2-c1-l2a/32/T/QP/2023/5/S2A_T32TQP_20230530T100029_L2A/TCI.tif"", ""nir"": ""https://e84-earth-search-sentinel-data.s3.us-west-2.amazonaws.com/sentinel-2-c1-l2a/32/T/QP/2023/5/S2A_T32TQP_20230530T100029_L2A/B08.tif"", ""swir22"": ""https://e84-earth-search-sentinel-data.s3.us-west-2.amazonaws.com/sentinel-2-c1-l2a/32/T/QP/2023/5/S2A_T32TQP_20230530T100029_L2A/B12.tif"", ""rededge2"": ""https://e84-earth-search-sentinel-data.s3.us-west-2.amazonaws.com/sentinel-2-c1-l2a/32/T/QP/2023/5/S2A_T32TQP_20230530T100029_L2A/B06.tif"", ""rededge3"": ""https://e84-earth-search-sentinel-data.s3.us-west-2.amazonaws.com/sentinel-2-c1-l2a/32/T/QP/2023/5/S2A_T32TQP_20230530T100029_L2A/B07.tif"", ""rededge1"": ""https://e84-earth-search-sentinel-data.s3.us-west-2.amazonaws.com/sentinel-2-c1-l2a/32/T/QP/2023/5/S2A_T32TQP_20230530T100029_L2A/B05.tif"", ""swir16"": ""https://e84-earth-search-sentinel-data.s3.us-west-2.amazonaws.com/sentinel-2-c1-l2a/32/T/QP/2023/5/S2A_T32TQP_20230530T100029_L2A/B11.tif"", ""wvp"": ""https://e84-earth-search-sentinel-data.s3.us-west-2.amazonaws.com/sentinel-2-c1-l2a/32/T/QP/2023/5/S2A_T32TQP_20230530T100029_L2A/WVP.tif"", ""nir08"": ""https://e84-earth-search-sentinel-data.s3.us-west-2.amazonaws.com/sentinel-2-c1-l2a/32/T/QP/2023/5/S2A_T32TQP_20230530T100029_L2A/B8A.tif"", ""scl"": ""https://e84-earth-search-sentinel-data.s3.us-west-2.amazonaws.com/sentinel-2-c1-l2a/32/T/QP/2023/5/S2A_T32TQP_20230530T100029_L2A/SCL.tif"", ""aot"": ""https://e84-earth-search-sentinel-data.s3.us-west-2.amazonaws.com/sentinel-2-c1-l2a/32/T/QP/2023/5/S2A_T32TQP_20230530T100029_L2A/AOT.tif"", ""coastal"": ""https://e84-earth-search-sentinel-data.s3.us-west-2.amazonaws.com/sentinel-2-c1-l2a/32/T/QP/2023/5/S2A_T32TQP_20230530T100029_L2A/B01.tif"", ""nir09"": ""https://e84-earth-search-sentinel-data.s3.us-west-2.amazonaws.com/sentinel-2-c1-l2a/32/T/QP/2023/5/S2A_T32TQP_20230530T100029_L2A/B09.tif"", ""cloud"": ""https://e84-earth-search-sentinel-data.s3.us-west-2.amazonaws.com/sentinel-2-c1-l2a/32/T/QP/2023/5/S2A_T32TQP_20230530T100029_L2A/CLD_20m.tif"", ""snow"": ""https://e84-earth-search-sentinel-data.s3.us-west-2.amazonaws.com/sentinel-2-c1-l2a/32/T/QP/2023/5/S2A_T32TQP_20230530T100029_L2A/SNW_20m.tif"", ""preview"": ""https://e84-earth-search-sentinel-data.s3.us-west-2.amazonaws.com/sentinel-2-c1-l2a/32/T/QP/2023/5/S2A_T32TQP_20230530T100029_L2A/L2A_PVI.tif"", ""granule_metadata"": ""https://e84-earth-search-sentinel-data.s3.us-west-2.amazonaws.com/sentinel-2-c1-l2a/32/T/QP/2023/5/S2A_T32TQP_20230530T100029_L2A/metadata.xml"", ""tileinfo_metadata"": ""https://e84-earth-search-sentinel-data.s3.us-west-2.amazonaws.com/sentinel-2-c1-l2a/32/T/QP/2023/5/S2A_T32TQP_20230530T100029_L2A/tileInfo.json"", ""product_metadata"": ""https://e84-earth-search-sentinel-data.s3.us-west-2.amazonaws.com/sentinel-2-c1-l2a/32/T/QP/2023/5/S2A_T32TQP_20230530T100029_L2A/product_metadata.xml"", ""thumbnail"": ""https://e84-earth-search-sentinel-data.s3.us-west-2.amazonaws.com/sentinel-2-c1-l2a/32/T/QP/2023/5/S2A_T32TQP_20230530T100029_L2A/L2A_PVI.jpg""}"
S2A_T32TQQ_20230602T100832_L2A,2023-06-02 10:18:28.928000+00:00,6.457918,,sentinel-2a,"{""red"": ""https://e84-earth-search-sentinel-data.s3.us-west-2.amazonaws.com/sentinel-2-c1-l2a/32/T/QQ/2023/6/S2A_T32TQQ_20230602T100832_L2A/B04.tif"", ""green"": ""https://e84-earth-search-sentinel-data.s3.us-west-2.amazonaws.com/sentinel-2-c1-l2a/32/T/QQ/2023/6/S2A_T32TQQ_20230602T100832_L2A/B03.tif"", ""blue"": ""https://e84-earth-search-sentinel-data.s3.us-west-2.amazonaws.com/sentinel-2-c1-l2a/32/T/QQ/2023/6/S2A_T32TQQ_20230602T100832_L2A/B02.tif"", ""visual"": ""https://e84-earth-search-sentinel-data.s3.us-west-2.amazonaws.com/sentinel-2-c1-l2a/32/T/QQ/2023/6/S2A_T32TQQ_20230602T100832_L2A/TCI.tif"", ""nir"": ""https://e84-earth-search-sentinel-data.s3.us-west-2.amazonaws.com/sentinel-2-c1-l2a/32/T/QQ/2023/6/S2A_T32TQQ_20230602T100832_L2A/B08.tif"", ""swir22"": ""https://e84-earth-search-sentinel-data.s3.us-west-2.amazonaws.com/sentinel-2-c1-l2a/32/T/QQ/2023/6/S2A_T32TQQ_20230602T100832_L2A/B12.tif"", ""rededge2"": ""https://e84-earth-search-sentinel-data.s3.us-west-2.amazonaws.com/sentinel-2-c1-l2a/32/T/QQ/2023/6/S2A_T32TQQ_20230602T100832_L2A/B06.tif"", ""rededge3"": ""https://e84-earth-search-sentinel-data.s3.us-west-2.amazonaws.com/sentinel-2-c1-l2a/32/T/QQ/2023/6/S2A_T32TQQ_20230602T100832_L2A/B07.tif"", ""rededge1"": ""https://e84-earth-search-sentinel-data.s3.us-west-2.amazonaws.com/sentinel-2-c1-l2a/32/T/QQ/2023/6/S2A_T32TQQ_20230602T100832_L2A/B05.tif"", ""swir16"": ""https://e84-earth-search-sentinel-data.s3.us-west-2.amazonaws.com/sentinel-2-c1-l2a/32/T/QQ/2023/6/S2A_T32TQQ_20230602T100832_L2A/B11.tif"", ""wvp"": ""https://e84-earth-search-sentinel-data.s3.us-west-2.amazonaws.com/sentinel-2-c1-l2a/32/T/QQ/2023/6/S2A_T32TQQ_20230602T100832_L2A/WVP.tif"", ""nir08"": ""https://e84-earth-search-sentinel-data.s3.us-west-2.amazonaws.com/sentinel-2-c1-l2a/32/T/QQ/2023/6/S2A_T32TQQ_20230602T100832_L2A/B8A.tif"", ""scl"": ""https://e84-earth-search-sentinel-data.s3.us-west-2.amazonaws.com/sentinel-2-c1-l2a/32/T/QQ/2023/6/S2A_T32TQQ_20230602T100832_L2A/SCL.tif"", ""aot"": ""https://e84-earth-search-sentinel-data.s3.us-west-2.amazonaws.com/sentinel-2-c1-l2a/32/T/QQ/2023/6/S2A_T32TQQ_20230602T100832_L2A/AOT.tif"", ""coastal"": ""https://e84-earth-search-sentinel-data.s3.us-west-2.amazonaws.com/sentinel-2-c1-l2a/32/T/QQ/2023/6/S2A_T32TQQ_20230602T100832_L2A/B01.tif"", ""nir09"": ""https://e84-earth-search-sentinel-data.s3.us-west-2.amazonaws.com/sentinel-2-c1-l2a/32/T/QQ/2023/6/S2A_T32TQQ_20230602T100832_L2A/B09.tif"", ""cloud"": ""https://e84-earth-search-sentinel-data.s3.us-west-2.amazonaws.com/sentinel-2-c1-l2a/32/T/QQ/2023/6/S2A_T32TQQ_20230602T100832_L2A/CLD_20m.tif"", ""snow"": ""https://e84-earth-search-sentinel-data.s3.us-west-2.amazonaws.com/sentinel-2-c1-l2a/32/T/QQ/2023/6/S2A_T32TQQ_20230602T100832_L2A/SNW_20m.tif"", ""preview"": ""https://e84-earth-search-sentinel-data.s3.us-west-2.amazonaws.com/sentinel-2-c1-l2a/32/T/QQ/2023/6/S2A_T32TQQ_20230602T100832_L2A/L2A_PVI.tif"", ""granule_metadata"": ""https://e84-earth-search-sentinel-data.s3.us-west-2.amazonaws.com/sentinel-2-c1-l2a/32/T/QQ/2023/6/S2A_T32TQQ_20230602T100832_L2A/metadata.xml"", ""tileinfo_metadata"": ""https://e84-earth-search-sentinel-data.s3.us-west-2.amazonaws.com/sentinel-2-c1-l2a/32/T/QQ/2023/6/S2A_T32TQQ_20230602T100832_L2A/tileInfo.json"", ""product_metadata"": ""https://e84-earth-search-sentinel-data.s3.us-west-2.amazonaws.com/sentinel-2-c1-l2a/32/T/QQ/2023/6/S2A_T32TQQ_20230602T100832_L2A/product_metadata.xml"", ""thumbnail"": ""https://e84-earth-search-sentinel-data.s3.us-west-2.amazonaws.com/sentinel-2-c1-l2a/32/T/QQ/2023/6/S2A_T32TQQ_20230602T100832_L2A/L2A_PVI.jpg""}"
S2A_T32TPQ_20230602T100832_L2A,2023-06-02 10:18:32.385000+00:00,14.878909,,sentinel-2a,"{""red"": ""https://e84-earth-search-sentinel-data.s3.us-west-2.amazonaws.com/sentinel-2-c1-l2a/32/T/PQ/2023/6/S2A_T32TPQ_20230602T100832_L2A/B04.tif"", ""green"": ""https://e84-earth-search-sentinel-data.s3.us-west-2.amazonaws.com/sentinel-2-c1-l2a/32/T/PQ/2023/6/S2A_T32TPQ_20230602T100832_L2A/B03.tif"", ""blue"": ""https://e84-earth-search-sentinel-data.s3.us-west-2.amazonaws.com/sentinel-2-c1-l2a/32/T/PQ/2023/6/S2A_T32TPQ_20230602T100832_L2A/B02.tif"", ""visual"": ""https://e84-earth-search-sentinel-data.s3.us-west-2.amazonaws.com/sentinel-2-c1-l2a/32/T/PQ/2023/6/S2A_T32TPQ_20230602T100832_L2A/TCI.tif"", ""nir"": ""https://e84-earth-search-sentinel-data.s3.us-west-2.amazonaws.com/sentinel-2-c1-l2a/32/T/PQ/2023/6/S2A_T32TPQ_20230602T100832_L2A/B08.tif"", ""swir22"": ""https://e84-earth-search-sentinel-data.s3.us-west-2.amazonaws.com/sentinel-2-c1-l2a/32/T/PQ/2023/6/S2A_T32TPQ_20230602T100832_L2A/B12.tif"", ""rededge2"": ""https://e84-earth-search-sentinel-data.s3.us-west-2.amazonaws.com/sentinel-2-c1-l2a/32/T/PQ/2023/6/S2A_T32TPQ_20230602T100832_L2A/B06.tif"", ""rededge3"": ""https://e84-earth-search-sentinel-data.s3.us-west-2.amazonaws.com/sentinel-2-c1-l2a/32/T/PQ/2023/6/S2A_T32TPQ_20230602T100832_L2A/B07.tif"", ""rededge1"": ""https://e84-earth-search-sentinel-data.s3.us-west-2.amazonaws.com/sentinel-2-c1-l2a/32/T/PQ/2023/6/S2A_T32TPQ_20230602T100832_L2A/B05.tif"", ""swir16"": ""https://e84-earth-search-sentinel-data.s3.us-west-2.amazonaws.com/sentinel-2-c1-l2a/32/T/PQ/2023/6/S2A_T32TPQ_20230602T100832_L2A/B11.tif"", ""wvp"": ""https://e84-earth-search-sentinel-data.s3.us-west-2.amazonaws.com/sentinel-2-c1-l2a/32/T/PQ/2023/6/S2A_T32TPQ_20230602T100832_L2A/WVP.tif"", ""nir08"": ""https://e84-earth-search-sentinel-data.s3.us-west-2.amazonaws.com/sentinel-2-c1-l2a/32/T/PQ/2023/6/S2A_T32TPQ_20230602T100832_L2A/B8A.tif"", ""scl"": ""https://e84-earth-search-sentinel-data.s3.us-west-2.amazonaws.com/sentinel-2-c1-l2a/32/T/PQ/2023/6/S2A_T32TPQ_20230602T100832_L2A/SCL.tif"", ""aot"": ""https://e84-earth-search-sentinel-data.s3.us-west-2.amazonaws.com/sentinel-2-c1-l2a/32/T/PQ/2023/6/S2A_T32TPQ_20230602T100832_L2A/AOT.tif"", ""coastal"": ""https://e84-earth-search-sentinel-data.s3.us-west-2.amazonaws.com/sentinel-2-c1-l2a/32/T/PQ/2023/6/S2A_T32TPQ_20230602T100832_L2A/B01.tif"", ""nir09"": ""https://e84-earth-search-sentinel-data.s3.us-west-2.amazonaws.com/sentinel-2-c1-l2a/32/T/PQ/2023/6/S2A_T32TPQ_20230602T100832_L2A/B09.tif"", ""cloud"": ""https://e84-earth-search-sentinel-data.s3.us-west-2.amazonaws.com/sentinel-2-c1-l2a/32/T/PQ/2023/6/S2A_T32TPQ_20230602T100832_L2A/CLD_20m.tif"", ""snow"": ""https://e84-earth-search-sentinel-data.s3.us-west-2.amazonaws.com/sentinel-2-c1-l2a/32/T/PQ/2023/6/S2A_T32TPQ_20230602T100832_L2A/SNW_20m.tif"", ""preview"": ""https://e84-earth-search-sentinel-data.s3.us-west-2.amazonaws.com/sentinel-2-c1-l2a/32/T/PQ/2023/6/S2A_T32TPQ_20230602T100832_L2A/L2A_PVI.tif"", ""granule_metadata"": ""https://e84-earth-search-sentinel-data.s3.us-west-2.amazonaws.com/sentinel-2-c1-l2a/32/T/PQ/2023/6/S2A_T32TPQ_20230602T100832_L2A/metadata.xml"", ""tileinfo_metadata"": ""https://e84-earth-search-sentinel-data.s3.us-west-2.amazonaws.com/sentinel-2-c1-l2a/32/T/PQ/2023/6/S2A_T32TPQ_20230602T100832_L2A/tileInfo.json"", ""product_metadata"": ""https://e84-earth-search-sentinel-data.s3.us-west-2.amazonaws.com/sentinel-2-c1-l2a/32/T/PQ/2023/6/S2A_T32TPQ_20230602T100832_L2A/product_metadata.xml"", ""thumbnail"": ""https://e84-earth-search-sentinel-data.s3.us-west-2.amazonaws.com/sentinel-2-c1-l2a/32/T/PQ/2023/6/S2A_T32TPQ_20230602T100832_L2A/L2A_PVI.jpg""}"
S2A_T32TQP_20230602T100832_L2A,2023-06-02 10:18:43.168000+00:00,19.16507,,sentinel-2a,"{""red"": ""https://e84-earth-search-sentinel-data.s3.us-west-2.amazonaws.com/sentinel-2-c1-l2a/32/T/QP/2023/6/S2A_T32TQP_20230602T100832_L2A/B04.tif"", ""green"": ""https://e84-earth-search-sentinel-data.s3.us-west-2.amazonaws.com/sentinel-2-c1-l2a/32/T/QP/2023/6/S2A_T32TQP_20230602T100832_L2A/B03.tif"", ""blue"": ""https://e84-earth-search-sentinel-data.s3.us-west-2.amazonaws.com/sentinel-2-c1-l2a/32/T/QP/2023/6/S2A_T32TQP_20230602T100832_L2A/B02.tif"", ""visual"": ""https://e84-earth-search-sentinel-data.s3.us-west-2.amazonaws.com/sentinel-2-c1-l2a/32/T/QP/2023/6/S2A_T32TQP_20230602T100832_L2A/TCI.tif"", ""nir"": ""https://e84-earth-search-sentinel-data.s3.us-west-2.amazonaws.com/sentinel-2-c1-l2a/32/T/QP/2023/6/S2A_T32TQP_20230602T100832_L2A/B08.tif"", ""swir22"": ""https://e84-earth-search-sentinel-data.s3.us-west-2.amazonaws.com/sentinel-2-c1-l2a/32/T/QP/2023/6/S2A_T32TQP_20230602T100832_L2A/B12.tif"", ""rededge2"": ""https://e84-earth-search-sentinel-data.s3.us-west-2.amazonaws.com/sentinel-2-c1-l2a/32/T/QP/2023/6/S2A_T32TQP_20230602T100832_L2A/B06.tif"", ""rededge3"": ""https://e84-earth-search-sentinel-data.s3.us-west-2.amazonaws.com/sentinel-2-c1-l2a/32/T/QP/2023/6/S2A_T32TQP_20230602T100832_L2A/B07.tif"", ""rededge1"": ""https://e84-earth-search-sentinel-data.s3.us-west-2.amazonaws.com/sentinel-2-c1-l2a/32/T/QP/2023/6/S2A_T32TQP_20230602T100832_L2A/B05.tif"", ""swir16"": ""https://e84-earth-search-sentinel-data.s3.us-west-2.amazonaws.com/sentinel-2-c1-l2a/32/T/QP/2023/6/S2A_T32TQP_20230602T100832_L2A/B11.tif"", ""wvp"": ""https://e84-earth-search-sentinel-data.s3.us-west-2.amazonaws.com/sentinel-2-c1-l2a/32/T/QP/2023/6/S2A_T32TQP_20230602T100832_L2A/WVP.tif"", ""nir08"": ""https://e84-earth-search-sentinel-data.s3.us-west-2.amazonaws.com/sentinel-2-c1-l2a/32/T/QP/2023/6/S2A_T32TQP_20230602T100832_L2A/B8A.tif"", ""scl"": ""https://e84-earth-search-sentinel-data.s3.us-west-2.amazonaws.com/sentinel-2-c1-l2a/32/T/QP/2023/6/S2A_T32TQP_20230602T100832_L2A/SCL.tif"", ""aot"": ""https://e84-earth-search-sentinel-data.s3.us-west-2.amazonaws.com/sentinel-2-c1-l2a/32/T/QP/2023/6/S2A_T32TQP_20230602T100832_L2A/AOT.tif"", ""coastal"": ""https://e84-earth-search-sentinel-data.s3.us-west-2.amazonaws.com/sentinel-2-c1-l2a/32/T/QP/2023/6/S2A_T32TQP_20230602T100832_L2A/B01.tif"", ""nir09"": ""https://e84-earth-search-sentinel-data.s3.us-west-2.amazonaws.com/sentinel-2-c1-l2a/32/T/QP/2023/6/S2A_T32TQP_20230602T100832_L2A/B09.tif"", ""cloud"": ""https://e84-earth-search-sentinel-data.s3.us-west-2.amazonaws.com/sentinel-2-c1-l2a/32/T/QP/2023/6/S2A_T32TQP_20230602T100832_L2A/CLD_20m.tif"", ""snow"": ""https://e84-earth-search-sentinel-data.s3.us-west-2.amazonaws.com/sentinel-2-c1-l2a/32/T/QP/2023/6/S2A_T32TQP_20230602T100832_L2A/SNW_20m.tif"", ""preview"": ""https://e84-earth-search-sentinel-data.s3.us-west-2.amazonaws.com/sentinel-2-c1-l2a/32/T/QP/2023/6/S2A_T32TQP_20230602T100832_L2A/L2A_PVI.tif"", ""granule_metadata"": ""https://e84-earth-search-sentinel-data.s3.us-west-2.amazonaws.com/sentinel-2-c1-l2a/32/T/QP/2023/6/S2A_T32TQP_20230602T100832_L2A/metadata.xml"", ""tileinfo_metadata"": ""https://e84-earth-search-sentinel-data.s3.us-west-2.amazonaws.com/sentinel-2-c1-l2a/32/T/QP/2023/6/S2A_T32TQP_20230602T100832_L2A/tileInfo.json"", ""product_metadata"": ""https://e84-earth-search-sentinel-data.s3.us-west-2.amazonaws.com/sentinel-2-c1-l2a/32/T/QP/2023/6/S2A_T32TQP_20230602T100832_L2A/product_metadata.xml"", ""thumbnail"": ""https://e84-earth-search-sentinel-data.s3.us-west-2.amazonaws.com/sentinel-2-c1-l2a/32/T/QP/2023/6/S2A_T32TQP_20230602T100832_L2A/L2A_PVI.jpg""}"
S2A_T32TPP_20230602T100832_L2A,2023-06-02 10:18:46.785000+00:00,24.533141,,sentinel-2a,"{""red"": ""https://e84-earth-search-sentinel-data.s3.us-west-2.amazonaws.com/sentinel-2-c1-l2a/32/T/PP/2023/6/S2A_T32TPP_20230602T100832_L2A/B04.tif"", ""green"": ""https://e84-earth-search-sentinel-data.s3.us-west-2.amazonaws.com/sentinel-2-c1-l2a/32/T/PP/2023/6/S2A_T32TPP_20230602T100832_L2A/B03.tif"", ""blue"": ""https://e84-earth-search-sentinel-data.s3.us-west-2.amazonaws.com/sentinel-2-c1-l2a/32/T/PP/2023/6/S2A_T32TPP_20230602T100832_L2A/B02.tif"", ""visual"": ""https://e84-earth-search-sentinel-data.s3.us-west-2.amazonaws.com/sentinel-2-c1-l2a/32/T/PP/2023/6/S2A_T32TPP_20230602T100832_L2A/TCI.tif"", ""nir"": ""https://e84-earth-search-sentinel-data.s3.us-west-2.amazonaws.com/sentinel-2-c1-l2a/32/T/PP/2023/6/S2A_T32TPP_20230602T100832_L2A/B08.tif"", ""swir22"": ""https://e84-earth-search-sentinel-data.s3.us-west-2.amazonaws.com/sentinel-2-c1-l2a/32/T/PP/2023/6/S2A_T32TPP_20230602T100832_L2A/B12.tif"", ""rededge2"": ""https://e84-earth-search-sentinel-data.s3.us-west-2.amazonaws.com/sentinel-2-c1-l2a/32/T/PP/2023/6/S2A_T32TPP_20230602T100832_L2A/B06.tif"", ""rededge3"": ""https://e84-earth-search-sentinel-data.s3.us-west-2.amazonaws.com/sentinel-2-c1-l2a/32/T/PP/2023/6/S2A_T32TPP_20230602T100832_L2A/B07.tif"", ""rededge1"": ""https://e84-earth-search-sentinel-data.s3.us-west-2.amazonaws.com/sentinel-2-c1-l2a/32/T/PP/2023/6/S2A_T32TPP_20230602T100832_L2A/B05.tif"", ""swir16"": ""https://e84-earth-search-sentinel-data.s3.us-west-2.amazonaws.com/sentinel-2-c1-l2a/32/T/PP/2023/6/S2A_T32TPP_20230602T100832_L2A/B11.tif"", ""wvp"": ""https://e84-earth-search-sentinel-data.s3.us-west-2.amazonaws.com/sentinel-2-c1-l2a/32/T/PP/2023/6/S2A_T32TPP_20230602T100832_L2A/WVP.tif"", ""nir08"": ""https://e84-earth-search-sentinel-data.s3.us-west-2.amazonaws.com/sentinel-2-c1-l2a/32/T/PP/2023/6/S2A_T32TPP_20230602T100832_L2A/B8A.tif"", ""scl"": ""https://e84-earth-search-sentinel-data.s3.us-west-2.amazonaws.com/sentinel-2-c1-l2a/32/T/PP/2023/6/S2A_T32TPP_20230602T100832_L2A/SCL.tif"", ""aot"": ""https://e84-earth-search-sentinel-data.s3.us-west-2.amazonaws.com/sentinel-2-c1-l2a/32/T/PP/2023/6/S2A_T32TPP_20230602T100832_L2A/AOT.tif"", ""coastal"": ""https://e84-earth-search-sentinel-data.s3.us-west-2.amazonaws.com/sentinel-2-c1-l2a/32/T/PP/2023/6/S2A_T32TPP_20230602T100832_L2A/B01.tif"", ""nir09"": ""https://e84-earth-search-sentinel-data.s3.us-west-2.amazonaws.com/sentinel-2-c1-l2a/32/T/PP/2023/6/S2A_T32TPP_20230602T100832_L2A/B09.tif"", ""cloud"": ""https://e84-earth-search-sentinel-data.s3.us-west-2.amazonaws.com/sentinel-2-c1-l2a/32/T/PP/2023/6/S2A_T32TPP_20230602T100832_L2A/CLD_20m.tif"", ""snow"": ""https://e84-earth-search-sentinel-data.s3.us-west-2.amazonaws.com/sentinel-2-c1-l2a/32/T/PP/2023/6/S2A_T32TPP_20230602T100832_L2A/SNW_20m.tif"", ""preview"": ""https://e84-earth-search-sentinel-data.s3.us-west-2.amazonaws.com/sentinel-2-c1-l2a/32/T/PP/2023/6/S2A_T32TPP_20230602T100832_L2A/L2A_PVI.tif"", ""granule_metadata"": ""https://e84-earth-search-sentinel-data.s3.us-west-2.amazonaws.com/sentinel-2-c1-l2a/32/T/PP/2023/6/S2A_T32TPP_20230602T100832_L2A/metadata.xml"", ""tileinfo_metadata"": ""https://e84-earth-search-sentinel-data.s3.us-west-2.amazonaws.com/sentinel-2-c1-l2a/32/T/PP/2023/6/S2A_T32TPP_20230602T100832_L2A/tileInfo.json"", ""product_metadata"": ""https://e84-earth-search-sentinel-data.s3.us-west-2.amazonaws.com/sentinel-2-c1-l2a/32/T/PP/2023/6/S2A_T32TPP_20230602T100832_L2A/product_metadata.xml"", ""thumbnail"": ""https://e84-earth-search-sentinel-data.s3.us-west-2.amazonaws.com/sentinel-2-c1-l2a/32/T/PP/2023/6/S2A_T32TPP_20230602T100832_L2A/L2A_PVI.jpg""}"
S2B_T32TQQ_20230604T095738_L2A,2023-06-04 10:08:32.410000+00:00,64.83103,,sentinel-2b,"{""red"": ""https://e84-earth-search-sentinel-data.s3.us-west-2.amazonaws.com/sentinel-2-c1-l2a/32/T/QQ/2023/6/S2B_T32TQQ_20230604T095738_L2A/B04.tif"", ""green"": ""https://e84-earth-search-sentinel-data.s3.us-west-2.amazonaws.com/sentinel-2-c1-l2a/32/T/QQ/2023/6/S2B_T32TQQ_20230604T095738_L2A/B03.tif"", ""blue"": ""https://e84-earth-search-sentinel-data.s3.us-west-2.amazonaws.com/sentinel-2-c1-l2a/32/T/QQ/2023/6/S2B_T32TQQ_20230604T095738_L2A/B02.tif"", ""visual"": ""https://e84-earth-search-sentinel-data.s3.us-west-2.amazonaws.com/sentinel-2-c1-l2a/32/T/QQ/2023/6/S2B_T32TQQ_20230604T095738_L2A/TCI.tif"", ""nir"": ""https://e84-earth-search-sentinel-data.s3.us-west-2.amazonaws.com/sentinel-2-c1-l2a/32/T/QQ/2023/6/S2B_T32TQQ_20230604T095738_L2A/B08.tif"", ""swir22"": ""https://e84-earth-search-sentinel-data.s3.us-west-2.amazonaws.com/sentinel-2-c1-l2a/32/T/QQ/2023/6/S2B_T32TQQ_20230604T095738_L2A/B12.tif"", ""rededge2"": ""https://e84-earth-search-sentinel-data.s3.us-west-2.amazonaws.com/sentinel-2-c1-l2a/32/T/QQ/2023/6/S2B_T32TQQ_20230604T095738_L2A/B06.tif"", ""rededge3"": ""https://e84-earth-search-sentinel-data.s3.us-west-2.amazonaws.com/sentinel-2-c1-l2a/32/T/QQ/2023/6/S2B_T32TQQ_20230604T095738_L2A/B07.tif"", ""rededge1"": ""https://e84-earth-search-sentinel-data.s3.us-west-2.amazonaws.com/sentinel-2-c1-l2a/32/T/QQ/2023/6/S2B_T32TQQ_20230604T095738_L2A/B05.tif"", ""swir16"": ""https://e84-earth-search-sentinel-data.s3.us-west-2.amazonaws.com/sentinel-2-c1-l2a/32/T/QQ/2023/6/S2B_T32TQQ_20230604T095738_L2A/B11.tif"", ""wvp"": ""https://e84-earth-search-sentinel-data.s3.us-west-2.amazonaws.com/sentinel-2-c1-l2a/32/T/QQ/2023/6/S2B_T32TQQ_20230604T095738_L2A/WVP.tif"", ""nir08"": ""https://e84-earth-search-sentinel-data.s3.us-west-2.amazonaws.com/sentinel-2-c1-l2a/32/T/QQ/2023/6/S2B_T32TQQ_20230604T095738_L2A/B8A.tif"", ""scl"": ""https://e84-earth-search-sentinel-data.s3.us-west-2.amazonaws.com/sentinel-2-c1-l2a/32/T/QQ/2023/6/S2B_T32TQQ_20230604T095738_L2A/SCL.tif"", ""aot"": ""https://e84-earth-search-sentinel-data.s3.us-west-2.amazonaws.com/sentinel-2-c1-l2a/32/T/QQ/2023/6/S2B_T32TQQ_20230604T095738_L2A/AOT.tif"", ""coastal"": ""https://e84-earth-search-sentinel-data.s3.us-west-2.amazonaws.com/sentinel-2-c1-l2a/32/T/QQ/2023/6/S2B_T32TQQ_20230604T095738_L2A/B01.tif"", ""nir09"": ""https://e84-earth-search-sentinel-data.s3.us-west-2.amazonaws.com/sentinel-2-c1-l2a/32/T/QQ/2023/6/S2B_T32TQQ_20230604T095738_L2A/B09.tif"", ""cloud"": ""https://e84-earth-search-sentinel-data.s3.us-west-2.amazonaws.com/sentinel-2-c1-l2a/32/T/QQ/2023/6/S2B_T32TQQ_20230604T095738_L2A/CLD_20m.tif"", ""snow"": ""https://e84-earth-search-sentinel-data.s3.us-west-2.amazonaws.com/sentinel-2-c1-l2a/32/T/QQ/2023/6/S2B_T32TQQ_20230604T095738_L2A/SNW_20m.tif"", ""preview"": ""https://e84-earth-search-sentinel-data.s3.us-west-2.amazonaws.com/sentinel-2-c1-l2a/32/T/QQ/2023/6/S2B_T32TQQ_20230604T095738_L2A/L2A_PVI.tif"", ""granule_metadata"": ""https://e84-earth-search-sentinel-data.s3.us-west-2.amazonaws.com/sentinel-2-c1-l2a/32/T/QQ/2023/6/S2B_T32TQQ_20230604T095738_L2A/metadata.xml"", ""tileinfo_metadata"": ""https://e84-earth-search-sentinel-data.s3.us-west-2.amazonaws.com/sentinel-2-c1-l2a/32/T/QQ/2023/6/S2B_T32TQQ_20230604T095738_L2A/tileInfo.json"", ""product_metadata"": ""https://e84-earth-search-sentinel-data.s3.us-west-2.amazonaws.com/sentinel-2-c1-l2a/32/T/QQ/2023/6/S2B_T32TQQ_20230604T095738_L2A/product_metadata.xml"", ""thumbnail"": ""https://e84-earth-search-sentinel-data.s3.us-west-2.amazonaws.com/sentinel-2-c1-l2a/32/T/QQ/2023/6/S2B_T32TQQ_20230604T095738_L2A/L2A_PVI.jpg""}"
S2B_T32TQQ_20230607T101430_L2A,2023-06-07 10:18:29.808000+00:00,57.336503,,sentinel-2b,"{""red"": ""https://e84-earth-search-sentinel-data.s3.us-west-2.amazonaws.com/sentinel-2-c1-l2a/32/T/QQ/2023/6/S2B_T32TQQ_20230607T101430_L2A/B04.tif"", ""green"": ""https://e84-earth-search-sentinel-data.s3.us-west-2.amazonaws.com/sentinel-2-c1-l2a/32/T/QQ/2023/6/S2B_T32TQQ_20230607T101430_L2A/B03.tif"", ""blue"": ""https://e84-earth-search-sentinel-data.s3.us-west-2.amazonaws.com/sentinel-2-c1-l2a/32/T/QQ/2023/6/S2B_T32TQQ_20230607T101430_L2A/B02.tif"", ""visual"": ""https://e84-earth-search-sentinel-data.s3.us-west-2.amazonaws.com/sentinel-2-c1-l2a/32/T/QQ/2023/6/S2B_T32TQQ_20230607T101430_L2A/TCI.tif"", ""nir"": ""https://e84-earth-search-sentinel-data.s3.us-west-2.amazonaws.com/sentinel-2-c1-l2a/32/T/QQ/2023/6/S2B_T32TQQ_20230607T101430_L2A/B08.tif"", ""swir22"": ""https://e84-earth-search-sentinel-data.s3.us-west-2.amazonaws.com/sentinel-2-c1-l2a/32/T/QQ/2023/6/S2B_T32TQQ_20230607T101430_L2A/B12.tif"", ""rededge2"": ""https://e84-earth-search-sentinel-data.s3.us-west-2.amazonaws.com/sentinel-2-c1-l2a/32/T/QQ/2023/6/S2B_T32TQQ_20230607T101430_L2A/B06.tif"", ""rededge3"": ""https://e84-earth-search-sentinel-data.s3.us-west-2.amazonaws.com/sentinel-2-c1-l2a/32/T/QQ/2023/6/S2B_T32TQQ_20230607T101430_L2A/B07.tif"", ""rededge1"": ""https://e84-earth-search-sentinel-data.s3.us-west-2.amazonaws.com/sentinel-2-c1-l2a/32/T/QQ/2023/6/S2B_T32TQQ_20230607T101430_L2A/B05.tif"", ""swir16"": ""https://e84-earth-search-sentinel-data.s3.us-west-2.amazonaws.com/sentinel-2-c1-l2a/32/T/QQ/2023/6/S2B_T32TQQ_20230607T101430_L2A/B11.tif"", ""wvp"": ""https://e84-earth-search-sentinel-data.s3.us-west-2.amazonaws.com/sentinel-2-c1-l2a/32/T/QQ/2023/6/S2B_T32TQQ_20230607T101430_L2A/WVP.tif"", ""nir08"": ""https://e84-earth-search-sentinel-data.s3.us-west-2.amazonaws.com/sentinel-2-c1-l2a/32/T/QQ/2023/6/S2B_T32TQQ_20230607T101430_L2A/B8A.tif"", ""scl"": ""https://e84-earth-search-sentinel-data.s3.us-west-2.amazonaws.com/sentinel-2-c1-l2a/32/T/QQ/2023/6/S2B_T32TQQ_20230607T101430_L2A/SCL.tif"", ""aot"": ""https://e84-earth-search-sentinel-data.s3.us-west-2.amazonaws.com/sentinel-2-c1-l2a/32/T/QQ/2023/6/S2B_T32TQQ_20230607T101430_L2A/AOT.tif"", ""coastal"": ""https://e84-earth-search-sentinel-data.s3.us-west-2.amazonaws.com/sentinel-2-c1-l2a/32/T/QQ/2023/6/S2B_T32TQQ_20230607T101430_L2A/B01.tif"", ""nir09"": ""https://e84-earth-search-sentinel-data.s3.us-west-2.amazonaws.com/sentinel-2-c1-l2a/32/T/QQ/2023/6/S2B_T32TQQ_20230607T101430_L2A/B09.tif"", ""cloud"": ""https://e84-earth-search-sentinel-data.s3.us-west-2.amazonaws.com/sentinel-2-c1-l2a/32/T/QQ/2023/6/S2B_T32TQQ_20230607T101430_L2A/CLD_20m.tif"", ""snow"": ""https://e84-earth-search-sentinel-data.s3.us-west-2.amazonaws.com/sentinel-2-c1-l2a/32/T/QQ/2023/6/S2B_T32TQQ_20230607T101430_L2A/SNW_20m.tif"", ""preview"": ""https://e84-earth-search-sentinel-data.s3.us-west-2.amazonaws.com/sentinel-2-c1-l2a/32/T/QQ/2023/6/S2B_T32TQQ_20230607T101430_L2A/L2A_PVI.tif"", ""granule_metadata"": ""https://e84-earth-search-sentinel-data.s3.us-west-2.amazonaws.com/sentinel-2-c1-l2a/32/T/QQ/2023/6/S2B_T32TQQ_20230607T101430_L2A/metadata.xml"", ""tileinfo_metadata"": ""https://e84-earth-search-sentinel-data.s3.us-west-2.amazonaws.com/sentinel-2-c1-l2a/32/T/QQ/2023/6/S2B_T32TQQ_20230607T101430_L2A/tileInfo.json"", ""product_metadata"": ""https://e84-earth-search-sentinel-data.s3.us-west-2.amazonaws.com/sentinel-2-c1-l2a/32/T/QQ/2023/6/S2B_T32TQQ_20230607T101430_L2A/product_metadata.xml"", ""thumbnail"": ""https://e84-earth-search-sentinel-data.s3.us-west-2.amazonaws.com/sentinel-2-c1-l2a/32/T/QQ/2023/6/S2B_T32TQQ_20230607T101430_L2A/L2A_PVI.jpg""}"
S2B_T32TPQ_20230607T101430_L2A,2023-06-07 10:18:33.259000+00:00,45.731199,,sentinel-2b,"{""red"": ""https://e84-earth-search-sentinel-data.s3.us-west-2.amazonaws.com/sentinel-2-c1-l2a/32/T/PQ/2023/6/S2B_T32TPQ_20230607T101430_L2A/B04.tif"", ""green"": ""https://e84-earth-search-sentinel-data.s3.us-west-2.amazonaws.com/sentinel-2-c1-l2a/32/T/PQ/2023/6/S2B_T32TPQ_20230607T101430_L2A/B03.tif"", ""blue"": ""https://e84-earth-search-sentinel-data.s3.us-west-2.amazonaws.com/sentinel-2-c1-l2a/32/T/PQ/2023/6/S2B_T32TPQ_20230607T101430_L2A/B02.tif"", ""visual"": ""https://e84-earth-search-sentinel-data.s3.us-west-2.amazonaws.com/sentinel-2-c1-l2a/32/T/PQ/2023/6/S2B_T32TPQ_20230607T101430_L2A/TCI.tif"", ""nir"": ""https://e84-earth-search-sentinel-data.s3.us-west-2.amazonaws.com/sentinel-2-c1-l2a/32/T/PQ/2023/6/S2B_T32TPQ_20230607T101430_L2A/B08.tif"", ""swir22"": ""https://e84-earth-search-sentinel-data.s3.us-west-2.amazonaws.com/sentinel-2-c1-l2a/32/T/PQ/2023/6/S2B_T32TPQ_20230607T101430_L2A/B12.tif"", ""rededge2"": ""https://e84-earth-search-sentinel-data.s3.us-west-2.amazonaws.com/sentinel-2-c1-l2a/32/T/PQ/2023/6/S2B_T32TPQ_20230607T101430_L2A/B06.tif"", ""rededge3"": ""https://e84-earth-search-sentinel-data.s3.us-west-2.amazonaws.com/sentinel-2-c1-l2a/32/T/PQ/2023/6/S2B_T32TPQ_20230607T101430_L2A/B07.tif"", ""rededge1"": ""https://e84-earth-search-sentinel-data.s3.us-west-2.amazonaws.com/sentinel-2-c1-l2a/32/T/PQ/2023/6/S2B_T32TPQ_20230607T101430_L2A/B05.tif"", ""swir16"": ""https://e84-earth-search-sentinel-data.s3.us-west-2.amazonaws.com/sentinel-2-c1-l2a/32/T/PQ/2023/6/S2B_T32TPQ_20230607T101430_L2A/B11.tif"", ""wvp"": ""https://e84-earth-search-sentinel-data.s3.us-west-2.amazonaws.com/sentinel-2-c1-l2a/32/T/PQ/2023/6/S2B_T32TPQ_20230607T101430_L2A/WVP.tif"", ""nir08"": ""https://e84-earth-search-sentinel-data.s3.us-west-2.amazonaws.com/sentinel-2-c1-l2a/32/T/PQ/2023/6/S2B_T32TPQ_20230607T101430_L2A/B8A.tif"", ""scl"": ""https://e84-earth-search-sentinel-data.s3.us-west-2.amazonaws.com/sentinel-2-c1-l2a/32/T/PQ/2023/6/S2B_T32TPQ_20230607T101430_L2A/SCL.tif"", ""aot"": ""https://e84-earth-search-sentinel-data.s3.us-west-2.amazonaws.com/sentinel-2-c1-l2a/32/T/PQ/2023/6/S2B_T32TPQ_20230607T101430_L2A/AOT.tif"", ""coastal"": ""https://e84-earth-search-sentinel-data.s3.us-west-2.amazonaws.com/sentinel-2-c1-l2a/32/T/PQ/2023/6/S2B_T32TPQ_20230607T101430_L2A/B01.tif"", ""nir09"": ""https://e84-earth-search-sentinel-data.s3.us-west-2.amazonaws.com/sentinel-2-c1-l2a/32/T/PQ/2023/6/S2B_T32TPQ_20230607T101430_L2A/B09.tif"", ""cloud"": ""https://e84-earth-search-sentinel-data.s3.us-west-2.amazonaws.com/sentinel-2-c1-l2a/32/T/PQ/2023/6/S2B_T32TPQ_20230607T101430_L2A/CLD_20m.tif"", ""snow"": ""https://e84-earth-search-sentinel-data.s3.us-west-2.amazonaws.com/sentinel-2-c1-l2a/32/T/PQ/2023/6/S2B_T32TPQ_20230607T101430_L2A/SNW_20m.tif"", ""preview"": ""https://e84-earth-search-sentinel-data.s3.us-west-2.amazonaws.com/sentinel-2-c1-l2a/32/T/PQ/2023/6/S2B_T32TPQ_20230607T101430_L2A/L2A_PVI.tif"", ""granule_metadata"": ""https://e84-earth-search-sentinel-data.s3.us-west-2.amazonaws.com/sentinel-2-c1-l2a/32/T/PQ/2023/6/S2B_T32TPQ_20230607T101430_L2A/metadata.xml"", ""tileinfo_metadata"": ""https://e84-earth-search-sentinel-data.s3.us-west-2.amazonaws.com/sentinel-2-c1-l2a/32/T/PQ/2023/6/S2B_T32TPQ_20230607T101430_L2A/tileInfo.json"", ""product_metadata"": ""https://e84-earth-search-sentinel-data.s3.us-west-2.amazonaws.com/sentinel-2-c1-l2a/32/T/PQ/2023/6/S2B_T32TPQ_20230607T101430_L2A/product_metadata.xml"", ""thumbnail"": ""https://e84-earth-search-sentinel-data.s3.us-west-2.amazonaws.com/sentinel-2-c1-l2a/32/T/PQ/2023/6/S2B_T32TPQ_20230607T101430_L2A/L2A_PVI.jpg""}"
S2B_T32TQP_20230607T101430_L2A,2023-06-07 10:18:44.050000+00:00,44.110605,,sentinel-2b,"{""red"": ""https://e84-earth-search-sentinel-data.s3.us-west-2.amazonaws.com/sentinel-2-c1-l2a/32/T/QP/2023/6/S2B_T32TQP_20230607T101430_L2A/B04.tif"", ""green"": ""https://e84-earth-search-sentinel-data.s3.us-west-2.amazonaws.com/sentinel-2-c1-l2a/32/T/QP/2023/6/S2B_T32TQP_20230607T101430_L2A/B03.tif"", ""blue"": ""https://e84-earth-search-sentinel-data.s3.us-west-2.amazonaws.com/sentinel-2-c1-l2a/32/T/QP/2023/6/S2B_T32TQP_20230607T101430_L2A/B02.tif"", ""visual"": ""https://e84-earth-search-sentinel-data.s3.us-west-2.amazonaws.com/sentinel-2-c1-l2a/32/T/QP/2023/6/S2B_T32TQP_20230607T101430_L2A/TCI.tif"", ""nir"": ""https://e84-earth-search-sentinel-data.s3.us-west-2.amazonaws.com/sentinel-2-c1-l2a/32/T/QP/2023/6/S2B_T32TQP_20230607T101430_L2A/B08.tif"", ""swir22"": ""https://e84-earth-search-sentinel-data.s3.us-west-2.amazonaws.com/sentinel-2-c1-l2a/32/T/QP/2023/6/S2B_T32TQP_20230607T101430_L2A/B12.tif"", ""rededge2"": ""https://e84-earth-search-sentinel-data.s3.us-west-2.amazonaws.com/sentinel-2-c1-l2a/32/T/QP/2023/6/S2B_T32TQP_20230607T101430_L2A/B06.tif"", ""rededge3"": ""https://e84-earth-search-sentinel-data.s3.us-west-2.amazonaws.com/sentinel-2-c1-l2a/32/T/QP/2023/6/S2B_T32TQP_20230607T101430_L2A/B07.tif"", ""rededge1"": ""https://e84-earth-search-sentinel-data.s3.us-west-2.amazonaws.com/sentinel-2-c1-l2a/32/T/QP/2023/6/S2B_T32TQP_20230607T101430_L2A/B05.tif"", ""swir16"": ""https://e84-earth-search-sentinel-data.s3.us-west-2.amazonaws.com/sentinel-2-c1-l2a/32/T/QP/2023/6/S2B_T32TQP_20230607T101430_L2A/B11.tif"", ""wvp"": ""https://e84-earth-search-sentinel-data.s3.us-west-2.amazonaws.com/sentinel-2-c1-l2a/32/T/QP/2023/6/S2B_T32TQP_20230607T101430_L2A/WVP.tif"", ""nir08"": ""https://e84-earth-search-sentinel-data.s3.us-west-2.amazonaws.com/sentinel-2-c1-l2a/32/T/QP/2023/6/S2B_T32TQP_20230607T101430_L2A/B8A.tif"", ""scl"": ""https://e84-earth-search-sentinel-data.s3.us-west-2.amazonaws.com/sentinel-2-c1-l2a/32/T/QP/2023/6/S2B_T32TQP_20230607T101430_L2A/SCL.tif"", ""aot"": ""https://e84-earth-search-sentinel-data.s3.us-west-2.amazonaws.com/sentinel-2-c1-l2a/32/T/QP/2023/6/S2B_T32TQP_20230607T101430_L2A/AOT.tif"", ""coastal"": ""https://e84-earth-search-sentinel-data.s3.us-west-2.amazonaws.com/sentinel-2-c1-l2a/32/T/QP/2023/6/S2B_T32TQP_20230607T101430_L2A/B01.tif"", ""nir09"": ""https://e84-earth-search-sentinel-data.s3.us-west-2.amazonaws.com/sentinel-2-c1-l2a/32/T/QP/2023/6/S2B_T32TQP_20230607T101430_L2A/B09.tif"", ""cloud"": ""https://e84-earth-search-sentinel-data.s3.us-west-2.amazonaws.com/sentinel-2-c1-l2a/32/T/QP/2023/6/S2B_T32TQP_20230607T101430_L2A/CLD_20m.tif"", ""snow"": ""https://e84-earth-search-sentinel-data.s3.us-west-2.amazonaws.com/sentinel-2-c1-l2a/32/T/QP/2023/6/S2B_T32TQP_20230607T101430_L2A/SNW_20m.tif"", ""preview"": ""https://e84-earth-search-sentinel-data.s3.us-west-2.amazonaws.com/sentinel-2-c1-l2a/32/T/QP/2023/6/S2B_T32TQP_20230607T101430_L2A/L2A_PVI.tif"", ""granule_metadata"": ""https://e84-earth-search-sentinel-data.s3.us-west-2.amazonaws.com/sentinel-2-c1-l2a/32/T/QP/2023/6/S2B_T32TQP_20230607T101430_L2A/metadata.xml"", ""tileinfo_metadata"": ""https://e84-earth-search-sentinel-data.s3.us-west-2.amazonaws.com/sentinel-2-c1-l2a/32/T/QP/2023/6/S2B_T32TQP_20230607T101430_L2A/tileInfo.json"", ""product_metadata"": ""https://e84-earth-search-sentinel-data.s3.us-west-2.amazonaws.com/sentinel-2-c1-l2a/32/T/QP/2023/6/S2B_T32TQP_20230607T101430_L2A/product_metadata.xml"", ""thumbnail"": ""https://e84-earth-search-sentinel-data.s3.us-west-2.amazonaws.com/sentinel-2-c1-l2a/32/T/QP/2023/6/S2B_T32TQP_20230607T101430_L2A/L2A_PVI.jpg""}"
S2B_T32TPP_20230607T101430_L2A,2023-06-07 10:18:47.658000+00:00,48.704603,,sentinel-2b,"{""red"": ""https://e84-earth-search-sentinel-data.s3.us-west-2.amazonaws.com/sentinel-2-c1-l2a/32/T/PP/2023/6/S2B_T32TPP_20230607T101430_L2A/B04.tif"", ""green"": ""https://e84-earth-search-sentinel-data.s3.us-west-2.amazonaws.com/sentinel-2-c1-l2a/32/T/PP/2023/6/S2B_T32TPP_20230607T101430_L2A/B03.tif"", ""blue"": ""https://e84-earth-search-sentinel-data.s3.us-west-2.amazonaws.com/sentinel-2-c1-l2a/32/T/PP/2023/6/S2B_T32TPP_20230607T101430_L2A/B02.tif"", ""visual"": ""https://e84-earth-search-sentinel-data.s3.us-west-2.amazonaws.com/sentinel-2-c1-l2a/32/T/PP/2023/6/S2B_T32TPP_20230607T101430_L2A/TCI.tif"", ""nir"": ""https://e84-earth-search-sentinel-data.s3.us-west-2.amazonaws.com/sentinel-2-c1-l2a/32/T/PP/2023/6/S2B_T32TPP_20230607T101430_L2A/B08.tif"", ""swir22"": ""https://e84-earth-search-sentinel-data.s3.us-west-2.amazonaws.com/sentinel-2-c1-l2a/32/T/PP/2023/6/S2B_T32TPP_20230607T101430_L2A/B12.tif"", ""rededge2"": ""https://e84-earth-search-sentinel-data.s3.us-west-2.amazonaws.com/sentinel-2-c1-l2a/32/T/PP/2023/6/S2B_T32TPP_20230607T101430_L2A/B06.tif"", ""rededge3"": ""https://e84-earth-search-sentinel-data.s3.us-west-2.amazonaws.com/sentinel-2-c1-l2a/32/T/PP/2023/6/S2B_T32TPP_20230607T101430_L2A/B07.tif"", ""rededge1"": ""https://e84-earth-search-sentinel-data.s3.us-west-2.amazonaws.com/sentinel-2-c1-l2a/32/T/PP/2023/6/S2B_T32TPP_20230607T101430_L2A/B05.tif"", ""swir16"": ""https://e84-earth-search-sentinel-data.s3.us-west-2.amazonaws.com/sentinel-2-c1-l2a/32/T/PP/2023/6/S2B_T32TPP_20230607T101430_L2A/B11.tif"", ""wvp"": ""https://e84-earth-search-sentinel-data.s3.us-west-2.amazonaws.com/sentinel-2-c1-l2a/32/T/PP/2023/6/S2B_T32TPP_20230607T101430_L2A/WVP.tif"", ""nir08"": ""https://e84-earth-search-sentinel-data.s3.us-west-2.amazonaws.com/sentinel-2-c1-l2a/32/T/PP/2023/6/S2B_T32TPP_20230607T101430_L2A/B8A.tif"", ""scl"": ""https://e84-earth-search-sentinel-data.s3.us-west-2.amazonaws.com/sentinel-2-c1-l2a/32/T/PP/2023/6/S2B_T32TPP_20230607T101430_L2A/SCL.tif"", ""aot"": ""https://e84-earth-search-sentinel-data.s3.us-west-2.amazonaws.com/sentinel-2-c1-l2a/32/T/PP/2023/6/S2B_T32TPP_20230607T101430_L2A/AOT.tif"", ""coastal"": ""https://e84-earth-search-sentinel-data.s3.us-west-2.amazonaws.com/sentinel-2-c1-l2a/32/T/PP/2023/6/S2B_T32TPP_20230607T101430_L2A/B01.tif"", ""nir09"": ""https://e84-earth-search-sentinel-data.s3.us-west-2.amazonaws.com/sentinel-2-c1-l2a/32/T/PP/2023/6/S2B_T32TPP_20230607T101430_L2A/B09.tif"", ""cloud"": ""https://e84-earth-search-sentinel-data.s3.us-west-2.amazonaws.com/sentinel-2-c1-l2a/32/T/PP/2023/6/S2B_T32TPP_20230607T101430_L2A/CLD_20m.tif"", ""snow"": ""https://e84-earth-search-sentinel-data.s3.us-west-2.amazonaws.com/sentinel-2-c1-l2a/32/T/PP/2023/6/S2B_T32TPP_20230607T101430_L2A/SNW_20m.tif"", ""preview"": ""https://e84-earth-search-sentinel-data.s3.us-west-2.amazonaws.com/sentinel-2-c1-l2a/32/T/PP/2023/6/S2B_T32TPP_20230607T101430_L2A/L2A_PVI.tif"", ""granule_metadata"": ""https://e84-earth-search-sentinel-data.s3.us-west-2.amazonaws.com/sentinel-2-c1-l2a/32/T/PP/2023/6/S2B_T32TPP_20230607T101430_L2A/metadata.xml"", ""tileinfo_metadata"": ""https://e84-earth-search-sentinel-data.s3.us-west-2.amazonaws.com/sentinel-2-c1-l2a/32/T/PP/2023/6/S2B_T32TPP_20230607T101430_L2A/tileInfo.json"", ""product_metadata"": ""https://e84-earth-search-sentinel-data.s3.us-west-2.amazonaws.com/sentinel-2-c1-l2a/32/T/PP/2023/6/S2B_T32TPP_20230607T101430_L2A/product_metadata.xml"", ""thumbnail"": ""https://e84-earth-search-sentinel-data.s3.us-west-2.amazonaws.com/sentinel-2-c1-l2a/32/T/PP/2023/6/S2B_T32TPP_20230607T101430_L2A/L2A_PVI.jpg""}"
S2A_T32TQQ_20230609T100601_L2A,2023-06-09 10:08:31.906000+00:00,29.84477,,sentinel-2a,"{""red"": ""https://e84-earth-search-sentinel-data.s3.us-west-2.amazonaws.com/sentinel-2-c1-l2a/32/T/QQ/2023/6/S2A_T32TQQ_20230609T100601_L2A/B04.tif"", ""green"": ""https://e84-earth-search-sentinel-data.s3.us-west-2.amazonaws.com/sentinel-2-c1-l2a/32/T/QQ/2023/6/S2A_T32TQQ_20230609T100601_L2A/B03.tif"", ""blue"": ""https://e84-earth-search-sentinel-data.s3.us-west-2.amazonaws.com/sentinel-2-c1-l2a/32/T/QQ/2023/6/S2A_T32TQQ_20230609T100601_L2A/B02.tif"", ""visual"": ""https://e84-earth-search-sentinel-data.s3.us-west-2.amazonaws.com/sentinel-2-c1-l2a/32/T/QQ/2023/6/S2A_T32TQQ_20230609T100601_L2A/TCI.tif"", ""nir"": ""https://e84-earth-search-sentinel-data.s3.us-west-2.amazonaws.com/sentinel-2-c1-l2a/32/T/QQ/2023/6/S2A_T32TQQ_20230609T100601_L2A/B08.tif"", ""swir22"": ""https://e84-earth-search-sentinel-data.s3.us-west-2.amazonaws.com/sentinel-2-c1-l2a/32/T/QQ/2023/6/S2A_T32TQQ_20230609T100601_L2A/B12.tif"", ""rededge2"": ""https://e84-earth-search-sentinel-data.s3.us-west-2.amazonaws.com/sentinel-2-c1-l2a/32/T/QQ/2023/6/S2A_T32TQQ_20230609T100601_L2A/B06.tif"", ""rededge3"": ""https://e84-earth-search-sentinel-data.s3.us-west-2.amazonaws.com/sentinel-2-c1-l2a/32/T/QQ/2023/6/S2A_T32TQQ_20230609T100601_L2A/B07.tif"", ""rededge1"": ""https://e84-earth-search-sentinel-data.s3.us-west-2.amazonaws.com/sentinel-2-c1-l2a/32/T/QQ/2023/6/S2A_T32TQQ_20230609T100601_L2A/B05.tif"", ""swir16"": ""https://e84-earth-search-sentinel-data.s3.us-west-2.amazonaws.com/sentinel-2-c1-l2a/32/T/QQ/2023/6/S2A_T32TQQ_20230609T100601_L2A/B11.tif"", ""wvp"": ""https://e84-earth-search-sentinel-data.s3.us-west-2.amazonaws.com/sentinel-2-c1-l2a/32/T/QQ/2023/6/S2A_T32TQQ_20230609T100601_L2A/WVP.tif"", ""nir08"": ""https://e84-earth-search-sentinel-data.s3.us-west-2.amazonaws.com/sentinel-2-c1-l2a/32/T/QQ/2023/6/S2A_T32TQQ_20230609T100601_L2A/B8A.tif"", ""scl"": ""https://e84-earth-search-sentinel-data.s3.us-west-2.amazonaws.com/sentinel-2-c1-l2a/32/T/QQ/2023/6/S2A_T32TQQ_20230609T100601_L2A/SCL.tif"", ""aot"": ""https://e84-earth-search-sentinel-data.s3.us-west-2.amazonaws.com/sentinel-2-c1-l2a/32/T/QQ/2023/6/S2A_T32TQQ_20230609T100601_L2A/AOT.tif"", ""coastal"": ""https://e84-earth-search-sentinel-data.s3.us-west-2.amazonaws.com/sentinel-2-c1-l2a/32/T/QQ/2023/6/S2A_T32TQQ_20230609T100601_L2A/B01.tif"", ""nir09"": ""https://e84-earth-search-sentinel-data.s3.us-west-2.amazonaws.com/sentinel-2-c1-l2a/32/T/QQ/2023/6/S2A_T32TQQ_20230609T100601_L2A/B09.tif"", ""cloud"": ""https://e84-earth-search-sentinel-data.s3.us-west-2.amazonaws.com/sentinel-2-c1-l2a/32/T/QQ/2023/6/S2A_T32TQQ_20230609T100601_L2A/CLD_20m.tif"", ""snow"": ""https://e84-earth-search-sentinel-data.s3.us-west-2.amazonaws.com/sentinel-2-c1-l2a/32/T/QQ/2023/6/S2A_T32TQQ_20230609T100601_L2A/SNW_20m.tif"", ""preview"": ""https://e84-earth-search-sentinel-data.s3.us-west-2.amazonaws.com/sentinel-2-c1-l2a/32/T/QQ/2023/6/S2A_T32TQQ_20230609T100601_L2A/L2A_PVI.tif"", ""granule_metadata"": ""https://e84-earth-search-sentinel-data.s3.us-west-2.amazonaws.com/sentinel-2-c1-l2a/32/T/QQ/2023/6/S2A_T32TQQ_20230609T100601_L2A/metadata.xml"", ""tileinfo_metadata"": ""https://e84-earth-search-sentinel-data.s3.us-west-2.amazonaws.com/sentinel-2-c1-l2a/32/T/QQ/2023/6/S2A_T32TQQ_20230609T100601_L2A/tileInfo.json"", ""product_metadata"": ""https://e84-earth-search-sentinel-data.s3.us-west-2.amazonaws.com/sentinel-2-c1-l2a/32/T/QQ/2023/6/S2A_T32TQQ_20230609T100601_L2A/product_metadata.xml"", ""thumbnail"": ""https://e84-earth-search-sentinel-data.s3.us-west-2.amazonaws.com/sentinel-2-c1-l2a/32/T/QQ/2023/6/S2A_T32TQQ_20230609T100601_L2A/L2A_PVI.jpg""}"
S2A_T32TQP_20230609T100601_L2A,2023-06-09 10:08:46.624000+00:00,63.763499,,sentinel-2a,"{""red"": ""https://e84-earth-search-sentinel-data.s3.us-west-2.amazonaws.com/sentinel-2-c1-l2a/32/T/QP/2023/6/S2A_T32TQP_20230609T100601_L2A/B04.tif"", ""green"": ""https://e84-earth-search-sentinel-data.s3.us-west-2.amazonaws.com/sentinel-2-c1-l2a/32/T/QP/2023/6/S2A_T32TQP_20230609T100601_L2A/B03.tif"", ""blue"": ""https://e84-earth-search-sentinel-data.s3.us-west-2.amazonaws.com/sentinel-2-c1-l2a/32/T/QP/2023/6/S2A_T32TQP_20230609T100601_L2A/B02.tif"", ""visual"": ""https://e84-earth-search-sentinel-data.s3.us-west-2.amazonaws.com/sentinel-2-c1-l2a/32/T/QP/2023/6/S2A_T32TQP_20230609T100601_L2A/TCI.tif"", ""nir"": ""https://e84-earth-search-sentinel-data.s3.us-west-2.amazonaws.com/sentinel-2-c1-l2a/32/T/QP/2023/6/S2A_T32TQP_20230609T100601_L2A/B08.tif"", ""swir22"": ""https://e84-earth-search-sentinel-data.s3.us-west-2.amazonaws.com/sentinel-2-c1-l2a/32/T/QP/2023/6/S2A_T32TQP_20230609T100601_L2A/B12.tif"", ""rededge2"": ""https://e84-earth-search-sentinel-data.s3.us-west-2.amazonaws.com/sentinel-2-c1-l2a/32/T/QP/2023/6/S2A_T32TQP_20230609T100601_L2A/B06.tif"", ""rededge3"": ""https://e84-earth-search-sentinel-data.s3.us-west-2.amazonaws.com/sentinel-2-c1-l2a/32/T/QP/2023/6/S2A_T32TQP_20230609T100601_L2A/B07.tif"", ""rededge1"": ""https://e84-earth-search-sentinel-data.s3.us-west-2.amazonaws.com/sentinel-2-c1-l2a/32/T/QP/2023/6/S2A_T32TQP_20230609T100601_L2A/B05.tif"", ""swir16"": ""https://e84-earth-search-sentinel-data.s3.us-west-2.amazonaws.com/sentinel-2-c1-l2a/32/T/QP/2023/6/S2A_T32TQP_20230609T100601_L2A/B11.tif"", ""wvp"": ""https://e84-earth-search-sentinel-data.s3.us-west-2.amazonaws.com/sentinel-2-c1-l2a/32/T/QP/2023/6/S2A_T32TQP_20230609T100601_L2A/WVP.tif"", ""nir08"": ""https://e84-earth-search-sentinel-data.s3.us-west-2.amazonaws.com/sentinel-2-c1-l2a/32/T/QP/2023/6/S2A_T32TQP_20230609T100601_L2A/B8A.tif"", ""scl"": ""https://e84-earth-search-sentinel-data.s3.us-west-2.amazonaws.com/sentinel-2-c1-l2a/32/T/QP/2023/6/S2A_T32TQP_20230609T100601_L2A/SCL.tif"", ""aot"": ""https://e84-earth-search-sentinel-data.s3.us-west-2.amazonaws.com/sentinel-2-c1-l2a/32/T/QP/2023/6/S2A_T32TQP_20230609T100601_L2A/AOT.tif"", ""coastal"": ""https://e84-earth-search-sentinel-data.s3.us-west-2.amazonaws.com/sentinel-2-c1-l2a/32/T/QP/2023/6/S2A_T32TQP_20230609T100601_L2A/B01.tif"", ""nir09"": ""https://e84-earth-search-sentinel-data.s3.us-west-2.amazonaws.com/sentinel-2-c1-l2a/32/T/QP/2023/6/S2A_T32TQP_20230609T100601_L2A/B09.tif"", ""cloud"": ""https://e84-earth-search-sentinel-data.s3.us-west-2.amazonaws.com/sentinel-2-c1-l2a/32/T/QP/2023/6/S2A_T32TQP_20230609T100601_L2A/CLD_20m.tif"", ""snow"": ""https://e84-earth-search-sentinel-data.s3.us-west-2.amazonaws.com/sentinel-2-c1-l2a/32/T/QP/2023/6/S2A_T32TQP_20230609T100601_L2A/SNW_20m.tif"", ""preview"": ""https://e84-earth-search-sentinel-data.s3.us-west-2.amazonaws.com/sentinel-2-c1-l2a/32/T/QP/2023/6/S2A_T32TQP_20230609T100601_L2A/L2A_PVI.tif"", ""granule_metadata"": ""https://e84-earth-search-sentinel-data.s3.us-west-2.amazonaws.com/sentinel-2-c1-l2a/32/T/QP/2023/6/S2A_T32TQP_20230609T100601_L2A/metadata.xml"", ""tileinfo_metadata"": ""https://e84-earth-search-sentinel-data.s3.us-west-2.amazonaws.com/sentinel-2-c1-l2a/32/T/QP/2023/6/S2A_T32TQP_20230609T100601_L2A/tileInfo.json"", ""product_metadata"": ""https://e84-earth-search-sentinel-data.s3.us-west-2.amazonaws.com/sentinel-2-c1-l2a/32/T/QP/2023/6/S2A_T32TQP_20230609T100601_L2A/product_metadata.xml"", ""thumbnail"": ""https://e84-earth-search-sentinel-data.s3.us-west-2.amazonaws.com/sentinel-2-c1-l2a/32/T/QP/2023/6/S2A_T32TQP_20230609T100601_L2A/L2A_PVI.jpg""}"
S2A_T32TQQ_20230612T100735_L2A,2023-06-12 10:18:29.140000+00:00,12.624806,,sentinel-2a,"{""red"": ""https://e84-earth-search-sentinel-data.s3.us-west-2.amazonaws.com/sentinel-2-c1-l2a/32/T/QQ/2023/6/S2A_T32TQQ_20230612T100735_L2A/B04.tif"", ""green"": ""https://e84-earth-search-sentinel-data.s3.us-west-2.amazonaws.com/sentinel-2-c1-l2a/32/T/QQ/2023/6/S2A_T32TQQ_20230612T100735_L2A/B03.tif"", ""blue"": ""https://e84-earth-search-sentinel-data.s3.us-west-2.amazonaws.com/sentinel-2-c1-l2a/32/T/QQ/2023/6/S2A_T32TQQ_20230612T100735_L2A/B02.tif"", ""visual"": ""https://e84-earth-search-sentinel-data.s3.us-west-2.amazonaws.com/sentinel-2-c1-l2a/32/T/QQ/2023/6/S2A_T32TQQ_20230612T100735_L2A/TCI.tif"", ""nir"": ""https://e84-earth-search-sentinel-data.s3.us-west-2.amazonaws.com/sentinel-2-c1-l2a/32/T/QQ/2023/6/S2A_T32TQQ_20230612T100735_L2A/B08.tif"", ""swir22"": ""https://e84-earth-search-sentinel-data.s3.us-west-2.amazonaws.com/sentinel-2-c1-l2a/32/T/QQ/2023/6/S2A_T32TQQ_20230612T100735_L2A/B12.tif"", ""rededge2"": ""https://e84-earth-search-sentinel-data.s3.us-west-2.amazonaws.com/sentinel-2-c1-l2a/32/T/QQ/2023/6/S2A_T32TQQ_20230612T100735_L2A/B06.tif"", ""rededge3"": ""https://e84-earth-search-sentinel-data.s3.us-west-2.amazonaws.com/sentinel-2-c1-l2a/32/T/QQ/2023/6/S2A_T32TQQ_20230612T100735_L2A/B07.tif"", ""rededge1"": ""https://e84-earth-search-sentinel-data.s3.us-west-2.amazonaws.com/sentinel-2-c1-l2a/32/T/QQ/2023/6/S2A_T32TQQ_20230612T100735_L2A/B05.tif"", ""swir16"": ""https://e84-earth-search-sentinel-data.s3.us-west-2.amazonaws.com/sentinel-2-c1-l2a/32/T/QQ/2023/6/S2A_T32TQQ_20230612T100735_L2A/B11.tif"", ""wvp"": ""https://e84-earth-search-sentinel-data.s3.us-west-2.amazonaws.com/sentinel-2-c1-l2a/32/T/QQ/2023/6/S2A_T32TQQ_20230612T100735_L2A/WVP.tif"", ""nir08"": ""https://e84-earth-search-sentinel-data.s3.us-west-2.amazonaws.com/sentinel-2-c1-l2a/32/T/QQ/2023/6/S2A_T32TQQ_20230612T100735_L2A/B8A.tif"", ""scl"": ""https://e84-earth-search-sentinel-data.s3.us-west-2.amazonaws.com/sentinel-2-c1-l2a/32/T/QQ/2023/6/S2A_T32TQQ_20230612T100735_L2A/SCL.tif"", ""aot"": ""https://e84-earth-search-sentinel-data.s3.us-west-2.amazonaws.com/sentinel-2-c1-l2a/32/T/QQ/2023/6/S2A_T32TQQ_20230612T100735_L2A/AOT.tif"", ""coastal"": ""https://e84-earth-search-sentinel-data.s3.us-west-2.amazonaws.com/sentinel-2-c1-l2a/32/T/QQ/2023/6/S2A_T32TQQ_20230612T100735_L2A/B01.tif"", ""nir09"": ""https://e84-earth-search-sentinel-data.s3.us-west-2.amazonaws.com/sentinel-2-c1-l2a/32/T/QQ/2023/6/S2A_T32TQQ_20230612T100735_L2A/B09.tif"", ""cloud"": ""https://e84-earth-search-sentinel-data.s3.us-west-2.amazonaws.com/sentinel-2-c1-l2a/32/T/QQ/2023/6/S2A_T32TQQ_20230612T100735_L2A/CLD_20m.tif"", ""snow"": ""https://e84-earth-search-sentinel-data.s3.us-west-2.amazonaws.com/sentinel-2-c1-l2a/32/T/QQ/2023/6/S2A_T32TQQ_20230612T100735_L2A/SNW_20m.tif"", ""preview"": ""https://e84-earth-search-sentinel-data.s3.us-west-2.amazonaws.com/sentinel-2-c1-l2a/32/T/QQ/2023/6/S2A_T32TQQ_20230612T100735_L2A/L2A_PVI.tif"", ""granule_metadata"": ""https://e84-earth-search-sentinel-data.s3.us-west-2.amazonaws.com/sentinel-2-c1-l2a/32/T/QQ/2023/6/S2A_T32TQQ_20230612T100735_L2A/metadata.xml"", ""tileinfo_metadata"": ""https://e84-earth-search-sentinel-data.s3.us-west-2.amazonaws.com/sentinel-2-c1-l2a/32/T/QQ/2023/6/S2A_T32TQQ_20230612T100735_L2A/tileInfo.json"", ""product_metadata"": ""https://e84-earth-search-sentinel-data.s3.us-west-2.amazonaws.com/sentinel-2-c1-l2a/32/T/QQ/2023/6/S2A_T32TQQ_20230612T100735_L2A/product_metadata.xml"", ""thumbnail"": ""https://e84-earth-search-sentinel-data.s3.us-west-2.amazonaws.com/sentinel-2-c1-l2a/32/T/QQ/2023/6/S2A_T32TQQ_20230612T100735_L2A/L2A_PVI.jpg""}"
S2A_T32TPQ_20230612T100735_L2A,2023-06-12 10:18:32.599000+00:00,39.551216,,sentinel-2a,"{""red"": ""https://e84-earth-search-sentinel-data.s3.us-west-2.amazonaws.com/sentinel-2-c1-l2a/32/T/PQ/2023/6/S2A_T32TPQ_20230612T100735_L2A/B04.tif"", ""green"": ""https://e84-earth-search-sentinel-data.s3.us-west-2.amazonaws.com/sentinel-2-c1-l2a/32/T/PQ/2023/6/S2A_T32TPQ_20230612T100735_L2A/B03.tif"", ""blue"": ""https://e84-earth-search-sentinel-data.s3.us-west-2.amazonaws.com/sentinel-2-c1-l2a/32/T/PQ/2023/6/S2A_T32TPQ_20230612T100735_L2A/B02.tif"", ""visual"": ""https://e84-earth-search-sentinel-data.s3.us-west-2.amazonaws.com/sentinel-2-c1-l2a/32/T/PQ/2023/6/S2A_T32TPQ_20230612T100735_L2A/TCI.tif"", ""nir"": ""https://e84-earth-search-sentinel-data.s3.us-west-2.amazonaws.com/sentinel-2-c1-l2a/32/T/PQ/2023/6/S2A_T32TPQ_20230612T100735_L2A/B08.tif"", ""swir22"": ""https://e84-earth-search-sentinel-data.s3.us-west-2.amazonaws.com/sentinel-2-c1-l2a/32/T/PQ/2023/6/S2A_T32TPQ_20230612T100735_L2A/B12.tif"", ""rededge2"": ""https://e84-earth-search-sentinel-data.s3.us-west-2.amazonaws.com/sentinel-2-c1-l2a/32/T/PQ/2023/6/S2A_T32TPQ_20230612T100735_L2A/B06.tif"", ""rededge3"": ""https://e84-earth-search-sentinel-data.s3.us-west-2.amazonaws.com/sentinel-2-c1-l2a/32/T/PQ/2023/6/S2A_T32TPQ_20230612T100735_L2A/B07.tif"", ""rededge1"": ""https://e84-earth-search-sentinel-data.s3.us-west-2.amazonaws.com/sentinel-2-c1-l2a/32/T/PQ/2023/6/S2A_T32TPQ_20230612T100735_L2A/B05.tif"", ""swir16"": ""https://e84-earth-search-sentinel-data.s3.us-west-2.amazonaws.com/sentinel-2-c1-l2a/32/T/PQ/2023/6/S2A_T32TPQ_20230612T100735_L2A/B11.tif"", ""wvp"": ""https://e84-earth-search-sentinel-data.s3.us-west-2.amazonaws.com/sentinel-2-c1-l2a/32/T/PQ/2023/6/S2A_T32TPQ_20230612T100735_L2A/WVP.tif"", ""nir08"": ""https://e84-earth-search-sentinel-data.s3.us-west-2.amazonaws.com/sentinel-2-c1-l2a/32/T/PQ/2023/6/S2A_T32TPQ_20230612T100735_L2A/B8A.tif"", ""scl"": ""https://e84-earth-search-sentinel-data.s3.us-west-2.amazonaws.com/sentinel-2-c1-l2a/32/T/PQ/2023/6/S2A_T32TPQ_20230612T100735_L2A/SCL.tif"", ""aot"": ""https://e84-earth-search-sentinel-data.s3.us-west-2.amazonaws.com/sentinel-2-c1-l2a/32/T/PQ/2023/6/S2A_T32TPQ_20230612T100735_L2A/AOT.tif"", ""coastal"": ""https://e84-earth-search-sentinel-data.s3.us-west-2.amazonaws.com/sentinel-2-c1-l2a/32/T/PQ/2023/6/S2A_T32TPQ_20230612T100735_L2A/B01.tif"", ""nir09"": ""https://e84-earth-search-sentinel-data.s3.us-west-2.amazonaws.com/sentinel-2-c1-l2a/32/T/PQ/2023/6/S2A_T32TPQ_20230612T100735_L2A/B09.tif"", ""cloud"": ""https://e84-earth-search-sentinel-data.s3.us-west-2.amazonaws.com/sentinel-2-c1-l2a/32/T/PQ/2023/6/S2A_T32TPQ_20230612T100735_L2A/CLD_20m.tif"", ""snow"": ""https://e84-earth-search-sentinel-data.s3.us-west-2.amazonaws.com/sentinel-2-c1-l2a/32/T/PQ/2023/6/S2A_T32TPQ_20230612T100735_L2A/SNW_20m.tif"", ""preview"": ""https://e84-earth-search-sentinel-data.s3.us-west-2.amazonaws.com/sentinel-2-c1-l2a/32/T/PQ/2023/6/S2A_T32TPQ_20230612T100735_L2A/L2A_PVI.tif"", ""granule_metadata"": ""https://e84-earth-search-sentinel-data.s3.us-west-2.amazonaws.com/sentinel-2-c1-l2a/32/T/PQ/2023/6/S2A_T32TPQ_20230612T100735_L2A/metadata.xml"", ""tileinfo_metadata"": ""https://e84-earth-search-sentinel-data.s3.us-west-2.amazonaws.com/sentinel-2-c1-l2a/32/T/PQ/2023/6/S2A_T32TPQ_20230612T100735_L2A/tileInfo.json"", ""product_metadata"": ""https://e84-earth-search-sentinel-data.s3.us-west-2.amazonaws.com/sentinel-2-c1-l2a/32/T/PQ/2023/6/S2A_T32TPQ_20230612T100735_L2A/product_metadata.xml"", ""thumbnail"": ""https://e84-earth-search-sentinel-data.s3.us-west-2.amazonaws.com/sentinel-2-c1-l2a/32/T/PQ/2023/6/S2A_T32TPQ_20230612T100735_L2A/L2A_PVI.jpg""}"
S2A_T32TQP_20230612T100735_L2A,2023-06-12 10:18:43.380000+00:00,33.96005,,sentinel-2a,"{""red"": ""https://e84-earth-search-sentinel-data.s3.us-west-2.amazonaws.com/sentinel-2-c1-l2a/32/T/QP/2023/6/S2A_T32TQP_20230612T100735_L2A/B04.tif"", ""green"": ""https://e84-earth-search-sentinel-data.s3.us-west-2.amazonaws.com/sentinel-2-c1-l2a/32/T/QP/2023/6/S2A_T32TQP_20230612T100735_L2A/B03.tif"", ""blue"": ""https://e84-earth-search-sentinel-data.s3.us-west-2.amazonaws.com/sentinel-2-c1-l2a/32/T/QP/2023/6/S2A_T32TQP_20230612T100735_L2A/B02.tif"", ""visual"": ""https://e84-earth-search-sentinel-data.s3.us-west-2.amazonaws.com/sentinel-2-c1-l2a/32/T/QP/2023/6/S2A_T32TQP_20230612T100735_L2A/TCI.tif"", ""nir"": ""https://e84-earth-search-sentinel-data.s3.us-west-2.amazonaws.com/sentinel-2-c1-l2a/32/T/QP/2023/6/S2A_T32TQP_20230612T100735_L2A/B08.tif"", ""swir22"": ""https://e84-earth-search-sentinel-data.s3.us-west-2.amazonaws.com/sentinel-2-c1-l2a/32/T/QP/2023/6/S2A_T32TQP_20230612T100735_L2A/B12.tif"", ""rededge2"": ""https://e84-earth-search-sentinel-data.s3.us-west-2.amazonaws.com/sentinel-2-c1-l2a/32/T/QP/2023/6/S2A_T32TQP_20230612T100735_L2A/B06.tif"", ""rededge3"": ""https://e84-earth-search-sentinel-data.s3.us-west-2.amazonaws.com/sentinel-2-c1-l2a/32/T/QP/2023/6/S2A_T32TQP_20230612T100735_L2A/B07.tif"", ""rededge1"": ""https://e84-earth-search-sentinel-data.s3.us-west-2.amazonaws.com/sentinel-2-c1-l2a/32/T/QP/2023/6/S2A_T32TQP_20230612T100735_L2A/B05.tif"", ""swir16"": ""https://e84-earth-search-sentinel-data.s3.us-west-2.amazonaws.com/sentinel-2-c1-l2a/32/T/QP/2023/6/S2A_T32TQP_20230612T100735_L2A/B11.tif"", ""wvp"": ""https://e84-earth-search-sentinel-data.s3.us-west-2.amazonaws.com/sentinel-2-c1-l2a/32/T/QP/2023/6/S2A_T32TQP_20230612T100735_L2A/WVP.tif"", ""nir08"": ""https://e84-earth-search-sentinel-data.s3.us-west-2.amazonaws.com/sentinel-2-c1-l2a/32/T/QP/2023/6/S2A_T32TQP_20230612T100735_L2A/B8A.tif"", ""scl"": ""https://e84-earth-search-sentinel-data.s3.us-west-2.amazonaws.com/sentinel-2-c1-l2a/32/T/QP/2023/6/S2A_T32TQP_20230612T100735_L2A/SCL.tif"", ""aot"": ""https://e84-earth-search-sentinel-data.s3.us-west-2.amazonaws.com/sentinel-2-c1-l2a/32/T/QP/2023/6/S2A_T32TQP_20230612T100735_L2A/AOT.tif"", ""coastal"": ""https://e84-earth-search-sentinel-data.s3.us-west-2.amazonaws.com/sentinel-2-c1-l2a/32/T/QP/2023/6/S2A_T32TQP_20230612T100735_L2A/B01.tif"", ""nir09"": ""https://e84-earth-search-sentinel-data.s3.us-west-2.amazonaws.com/sentinel-2-c1-l2a/32/T/QP/2023/6/S2A_T32TQP_20230612T100735_L2A/B09.tif"", ""cloud"": ""https://e84-earth-search-sentinel-data.s3.us-west-2.amazonaws.com/sentinel-2-c1-l2a/32/T/QP/2023/6/S2A_T32TQP_20230612T100735_L2A/CLD_20m.tif"", ""snow"": ""https://e84-earth-search-sentinel-data.s3.us-west-2.amazonaws.com/sentinel-2-c1-l2a/32/T/QP/2023/6/S2A_T32TQP_20230612T100735_L2A/SNW_20m.tif"", ""preview"": ""https://e84-earth-search-sentinel-data.s3.us-west-2.amazonaws.com/sentinel-2-c1-l2a/32/T/QP/2023/6/S2A_T32TQP_20230612T100735_L2A/L2A_PVI.tif"", ""granule_metadata"": ""https://e84-earth-search-sentinel-data.s3.us-west-2.amazonaws.com/sentinel-2-c1-l2a/32/T/QP/2023/6/S2A_T32TQP_20230612T100735_L2A/metadata.xml"", ""tileinfo_metadata"": ""https://e84-earth-search-sentinel-data.s3.us-west-2.amazonaws.com/sentinel-2-c1-l2a/32/T/QP/2023/6/S2A_T32TQP_20230612T100735_L2A/tileInfo.json"", ""product_metadata"": ""https://e84-earth-search-sentinel-data.s3.us-west-2.amazonaws.com/sentinel-2-c1-l2a/32/T/QP/2023/6/S2A_T32TQP_20230612T100735_L2A/product_metadata.xml"", ""thumbnail"": ""https://e84-earth-search-sentinel-data.s3.us-west-2.amazonaws.com/sentinel-2-c1-l2a/32/T/QP/2023/6/S2A_T32TQP_20230612T100735_L2A/L2A_PVI.jpg""}"
S2A_T32TPP_20230612T100735_L2A,2023-06-12 10:18:46.991000+00:00,28.037807,,sentinel-2a,"{""red"": ""https://e84-earth-search-sentinel-data.s3.us-west-2.amazonaws.com/sentinel-2-c1-l2a/32/T/PP/2023/6/S2A_T32TPP_20230612T100735_L2A/B04.tif"", ""green"": ""https://e84-earth-search-sentinel-data.s3.us-west-2.amazonaws.com/sentinel-2-c1-l2a/32/T/PP/2023/6/S2A_T32TPP_20230612T100735_L2A/B03.tif"", ""blue"": ""https://e84-earth-search-sentinel-data.s3.us-west-2.amazonaws.com/sentinel-2-c1-l2a/32/T/PP/2023/6/S2A_T32TPP_20230612T100735_L2A/B02.tif"", ""visual"": ""https://e84-earth-search-sentinel-data.s3.us-west-2.amazonaws.com/sentinel-2-c1-l2a/32/T/PP/2023/6/S2A_T32TPP_20230612T100735_L2A/TCI.tif"", ""nir"": ""https://e84-earth-search-sentinel-data.s3.us-west-2.amazonaws.com/sentinel-2-c1-l2a/32/T/PP/2023/6/S2A_T32TPP_20230612T100735_L2A/B08.tif"", ""swir22"": ""https://e84-earth-search-sentinel-data.s3.us-west-2.amazonaws.com/sentinel-2-c1-l2a/32/T/PP/2023/6/S2A_T32TPP_20230612T100735_L2A/B12.tif"", ""rededge2"": ""https://e84-earth-search-sentinel-data.s3.us-west-2.amazonaws.com/sentinel-2-c1-l2a/32/T/PP/2023/6/S2A_T32TPP_20230612T100735_L2A/B06.tif"", ""rededge3"": ""https://e84-earth-search-sentinel-data.s3.us-west-2.amazonaws.com/sentinel-2-c1-l2a/32/T/PP/2023/6/S2A_T32TPP_20230612T100735_L2A/B07.tif"", ""rededge1"": ""https://e84-earth-search-sentinel-data.s3.us-west-2.amazonaws.com/sentinel-2-c1-l2a/32/T/PP/2023/6/S2A_T32TPP_20230612T100735_L2A/B05.tif"", ""swir16"": ""https://e84-earth-search-sentinel-data.s3.us-west-2.amazonaws.com/sentinel-2-c1-l2a/32/T/PP/2023/6/S2A_T32TPP_20230612T100735_L2A/B11.tif"", ""wvp"": ""https://e84-earth-search-sentinel-data.s3.us-west-2.amazonaws.com/sentinel-2-c1-l2a/32/T/PP/2023/6/S2A_T32TPP_20230612T100735_L2A/WVP.tif"", ""nir08"": ""https://e84-earth-search-sentinel-data.s3.us-west-2.amazonaws.com/sentinel-2-c1-l2a/32/T/PP/2023/6/S2A_T32TPP_20230612T100735_L2A/B8A.tif"", ""scl"": ""https://e84-earth-search-sentinel-data.s3.us-west-2.amazonaws.com/sentinel-2-c1-l2a/32/T/PP/2023/6/S2A_T32TPP_20230612T100735_L2A/SCL.tif"", ""aot"": ""https://e84-earth-search-sentinel-data.s3.us-west-2.amazonaws.com/sentinel-2-c1-l2a/32/T/PP/2023/6/S2A_T32TPP_20230612T100735_L2A/AOT.tif"", ""coastal"": ""https://e84-earth-search-sentinel-data.s3.us-west-2.amazonaws.com/sentinel-2-c1-l2a/32/T/PP/2023/6/S2A_T32TPP_20230612T100735_L2A/B01.tif"", ""nir09"": ""https://e84-earth-search-sentinel-data.s3.us-west-2.amazonaws.com/sentinel-2-c1-l2a/32/T/PP/2023/6/S2A_T32TPP_20230612T100735_L2A/B09.tif"", ""cloud"": ""https://e84-earth-search-sentinel-data.s3.us-west-2.amazonaws.com/sentinel-2-c1-l2a/32/T/PP/2023/6/S2A_T32TPP_20230612T100735_L2A/CLD_20m.tif"", ""snow"": ""https://e84-earth-search-sentinel-data.s3.us-west-2.amazonaws.com/sentinel-2-c1-l2a/32/T/PP/2023/6/S2A_T32TPP_20230612T100735_L2A/SNW_20m.tif"", ""preview"": ""https://e84-earth-search-sentinel-data.s3.us-west-2.amazonaws.com/sentinel-2-c1-l2a/32/T/PP/2023/6/S2A_T32TPP_20230612T100735_L2A/L2A_PVI.tif"", ""granule_metadata"": ""https://e84-earth-search-sentinel-data.s3.us-west-2.amazonaws.com/sentinel-2-c1-l2a/32/T/PP/2023/6/S2A_T32TPP_20230612T100735_L2A/metadata.xml"", ""tileinfo_metadata"": ""https://e84-earth-search-sentinel-data.s3.us-west-2.amazonaws.com/sentinel-2-c1-l2a/32/T/PP/2023/6/S2A_T32TPP_20230612T100735_L2A/tileInfo.json"", ""product_metadata"": ""https://e84-earth-search-sentinel-data.s3.us-west-2.amazonaws.com/sentinel-2-c1-l2a/32/T/PP/2023/6/S2A_T32TPP_20230612T100735_L2A/product_metadata.xml"", ""thumbnail"": ""https://e84-earth-search-sentinel-data.s3.us-west-2.amazonaws.com/sentinel-2-c1-l2a/32/T/PP/2023/6/S2A_T32TPP_20230612T100735_L2A/L2A_PVI.jpg""}"
S2B_T32TQQ_20230614T095738_L2A,2023-06-14 10:08:33.153000+00:00,68.496966,,sentinel-2b,"{""red"": ""https://e84-earth-search-sentinel-data.s3.us-west-2.amazonaws.com/sentinel-2-c1-l2a/32/T/QQ/2023/6/S2B_T32TQQ_20230614T095738_L2A/B04.tif"", ""green"": ""https://e84-earth-search-sentinel-data.s3.us-west-2.amazonaws.com/sentinel-2-c1-l2a/32/T/QQ/2023/6/S2B_T32TQQ_20230614T095738_L2A/B03.tif"", ""blue"": ""https://e84-earth-search-sentinel-data.s3.us-west-2.amazonaws.com/sentinel-2-c1-l2a/32/T/QQ/2023/6/S2B_T32TQQ_20230614T095738_L2A/B02.tif"", ""visual"": ""https://e84-earth-search-sentinel-data.s3.us-west-2.amazonaws.com/sentinel-2-c1-l2a/32/T/QQ/2023/6/S2B_T32TQQ_20230614T095738_L2A/TCI.tif"", ""nir"": ""https://e84-earth-search-sentinel-data.s3.us-west-2.amazonaws.com/sentinel-2-c1-l2a/32/T/QQ/2023/6/S2B_T32TQQ_20230614T095738_L2A/B08.tif"", ""swir22"": ""https://e84-earth-search-sentinel-data.s3.us-west-2.amazonaws.com/sentinel-2-c1-l2a/32/T/QQ/2023/6/S2B_T32TQQ_20230614T095738_L2A/B12.tif"", ""rededge2"": ""https://e84-earth-search-sentinel-data.s3.us-west-2.amazonaws.com/sentinel-2-c1-l2a/32/T/QQ/2023/6/S2B_T32TQQ_20230614T095738_L2A/B06.tif"", ""rededge3"": ""https://e84-earth-search-sentinel-data.s3.us-west-2.amazonaws.com/sentinel-2-c1-l2a/32/T/QQ/2023/6/S2B_T32TQQ_20230614T095738_L2A/B07.tif"", ""rededge1"": ""https://e84-earth-search-sentinel-data.s3.us-west-2.amazonaws.com/sentinel-2-c1-l2a/32/T/QQ/2023/6/S2B_T32TQQ_20230614T095738_L2A/B05.tif"", ""swir16"": ""https://e84-earth-search-sentinel-data.s3.us-west-2.amazonaws.com/sentinel-2-c1-l2a/32/T/QQ/2023/6/S2B_T32TQQ_20230614T095738_L2A/B11.tif"", ""wvp"": ""https://e84-earth-search-sentinel-data.s3.us-west-2.amazonaws.com/sentinel-2-c1-l2a/32/T/QQ/2023/6/S2B_T32TQQ_20230614T095738_L2A/WVP.tif"", ""nir08"": ""https://e84-earth-search-sentinel-data.s3.us-west-2.amazonaws.com/sentinel-2-c1-l2a/32/T/QQ/2023/6/S2B_T32TQQ_20230614T095738_L2A/B8A.tif"", ""scl"": ""https://e84-earth-search-sentinel-data.s3.us-west-2.amazonaws.com/sentinel-2-c1-l2a/32/T/QQ/2023/6/S2B_T32TQQ_20230614T095738_L2A/SCL.tif"", ""aot"": ""https://e84-earth-search-sentinel-data.s3.us-west-2.amazonaws.com/sentinel-2-c1-l2a/32/T/QQ/2023/6/S2B_T32TQQ_20230614T095738_L2A/AOT.tif"", ""coastal"": ""https://e84-earth-search-sentinel-data.s3.us-west-2.amazonaws.com/sentinel-2-c1-l2a/32/T/QQ/2023/6/S2B_T32TQQ_20230614T095738_L2A/B01.tif"", ""nir09"": ""https://e84-earth-search-sentinel-data.s3.us-west-2.amazonaws.com/sentinel-2-c1-l2a/32/T/QQ/2023/6/S2B_T32TQQ_20230614T095738_L2A/B09.tif"", ""cloud"": ""https://e84-earth-search-sentinel-data.s3.us-west-2.amazonaws.com/sentinel-2-c1-l2a/32/T/QQ/2023/6/S2B_T32TQQ_20230614T095738_L2A/CLD_20m.tif"", ""snow"": ""https://e84-earth-search-sentinel-data.s3.us-west-2.amazonaws.com/sentinel-2-c1-l2a/32/T/QQ/2023/6/S2B_T32TQQ_20230614T095738_L2A/SNW_20m.tif"", ""preview"": ""https://e84-earth-search-sentinel-data.s3.us-west-2.amazonaws.com/sentinel-2-c1-l2a/32/T/QQ/2023/6/S2B_T32TQQ_20230614T095738_L2A/L2A_PVI.tif"", ""granule_metadata"": ""https://e84-earth-search-sentinel-data.s3.us-west-2.amazonaws.com/sentinel-2-c1-l2a/32/T/QQ/2023/6/S2B_T32TQQ_20230614T095738_L2A/metadata.xml"", ""tileinfo_metadata"": ""https://e84-earth-search-sentinel-data.s3.us-west-2.amazonaws.com/sentinel-2-c1-l2a/32/T/QQ/2023/6/S2B_T32TQQ_20230614T095738_L2A/tileInfo.json"", ""product_metadata"": ""https://e84-earth-search-sentinel-data.s3.us-west-2.amazonaws.com/sentinel-2-c1-l2a/32/T/QQ/2023/6/S2B_T32TQQ_20230614T095738_L2A/product_metadata.xml"", ""thumbnail"": ""https://e84-earth-search-sentinel-data.s3.us-west-2.amazonaws.com/sentinel-2-c1-l2a/32/T/QQ/2023/6/S2B_T32TQQ_20230614T095738_L2A/L2A_PVI.jpg""}"
S2B_T32TQQ_20230617T101430_L2A,2023-06-17 10:18:29.806000+00:00,0.047186,,sentinel-2b,"{""red"": ""https://e84-earth-search-sentinel-data.s3.us-west-2.amazonaws.com/sentinel-2-c1-l2a/32/T/QQ/2023/6/S2B_T32TQQ_20230617T101430_L2A/B04.tif"", ""green"": ""https://e84-earth-search-sentinel-data.s3.us-west-2.amazonaws.com/sentinel-2-c1-l2a/32/T/QQ/2023/6/S2B_T32TQQ_20230617T101430_L2A/B03.tif"", ""blue"": ""https://e84-earth-search-sentinel-data.s3.us-west-2.amazonaws.com/sentinel-2-c1-l2a/32/T/QQ/2023/6/S2B_T32TQQ_20230617T101430_L2A/B02.tif"", ""visual"": ""https://e84-earth-search-sentinel-data.s3.us-west-2.amazonaws.com/sentinel-2-c1-l2a/32/T/QQ/2023/6/S2B_T32TQQ_20230617T101430_L2A/TCI.tif"", ""nir"": ""https://e84-earth-search-sentinel-data.s3.us-west-2.amazonaws.com/sentinel-2-c1-l2a/32/T/QQ/2023/6/S2B_T32TQQ_20230617T101430_L2A/B08.tif"", ""swir22"": ""https://e84-earth-search-sentinel-data.s3.us-west-2.amazonaws.com/sentinel-2-c1-l2a/32/T/QQ/2023/6/S2B_T32TQQ_20230617T101430_L2A/B12.tif"", ""rededge2"": ""https://e84-earth-search-sentinel-data.s3.us-west-2.amazonaws.com/sentinel-2-c1-l2a/32/T/QQ/2023/6/S2B_T32TQQ_20230617T101430_L2A/B06.tif"", ""rededge3"": ""https://e84-earth-search-sentinel-data.s3.us-west-2.amazonaws.com/sentinel-2-c1-l2a/32/T/QQ/2023/6/S2B_T32TQQ_20230617T101430_L2A/B07.tif"", ""rededge1"": ""https://e84-earth-search-sentinel-data.s3.us-west-2.amazonaws.com/sentinel-2-c1-l2a/32/T/QQ/2023/6/S2B_T32TQQ_20230617T101430_L2A/B05.tif"", ""swir16"": ""https://e84-earth-search-sentinel-data.s3.us-west-2.amazonaws.com/sentinel-2-c1-l2a/32/T/QQ/2023/6/S2B_T32TQQ_20230617T101430_L2A/B11.tif"", ""wvp"": ""https://e84-earth-search-sentinel-data.s3.us-west-2.amazonaws.com/sentinel-2-c1-l2a/32/T/QQ/2023/6/S2B_T32TQQ_20230617T101430_L2A/WVP.tif"", ""nir08"": ""https://e84-earth-search-sentinel-data.s3.us-west-2.amazonaws.com/sentinel-2-c1-l2a/32/T/QQ/2023/6/S2B_T32TQQ_20230617T101430_L2A/B8A.tif"", ""scl"": ""https://e84-earth-search-sentinel-data.s3.us-west-2.amazonaws.com/sentinel-2-c1-l2a/32/T/QQ/2023/6/S2B_T32TQQ_20230617T101430_L2A/SCL.tif"", ""aot"": ""https://e84-earth-search-sentinel-data.s3.us-west-2.amazonaws.com/sentinel-2-c1-l2a/32/T/QQ/2023/6/S2B_T32TQQ_20230617T101430_L2A/AOT.tif"", ""coastal"": ""https://e84-earth-search-sentinel-data.s3.us-west-2.amazonaws.com/sentinel-2-c1-l2a/32/T/QQ/2023/6/S2B_T32TQQ_20230617T101430_L2A/B01.tif"", ""nir09"": ""https://e84-earth-search-sentinel-data.s3.us-west-2.amazonaws.com/sentinel-2-c1-l2a/32/T/QQ/2023/6/S2B_T32TQQ_20230617T101430_L2A/B09.tif"", ""cloud"": ""https://e84-earth-search-sentinel-data.s3.us-west-2.amazonaws.com/sentinel-2-c1-l2a/32/T/QQ/2023/6/S2B_T32TQQ_20230617T101430_L2A/CLD_20m.tif"", ""snow"": ""https://e84-earth-search-sentinel-data.s3.us-west-2.amazonaws.com/sentinel-2-c1-l2a/32/T/QQ/2023/6/S2B_T32TQQ_20230617T101430_L2A/SNW_20m.tif"", ""preview"": ""https://e84-earth-search-sentinel-data.s3.us-west-2.amazonaws.com/sentinel-2-c1-l2a/32/T/QQ/2023/6/S2B_T32TQQ_20230617T101430_L2A/L2A_PVI.tif"", ""granule_metadata"": ""https://e84-earth-search-sentinel-data.s3.us-west-2.amazonaws.com/sentinel-2-c1-l2a/32/T/QQ/2023/6/S2B_T32TQQ_20230617T101430_L2A/metadata.xml"", ""tileinfo_metadata"": ""https://e84-earth-search-sentinel-data.s3.us-west-2.amazonaws.com/sentinel-2-c1-l2a/32/T/QQ/2023/6/S2B_T32TQQ_20230617T101430_L2A/tileInfo.json"", ""product_metadata"": ""https://e84-earth-search-sentinel-data.s3.us-west-2.amazonaws.com/sentinel-2-c1-l2a/32/T/QQ/2023/6/S2B_T32TQQ_20230617T101430_L2A/product_metadata.xml"", ""thumbnail"": ""https://e84-earth-search-sentinel-data.s3.us-west-2.amazonaws.com/sentinel-2-c1-l2a/32/T/QQ/2023/6/S2B_T32TQQ_20230617T101430_L2A/L2A_PVI.jpg""}"
S2B_T32TPQ_20230617T101430_L2A,2023-06-17 10:18:33.257000+00:00,2.23974,,sentinel-2b,"{""red"": ""https://e84-earth-search-sentinel-data.s3.us-west-2.amazonaws.com/sentinel-2-c1-l2a/32/T/PQ/2023/6/S2B_T32TPQ_20230617T101430_L2A/B04.tif"", ""green"": ""https://e84-earth-search-sentinel-data.s3.us-west-2.amazonaws.com/sentinel-2-c1-l2a/32/T/PQ/2023/6/S2B_T32TPQ_20230617T101430_L2A/B03.tif"", ""blue"": ""https://e84-earth-search-sentinel-data.s3.us-west-2.amazonaws.com/sentinel-2-c1-l2a/32/T/PQ/2023/6/S2B_T32TPQ_20230617T101430_L2A/B02.tif"", ""visual"": ""https://e84-earth-search-sentinel-data.s3.us-west-2.amazonaws.com/sentinel-2-c1-l2a/32/T/PQ/2023/6/S2B_T32TPQ_20230617T101430_L2A/TCI.tif"", ""nir"": ""https://e84-earth-search-sentinel-data.s3.us-west-2.amazonaws.com/sentinel-2-c1-l2a/32/T/PQ/2023/6/S2B_T32TPQ_20230617T101430_L2A/B08.tif"", ""swir22"": ""https://e84-earth-search-sentinel-data.s3.us-west-2.amazonaws.com/sentinel-2-c1-l2a/32/T/PQ/2023/6/S2B_T32TPQ_20230617T101430_L2A/B12.tif"", ""rededge2"": ""https://e84-earth-search-sentinel-data.s3.us-west-2.amazonaws.com/sentinel-2-c1-l2a/32/T/PQ/2023/6/S2B_T32TPQ_20230617T101430_L2A/B06.tif"", ""rededge3"": ""https://e84-earth-search-sentinel-data.s3.us-west-2.amazonaws.com/sentinel-2-c1-l2a/32/T/PQ/2023/6/S2B_T32TPQ_20230617T101430_L2A/B07.tif"", ""rededge1"": ""https://e84-earth-search-sentinel-data.s3.us-west-2.amazonaws.com/sentinel-2-c1-l2a/32/T/PQ/2023/6/S2B_T32TPQ_20230617T101430_L2A/B05.tif"", ""swir16"": ""https://e84-earth-search-sentinel-data.s3.us-west-2.amazonaws.com/sentinel-2-c1-l2a/32/T/PQ/2023/6/S2B_T32TPQ_20230617T101430_L2A/B11.tif"", ""wvp"": ""https://e84-earth-search-sentinel-data.s3.us-west-2.amazonaws.com/sentinel-2-c1-l2a/32/T/PQ/2023/6/S2B_T32TPQ_20230617T101430_L2A/WVP.tif"", ""nir08"": ""https://e84-earth-search-sentinel-data.s3.us-west-2.amazonaws.com/sentinel-2-c1-l2a/32/T/PQ/2023/6/S2B_T32TPQ_20230617T101430_L2A/B8A.tif"", ""scl"": ""https://e84-earth-search-sentinel-data.s3.us-west-2.amazonaws.com/sentinel-2-c1-l2a/32/T/PQ/2023/6/S2B_T32TPQ_20230617T101430_L2A/SCL.tif"", ""aot"": ""https://e84-earth-search-sentinel-data.s3.us-west-2.amazonaws.com/sentinel-2-c1-l2a/32/T/PQ/2023/6/S2B_T32TPQ_20230617T101430_L2A/AOT.tif"", ""coastal"": ""https://e84-earth-search-sentinel-data.s3.us-west-2.amazonaws.com/sentinel-2-c1-l2a/32/T/PQ/2023/6/S2B_T32TPQ_20230617T101430_L2A/B01.tif"", ""nir09"": ""https://e84-earth-search-sentinel-data.s3.us-west-2.amazonaws.com/sentinel-2-c1-l2a/32/T/PQ/2023/6/S2B_T32TPQ_20230617T101430_L2A/B09.tif"", ""cloud"": ""https://e84-earth-search-sentinel-data.s3.us-west-2.amazonaws.com/sentinel-2-c1-l2a/32/T/PQ/2023/6/S2B_T32TPQ_20230617T101430_L2A/CLD_20m.tif"", ""snow"": ""https://e84-earth-search-sentinel-data.s3.us-west-2.amazonaws.com/sentinel-2-c1-l2a/32/T/PQ/2023/6/S2B_T32TPQ_20230617T101430_L2A/SNW_20m.tif"", ""preview"": ""https://e84-earth-search-sentinel-data.s3.us-west-2.amazonaws.com/sentinel-2-c1-l2a/32/T/PQ/2023/6/S2B_T32TPQ_20230617T101430_L2A/L2A_PVI.tif"", ""granule_metadata"": ""https://e84-earth-search-sentinel-data.s3.us-west-2.amazonaws.com/sentinel-2-c1-l2a/32/T/PQ/2023/6/S2B_T32TPQ_20230617T101430_L2A/metadata.xml"", ""tileinfo_metadata"": ""https://e84-earth-search-sentinel-data.s3.us-west-2.amazonaws.com/sentinel-2-c1-l2a/32/T/PQ/2023/6/S2B_T32TPQ_20230617T101430_L2A/tileInfo.json"", ""product_metadata"": ""https://e84-earth-search-sentinel-data.s3.us-west-2.amazonaws.com/sentinel-2-c1-l2a/32/T/PQ/2023/6/S2B_T32TPQ_20230617T101430_L2A/product_metadata.xml"", ""thumbnail"": ""https://e84-earth-search-sentinel-data.s3.us-west-2.amazonaws.com/sentinel-2-c1-l2a/32/T/PQ/2023/6/S2B_T32TPQ_20230617T101430_L2A/L2A_PVI.jpg""}"
S2B_T32TQP_20230617T101430_L2A,2023-06-17 10:18:44.055000+00:00,3.12248,,sentinel-2b,"{""red"": ""https://e84-earth-search-sentinel-data.s3.us-west-2.amazonaws.com/sentinel-2-c1-l2a/32/T/QP/2023/6/S2B_T32TQP_20230617T101430_L2A/B04.tif"", ""green"": ""https://e84-earth-search-sentinel-data.s3.us-west-2.amazonaws.com/sentinel-2-c1-l2a/32/T/QP/2023/6/S2B_T32TQP_20230617T101430_L2A/B03.tif"", ""blue"": ""https://e84-earth-search-sentinel-data.s3.us-west-2.amazonaws.com/sentinel-2-c1-l2a/32/T/QP/2023/6/S2B_T32TQP_20230617T101430_L2A/B02.tif"", ""visual"": ""https://e84-earth-search-sentinel-data.s3.us-west-2.amazonaws.com/sentinel-2-c1-l2a/32/T/QP/2023/6/S2B_T32TQP_20230617T101430_L2A/TCI.tif"", ""nir"": ""https://e84-earth-search-sentinel-data.s3.us-west-2.amazonaws.com/sentinel-2-c1-l2a/32/T/QP/2023/6/S2B_T32TQP_20230617T101430_L2A/B08.tif"", ""swir22"": ""https://e84-earth-search-sentinel-data.s3.us-west-2.amazonaws.com/sentinel-2-c1-l2a/32/T/QP/2023/6/S2B_T32TQP_20230617T101430_L2A/B12.tif"", ""rededge2"": ""https://e84-earth-search-sentinel-data.s3.us-west-2.amazonaws.com/sentinel-2-c1-l2a/32/T/QP/2023/6/S2B_T32TQP_20230617T101430_L2A/B06.tif"", ""rededge3"": ""https://e84-earth-search-sentinel-data.s3.us-west-2.amazonaws.com/sentinel-2-c1-l2a/32/T/QP/2023/6/S2B_T32TQP_20230617T101430_L2A/B07.tif"", ""rededge1"": ""https://e84-earth-search-sentinel-data.s3.us-west-2.amazonaws.com/sentinel-2-c1-l2a/32/T/QP/2023/6/S2B_T32TQP_20230617T101430_L2A/B05.tif"", ""swir16"": ""https://e84-earth-search-sentinel-data.s3.us-west-2.amazonaws.com/sentinel-2-c1-l2a/32/T/QP/2023/6/S2B_T32TQP_20230617T101430_L2A/B11.tif"", ""wvp"": ""https://e84-earth-search-sentinel-data.s3.us-west-2.amazonaws.com/sentinel-2-c1-l2a/32/T/QP/2023/6/S2B_T32TQP_20230617T101430_L2A/WVP.tif"", ""nir08"": ""https://e84-earth-search-sentinel-data.s3.us-west-2.amazonaws.com/sentinel-2-c1-l2a/32/T/QP/2023/6/S2B_T32TQP_20230617T101430_L2A/B8A.tif"", ""scl"": ""https://e84-earth-search-sentinel-data.s3.us-west-2.amazonaws.com/sentinel-2-c1-l2a/32/T/QP/2023/6/S2B_T32TQP_20230617T101430_L2A/SCL.tif"", ""aot"": ""https://e84-earth-search-sentinel-data.s3.us-west-2.amazonaws.com/sentinel-2-c1-l2a/32/T/QP/2023/6/S2B_T32TQP_20230617T101430_L2A/AOT.tif"", ""coastal"": ""https://e84-earth-search-sentinel-data.s3.us-west-2.amazonaws.com/sentinel-2-c1-l2a/32/T/QP/2023/6/S2B_T32TQP_20230617T101430_L2A/B01.tif"", ""nir09"": ""https://e84-earth-search-sentinel-data.s3.us-west-2.amazonaws.com/sentinel-2-c1-l2a/32/T/QP/2023/6/S2B_T32TQP_20230617T101430_L2A/B09.tif"", ""cloud"": ""https://e84-earth-search-sentinel-data.s3.us-west-2.amazonaws.com/sentinel-2-c1-l2a/32/T/QP/2023/6/S2B_T32TQP_20230617T101430_L2A/CLD_20m.tif"", ""snow"": ""https://e84-earth-search-sentinel-data.s3.us-west-2.amazonaws.com/sentinel-2-c1-l2a/32/T/QP/2023/6/S2B_T32TQP_20230617T101430_L2A/SNW_20m.tif"", ""preview"": ""https://e84-earth-search-sentinel-data.s3.us-west-2.amazonaws.com/sentinel-2-c1-l2a/32/T/QP/2023/6/S2B_T32TQP_20230617T101430_L2A/L2A_PVI.tif"", ""granule_metadata"": ""https://e84-earth-search-sentinel-data.s3.us-west-2.amazonaws.com/sentinel-2-c1-l2a/32/T/QP/2023/6/S2B_T32TQP_20230617T101430_L2A/metadata.xml"", ""tileinfo_metadata"": ""https://e84-earth-search-sentinel-data.s3.us-west-2.amazonaws.com/sentinel-2-c1-l2a/32/T/QP/2023/6/S2B_T32TQP_20230617T101430_L2A/tileInfo.json"", ""product_metadata"": ""https://e84-earth-search-sentinel-data.s3.us-west-2.amazonaws.com/sentinel-2-c1-l2a/32/T/QP/2023/6/S2B_T32TQP_20230617T101430_L2A/product_metadata.xml"", ""thumbnail"": ""https://e84-earth-search-sentinel-data.s3.us-west-2.amazonaws.com/sentinel-2-c1-l2a/32/T/QP/2023/6/S2B_T32TQP_20230617T101430_L2A/L2A_PVI.jpg""}"
S2B_T32TPP_20230617T101430_L2A,2023-06-17 10:18:47.657000+00:00,4.322597,,sentinel-2b,"{""red"": ""https://e84-earth-search-sentinel-data.s3.us-west-2.amazonaws.com/sentinel-2-c1-l2a/32/T/PP/2023/6/S2B_T32TPP_20230617T101430_L2A/B04.tif"", ""green"": ""https://e84-earth-search-sentinel-data.s3.us-west-2.amazonaws.com/sentinel-2-c1-l2a/32/T/PP/2023/6/S2B_T32TPP_20230617T101430_L2A/B03.tif"", ""blue"": ""https://e84-earth-search-sentinel-data.s3.us-west-2.amazonaws.com/sentinel-2-c1-l2a/32/T/PP/2023/6/S2B_T32TPP_20230617T101430_L2A/B02.tif"", ""visual"": ""https://e84-earth-search-sentinel-data.s3.us-west-2.amazonaws.com/sentinel-2-c1-l2a/32/T/PP/2023/6/S2B_T32TPP_20230617T101430_L2A/TCI.tif"", ""nir"": ""https://e84-earth-search-sentinel-data.s3.us-west-2.amazonaws.com/sentinel-2-c1-l2a/32/T/PP/2023/6/S2B_T32TPP_20230617T101430_L2A/B08.tif"", ""swir22"": ""https://e84-earth-search-sentinel-data.s3.us-west-2.amazonaws.com/sentinel-2-c1-l2a/32/T/PP/2023/6/S2B_T32TPP_20230617T101430_L2A/B12.tif"", ""rededge2"": ""https://e84-earth-search-sentinel-data.s3.us-west-2.amazonaws.com/sentinel-2-c1-l2a/32/T/PP/2023/6/S2B_T32TPP_20230617T101430_L2A/B06.tif"", ""rededge3"": ""https://e84-earth-search-sentinel-data.s3.us-west-2.amazonaws.com/sentinel-2-c1-l2a/32/T/PP/2023/6/S2B_T32TPP_20230617T101430_L2A/B07.tif"", ""rededge1"": ""https://e84-earth-search-sentinel-data.s3.us-west-2.amazonaws.com/sentinel-2-c1-l2a/32/T/PP/2023/6/S2B_T32TPP_20230617T101430_L2A/B05.tif"", ""swir16"": ""https://e84-earth-search-sentinel-data.s3.us-west-2.amazonaws.com/sentinel-2-c1-l2a/32/T/PP/2023/6/S2B_T32TPP_20230617T101430_L2A/B11.tif"", ""wvp"": ""https://e84-earth-search-sentinel-data.s3.us-west-2.amazonaws.com/sentinel-2-c1-l2a/32/T/PP/2023/6/S2B_T32TPP_20230617T101430_L2A/WVP.tif"", ""nir08"": ""https://e84-earth-search-sentinel-data.s3.us-west-2.amazonaws.com/sentinel-2-c1-l2a/32/T/PP/2023/6/S2B_T32TPP_20230617T101430_L2A/B8A.tif"", ""scl"": ""https://e84-earth-search-sentinel-data.s3.us-west-2.amazonaws.com/sentinel-2-c1-l2a/32/T/PP/2023/6/S2B_T32TPP_20230617T101430_L2A/SCL.tif"", ""aot"": ""https://e84-earth-search-sentinel-data.s3.us-west-2.amazonaws.com/sentinel-2-c1-l2a/32/T/PP/2023/6/S2B_T32TPP_20230617T101430_L2A/AOT.tif"", ""coastal"": ""https://e84-earth-search-sentinel-data.s3.us-west-2.amazonaws.com/sentinel-2-c1-l2a/32/T/PP/2023/6/S2B_T32TPP_20230617T101430_L2A/B01.tif"", ""nir09"": ""https://e84-earth-search-sentinel-data.s3.us-west-2.amazonaws.com/sentinel-2-c1-l2a/32/T/PP/2023/6/S2B_T32TPP_20230617T101430_L2A/B09.tif"", ""cloud"": ""https://e84-earth-search-sentinel-data.s3.us-west-2.amazonaws.com/sentinel-2-c1-l2a/32/T/PP/2023/6/S2B_T32TPP_20230617T101430_L2A/CLD_20m.tif"", ""snow"": ""https://e84-earth-search-sentinel-data.s3.us-west-2.amazonaws.com/sentinel-2-c1-l2a/32/T/PP/2023/6/S2B_T32TPP_20230617T101430_L2A/SNW_20m.tif"", ""preview"": ""https://e84-earth-search-sentinel-data.s3.us-west-2.amazonaws.com/sentinel-2-c1-l2a/32/T/PP/2023/6/S2B_T32TPP_20230617T101430_L2A/L2A_PVI.tif"", ""granule_metadata"": ""https://e84-earth-search-sentinel-data.s3.us-west-2.amazonaws.com/sentinel-2-c1-l2a/32/T/PP/2023/6/S2B_T32TPP_20230617T101430_L2A/metadata.xml"", ""tileinfo_metadata"": ""https://e84-earth-search-sentinel-data.s3.us-west-2.amazonaws.com/sentinel-2-c1-l2a/32/T/PP/2023/6/S2B_T32TPP_20230617T101430_L2A/tileInfo.json"", ""product_metadata"": ""https://e84-earth-search-sentinel-data.s3.us-west-2.amazonaws.com/sentinel-2-c1-l2a/32/T/PP/2023/6/S2B_T32TPP_20230617T101430_L2A/product_metadata.xml"", ""thumbnail"": ""https://e84-earth-search-sentinel-data.s3.us-west-2.amazonaws.com/sentinel-2-c1-l2a/32/T/PP/2023/6/S2B_T32TPP_20230617T101430_L2A/L2A_PVI.jpg""}"
S2A_T32TQQ_20230619T100034_L2A,2023-06-19 10:08:32.197000+00:00,24.787962,,sentinel-2a,"{""red"": ""https://e84-earth-search-sentinel-data.s3.us-west-2.amazonaws.com/sentinel-2-c1-l2a/32/T/QQ/2023/6/S2A_T32TQQ_20230619T100034_L2A/B04.tif"", ""green"": ""https://e84-earth-search-sentinel-data.s3.us-west-2.amazonaws.com/sentinel-2-c1-l2a/32/T/QQ/2023/6/S2A_T32TQQ_20230619T100034_L2A/B03.tif"", ""blue"": ""https://e84-earth-search-sentinel-data.s3.us-west-2.amazonaws.com/sentinel-2-c1-l2a/32/T/QQ/2023/6/S2A_T32TQQ_20230619T100034_L2A/B02.tif"", ""visual"": ""https://e84-earth-search-sentinel-data.s3.us-west-2.amazonaws.com/sentinel-2-c1-l2a/32/T/QQ/2023/6/S2A_T32TQQ_20230619T100034_L2A/TCI.tif"", ""nir"": ""https://e84-earth-search-sentinel-data.s3.us-west-2.amazonaws.com/sentinel-2-c1-l2a/32/T/QQ/2023/6/S2A_T32TQQ_20230619T100034_L2A/B08.tif"", ""swir22"": ""https://e84-earth-search-sentinel-data.s3.us-west-2.amazonaws.com/sentinel-2-c1-l2a/32/T/QQ/2023/6/S2A_T32TQQ_20230619T100034_L2A/B12.tif"", ""rededge2"": ""https://e84-earth-search-sentinel-data.s3.us-west-2.amazonaws.com/sentinel-2-c1-l2a/32/T/QQ/2023/6/S2A_T32TQQ_20230619T100034_L2A/B06.tif"", ""rededge3"": ""https://e84-earth-search-sentinel-data.s3.us-west-2.amazonaws.com/sentinel-2-c1-l2a/32/T/QQ/2023/6/S2A_T32TQQ_20230619T100034_L2A/B07.tif"", ""rededge1"": ""https://e84-earth-search-sentinel-data.s3.us-west-2.amazonaws.com/sentinel-2-c1-l2a/32/T/QQ/2023/6/S2A_T32TQQ_20230619T100034_L2A/B05.tif"", ""swir16"": ""https://e84-earth-search-sentinel-data.s3.us-west-2.amazonaws.com/sentinel-2-c1-l2a/32/T/QQ/2023/6/S2A_T32TQQ_20230619T100034_L2A/B11.tif"", ""wvp"": ""https://e84-earth-search-sentinel-data.s3.us-west-2.amazonaws.com/sentinel-2-c1-l2a/32/T/QQ/2023/6/S2A_T32TQQ_20230619T100034_L2A/WVP.tif"", ""nir08"": ""https://e84-earth-search-sentinel-data.s3.us-west-2.amazonaws.com/sentinel-2-c1-l2a/32/T/QQ/2023/6/S2A_T32TQQ_20230619T100034_L2A/B8A.tif"", ""scl"": ""https://e84-earth-search-sentinel-data.s3.us-west-2.amazonaws.com/sentinel-2-c1-l2a/32/T/QQ/2023/6/S2A_T32TQQ_20230619T100034_L2A/SCL.tif"", ""aot"": ""https://e84-earth-search-sentinel-data.s3.us-west-2.amazonaws.com/sentinel-2-c1-l2a/32/T/QQ/2023/6/S2A_T32TQQ_20230619T100034_L2A/AOT.tif"", ""coastal"": ""https://e84-earth-search-sentinel-data.s3.us-west-2.amazonaws.com/sentinel-2-c1-l2a/32/T/QQ/2023/6/S2A_T32TQQ_20230619T100034_L2A/B01.tif"", ""nir09"": ""https://e84-earth-search-sentinel-data.s3.us-west-2.amazonaws.com/sentinel-2-c1-l2a/32/T/QQ/2023/6/S2A_T32TQQ_20230619T100034_L2A/B09.tif"", ""cloud"": ""https://e84-earth-search-sentinel-data.s3.us-west-2.amazonaws.com/sentinel-2-c1-l2a/32/T/QQ/2023/6/S2A_T32TQQ_20230619T100034_L2A/CLD_20m.tif"", ""snow"": ""https://e84-earth-search-sentinel-data.s3.us-west-2.amazonaws.com/sentinel-2-c1-l2a/32/T/QQ/2023/6/S2A_T32TQQ_20230619T100034_L2A/SNW_20m.tif"", ""preview"": ""https://e84-earth-search-sentinel-data.s3.us-west-2.amazonaws.com/sentinel-2-c1-l2a/32/T/QQ/2023/6/S2A_T32TQQ_20230619T100034_L2A/L2A_PVI.tif"", ""granule_metadata"": ""https://e84-earth-search-sentinel-data.s3.us-west-2.amazonaws.com/sentinel-2-c1-l2a/32/T/QQ/2023/6/S2A_T32TQQ_20230619T100034_L2A/metadata.xml"", ""tileinfo_metadata"": ""https://e84-earth-search-sentinel-data.s3.us-west-2.amazonaws.com/sentinel-2-c1-l2a/32/T/QQ/2023/6/S2A_T32TQQ_20230619T100034_L2A/tileInfo.json"", ""product_metadata"": ""https://e84-earth-search-sentinel-data.s3.us-west-2.amazonaws.com/sentinel-2-c1-l2a/32/T/QQ/2023/6/S2A_T32TQQ_20230619T100034_L2A/product_metadata.xml"", ""thumbnail"": ""https://e84-earth-search-sentinel-data.s3.us-west-2.amazonaws.com/sentinel-2-c1-l2a/32/T/QQ/2023/6/S2A_T32TQQ_20230619T100034_L2A/L2A_PVI.jpg""}"
S2A_T32TQP_20230619T100034_L2A,2023-06-19 10:08:46.918000+00:00,50.751996,,sentinel-2a,"{""red"": ""https://e84-earth-search-sentinel-data.s3.us-west-2.amazonaws.com/sentinel-2-c1-l2a/32/T/QP/2023/6/S2A_T32TQP_20230619T100034_L2A/B04.tif"", ""green"": ""https://e84-earth-search-sentinel-data.s3.us-west-2.amazonaws.com/sentinel-2-c1-l2a/32/T/QP/2023/6/S2A_T32TQP_20230619T100034_L2A/B03.tif"", ""blue"": ""https://e84-earth-search-sentinel-data.s3.us-west-2.amazonaws.com/sentinel-2-c1-l2a/32/T/QP/2023/6/S2A_T32TQP_20230619T100034_L2A/B02.tif"", ""visual"": ""https://e84-earth-search-sentinel-data.s3.us-west-2.amazonaws.com/sentinel-2-c1-l2a/32/T/QP/2023/6/S2A_T32TQP_20230619T100034_L2A/TCI.tif"", ""nir"": ""https://e84-earth-search-sentinel-data.s3.us-west-2.amazonaws.com/sentinel-2-c1-l2a/32/T/QP/2023/6/S2A_T32TQP_20230619T100034_L2A/B08.tif"", ""swir22"": ""https://e84-earth-search-sentinel-data.s3.us-west-2.amazonaws.com/sentinel-2-c1-l2a/32/T/QP/2023/6/S2A_T32TQP_20230619T100034_L2A/B12.tif"", ""rededge2"": ""https://e84-earth-search-sentinel-data.s3.us-west-2.amazonaws.com/sentinel-2-c1-l2a/32/T/QP/2023/6/S2A_T32TQP_20230619T100034_L2A/B06.tif"", ""rededge3"": ""https://e84-earth-search-sentinel-data.s3.us-west-2.amazonaws.com/sentinel-2-c1-l2a/32/T/QP/2023/6/S2A_T32TQP_20230619T100034_L2A/B07.tif"", ""rededge1"": ""https://e84-earth-search-sentinel-data.s3.us-west-2.amazonaws.com/sentinel-2-c1-l2a/32/T/QP/2023/6/S2A_T32TQP_20230619T100034_L2A/B05.tif"", ""swir16"": ""https://e84-earth-search-sentinel-data.s3.us-west-2.amazonaws.com/sentinel-2-c1-l2a/32/T/QP/2023/6/S2A_T32TQP_20230619T100034_L2A/B11.tif"", ""wvp"": ""https://e84-earth-search-sentinel-data.s3.us-west-2.amazonaws.com/sentinel-2-c1-l2a/32/T/QP/2023/6/S2A_T32TQP_20230619T100034_L2A/WVP.tif"", ""nir08"": ""https://e84-earth-search-sentinel-data.s3.us-west-2.amazonaws.com/sentinel-2-c1-l2a/32/T/QP/2023/6/S2A_T32TQP_20230619T100034_L2A/B8A.tif"", ""scl"": ""https://e84-earth-search-sentinel-data.s3.us-west-2.amazonaws.com/sentinel-2-c1-l2a/32/T/QP/2023/6/S2A_T32TQP_20230619T100034_L2A/SCL.tif"", ""aot"": ""https://e84-earth-search-sentinel-data.s3.us-west-2.amazonaws.com/sentinel-2-c1-l2a/32/T/QP/2023/6/S2A_T32TQP_20230619T100034_L2A/AOT.tif"", ""coastal"": ""https://e84-earth-search-sentinel-data.s3.us-west-2.amazonaws.com/sentinel-2-c1-l2a/32/T/QP/2023/6/S2A_T32TQP_20230619T100034_L2A/B01.tif"", ""nir09"": ""https://e84-earth-search-sentinel-data.s3.us-west-2.amazonaws.com/sentinel-2-c1-l2a/32/T/QP/2023/6/S2A_T32TQP_20230619T100034_L2A/B09.tif"", ""cloud"": ""https://e84-earth-search-sentinel-data.s3.us-west-2.amazonaws.com/sentinel-2-c1-l2a/32/T/QP/2023/6/S2A_T32TQP_20230619T100034_L2A/CLD_20m.tif"", ""snow"": ""https://e84-earth-search-sentinel-data.s3.us-west-2.amazonaws.com/sentinel-2-c1-l2a/32/T/QP/2023/6/S2A_T32TQP_20230619T100034_L2A/SNW_20m.tif"", ""preview"": ""https://e84-earth-search-sentinel-data.s3.us-west-2.amazonaws.com/sentinel-2-c1-l2a/32/T/QP/2023/6/S2A_T32TQP_20230619T100034_L2A/L2A_PVI.tif"", ""granule_metadata"": ""https://e84-earth-search-sentinel-data.s3.us-west-2.amazonaws.com/sentinel-2-c1-l2a/32/T/QP/2023/6/S2A_T32TQP_20230619T100034_L2A/metadata.xml"", ""tileinfo_metadata"": ""https://e84-earth-search-sentinel-data.s3.us-west-2.amazonaws.com/sentinel-2-c1-l2a/32/T/QP/2023/6/S2A_T32TQP_20230619T100034_L2A/tileInfo.json"", ""product_metadata"": ""https://e84-earth-search-sentinel-data.s3.us-west-2.amazonaws.com/sentinel-2-c1-l2a/32/T/QP/2023/6/S2A_T32TQP_20230619T100034_L2A/product_metadata.xml"", ""thumbnail"": ""https://e84-earth-search-sentinel-data.s3.us-west-2.amazonaws.com/sentinel-2-c1-l2a/32/T/QP/2023/6/S2A_T32TQP_20230619T100034_L2A/L2A_PVI.jpg""}"
S2A_T32TPQ_20230622T100756_L2A,2023-06-22 10:18:32.116000+00:00,15.213595,,sentinel-2a,"{""red"": ""https://e84-earth-search-sentinel-data.s3.us-west-2.amazonaws.com/sentinel-2-c1-l2a/32/T/PQ/2023/6/S2A_T32TPQ_20230622T100756_L2A/B04.tif"", ""green"": ""https://e84-earth-search-sentinel-data.s3.us-west-2.amazonaws.com/sentinel-2-c1-l2a/32/T/PQ/2023/6/S2A_T32TPQ_20230622T100756_L2A/B03.tif"", ""blue"": ""https://e84-earth-search-sentinel-data.s3.us-west-2.amazonaws.com/sentinel-2-c1-l2a/32/T/PQ/2023/6/S2A_T32TPQ_20230622T100756_L2A/B02.tif"", ""visual"": ""https://e84-earth-search-sentinel-data.s3.us-west-2.amazonaws.com/sentinel-2-c1-l2a/32/T/PQ/2023/6/S2A_T32TPQ_20230622T100756_L2A/TCI.tif"", ""nir"": ""https://e84-earth-search-sentinel-data.s3.us-west-2.amazonaws.com/sentinel-2-c1-l2a/32/T/PQ/2023/6/S2A_T32TPQ_20230622T100756_L2A/B08.tif"", ""swir22"": ""https://e84-earth-search-sentinel-data.s3.us-west-2.amazonaws.com/sentinel-2-c1-l2a/32/T/PQ/2023/6/S2A_T32TPQ_20230622T100756_L2A/B12.tif"", ""rededge2"": ""https://e84-earth-search-sentinel-data.s3.us-west-2.amazonaws.com/sentinel-2-c1-l2a/32/T/PQ/2023/6/S2A_T32TPQ_20230622T100756_L2A/B06.tif"", ""rededge3"": ""https://e84-earth-search-sentinel-data.s3.us-west-2.amazonaws.com/sentinel-2-c1-l2a/32/T/PQ/2023/6/S2A_T32TPQ_20230622T100756_L2A/B07.tif"", ""rededge1"": ""https://e84-earth-search-sentinel-data.s3.us-west-2.amazonaws.com/sentinel-2-c1-l2a/32/T/PQ/2023/6/S2A_T32TPQ_20230622T100756_L2A/B05.tif"", ""swir16"": ""https://e84-earth-search-sentinel-data.s3.us-west-2.amazonaws.com/sentinel-2-c1-l2a/32/T/PQ/2023/6/S2A_T32TPQ_20230622T100756_L2A/B11.tif"", ""wvp"": ""https://e84-earth-search-sentinel-data.s3.us-west-2.amazonaws.com/sentinel-2-c1-l2a/32/T/PQ/2023/6/S2A_T32TPQ_20230622T100756_L2A/WVP.tif"", ""nir08"": ""https://e84-earth-search-sentinel-data.s3.us-west-2.amazonaws.com/sentinel-2-c1-l2a/32/T/PQ/2023/6/S2A_T32TPQ_20230622T100756_L2A/B8A.tif"", ""scl"": ""https://e84-earth-search-sentinel-data.s3.us-west-2.amazonaws.com/sentinel-2-c1-l2a/32/T/PQ/2023/6/S2A_T32TPQ_20230622T100756_L2A/SCL.tif"", ""aot"": ""https://e84-earth-search-sentinel-data.s3.us-west-2.amazonaws.com/sentinel-2-c1-l2a/32/T/PQ/2023/6/S2A_T32TPQ_20230622T100756_L2A/AOT.tif"", ""coastal"": ""https://e84-earth-search-sentinel-data.s3.us-west-2.amazonaws.com/sentinel-2-c1-l2a/32/T/PQ/2023/6/S2A_T32TPQ_20230622T100756_L2A/B01.tif"", ""nir09"": ""https://e84-earth-search-sentinel-data.s3.us-west-2.amazonaws.com/sentinel-2-c1-l2a/32/T/PQ/2023/6/S2A_T32TPQ_20230622T100756_L2A/B09.tif"", ""cloud"": ""https://e84-earth-search-sentinel-data.s3.us-west-2.amazonaws.com/sentinel-2-c1-l2a/32/T/PQ/2023/6/S2A_T32TPQ_20230622T100756_L2A/CLD_20m.tif"", ""snow"": ""https://e84-earth-search-sentinel-data.s3.us-west-2.amazonaws.com/sentinel-2-c1-l2a/32/T/PQ/2023/6/S2A_T32TPQ_20230622T100756_L2A/SNW_20m.tif"", ""preview"": ""https://e84-earth-search-sentinel-data.s3.us-west-2.amazonaws.com/sentinel-2-c1-l2a/32/T/PQ/2023/6/S2A_T32TPQ_20230622T100756_L2A/L2A_PVI.tif"", ""granule_metadata"": ""https://e84-earth-search-sentinel-data.s3.us-west-2.amazonaws.com/sentinel-2-c1-l2a/32/T/PQ/2023/6/S2A_T32TPQ_20230622T100756_L2A/metadata.xml"", ""tileinfo_metadata"": ""https://e84-earth-search-sentinel-data.s3.us-west-2.amazonaws.com/sentinel-2-c1-l2a/32/T/PQ/2023/6/S2A_T32TPQ_20230622T100756_L2A/tileInfo.json"", ""product_metadata"": ""https://e84-earth-search-sentinel-data.s3.us-west-2.amazonaws.com/sentinel-2-c1-l2a/32/T/PQ/2023/6/S2A_T32TPQ_20230622T100756_L2A/product_metadata.xml"", ""thumbnail"": ""https://e84-earth-search-sentinel-data.s3.us-west-2.amazonaws.com/sentinel-2-c1-l2a/32/T/PQ/2023/6/S2A_T32TPQ_20230622T100756_L2A/L2A_PVI.jpg""}"
S2A_T32TQP_20230622T100756_L2A,2023-06-22 10:18:42.902000+00:00,44.268864,,sentinel-2a,"{""red"": ""https://e84-earth-search-sentinel-data.s3.us-west-2.amazonaws.com/sentinel-2-c1-l2a/32/T/QP/2023/6/S2A_T32TQP_20230622T100756_L2A/B04.tif"", ""green"": ""https://e84-earth-search-sentinel-data.s3.us-west-2.amazonaws.com/sentinel-2-c1-l2a/32/T/QP/2023/6/S2A_T32TQP_20230622T100756_L2A/B03.tif"", ""blue"": ""https://e84-earth-search-sentinel-data.s3.us-west-2.amazonaws.com/sentinel-2-c1-l2a/32/T/QP/2023/6/S2A_T32TQP_20230622T100756_L2A/B02.tif"", ""visual"": ""https://e84-earth-search-sentinel-data.s3.us-west-2.amazonaws.com/sentinel-2-c1-l2a/32/T/QP/2023/6/S2A_T32TQP_20230622T100756_L2A/TCI.tif"", ""nir"": ""https://e84-earth-search-sentinel-data.s3.us-west-2.amazonaws.com/sentinel-2-c1-l2a/32/T/QP/2023/6/S2A_T32TQP_20230622T100756_L2A/B08.tif"", ""swir22"": ""https://e84-earth-search-sentinel-data.s3.us-west-2.amazonaws.com/sentinel-2-c1-l2a/32/T/QP/2023/6/S2A_T32TQP_20230622T100756_L2A/B12.tif"", ""rededge2"": ""https://e84-earth-search-sentinel-data.s3.us-west-2.amazonaws.com/sentinel-2-c1-l2a/32/T/QP/2023/6/S2A_T32TQP_20230622T100756_L2A/B06.tif"", ""rededge3"": ""https://e84-earth-search-sentinel-data.s3.us-west-2.amazonaws.com/sentinel-2-c1-l2a/32/T/QP/2023/6/S2A_T32TQP_20230622T100756_L2A/B07.tif"", ""rededge1"": ""https://e84-earth-search-sentinel-data.s3.us-west-2.amazonaws.com/sentinel-2-c1-l2a/32/T/QP/2023/6/S2A_T32TQP_20230622T100756_L2A/B05.tif"", ""swir16"": ""https://e84-earth-search-sentinel-data.s3.us-west-2.amazonaws.com/sentinel-2-c1-l2a/32/T/QP/2023/6/S2A_T32TQP_20230622T100756_L2A/B11.tif"", ""wvp"": ""https://e84-earth-search-sentinel-data.s3.us-west-2.amazonaws.com/sentinel-2-c1-l2a/32/T/QP/2023/6/S2A_T32TQP_20230622T100756_L2A/WVP.tif"", ""nir08"": ""https://e84-earth-search-sentinel-data.s3.us-west-2.amazonaws.com/sentinel-2-c1-l2a/32/T/QP/2023/6/S2A_T32TQP_20230622T100756_L2A/B8A.tif"", ""scl"": ""https://e84-earth-search-sentinel-data.s3.us-west-2.amazonaws.com/sentinel-2-c1-l2a/32/T/QP/2023/6/S2A_T32TQP_20230622T100756_L2A/SCL.tif"", ""aot"": ""https://e84-earth-search-sentinel-data.s3.us-west-2.amazonaws.com/sentinel-2-c1-l2a/32/T/QP/2023/6/S2A_T32TQP_20230622T100756_L2A/AOT.tif"", ""coastal"": ""https://e84-earth-search-sentinel-data.s3.us-west-2.amazonaws.com/sentinel-2-c1-l2a/32/T/QP/2023/6/S2A_T32TQP_20230622T100756_L2A/B01.tif"", ""nir09"": ""https://e84-earth-search-sentinel-data.s3.us-west-2.amazonaws.com/sentinel-2-c1-l2a/32/T/QP/2023/6/S2A_T32TQP_20230622T100756_L2A/B09.tif"", ""cloud"": ""https://e84-earth-search-sentinel-data.s3.us-west-2.amazonaws.com/sentinel-2-c1-l2a/32/T/QP/2023/6/S2A_T32TQP_20230622T100756_L2A/CLD_20m.tif"", ""snow"": ""https://e84-earth-search-sentinel-data.s3.us-west-2.amazonaws.com/sentinel-2-c1-l2a/32/T/QP/2023/6/S2A_T32TQP_20230622T100756_L2A/SNW_20m.tif"", ""preview"": ""https://e84-earth-search-sentinel-data.s3.us-west-2.amazonaws.com/sentinel-2-c1-l2a/32/T/QP/2023/6/S2A_T32TQP_20230622T100756_L2A/L2A_PVI.tif"", ""granule_metadata"": ""https://e84-earth-search-sentinel-data.s3.us-west-2.amazonaws.com/sentinel-2-c1-l2a/32/T/QP/2023/6/S2A_T32TQP_20230622T100756_L2A/metadata.xml"", ""tileinfo_metadata"": ""https://e84-earth-search-sentinel-data.s3.us-west-2.amazonaws.com/sentinel-2-c1-l2a/32/T/QP/2023/6/S2A_T32TQP_20230622T100756_L2A/tileInfo.json"", ""product_metadata"": ""https://e84-earth-search-sentinel-data.s3.us-west-2.amazonaws.com/sentinel-2-c1-l2a/32/T/QP/2023/6/S2A_T32TQP_20230622T100756_L2A/product_metadata.xml"", ""thumbnail"": ""https://e84-earth-search-sentinel-data.s3.us-west-2.amazonaws.com/sentinel-2-c1-l2a/32/T/QP/2023/6/S2A_T32TQP_20230622T100756_L2A/L2A_PVI.jpg""}"
S2A_T32TPP_20230622T100756_L2A,2023-06-22 10:18:46.510000+00:00,11.997883,,sentinel-2a,"{""red"": ""https://e84-earth-search-sentinel-data.s3.us-west-2.amazonaws.com/sentinel-2-c1-l2a/32/T/PP/2023/6/S2A_T32TPP_20230622T100756_L2A/B04.tif"", ""green"": ""https://e84-earth-search-sentinel-data.s3.us-west-2.amazonaws.com/sentinel-2-c1-l2a/32/T/PP/2023/6/S2A_T32TPP_20230622T100756_L2A/B03.tif"", ""blue"": ""https://e84-earth-search-sentinel-data.s3.us-west-2.amazonaws.com/sentinel-2-c1-l2a/32/T/PP/2023/6/S2A_T32TPP_20230622T100756_L2A/B02.tif"", ""visual"": ""https://e84-earth-search-sentinel-data.s3.us-west-2.amazonaws.com/sentinel-2-c1-l2a/32/T/PP/2023/6/S2A_T32TPP_20230622T100756_L2A/TCI.tif"", ""nir"": ""https://e84-earth-search-sentinel-data.s3.us-west-2.amazonaws.com/sentinel-2-c1-l2a/32/T/PP/2023/6/S2A_T32TPP_20230622T100756_L2A/B08.tif"", ""swir22"": ""https://e84-earth-search-sentinel-data.s3.us-west-2.amazonaws.com/sentinel-2-c1-l2a/32/T/PP/2023/6/S2A_T32TPP_20230622T100756_L2A/B12.tif"", ""rededge2"": ""https://e84-earth-search-sentinel-data.s3.us-west-2.amazonaws.com/sentinel-2-c1-l2a/32/T/PP/2023/6/S2A_T32TPP_20230622T100756_L2A/B06.tif"", ""rededge3"": ""https://e84-earth-search-sentinel-data.s3.us-west-2.amazonaws.com/sentinel-2-c1-l2a/32/T/PP/2023/6/S2A_T32TPP_20230622T100756_L2A/B07.tif"", ""rededge1"": ""https://e84-earth-search-sentinel-data.s3.us-west-2.amazonaws.com/sentinel-2-c1-l2a/32/T/PP/2023/6/S2A_T32TPP_20230622T100756_L2A/B05.tif"", ""swir16"": ""https://e84-earth-search-sentinel-data.s3.us-west-2.amazonaws.com/sentinel-2-c1-l2a/32/T/PP/2023/6/S2A_T32TPP_20230622T100756_L2A/B11.tif"", ""wvp"": ""https://e84-earth-search-sentinel-data.s3.us-west-2.amazonaws.com/sentinel-2-c1-l2a/32/T/PP/2023/6/S2A_T32TPP_20230622T100756_L2A/WVP.tif"", ""nir08"": ""https://e84-earth-search-sentinel-data.s3.us-west-2.amazonaws.com/sentinel-2-c1-l2a/32/T/PP/2023/6/S2A_T32TPP_20230622T100756_L2A/B8A.tif"", ""scl"": ""https://e84-earth-search-sentinel-data.s3.us-west-2.amazonaws.com/sentinel-2-c1-l2a/32/T/PP/2023/6/S2A_T32TPP_20230622T100756_L2A/SCL.tif"", ""aot"": ""https://e84-earth-search-sentinel-data.s3.us-west-2.amazonaws.com/sentinel-2-c1-l2a/32/T/PP/2023/6/S2A_T32TPP_20230622T100756_L2A/AOT.tif"", ""coastal"": ""https://e84-earth-search-sentinel-data.s3.us-west-2.amazonaws.com/sentinel-2-c1-l2a/32/T/PP/2023/6/S2A_T32TPP_20230622T100756_L2A/B01.tif"", ""nir09"": ""https://e84-earth-search-sentinel-data.s3.us-west-2.amazonaws.com/sentinel-2-c1-l2a/32/T/PP/2023/6/S2A_T32TPP_20230622T100756_L2A/B09.tif"", ""cloud"": ""https://e84-earth-search-sentinel-data.s3.us-west-2.amazonaws.com/sentinel-2-c1-l2a/32/T/PP/2023/6/S2A_T32TPP_20230622T100756_L2A/CLD_20m.tif"", ""snow"": ""https://e84-earth-search-sentinel-data.s3.us-west-2.amazonaws.com/sentinel-2-c1-l2a/32/T/PP/2023/6/S2A_T32TPP_20230622T100756_L2A/SNW_20m.tif"", ""preview"": ""https://e84-earth-search-sentinel-data.s3.us-west-2.amazonaws.com/sentinel-2-c1-l2a/32/T/PP/2023/6/S2A_T32TPP_20230622T100756_L2A/L2A_PVI.tif"", ""granule_metadata"": ""https://e84-earth-search-sentinel-data.s3.us-west-2.amazonaws.com/sentinel-2-c1-l2a/32/T/PP/2023/6/S2A_T32TPP_20230622T100756_L2A/metadata.xml"", ""tileinfo_metadata"": ""https://e84-earth-search-sentinel-data.s3.us-west-2.amazonaws.com/sentinel-2-c1-l2a/32/T/PP/2023/6/S2A_T32TPP_20230622T100756_L2A/tileInfo.json"", ""product_metadata"": ""https://e84-earth-search-sentinel-data.s3.us-west-2.amazonaws.com/sentinel-2-c1-l2a/32/T/PP/2023/6/S2A_T32TPP_20230622T100756_L2A/product_metadata.xml"", ""thumbnail"": ""https://e84-earth-search-sentinel-data.s3.us-west-2.amazonaws.com/sentinel-2-c1-l2a/32/T/PP/2023/6/S2A_T32TPP_20230622T100756_L2A/L2A_PVI.jpg""}"
S2B_T32TQQ_20230624T095738_L2A,2023-06-24 10:08:32.331000+00:00,1.530345,,sentinel-2b,"{""red"": ""https://e84-earth-search-sentinel-data.s3.us-west-2.amazonaws.com/sentinel-2-c1-l2a/32/T/QQ/2023/6/S2B_T32TQQ_20230624T095738_L2A/B04.tif"", ""green"": ""https://e84-earth-search-sentinel-data.s3.us-west-2.amazonaws.com/sentinel-2-c1-l2a/32/T/QQ/2023/6/S2B_T32TQQ_20230624T095738_L2A/B03.tif"", ""blue"": ""https://e84-earth-search-sentinel-data.s3.us-west-2.amazonaws.com/sentinel-2-c1-l2a/32/T/QQ/2023/6/S2B_T32TQQ_20230624T095738_L2A/B02.tif"", ""visual"": ""https://e84-earth-search-sentinel-data.s3.us-west-2.amazonaws.com/sentinel-2-c1-l2a/32/T/QQ/2023/6/S2B_T32TQQ_20230624T095738_L2A/TCI.tif"", ""nir"": ""https://e84-earth-search-sentinel-data.s3.us-west-2.amazonaws.com/sentinel-2-c1-l2a/32/T/QQ/2023/6/S2B_T32TQQ_20230624T095738_L2A/B08.tif"", ""swir22"": ""https://e84-earth-search-sentinel-data.s3.us-west-2.amazonaws.com/sentinel-2-c1-l2a/32/T/QQ/2023/6/S2B_T32TQQ_20230624T095738_L2A/B12.tif"", ""rededge2"": ""https://e84-earth-search-sentinel-data.s3.us-west-2.amazonaws.com/sentinel-2-c1-l2a/32/T/QQ/2023/6/S2B_T32TQQ_20230624T095738_L2A/B06.tif"", ""rededge3"": ""https://e84-earth-search-sentinel-data.s3.us-west-2.amazonaws.com/sentinel-2-c1-l2a/32/T/QQ/2023/6/S2B_T32TQQ_20230624T095738_L2A/B07.tif"", ""rededge1"": ""https://e84-earth-search-sentinel-data.s3.us-west-2.amazonaws.com/sentinel-2-c1-l2a/32/T/QQ/2023/6/S2B_T32TQQ_20230624T095738_L2A/B05.tif"", ""swir16"": ""https://e84-earth-search-sentinel-data.s3.us-west-2.amazonaws.com/sentinel-2-c1-l2a/32/T/QQ/2023/6/S2B_T32TQQ_20230624T095738_L2A/B11.tif"", ""wvp"": ""https://e84-earth-search-sentinel-data.s3.us-west-2.amazonaws.com/sentinel-2-c1-l2a/32/T/QQ/2023/6/S2B_T32TQQ_20230624T095738_L2A/WVP.tif"", ""nir08"": ""https://e84-earth-search-sentinel-data.s3.us-west-2.amazonaws.com/sentinel-2-c1-l2a/32/T/QQ/2023/6/S2B_T32TQQ_20230624T095738_L2A/B8A.tif"", ""scl"": ""https://e84-earth-search-sentinel-data.s3.us-west-2.amazonaws.com/sentinel-2-c1-l2a/32/T/QQ/2023/6/S2B_T32TQQ_20230624T095738_L2A/SCL.tif"", ""aot"": ""https://e84-earth-search-sentinel-data.s3.us-west-2.amazonaws.com/sentinel-2-c1-l2a/32/T/QQ/2023/6/S2B_T32TQQ_20230624T095738_L2A/AOT.tif"", ""coastal"": ""https://e84-earth-search-sentinel-data.s3.us-west-2.amazonaws.com/sentinel-2-c1-l2a/32/T/QQ/2023/6/S2B_T32TQQ_20230624T095738_L2A/B01.tif"", ""nir09"": ""https://e84-earth-search-sentinel-data.s3.us-west-2.amazonaws.com/sentinel-2-c1-l2a/32/T/QQ/2023/6/S2B_T32TQQ_20230624T095738_L2A/B09.tif"", ""cloud"": ""https://e84-earth-search-sentinel-data.s3.us-west-2.amazonaws.com/sentinel-2-c1-l2a/32/T/QQ/2023/6/S2B_T32TQQ_20230624T095738_L2A/CLD_20m.tif"", ""snow"": ""https://e84-earth-search-sentinel-data.s3.us-west-2.amazonaws.com/sentinel-2-c1-l2a/32/T/QQ/2023/6/S2B_T32TQQ_20230624T095738_L2A/SNW_20m.tif"", ""preview"": ""https://e84-earth-search-sentinel-data.s3.us-west-2.amazonaws.com/sentinel-2-c1-l2a/32/T/QQ/2023/6/S2B_T32TQQ_20230624T095738_L2A/L2A_PVI.tif"", ""granule_metadata"": ""https://e84-earth-search-sentinel-data.s3.us-west-2.amazonaws.com/sentinel-2-c1-l2a/32/T/QQ/2023/6/S2B_T32TQQ_20230624T095738_L2A/metadata.xml"", ""tileinfo_metadata"": ""https://e84-earth-search-sentinel-data.s3.us-west-2.amazonaws.com/sentinel-2-c1-l2a/32/T/QQ/2023/6/S2B_T32TQQ_20230624T095738_L2A/tileInfo.json"", ""product_metadata"": ""https://e84-earth-search-sentinel-data.s3.us-west-2.amazonaws.com/sentinel-2-c1-l2a/32/T/QQ/2023/6/S2B_T32TQQ_20230624T095738_L2A/product_metadata.xml"", ""thumbnail"": ""https://e84-earth-search-sentinel-data.s3.us-west-2.amazonaws.com/sentinel-2-c1-l2a/32/T/QQ/2023/6/S2B_T32TQQ_20230624T095738_L2A/L2A_PVI.jpg""}"
S2B_T32TQP_20230624T095738_L2A,2023-06-24 10:08:47.055000+00:00,30.594781,,sentinel-2b,"{""red"": ""https://e84-earth-search-sentinel-data.s3.us-west-2.amazonaws.com/sentinel-2-c1-l2a/32/T/QP/2023/6/S2B_T32TQP_20230624T095738_L2A/B04.tif"", ""green"": ""https://e84-earth-search-sentinel-data.s3.us-west-2.amazonaws.com/sentinel-2-c1-l2a/32/T/QP/2023/6/S2B_T32TQP_20230624T095738_L2A/B03.tif"", ""blue"": ""https://e84-earth-search-sentinel-data.s3.us-west-2.amazonaws.com/sentinel-2-c1-l2a/32/T/QP/2023/6/S2B_T32TQP_20230624T095738_L2A/B02.tif"", ""visual"": ""https://e84-earth-search-sentinel-data.s3.us-west-2.amazonaws.com/sentinel-2-c1-l2a/32/T/QP/2023/6/S2B_T32TQP_20230624T095738_L2A/TCI.tif"", ""nir"": ""https://e84-earth-search-sentinel-data.s3.us-west-2.amazonaws.com/sentinel-2-c1-l2a/32/T/QP/2023/6/S2B_T32TQP_20230624T095738_L2A/B08.tif"", ""swir22"": ""https://e84-earth-search-sentinel-data.s3.us-west-2.amazonaws.com/sentinel-2-c1-l2a/32/T/QP/2023/6/S2B_T32TQP_20230624T095738_L2A/B12.tif"", ""rededge2"": ""https://e84-earth-search-sentinel-data.s3.us-west-2.amazonaws.com/sentinel-2-c1-l2a/32/T/QP/2023/6/S2B_T32TQP_20230624T095738_L2A/B06.tif"", ""rededge3"": ""https://e84-earth-search-sentinel-data.s3.us-west-2.amazonaws.com/sentinel-2-c1-l2a/32/T/QP/2023/6/S2B_T32TQP_20230624T095738_L2A/B07.tif"", ""rededge1"": ""https://e84-earth-search-sentinel-data.s3.us-west-2.amazonaws.com/sentinel-2-c1-l2a/32/T/QP/2023/6/S2B_T32TQP_20230624T095738_L2A/B05.tif"", ""swir16"": ""https://e84-earth-search-sentinel-data.s3.us-west-2.amazonaws.com/sentinel-2-c1-l2a/32/T/QP/2023/6/S2B_T32TQP_20230624T095738_L2A/B11.tif"", ""wvp"": ""https://e84-earth-search-sentinel-data.s3.us-west-2.amazonaws.com/sentinel-2-c1-l2a/32/T/QP/2023/6/S2B_T32TQP_20230624T095738_L2A/WVP.tif"", ""nir08"": ""https://e84-earth-search-sentinel-data.s3.us-west-2.amazonaws.com/sentinel-2-c1-l2a/32/T/QP/2023/6/S2B_T32TQP_20230624T095738_L2A/B8A.tif"", ""scl"": ""https://e84-earth-search-sentinel-data.s3.us-west-2.amazonaws.com/sentinel-2-c1-l2a/32/T/QP/2023/6/S2B_T32TQP_20230624T095738_L2A/SCL.tif"", ""aot"": ""https://e84-earth-search-sentinel-data.s3.us-west-2.amazonaws.com/sentinel-2-c1-l2a/32/T/QP/2023/6/S2B_T32TQP_20230624T095738_L2A/AOT.tif"", ""coastal"": ""https://e84-earth-search-sentinel-data.s3.us-west-2.amazonaws.com/sentinel-2-c1-l2a/32/T/QP/2023/6/S2B_T32TQP_20230624T095738_L2A/B01.tif"", ""nir09"": ""https://e84-earth-search-sentinel-data.s3.us-west-2.amazonaws.com/sentinel-2-c1-l2a/32/T/QP/2023/6/S2B_T32TQP_20230624T095738_L2A/B09.tif"", ""cloud"": ""https://e84-earth-search-sentinel-data.s3.us-west-2.amazonaws.com/sentinel-2-c1-l2a/32/T/QP/2023/6/S2B_T32TQP_20230624T095738_L2A/CLD_20m.tif"", ""snow"": ""https://e84-earth-search-sentinel-data.s3.us-west-2.amazonaws.com/sentinel-2-c1-l2a/32/T/QP/2023/6/S2B_T32TQP_20230624T095738_L2A/SNW_20m.tif"", ""preview"": ""https://e84-earth-search-sentinel-data.s3.us-west-2.amazonaws.com/sentinel-2-c1-l2a/32/T/QP/2023/6/S2B_T32TQP_20230624T095738_L2A/L2A_PVI.tif"", ""granule_metadata"": ""https://e84-earth-search-sentinel-data.s3.us-west-2.amazonaws.com/sentinel-2-c1-l2a/32/T/QP/2023/6/S2B_T32TQP_20230624T095738_L2A/metadata.xml"", ""tileinfo_metadata"": ""https://e84-earth-search-sentinel-data.s3.us-west-2.amazonaws.com/sentinel-2-c1-l2a/32/T/QP/2023/6/S2B_T32TQP_20230624T095738_L2A/tileInfo.json"", ""product_metadata"": ""https://e84-earth-search-sentinel-data.s3.us-west-2.amazonaws.com/sentinel-2-c1-l2a/32/T/QP/2023/6/S2B_T32TQP_20230624T095738_L2A/product_metadata.xml"", ""thumbnail"": ""https://e84-earth-search-sentinel-data.s3.us-west-2.amazonaws.com/sentinel-2-c1-l2a/32/T/QP/2023/6/S2B_T32TQP_20230624T095738_L2A/L2A_PVI.jpg""}"
S2B_T32TQQ_20230627T101430_L2A,2023-06-27 10:18:29.833000+00:00,45.624322,,sentinel-2b,"{""red"": ""https://e84-earth-search-sentinel-data.s3.us-west-2.amazonaws.com/sentinel-2-c1-l2a/32/T/QQ/2023/6/S2B_T32TQQ_20230627T101430_L2A/B04.tif"", ""green"": ""https://e84-earth-search-sentinel-data.s3.us-west-2.amazonaws.com/sentinel-2-c1-l2a/32/T/QQ/2023/6/S2B_T32TQQ_20230627T101430_L2A/B03.tif"", ""blue"": ""https://e84-earth-search-sentinel-data.s3.us-west-2.amazonaws.com/sentinel-2-c1-l2a/32/T/QQ/2023/6/S2B_T32TQQ_20230627T101430_L2A/B02.tif"", ""visual"": ""https://e84-earth-search-sentinel-data.s3.us-west-2.amazonaws.com/sentinel-2-c1-l2a/32/T/QQ/2023/6/S2B_T32TQQ_20230627T101430_L2A/TCI.tif"", ""nir"": ""https://e84-earth-search-sentinel-data.s3.us-west-2.amazonaws.com/sentinel-2-c1-l2a/32/T/QQ/2023/6/S2B_T32TQQ_20230627T101430_L2A/B08.tif"", ""swir22"": ""https://e84-earth-search-sentinel-data.s3.us-west-2.amazonaws.com/sentinel-2-c1-l2a/32/T/QQ/2023/6/S2B_T32TQQ_20230627T101430_L2A/B12.tif"", ""rededge2"": ""https://e84-earth-search-sentinel-data.s3.us-west-2.amazonaws.com/sentinel-2-c1-l2a/32/T/QQ/2023/6/S2B_T32TQQ_20230627T101430_L2A/B06.tif"", ""rededge3"": ""https://e84-earth-search-sentinel-data.s3.us-west-2.amazonaws.com/sentinel-2-c1-l2a/32/T/QQ/2023/6/S2B_T32TQQ_20230627T101430_L2A/B07.tif"", ""rededge1"": ""https://e84-earth-search-sentinel-data.s3.us-west-2.amazonaws.com/sentinel-2-c1-l2a/32/T/QQ/2023/6/S2B_T32TQQ_20230627T101430_L2A/B05.tif"", ""swir16"": ""https://e84-earth-search-sentinel-data.s3.us-west-2.amazonaws.com/sentinel-2-c1-l2a/32/T/QQ/2023/6/S2B_T32TQQ_20230627T101430_L2A/B11.tif"", ""wvp"": ""https://e84-earth-search-sentinel-data.s3.us-west-2.amazonaws.com/sentinel-2-c1-l2a/32/T/QQ/2023/6/S2B_T32TQQ_20230627T101430_L2A/WVP.tif"", ""nir08"": ""https://e84-earth-search-sentinel-data.s3.us-west-2.amazonaws.com/sentinel-2-c1-l2a/32/T/QQ/2023/6/S2B_T32TQQ_20230627T101430_L2A/B8A.tif"", ""scl"": ""https://e84-earth-search-sentinel-data.s3.us-west-2.amazonaws.com/sentinel-2-c1-l2a/32/T/QQ/2023/6/S2B_T32TQQ_20230627T101430_L2A/SCL.tif"", ""aot"": ""https://e84-earth-search-sentinel-data.s3.us-west-2.amazonaws.com/sentinel-2-c1-l2a/32/T/QQ/2023/6/S2B_T32TQQ_20230627T101430_L2A/AOT.tif"", ""coastal"": ""https://e84-earth-search-sentinel-data.s3.us-west-2.amazonaws.com/sentinel-2-c1-l2a/32/T/QQ/2023/6/S2B_T32TQQ_20230627T101430_L2A/B01.tif"", ""nir09"": ""https://e84-earth-search-sentinel-data.s3.us-west-2.amazonaws.com/sentinel-2-c1-l2a/32/T/QQ/2023/6/S2B_T32TQQ_20230627T101430_L2A/B09.tif"", ""cloud"": ""https://e84-earth-search-sentinel-data.s3.us-west-2.amazonaws.com/sentinel-2-c1-l2a/32/T/QQ/2023/6/S2B_T32TQQ_20230627T101430_L2A/CLD_20m.tif"", ""snow"": ""https://e84-earth-search-sentinel-data.s3.us-west-2.amazonaws.com/sentinel-2-c1-l2a/32/T/QQ/2023/6/S2B_T32TQQ_20230627T101430_L2A/SNW_20m.tif"", ""preview"": ""https://e84-earth-search-sentinel-data.s3.us-west-2.amazonaws.com/sentinel-2-c1-l2a/32/T/QQ/2023/6/S2B_T32TQQ_20230627T101430_L2A/L2A_PVI.tif"", ""granule_metadata"": ""https://e84-earth-search-sentinel-data.s3.us-west-2.amazonaws.com/sentinel-2-c1-l2a/32/T/QQ/2023/6/S2B_T32TQQ_20230627T101430_L2A/metadata.xml"", ""tileinfo_metadata"": ""https://e84-earth-search-sentinel-data.s3.us-west-2.amazonaws.com/sentinel-2-c1-l2a/32/T/QQ/2023/6/S2B_T32TQQ_20230627T101430_L2A/tileInfo.json"", ""product_metadata"": ""https://e84-earth-search-sentinel-data.s3.us-west-2.amazonaws.com/sentinel-2-c1-l2a/32/T/QQ/2023/6/S2B_T32TQQ_20230627T101430_L2A/product_metadata.xml"", ""thumbnail"": ""https://e84-earth-search-sentinel-data.s3.us-west-2.amazonaws.com/sentinel-2-c1-l2a/32/T/QQ/2023/6/S2B_T32TQQ_20230627T101430_L2A/L2A_PVI.jpg""}"
S2B_T32TPQ_20230627T101430_L2A,2023-06-27 10:18:33.285000+00:00,62.469786,,sentinel-2b,"{""red"": ""https://e84-earth-search-sentinel-data.s3.us-west-2.amazonaws.com/sentinel-2-c1-l2a/32/T/PQ/2023/6/S2B_T32TPQ_20230627T101430_L2A/B04.tif"", ""green"": ""https://e84-earth-search-sentinel-data.s3.us-west-2.amazonaws.com/sentinel-2-c1-l2a/32/T/PQ/2023/6/S2B_T32TPQ_20230627T101430_L2A/B03.tif"", ""blue"": ""https://e84-earth-search-sentinel-data.s3.us-west-2.amazonaws.com/sentinel-2-c1-l2a/32/T/PQ/2023/6/S2B_T32TPQ_20230627T101430_L2A/B02.tif"", ""visual"": ""https://e84-earth-search-sentinel-data.s3.us-west-2.amazonaws.com/sentinel-2-c1-l2a/32/T/PQ/2023/6/S2B_T32TPQ_20230627T101430_L2A/TCI.tif"", ""nir"": ""https://e84-earth-search-sentinel-data.s3.us-west-2.amazonaws.com/sentinel-2-c1-l2a/32/T/PQ/2023/6/S2B_T32TPQ_20230627T101430_L2A/B08.tif"", ""swir22"": ""https://e84-earth-search-sentinel-data.s3.us-west-2.amazonaws.com/sentinel-2-c1-l2a/32/T/PQ/2023/6/S2B_T32TPQ_20230627T101430_L2A/B12.tif"", ""rededge2"": ""https://e84-earth-search-sentinel-data.s3.us-west-2.amazonaws.com/sentinel-2-c1-l2a/32/T/PQ/2023/6/S2B_T32TPQ_20230627T101430_L2A/B06.tif"", ""rededge3"": ""https://e84-earth-search-sentinel-data.s3.us-west-2.amazonaws.com/sentinel-2-c1-l2a/32/T/PQ/2023/6/S2B_T32TPQ_20230627T101430_L2A/B07.tif"", ""rededge1"": ""https://e84-earth-search-sentinel-data.s3.us-west-2.amazonaws.com/sentinel-2-c1-l2a/32/T/PQ/2023/6/S2B_T32TPQ_20230627T101430_L2A/B05.tif"", ""swir16"": ""https://e84-earth-search-sentinel-data.s3.us-west-2.amazonaws.com/sentinel-2-c1-l2a/32/T/PQ/2023/6/S2B_T32TPQ_20230627T101430_L2A/B11.tif"", ""wvp"": ""https://e84-earth-search-sentinel-data.s3.us-west-2.amazonaws.com/sentinel-2-c1-l2a/32/T/PQ/2023/6/S2B_T32TPQ_20230627T101430_L2A/WVP.tif"", ""nir08"": ""https://e84-earth-search-sentinel-data.s3.us-west-2.amazonaws.com/sentinel-2-c1-l2a/32/T/PQ/2023/6/S2B_T32TPQ_20230627T101430_L2A/B8A.tif"", ""scl"": ""https://e84-earth-search-sentinel-data.s3.us-west-2.amazonaws.com/sentinel-2-c1-l2a/32/T/PQ/2023/6/S2B_T32TPQ_20230627T101430_L2A/SCL.tif"", ""aot"": ""https://e84-earth-search-sentinel-data.s3.us-west-2.amazonaws.com/sentinel-2-c1-l2a/32/T/PQ/2023/6/S2B_T32TPQ_20230627T101430_L2A/AOT.tif"", ""coastal"": ""https://e84-earth-search-sentinel-data.s3.us-west-2.amazonaws.com/sentinel-2-c1-l2a/32/T/PQ/2023/6/S2B_T32TPQ_20230627T101430_L2A/B01.tif"", ""nir09"": ""https://e84-earth-search-sentinel-data.s3.us-west-2.amazonaws.com/sentinel-2-c1-l2a/32/T/PQ/2023/6/S2B_T32TPQ_20230627T101430_L2A/B09.tif"", ""cloud"": ""https://e84-earth-search-sentinel-data.s3.us-west-2.amazonaws.com/sentinel-2-c1-l2a/32/T/PQ/2023/6/S2B_T32TPQ_20230627T101430_L2A/CLD_20m.tif"", ""snow"": ""https://e84-earth-search-sentinel-data.s3.us-west-2.amazonaws.com/sentinel-2-c1-l2a/32/T/PQ/2023/6/S2B_T32TPQ_20230627T101430_L2A/SNW_20m.tif"", ""preview"": ""https://e84-earth-search-sentinel-data.s3.us-west-2.amazonaws.com/sentinel-2-c1-l2a/32/T/PQ/2023/6/S2B_T32TPQ_20230627T101430_L2A/L2A_PVI.tif"", ""granule_metadata"": ""https://e84-earth-search-sentinel-data.s3.us-west-2.amazonaws.com/sentinel-2-c1-l2a/32/T/PQ/2023/6/S2B_T32TPQ_20230627T101430_L2A/metadata.xml"", ""tileinfo_metadata"": ""https://e84-earth-search-sentinel-data.s3.us-west-2.amazonaws.com/sentinel-2-c1-l2a/32/T/PQ/2023/6/S2B_T32TPQ_20230627T101430_L2A/tileInfo.json"", ""product_metadata"": ""https://e84-earth-search-sentinel-data.s3.us-west-2.amazonaws.com/sentinel-2-c1-l2a/32/T/PQ/2023/6/S2B_T32TPQ_20230627T101430_L2A/product_metadata.xml"", ""thumbnail"": ""https://e84-earth-search-sentinel-data.s3.us-west-2.amazonaws.com/sentinel-2-c1-l2a/32/T/PQ/2023/6/S2B_T32TPQ_20230627T101430_L2A/L2A_PVI.jpg""}"
S2B_T32TQP_20230627T101430_L2A,2023-06-27 10:18:44.084000+00:00,5.00758,,sentinel-2b,"{""red"": ""https://e84-earth-search-sentinel-data.s3.us-west-2.amazonaws.com/sentinel-2-c1-l2a/32/T/QP/2023/6/S2B_T32TQP_20230627T101430_L2A/B04.tif"", ""green"": ""https://e84-earth-search-sentinel-data.s3.us-west-2.amazonaws.com/sentinel-2-c1-l2a/32/T/QP/2023/6/S2B_T32TQP_20230627T101430_L2A/B03.tif"", ""blue"": ""https://e84-earth-search-sentinel-data.s3.us-west-2.amazonaws.com/sentinel-2-c1-l2a/32/T/QP/2023/6/S2B_T32TQP_20230627T101430_L2A/B02.tif"", ""visual"": ""https://e84-earth-search-sentinel-data.s3.us-west-2.amazonaws.com/sentinel-2-c1-l2a/32/T/QP/2023/6/S2B_T32TQP_20230627T101430_L2A/TCI.tif"", ""nir"": ""https://e84-earth-search-sentinel-data.s3.us-west-2.amazonaws.com/sentinel-2-c1-l2a/32/T/QP/2023/6/S2B_T32TQP_20230627T101430_L2A/B08.tif"", ""swir22"": ""https://e84-earth-search-sentinel-data.s3.us-west-2.amazonaws.com/sentinel-2-c1-l2a/32/T/QP/2023/6/S2B_T32TQP_20230627T101430_L2A/B12.tif"", ""rededge2"": ""https://e84-earth-search-sentinel-data.s3.us-west-2.amazonaws.com/sentinel-2-c1-l2a/32/T/QP/2023/6/S2B_T32TQP_20230627T101430_L2A/B06.tif"", ""rededge3"": ""https://e84-earth-search-sentinel-data.s3.us-west-2.amazonaws.com/sentinel-2-c1-l2a/32/T/QP/2023/6/S2B_T32TQP_20230627T101430_L2A/B07.tif"", ""rededge1"": ""https://e84-earth-search-sentinel-data.s3.us-west-2.amazonaws.com/sentinel-2-c1-l2a/32/T/QP/2023/6/S2B_T32TQP_20230627T101430_L2A/B05.tif"", ""swir16"": ""https://e84-earth-search-sentinel-data.s3.us-west-2.amazonaws.com/sentinel-2-c1-l2a/32/T/QP/2023/6/S2B_T32TQP_20230627T101430_L2A/B11.tif"", ""wvp"": ""https://e84-earth-search-sentinel-data.s3.us-west-2.amazonaws.com/sentinel-2-c1-l2a/32/T/QP/2023/6/S2B_T32TQP_20230627T101430_L2A/WVP.tif"", ""nir08"": ""https://e84-earth-search-sentinel-data.s3.us-west-2.amazonaws.com/sentinel-2-c1-l2a/32/T/QP/2023/6/S2B_T32TQP_20230627T101430_L2A/B8A.tif"", ""scl"": ""https://e84-earth-search-sentinel-data.s3.us-west-2.amazonaws.com/sentinel-2-c1-l2a/32/T/QP/2023/6/S2B_T32TQP_20230627T101430_L2A/SCL.tif"", ""aot"": ""https://e84-earth-search-sentinel-data.s3.us-west-2.amazonaws.com/sentinel-2-c1-l2a/32/T/QP/2023/6/S2B_T32TQP_20230627T101430_L2A/AOT.tif"", ""coastal"": ""https://e84-earth-search-sentinel-data.s3.us-west-2.amazonaws.com/sentinel-2-c1-l2a/32/T/QP/2023/6/S2B_T32TQP_20230627T101430_L2A/B01.tif"", ""nir09"": ""https://e84-earth-search-sentinel-data.s3.us-west-2.amazonaws.com/sentinel-2-c1-l2a/32/T/QP/2023/6/S2B_T32TQP_20230627T101430_L2A/B09.tif"", ""cloud"": ""https://e84-earth-search-sentinel-data.s3.us-west-2.amazonaws.com/sentinel-2-c1-l2a/32/T/QP/2023/6/S2B_T32TQP_20230627T101430_L2A/CLD_20m.tif"", ""snow"": ""https://e84-earth-search-sentinel-data.s3.us-west-2.amazonaws.com/sentinel-2-c1-l2a/32/T/QP/2023/6/S2B_T32TQP_20230627T101430_L2A/SNW_20m.tif"", ""preview"": ""https://e84-earth-search-sentinel-data.s3.us-west-2.amazonaws.com/sentinel-2-c1-l2a/32/T/QP/2023/6/S2B_T32TQP_20230627T101430_L2A/L2A_PVI.tif"", ""granule_metadata"": ""https://e84-earth-search-sentinel-data.s3.us-west-2.amazonaws.com/sentinel-2-c1-l2a/32/T/QP/2023/6/S2B_T32TQP_20230627T101430_L2A/metadata.xml"", ""tileinfo_metadata"": ""https://e84-earth-search-sentinel-data.s3.us-west-2.amazonaws.com/sentinel-2-c1-l2a/32/T/QP/2023/6/S2B_T32TQP_20230627T101430_L2A/tileInfo.json"", ""product_metadata"": ""https://e84-earth-search-sentinel-data.s3.us-west-2.amazonaws.com/sentinel-2-c1-l2a/32/T/QP/2023/6/S2B_T32TQP_20230627T101430_L2A/product_metadata.xml"", ""thumbnail"": ""https://e84-earth-search-sentinel-data.s3.us-west-2.amazonaws.com/sentinel-2-c1-l2a/32/T/QP/2023/6/S2B_T32TQP_20230627T101430_L2A/L2A_PVI.jpg""}"
S2B_T32TPP_20230627T101430_L2A,2023-06-27 10:18:47.683000+00:00,18.89654,,sentinel-2b,"{""red"": ""https://e84-earth-search-sentinel-data.s3.us-west-2.amazonaws.com/sentinel-2-c1-l2a/32/T/PP/2023/6/S2B_T32TPP_20230627T101430_L2A/B04.tif"", ""green"": ""https://e84-earth-search-sentinel-data.s3.us-west-2.amazonaws.com/sentinel-2-c1-l2a/32/T/PP/2023/6/S2B_T32TPP_20230627T101430_L2A/B03.tif"", ""blue"": ""https://e84-earth-search-sentinel-data.s3.us-west-2.amazonaws.com/sentinel-2-c1-l2a/32/T/PP/2023/6/S2B_T32TPP_20230627T101430_L2A/B02.tif"", ""visual"": ""https://e84-earth-search-sentinel-data.s3.us-west-2.amazonaws.com/sentinel-2-c1-l2a/32/T/PP/2023/6/S2B_T32TPP_20230627T101430_L2A/TCI.tif"", ""nir"": ""https://e84-earth-search-sentinel-data.s3.us-west-2.amazonaws.com/sentinel-2-c1-l2a/32/T/PP/2023/6/S2B_T32TPP_20230627T101430_L2A/B08.tif"", ""swir22"": ""https://e84-earth-search-sentinel-data.s3.us-west-2.amazonaws.com/sentinel-2-c1-l2a/32/T/PP/2023/6/S2B_T32TPP_20230627T101430_L2A/B12.tif"", ""rededge2"": ""https://e84-earth-search-sentinel-data.s3.us-west-2.amazonaws.com/sentinel-2-c1-l2a/32/T/PP/2023/6/S2B_T32TPP_20230627T101430_L2A/B06.tif"", ""rededge3"": ""https://e84-earth-search-sentinel-data.s3.us-west-2.amazonaws.com/sentinel-2-c1-l2a/32/T/PP/2023/6/S2B_T32TPP_20230627T101430_L2A/B07.tif"", ""rededge1"": ""https://e84-earth-search-sentinel-data.s3.us-west-2.amazonaws.com/sentinel-2-c1-l2a/32/T/PP/2023/6/S2B_T32TPP_20230627T101430_L2A/B05.tif"", ""swir16"": ""https://e84-earth-search-sentinel-data.s3.us-west-2.amazonaws.com/sentinel-2-c1-l2a/32/T/PP/2023/6/S2B_T32TPP_20230627T101430_L2A/B11.tif"", ""wvp"": ""https://e84-earth-search-sentinel-data.s3.us-west-2.amazonaws.com/sentinel-2-c1-l2a/32/T/PP/2023/6/S2B_T32TPP_20230627T101430_L2A/WVP.tif"", ""nir08"": ""https://e84-earth-search-sentinel-data.s3.us-west-2.amazonaws.com/sentinel-2-c1-l2a/32/T/PP/2023/6/S2B_T32TPP_20230627T101430_L2A/B8A.tif"", ""scl"": ""https://e84-earth-search-sentinel-data.s3.us-west-2.amazonaws.com/sentinel-2-c1-l2a/32/T/PP/2023/6/S2B_T32TPP_20230627T101430_L2A/SCL.tif"", ""aot"": ""https://e84-earth-search-sentinel-data.s3.us-west-2.amazonaws.com/sentinel-2-c1-l2a/32/T/PP/2023/6/S2B_T32TPP_20230627T101430_L2A/AOT.tif"", ""coastal"": ""https://e84-earth-search-sentinel-data.s3.us-west-2.amazonaws.com/sentinel-2-c1-l2a/32/T/PP/2023/6/S2B_T32TPP_20230627T101430_L2A/B01.tif"", ""nir09"": ""https://e84-earth-search-sentinel-data.s3.us-west-2.amazonaws.com/sentinel-2-c1-l2a/32/T/PP/2023/6/S2B_T32TPP_20230627T101430_L2A/B09.tif"", ""cloud"": ""https://e84-earth-search-sentinel-data.s3.us-west-2.amazonaws.com/sentinel-2-c1-l2a/32/T/PP/2023/6/S2B_T32TPP_20230627T101430_L2A/CLD_20m.tif"", ""snow"": ""https://e84-earth-search-sentinel-data.s3.us-west-2.amazonaws.com/sentinel-2-c1-l2a/32/T/PP/2023/6/S2B_T32TPP_20230627T101430_L2A/SNW_20m.tif"", ""preview"": ""https://e84-earth-search-sentinel-data.s3.us-west-2.amazonaws.com/sentinel-2-c1-l2a/32/T/PP/2023/6/S2B_T32TPP_20230627T101430_L2A/L2A_PVI.tif"", ""granule_metadata"": ""https://e84-earth-search-sentinel-data.s3.us-west-2.amazonaws.com/sentinel-2-c1-l2a/32/T/PP/2023/6/S2B_T32TPP_20230627T101430_L2A/metadata.xml"", ""tileinfo_metadata"": ""https://e84-earth-search-sentinel-data.s3.us-west-2.amazonaws.com/sentinel-2-c1-l2a/32/T/PP/2023/6/S2B_T32TPP_20230627T101430_L2A/tileInfo.json"", ""product_metadata"": ""https://e84-earth-search-sentinel-data.s3.us-west-2.amazonaws.com/sentinel-2-c1-l2a/32/T/PP/2023/6/S2B_T32TPP_20230627T101430_L2A/product_metadata.xml"", ""thumbnail"": ""https://e84-earth-search-sentinel-data.s3.us-west-2.amazonaws.com/sentinel-2-c1-l2a/32/T/PP/2023/6/S2B_T32TPP_20230627T101430_L2A/L2A_PVI.jpg""}"
S2A_T32TQQ_20230629T100501_L2A,2023-06-29 10:08:32.348000+00:00,0.003516,,sentinel-2a,"{""red"": ""https://e84-earth-search-sentinel-data.s3.us-west-2.amazonaws.com/sentinel-2-c1-l2a/32/T/QQ/2023/6/S2A_T32TQQ_20230629T100501_L2A/B04.tif"", ""green"": ""https://e84-earth-search-sentinel-data.s3.us-west-2.amazonaws.com/sentinel-2-c1-l2a/32/T/QQ/2023/6/S2A_T32TQQ_20230629T100501_L2A/B03.tif"", ""blue"": ""https://e84-earth-search-sentinel-data.s3.us-west-2.amazonaws.com/sentinel-2-c1-l2a/32/T/QQ/2023/6/S2A_T32TQQ_20230629T100501_L2A/B02.tif"", ""visual"": ""https://e84-earth-search-sentinel-data.s3.us-west-2.amazonaws.com/sentinel-2-c1-l2a/32/T/QQ/2023/6/S2A_T32TQQ_20230629T100501_L2A/TCI.tif"", ""nir"": ""https://e84-earth-search-sentinel-data.s3.us-west-2.amazonaws.com/sentinel-2-c1-l2a/32/T/QQ/2023/6/S2A_T32TQQ_20230629T100501_L2A/B08.tif"", ""swir22"": ""https://e84-earth-search-sentinel-data.s3.us-west-2.amazonaws.com/sentinel-2-c1-l2a/32/T/QQ/2023/6/S2A_T32TQQ_20230629T100501_L2A/B12.tif"", ""rededge2"": ""https://e84-earth-search-sentinel-data.s3.us-west-2.amazonaws.com/sentinel-2-c1-l2a/32/T/QQ/2023/6/S2A_T32TQQ_20230629T100501_L2A/B06.tif"", ""rededge3"": ""https://e84-earth-search-sentinel-data.s3.us-west-2.amazonaws.com/sentinel-2-c1-l2a/32/T/QQ/2023/6/S2A_T32TQQ_20230629T100501_L2A/B07.tif"", ""rededge1"": ""https://e84-earth-search-sentinel-data.s3.us-west-2.amazonaws.com/sentinel-2-c1-l2a/32/T/QQ/2023/6/S2A_T32TQQ_20230629T100501_L2A/B05.tif"", ""swir16"": ""https://e84-earth-search-sentinel-data.s3.us-west-2.amazonaws.com/sentinel-2-c1-l2a/32/T/QQ/2023/6/S2A_T32TQQ_20230629T100501_L2A/B11.tif"", ""wvp"": ""https://e84-earth-search-sentinel-data.s3.us-west-2.amazonaws.com/sentinel-2-c1-l2a/32/T/QQ/2023/6/S2A_T32TQQ_20230629T100501_L2A/WVP.tif"", ""nir08"": ""https://e84-earth-search-sentinel-data.s3.us-west-2.amazonaws.com/sentinel-2-c1-l2a/32/T/QQ/2023/6/S2A_T32TQQ_20230629T100501_L2A/B8A.tif"", ""scl"": ""https://e84-earth-search-sentinel-data.s3.us-west-2.amazonaws.com/sentinel-2-c1-l2a/32/T/QQ/2023/6/S2A_T32TQQ_20230629T100501_L2A/SCL.tif"", ""aot"": ""https://e84-earth-search-sentinel-data.s3.us-west-2.amazonaws.com/sentinel-2-c1-l2a/32/T/QQ/2023/6/S2A_T32TQQ_20230629T100501_L2A/AOT.tif"", ""coastal"": ""https://e84-earth-search-sentinel-data.s3.us-west-2.amazonaws.com/sentinel-2-c1-l2a/32/T/QQ/2023/6/S2A_T32TQQ_20230629T100501_L2A/B01.tif"", ""nir09"": ""https://e84-earth-search-sentinel-data.s3.us-west-2.amazonaws.com/sentinel-2-c1-l2a/32/T/QQ/2023/6/S2A_T32TQQ_20230629T100501_L2A/B09.tif"", ""cloud"": ""https://e84-earth-search-sentinel-data.s3.us-west-2.amazonaws.com/sentinel-2-c1-l2a/32/T/QQ/2023/6/S2A_T32TQQ_20230629T100501_L2A/CLD_20m.tif"", ""snow"": ""https://e84-earth-search-sentinel-data.s3.us-west-2.amazonaws.com/sentinel-2-c1-l2a/32/T/QQ/2023/6/S2A_T32TQQ_20230629T100501_L2A/SNW_20m.tif"", ""preview"": ""https://e84-earth-search-sentinel-data.s3.us-west-2.amazonaws.com/sentinel-2-c1-l2a/32/T/QQ/2023/6/S2A_T32TQQ_20230629T100501_L2A/L2A_PVI.tif"", ""granule_metadata"": ""https://e84-earth-search-sentinel-data.s3.us-west-2.amazonaws.com/sentinel-2-c1-l2a/32/T/QQ/2023/6/S2A_T32TQQ_20230629T100501_L2A/metadata.xml"", ""tileinfo_metadata"": ""https://e84-earth-search-sentinel-data.s3.us-west-2.amazonaws.com/sentinel-2-c1-l2a/32/T/QQ/2023/6/S2A_T32TQQ_20230629T100501_L2A/tileInfo.json"", ""product_metadata"": ""https://e84-earth-search-sentinel-data.s3.us-west-2.amazonaws.com/sentinel-2-c1-l2a/32/T/QQ/2023/6/S2A_T32TQQ_20230629T100501_L2A/product_metadata.xml"", ""thumbnail"": ""https://e84-earth-search-sentinel-data.s3.us-west-2.amazonaws.com/sentinel-2-c1-l2a/32/T/QQ/2023/6/S2A_T32TQQ_20230629T100501_L2A/L2A_PVI.jpg""}"
S2A_T32TQP_20230629T100501_L2A,2023-06-29 10:08:47.068000+00:00,0.358596,,sentinel-2a,"{""red"": ""https://e84-earth-search-sentinel-data.s3.us-west-2.amazonaws.com/sentinel-2-c1-l2a/32/T/QP/2023/6/S2A_T32TQP_20230629T100501_L2A/B04.tif"", ""green"": ""https://e84-earth-search-sentinel-data.s3.us-west-2.amazonaws.com/sentinel-2-c1-l2a/32/T/QP/2023/6/S2A_T32TQP_20230629T100501_L2A/B03.tif"", ""blue"": ""https://e84-earth-search-sentinel-data.s3.us-west-2.amazonaws.com/sentinel-2-c1-l2a/32/T/QP/2023/6/S2A_T32TQP_20230629T100501_L2A/B02.tif"", ""visual"": ""https://e84-earth-search-sentinel-data.s3.us-west-2.amazonaws.com/sentinel-2-c1-l2a/32/T/QP/2023/6/S2A_T32TQP_20230629T100501_L2A/TCI.tif"", ""nir"": ""https://e84-earth-search-sentinel-data.s3.us-west-2.amazonaws.com/sentinel-2-c1-l2a/32/T/QP/2023/6/S2A_T32TQP_20230629T100501_L2A/B08.tif"", ""swir22"": ""https://e84-earth-search-sentinel-data.s3.us-west-2.amazonaws.com/sentinel-2-c1-l2a/32/T/QP/2023/6/S2A_T32TQP_20230629T100501_L2A/B12.tif"", ""rededge2"": ""https://e84-earth-search-sentinel-data.s3.us-west-2.amazonaws.com/sentinel-2-c1-l2a/32/T/QP/2023/6/S2A_T32TQP_20230629T100501_L2A/B06.tif"", ""rededge3"": ""https://e84-earth-search-sentinel-data.s3.us-west-2.amazonaws.com/sentinel-2-c1-l2a/32/T/QP/2023/6/S2A_T32TQP_20230629T100501_L2A/B07.tif"", ""rededge1"": ""https://e84-earth-search-sentinel-data.s3.us-west-2.amazonaws.com/sentinel-2-c1-l2a/32/T/QP/2023/6/S2A_T32TQP_20230629T100501_L2A/B05.tif"", ""swir16"": ""https://e84-earth-search-sentinel-data.s3.us-west-2.amazonaws.com/sentinel-2-c1-l2a/32/T/QP/2023/6/S2A_T32TQP_20230629T100501_L2A/B11.tif"", ""wvp"": ""https://e84-earth-search-sentinel-data.s3.us-west-2.amazonaws.com/sentinel-2-c1-l2a/32/T/QP/2023/6/S2A_T32TQP_20230629T100501_L2A/WVP.tif"", ""nir08"": ""https://e84-earth-search-sentinel-data.s3.us-west-2.amazonaws.com/sentinel-2-c1-l2a/32/T/QP/2023/6/S2A_T32TQP_20230629T100501_L2A/B8A.tif"", ""scl"": ""https://e84-earth-search-sentinel-data.s3.us-west-2.amazonaws.com/sentinel-2-c1-l2a/32/T/QP/2023/6/S2A_T32TQP_20230629T100501_L2A/SCL.tif"", ""aot"": ""https://e84-earth-search-sentinel-data.s3.us-west-2.amazonaws.com/sentinel-2-c1-l2a/32/T/QP/2023/6/S2A_T32TQP_20230629T100501_L2A/AOT.tif"", ""coastal"": ""https://e84-earth-search-sentinel-data.s3.us-west-2.amazonaws.com/sentinel-2-c1-l2a/32/T/QP/2023/6/S2A_T32TQP_20230629T100501_L2A/B01.tif"", ""nir09"": ""https://e84-earth-search-sentinel-data.s3.us-west-2.amazonaws.com/sentinel-2-c1-l2a/32/T/QP/2023/6/S2A_T32TQP_20230629T100501_L2A/B09.tif"", ""cloud"": ""https://e84-earth-search-sentinel-data.s3.us-west-2.amazonaws.com/sentinel-2-c1-l2a/32/T/QP/2023/6/S2A_T32TQP_20230629T100501_L2A/CLD_20m.tif"", ""snow"": ""https://e84-earth-search-sentinel-data.s3.us-west-2.amazonaws.com/sentinel-2-c1-l2a/32/T/QP/2023/6/S2A_T32TQP_20230629T100501_L2A/SNW_20m.tif"", ""preview"": ""https://e84-earth-search-sentinel-data.s3.us-west-2.amazonaws.com/sentinel-2-c1-l2a/32/T/QP/2023/6/S2A_T32TQP_20230629T100501_L2A/L2A_PVI.tif"", ""granule_metadata"": ""https://e84-earth-search-sentinel-data.s3.us-west-2.amazonaws.com/sentinel-2-c1-l2a/32/T/QP/2023/6/S2A_T32TQP_20230629T100501_L2A/metadata.xml"", ""tileinfo_metadata"": ""https://e84-earth-search-sentinel-data.s3.us-west-2.amazonaws.com/sentinel-2-c1-l2a/32/T/QP/2023/6/S2A_T32TQP_20230629T100501_L2A/tileInfo.json"", ""product_metadata"": ""https://e84-earth-search-sentinel-data.s3.us-west-2.amazonaws.com/sentinel-2-c1-l2a/32/T/QP/2023/6/S2A_T32TQP_20230629T100501_L2A/product_metadata.xml"", ""thumbnail"": ""https://e84-earth-search-sentinel-data.s3.us-west-2.amazonaws.com/sentinel-2-c1-l2a/32/T/QP/2023/6/S2A_T32TQP_20230629T100501_L2A/L2A_PVI.jpg""}"
S2A_T32TQQ_20230702T100844_L2A,2023-07-02 10:18:29.788000+00:00,15.343396,,sentinel-2a,"{""red"": ""https://e84-earth-search-sentinel-data.s3.us-west-2.amazonaws.com/sentinel-2-c1-l2a/32/T/QQ/2023/7/S2A_T32TQQ_20230702T100844_L2A/B04.tif"", ""green"": ""https://e84-earth-search-sentinel-data.s3.us-west-2.amazonaws.com/sentinel-2-c1-l2a/32/T/QQ/2023/7/S2A_T32TQQ_20230702T100844_L2A/B03.tif"", ""blue"": ""https://e84-earth-search-sentinel-data.s3.us-west-2.amazonaws.com/sentinel-2-c1-l2a/32/T/QQ/2023/7/S2A_T32TQQ_20230702T100844_L2A/B02.tif"", ""visual"": ""https://e84-earth-search-sentinel-data.s3.us-west-2.amazonaws.com/sentinel-2-c1-l2a/32/T/QQ/2023/7/S2A_T32TQQ_20230702T100844_L2A/TCI.tif"", ""nir"": ""https://e84-earth-search-sentinel-data.s3.us-west-2.amazonaws.com/sentinel-2-c1-l2a/32/T/QQ/2023/7/S2A_T32TQQ_20230702T100844_L2A/B08.tif"", ""swir22"": ""https://e84-earth-search-sentinel-data.s3.us-west-2.amazonaws.com/sentinel-2-c1-l2a/32/T/QQ/2023/7/S2A_T32TQQ_20230702T100844_L2A/B12.tif"", ""rededge2"": ""https://e84-earth-search-sentinel-data.s3.us-west-2.amazonaws.com/sentinel-2-c1-l2a/32/T/QQ/2023/7/S2A_T32TQQ_20230702T100844_L2A/B06.tif"", ""rededge3"": ""https://e84-earth-search-sentinel-data.s3.us-west-2.amazonaws.com/sentinel-2-c1-l2a/32/T/QQ/2023/7/S2A_T32TQQ_20230702T100844_L2A/B07.tif"", ""rededge1"": ""https://e84-earth-search-sentinel-data.s3.us-west-2.amazonaws.com/sentinel-2-c1-l2a/32/T/QQ/2023/7/S2A_T32TQQ_20230702T100844_L2A/B05.tif"", ""swir16"": ""https://e84-earth-search-sentinel-data.s3.us-west-2.amazonaws.com/sentinel-2-c1-l2a/32/T/QQ/2023/7/S2A_T32TQQ_20230702T100844_L2A/B11.tif"", ""wvp"": ""https://e84-earth-search-sentinel-data.s3.us-west-2.amazonaws.com/sentinel-2-c1-l2a/32/T/QQ/2023/7/S2A_T32TQQ_20230702T100844_L2A/WVP.tif"", ""nir08"": ""https://e84-earth-search-sentinel-data.s3.us-west-2.amazonaws.com/sentinel-2-c1-l2a/32/T/QQ/2023/7/S2A_T32TQQ_20230702T100844_L2A/B8A.tif"", ""scl"": ""https://e84-earth-search-sentinel-data.s3.us-west-2.amazonaws.com/sentinel-2-c1-l2a/32/T/QQ/2023/7/S2A_T32TQQ_20230702T100844_L2A/SCL.tif"", ""aot"": ""https://e84-earth-search-sentinel-data.s3.us-west-2.amazonaws.com/sentinel-2-c1-l2a/32/T/QQ/2023/7/S2A_T32TQQ_20230702T100844_L2A/AOT.tif"", ""coastal"": ""https://e84-earth-search-sentinel-data.s3.us-west-2.amazonaws.com/sentinel-2-c1-l2a/32/T/QQ/2023/7/S2A_T32TQQ_20230702T100844_L2A/B01.tif"", ""nir09"": ""https://e84-earth-search-sentinel-data.s3.us-west-2.amazonaws.com/sentinel-2-c1-l2a/32/T/QQ/2023/7/S2A_T32TQQ_20230702T100844_L2A/B09.tif"", ""cloud"": ""https://e84-earth-search-sentinel-data.s3.us-west-2.amazonaws.com/sentinel-2-c1-l2a/32/T/QQ/2023/7/S2A_T32TQQ_20230702T100844_L2A/CLD_20m.tif"", ""snow"": ""https://e84-earth-search-sentinel-data.s3.us-west-2.amazonaws.com/sentinel-2-c1-l2a/32/T/QQ/2023/7/S2A_T32TQQ_20230702T100844_L2A/SNW_20m.tif"", ""preview"": ""https://e84-earth-search-sentinel-data.s3.us-west-2.amazonaws.com/sentinel-2-c1-l2a/32/T/QQ/2023/7/S2A_T32TQQ_20230702T100844_L2A/L2A_PVI.tif"", ""granule_metadata"": ""https://e84-earth-search-sentinel-data.s3.us-west-2.amazonaws.com/sentinel-2-c1-l2a/32/T/QQ/2023/7/S2A_T32TQQ_20230702T100844_L2A/metadata.xml"", ""tileinfo_metadata"": ""https://e84-earth-search-sentinel-data.s3.us-west-2.amazonaws.com/sentinel-2-c1-l2a/32/T/QQ/2023/7/S2A_T32TQQ_20230702T100844_L2A/tileInfo.json"", ""product_metadata"": ""https://e84-earth-search-sentinel-data.s3.us-west-2.amazonaws.com/sentinel-2-c1-l2a/32/T/QQ/2023/7/S2A_T32TQQ_20230702T100844_L2A/product_metadata.xml"", ""thumbnail"": ""https://e84-earth-search-sentinel-data.s3.us-west-2.amazonaws.com/sentinel-2-c1-l2a/32/T/QQ/2023/7/S2A_T32TQQ_20230702T100844_L2A/L2A_PVI.jpg""}"
S2A_T32TPQ_20230702T100844_L2A,2023-07-02 10:18:33.244000+00:00,22.047465,,sentinel-2a,"{""red"": ""https://e84-earth-search-sentinel-data.s3.us-west-2.amazonaws.com/sentinel-2-c1-l2a/32/T/PQ/2023/7/S2A_T32TPQ_20230702T100844_L2A/B04.tif"", ""green"": ""https://e84-earth-search-sentinel-data.s3.us-west-2.amazonaws.com/sentinel-2-c1-l2a/32/T/PQ/2023/7/S2A_T32TPQ_20230702T100844_L2A/B03.tif"", ""blue"": ""https://e84-earth-search-sentinel-data.s3.us-west-2.amazonaws.com/sentinel-2-c1-l2a/32/T/PQ/2023/7/S2A_T32TPQ_20230702T100844_L2A/B02.tif"", ""visual"": ""https://e84-earth-search-sentinel-data.s3.us-west-2.amazonaws.com/sentinel-2-c1-l2a/32/T/PQ/2023/7/S2A_T32TPQ_20230702T100844_L2A/TCI.tif"", ""nir"": ""https://e84-earth-search-sentinel-data.s3.us-west-2.amazonaws.com/sentinel-2-c1-l2a/32/T/PQ/2023/7/S2A_T32TPQ_20230702T100844_L2A/B08.tif"", ""swir22"": ""https://e84-earth-search-sentinel-data.s3.us-west-2.amazonaws.com/sentinel-2-c1-l2a/32/T/PQ/2023/7/S2A_T32TPQ_20230702T100844_L2A/B12.tif"", ""rededge2"": ""https://e84-earth-search-sentinel-data.s3.us-west-2.amazonaws.com/sentinel-2-c1-l2a/32/T/PQ/2023/7/S2A_T32TPQ_20230702T100844_L2A/B06.tif"", ""rededge3"": ""https://e84-earth-search-sentinel-data.s3.us-west-2.amazonaws.com/sentinel-2-c1-l2a/32/T/PQ/2023/7/S2A_T32TPQ_20230702T100844_L2A/B07.tif"", ""rededge1"": ""https://e84-earth-search-sentinel-data.s3.us-west-2.amazonaws.com/sentinel-2-c1-l2a/32/T/PQ/2023/7/S2A_T32TPQ_20230702T100844_L2A/B05.tif"", ""swir16"": ""https://e84-earth-search-sentinel-data.s3.us-west-2.amazonaws.com/sentinel-2-c1-l2a/32/T/PQ/2023/7/S2A_T32TPQ_20230702T100844_L2A/B11.tif"", ""wvp"": ""https://e84-earth-search-sentinel-data.s3.us-west-2.amazonaws.com/sentinel-2-c1-l2a/32/T/PQ/2023/7/S2A_T32TPQ_20230702T100844_L2A/WVP.tif"", ""nir08"": ""https://e84-earth-search-sentinel-data.s3.us-west-2.amazonaws.com/sentinel-2-c1-l2a/32/T/PQ/2023/7/S2A_T32TPQ_20230702T100844_L2A/B8A.tif"", ""scl"": ""https://e84-earth-search-sentinel-data.s3.us-west-2.amazonaws.com/sentinel-2-c1-l2a/32/T/PQ/2023/7/S2A_T32TPQ_20230702T100844_L2A/SCL.tif"", ""aot"": ""https://e84-earth-search-sentinel-data.s3.us-west-2.amazonaws.com/sentinel-2-c1-l2a/32/T/PQ/2023/7/S2A_T32TPQ_20230702T100844_L2A/AOT.tif"", ""coastal"": ""https://e84-earth-search-sentinel-data.s3.us-west-2.amazonaws.com/sentinel-2-c1-l2a/32/T/PQ/2023/7/S2A_T32TPQ_20230702T100844_L2A/B01.tif"", ""nir09"": ""https://e84-earth-search-sentinel-data.s3.us-west-2.amazonaws.com/sentinel-2-c1-l2a/32/T/PQ/2023/7/S2A_T32TPQ_20230702T100844_L2A/B09.tif"", ""cloud"": ""https://e84-earth-search-sentinel-data.s3.us-west-2.amazonaws.com/sentinel-2-c1-l2a/32/T/PQ/2023/7/S2A_T32TPQ_20230702T100844_L2A/CLD_20m.tif"", ""snow"": ""https://e84-earth-search-sentinel-data.s3.us-west-2.amazonaws.com/sentinel-2-c1-l2a/32/T/PQ/2023/7/S2A_T32TPQ_20230702T100844_L2A/SNW_20m.tif"", ""preview"": ""https://e84-earth-search-sentinel-data.s3.us-west-2.amazonaws.com/sentinel-2-c1-l2a/32/T/PQ/2023/7/S2A_T32TPQ_20230702T100844_L2A/L2A_PVI.tif"", ""granule_metadata"": ""https://e84-earth-search-sentinel-data.s3.us-west-2.amazonaws.com/sentinel-2-c1-l2a/32/T/PQ/2023/7/S2A_T32TPQ_20230702T100844_L2A/metadata.xml"", ""tileinfo_metadata"": ""https://e84-earth-search-sentinel-data.s3.us-west-2.amazonaws.com/sentinel-2-c1-l2a/32/T/PQ/2023/7/S2A_T32TPQ_20230702T100844_L2A/tileInfo.json"", ""product_metadata"": ""https://e84-earth-search-sentinel-data.s3.us-west-2.amazonaws.com/sentinel-2-c1-l2a/32/T/PQ/2023/7/S2A_T32TPQ_20230702T100844_L2A/product_metadata.xml"", ""thumbnail"": ""https://e84-earth-search-sentinel-data.s3.us-west-2.amazonaws.com/sentinel-2-c1-l2a/32/T/PQ/2023/7/S2A_T32TPQ_20230702T100844_L2A/L2A_PVI.jpg""}"
S2A_T32TQP_20230702T100844_L2A,2023-07-02 10:18:44.026000+00:00,35.114124,,sentinel-2a,"{""red"": ""https://e84-earth-search-sentinel-data.s3.us-west-2.amazonaws.com/sentinel-2-c1-l2a/32/T/QP/2023/7/S2A_T32TQP_20230702T100844_L2A/B04.tif"", ""green"": ""https://e84-earth-search-sentinel-data.s3.us-west-2.amazonaws.com/sentinel-2-c1-l2a/32/T/QP/2023/7/S2A_T32TQP_20230702T100844_L2A/B03.tif"", ""blue"": ""https://e84-earth-search-sentinel-data.s3.us-west-2.amazonaws.com/sentinel-2-c1-l2a/32/T/QP/2023/7/S2A_T32TQP_20230702T100844_L2A/B02.tif"", ""visual"": ""https://e84-earth-search-sentinel-data.s3.us-west-2.amazonaws.com/sentinel-2-c1-l2a/32/T/QP/2023/7/S2A_T32TQP_20230702T100844_L2A/TCI.tif"", ""nir"": ""https://e84-earth-search-sentinel-data.s3.us-west-2.amazonaws.com/sentinel-2-c1-l2a/32/T/QP/2023/7/S2A_T32TQP_20230702T100844_L2A/B08.tif"", ""swir22"": ""https://e84-earth-search-sentinel-data.s3.us-west-2.amazonaws.com/sentinel-2-c1-l2a/32/T/QP/2023/7/S2A_T32TQP_20230702T100844_L2A/B12.tif"", ""rededge2"": ""https://e84-earth-search-sentinel-data.s3.us-west-2.amazonaws.com/sentinel-2-c1-l2a/32/T/QP/2023/7/S2A_T32TQP_20230702T100844_L2A/B06.tif"", ""rededge3"": ""https://e84-earth-search-sentinel-data.s3.us-west-2.amazonaws.com/sentinel-2-c1-l2a/32/T/QP/2023/7/S2A_T32TQP_20230702T100844_L2A/B07.tif"", ""rededge1"": ""https://e84-earth-search-sentinel-data.s3.us-west-2.amazonaws.com/sentinel-2-c1-l2a/32/T/QP/2023/7/S2A_T32TQP_20230702T100844_L2A/B05.tif"", ""swir16"": ""https://e84-earth-search-sentinel-data.s3.us-west-2.amazonaws.com/sentinel-2-c1-l2a/32/T/QP/2023/7/S2A_T32TQP_20230702T100844_L2A/B11.tif"", ""wvp"": ""https://e84-earth-search-sentinel-data.s3.us-west-2.amazonaws.com/sentinel-2-c1-l2a/32/T/QP/2023/7/S2A_T32TQP_20230702T100844_L2A/WVP.tif"", ""nir08"": ""https://e84-earth-search-sentinel-data.s3.us-west-2.amazonaws.com/sentinel-2-c1-l2a/32/T/QP/2023/7/S2A_T32TQP_20230702T100844_L2A/B8A.tif"", ""scl"": ""https://e84-earth-search-sentinel-data.s3.us-west-2.amazonaws.com/sentinel-2-c1-l2a/32/T/QP/2023/7/S2A_T32TQP_20230702T100844_L2A/SCL.tif"", ""aot"": ""https://e84-earth-search-sentinel-data.s3.us-west-2.amazonaws.com/sentinel-2-c1-l2a/32/T/QP/2023/7/S2A_T32TQP_20230702T100844_L2A/AOT.tif"", ""coastal"": ""https://e84-earth-search-sentinel-data.s3.us-west-2.amazonaws.com/sentinel-2-c1-l2a/32/T/QP/2023/7/S2A_T32TQP_20230702T100844_L2A/B01.tif"", ""nir09"": ""https://e84-earth-search-sentinel-data.s3.us-west-2.amazonaws.com/sentinel-2-c1-l2a/32/T/QP/2023/7/S2A_T32TQP_20230702T100844_L2A/B09.tif"", ""cloud"": ""https://e84-earth-search-sentinel-data.s3.us-west-2.amazonaws.com/sentinel-2-c1-l2a/32/T/QP/2023/7/S2A_T32TQP_20230702T100844_L2A/CLD_20m.tif"", ""snow"": ""https://e84-earth-search-sentinel-data.s3.us-west-2.amazonaws.com/sentinel-2-c1-l2a/32/T/QP/2023/7/S2A_T32TQP_20230702T100844_L2A/SNW_20m.tif"", ""preview"": ""https://e84-earth-search-sentinel-data.s3.us-west-2.amazonaws.com/sentinel-2-c1-l2a/32/T/QP/2023/7/S2A_T32TQP_20230702T100844_L2A/L2A_PVI.tif"", ""granule_metadata"": ""https://e84-earth-search-sentinel-data.s3.us-west-2.amazonaws.com/sentinel-2-c1-l2a/32/T/QP/2023/7/S2A_T32TQP_20230702T100844_L2A/metadata.xml"", ""tileinfo_metadata"": ""https://e84-earth-search-sentinel-data.s3.us-west-2.amazonaws.com/sentinel-2-c1-l2a/32/T/QP/2023/7/S2A_T32TQP_20230702T100844_L2A/tileInfo.json"", ""product_metadata"": ""https://e84-earth-search-sentinel-data.s3.us-west-2.amazonaws.com/sentinel-2-c1-l2a/32/T/QP/2023/7/S2A_T32TQP_20230702T100844_L2A/product_metadata.xml"", ""thumbnail"": ""https://e84-earth-search-sentinel-data.s3.us-west-2.amazonaws.com/sentinel-2-c1-l2a/32/T/QP/2023/7/S2A_T32TQP_20230702T100844_L2A/L2A_PVI.jpg""}"
S2A_T32TPP_20230702T100844_L2A,2023-07-02 10:18:47.635000+00:00,35.379964,,sentinel-2a,"{""red"": ""https://e84-earth-search-sentinel-data.s3.us-west-2.amazonaws.com/sentinel-2-c1-l2a/32/T/PP/2023/7/S2A_T32TPP_20230702T100844_L2A/B04.tif"", ""green"": ""https://e84-earth-search-sentinel-data.s3.us-west-2.amazonaws.com/sentinel-2-c1-l2a/32/T/PP/2023/7/S2A_T32TPP_20230702T100844_L2A/B03.tif"", ""blue"": ""https://e84-earth-search-sentinel-data.s3.us-west-2.amazonaws.com/sentinel-2-c1-l2a/32/T/PP/2023/7/S2A_T32TPP_20230702T100844_L2A/B02.tif"", ""visual"": ""https://e84-earth-search-sentinel-data.s3.us-west-2.amazonaws.com/sentinel-2-c1-l2a/32/T/PP/2023/7/S2A_T32TPP_20230702T100844_L2A/TCI.tif"", ""nir"": ""https://e84-earth-search-sentinel-data.s3.us-west-2.amazonaws.com/sentinel-2-c1-l2a/32/T/PP/2023/7/S2A_T32TPP_20230702T100844_L2A/B08.tif"", ""swir22"": ""https://e84-earth-search-sentinel-data.s3.us-west-2.amazonaws.com/sentinel-2-c1-l2a/32/T/PP/2023/7/S2A_T32TPP_20230702T100844_L2A/B12.tif"", ""rededge2"": ""https://e84-earth-search-sentinel-data.s3.us-west-2.amazonaws.com/sentinel-2-c1-l2a/32/T/PP/2023/7/S2A_T32TPP_20230702T100844_L2A/B06.tif"", ""rededge3"": ""https://e84-earth-search-sentinel-data.s3.us-west-2.amazonaws.com/sentinel-2-c1-l2a/32/T/PP/2023/7/S2A_T32TPP_20230702T100844_L2A/B07.tif"", ""rededge1"": ""https://e84-earth-search-sentinel-data.s3.us-west-2.amazonaws.com/sentinel-2-c1-l2a/32/T/PP/2023/7/S2A_T32TPP_20230702T100844_L2A/B05.tif"", ""swir16"": ""https://e84-earth-search-sentinel-data.s3.us-west-2.amazonaws.com/sentinel-2-c1-l2a/32/T/PP/2023/7/S2A_T32TPP_20230702T100844_L2A/B11.tif"", ""wvp"": ""https://e84-earth-search-sentinel-data.s3.us-west-2.amazonaws.com/sentinel-2-c1-l2a/32/T/PP/2023/7/S2A_T32TPP_20230702T100844_L2A/WVP.tif"", ""nir08"": ""https://e84-earth-search-sentinel-data.s3.us-west-2.amazonaws.com/sentinel-2-c1-l2a/32/T/PP/2023/7/S2A_T32TPP_20230702T100844_L2A/B8A.tif"", ""scl"": ""https://e84-earth-search-sentinel-data.s3.us-west-2.amazonaws.com/sentinel-2-c1-l2a/32/T/PP/2023/7/S2A_T32TPP_20230702T100844_L2A/SCL.tif"", ""aot"": ""https://e84-earth-search-sentinel-data.s3.us-west-2.amazonaws.com/sentinel-2-c1-l2a/32/T/PP/2023/7/S2A_T32TPP_20230702T100844_L2A/AOT.tif"", ""coastal"": ""https://e84-earth-search-sentinel-data.s3.us-west-2.amazonaws.com/sentinel-2-c1-l2a/32/T/PP/2023/7/S2A_T32TPP_20230702T100844_L2A/B01.tif"", ""nir09"": ""https://e84-earth-search-sentinel-data.s3.us-west-2.amazonaws.com/sentinel-2-c1-l2a/32/T/PP/2023/7/S2A_T32TPP_20230702T100844_L2A/B09.tif"", ""cloud"": ""https://e84-earth-search-sentinel-data.s3.us-west-2.amazonaws.com/sentinel-2-c1-l2a/32/T/PP/2023/7/S2A_T32TPP_20230702T100844_L2A/CLD_20m.tif"", ""snow"": ""https://e84-earth-search-sentinel-data.s3.us-west-2.amazonaws.com/sentinel-2-c1-l2a/32/T/PP/2023/7/S2A_T32TPP_20230702T100844_L2A/SNW_20m.tif"", ""preview"": ""https://e84-earth-search-sentinel-data.s3.us-west-2.amazonaws.com/sentinel-2-c1-l2a/32/T/PP/2023/7/S2A_T32TPP_20230702T100844_L2A/L2A_PVI.tif"", ""granule_metadata"": ""https://e84-earth-search-sentinel-data.s3.us-west-2.amazonaws.com/sentinel-2-c1-l2a/32/T/PP/2023/7/S2A_T32TPP_20230702T100844_L2A/metadata.xml"", ""tileinfo_metadata"": ""https://e84-earth-search-sentinel-data.s3.us-west-2.amazonaws.com/sentinel-2-c1-l2a/32/T/PP/2023/7/S2A_T32TPP_20230702T100844_L2A/tileInfo.json"", ""product_metadata"": ""https://e84-earth-search-sentinel-data.s3.us-west-2.amazonaws.com/sentinel-2-c1-l2a/32/T/PP/2023/7/S2A_T32TPP_20230702T100844_L2A/product_metadata.xml"", ""thumbnail"": ""https://e84-earth-search-sentinel-data.s3.us-west-2.amazonaws.com/sentinel-2-c1-l2a/32/T/PP/2023/7/S2A_T32TPP_20230702T100844_L2A/L2A_PVI.jpg""}"
S2B_T32TQQ_20230704T095739_L2A,2023-07-04 10:08:33.524000+00:00,2.762891,,sentinel-2b,"{""red"": ""https://e84-earth-search-sentinel-data.s3.us-west-2.amazonaws.com/sentinel-2-c1-l2a/32/T/QQ/2023/7/S2B_T32TQQ_20230704T095739_L2A/B04.tif"", ""green"": ""https://e84-earth-search-sentinel-data.s3.us-west-2.amazonaws.com/sentinel-2-c1-l2a/32/T/QQ/2023/7/S2B_T32TQQ_20230704T095739_L2A/B03.tif"", ""blue"": ""https://e84-earth-search-sentinel-data.s3.us-west-2.amazonaws.com/sentinel-2-c1-l2a/32/T/QQ/2023/7/S2B_T32TQQ_20230704T095739_L2A/B02.tif"", ""visual"": ""https://e84-earth-search-sentinel-data.s3.us-west-2.amazonaws.com/sentinel-2-c1-l2a/32/T/QQ/2023/7/S2B_T32TQQ_20230704T095739_L2A/TCI.tif"", ""nir"": ""https://e84-earth-search-sentinel-data.s3.us-west-2.amazonaws.com/sentinel-2-c1-l2a/32/T/QQ/2023/7/S2B_T32TQQ_20230704T095739_L2A/B08.tif"", ""swir22"": ""https://e84-earth-search-sentinel-data.s3.us-west-2.amazonaws.com/sentinel-2-c1-l2a/32/T/QQ/2023/7/S2B_T32TQQ_20230704T095739_L2A/B12.tif"", ""rededge2"": ""https://e84-earth-search-sentinel-data.s3.us-west-2.amazonaws.com/sentinel-2-c1-l2a/32/T/QQ/2023/7/S2B_T32TQQ_20230704T095739_L2A/B06.tif"", ""rededge3"": ""https://e84-earth-search-sentinel-data.s3.us-west-2.amazonaws.com/sentinel-2-c1-l2a/32/T/QQ/2023/7/S2B_T32TQQ_20230704T095739_L2A/B07.tif"", ""rededge1"": ""https://e84-earth-search-sentinel-data.s3.us-west-2.amazonaws.com/sentinel-2-c1-l2a/32/T/QQ/2023/7/S2B_T32TQQ_20230704T095739_L2A/B05.tif"", ""swir16"": ""https://e84-earth-search-sentinel-data.s3.us-west-2.amazonaws.com/sentinel-2-c1-l2a/32/T/QQ/2023/7/S2B_T32TQQ_20230704T095739_L2A/B11.tif"", ""wvp"": ""https://e84-earth-search-sentinel-data.s3.us-west-2.amazonaws.com/sentinel-2-c1-l2a/32/T/QQ/2023/7/S2B_T32TQQ_20230704T095739_L2A/WVP.tif"", ""nir08"": ""https://e84-earth-search-sentinel-data.s3.us-west-2.amazonaws.com/sentinel-2-c1-l2a/32/T/QQ/2023/7/S2B_T32TQQ_20230704T095739_L2A/B8A.tif"", ""scl"": ""https://e84-earth-search-sentinel-data.s3.us-west-2.amazonaws.com/sentinel-2-c1-l2a/32/T/QQ/2023/7/S2B_T32TQQ_20230704T095739_L2A/SCL.tif"", ""aot"": ""https://e84-earth-search-sentinel-data.s3.us-west-2.amazonaws.com/sentinel-2-c1-l2a/32/T/QQ/2023/7/S2B_T32TQQ_20230704T095739_L2A/AOT.tif"", ""coastal"": ""https://e84-earth-search-sentinel-data.s3.us-west-2.amazonaws.com/sentinel-2-c1-l2a/32/T/QQ/2023/7/S2B_T32TQQ_20230704T095739_L2A/B01.tif"", ""nir09"": ""https://e84-earth-search-sentinel-data.s3.us-west-2.amazonaws.com/sentinel-2-c1-l2a/32/T/QQ/2023/7/S2B_T32TQQ_20230704T095739_L2A/B09.tif"", ""cloud"": ""https://e84-earth-search-sentinel-data.s3.us-west-2.amazonaws.com/sentinel-2-c1-l2a/32/T/QQ/2023/7/S2B_T32TQQ_20230704T095739_L2A/CLD_20m.tif"", ""snow"": ""https://e84-earth-search-sentinel-data.s3.us-west-2.amazonaws.com/sentinel-2-c1-l2a/32/T/QQ/2023/7/S2B_T32TQQ_20230704T095739_L2A/SNW_20m.tif"", ""preview"": ""https://e84-earth-search-sentinel-data.s3.us-west-2.amazonaws.com/sentinel-2-c1-l2a/32/T/QQ/2023/7/S2B_T32TQQ_20230704T095739_L2A/L2A_PVI.tif"", ""granule_metadata"": ""https://e84-earth-search-sentinel-data.s3.us-west-2.amazonaws.com/sentinel-2-c1-l2a/32/T/QQ/2023/7/S2B_T32TQQ_20230704T095739_L2A/metadata.xml"", ""tileinfo_metadata"": ""https://e84-earth-search-sentinel-data.s3.us-west-2.amazonaws.com/sentinel-2-c1-l2a/32/T/QQ/2023/7/S2B_T32TQQ_20230704T095739_L2A/tileInfo.json"", ""product_metadata"": ""https://e84-earth-search-sentinel-data.s3.us-west-2.amazonaws.com/sentinel-2-c1-l2a/32/T/QQ/2023/7/S2B_T32TQQ_20230704T095739_L2A/product_metadata.xml"", ""thumbnail"": ""https://e84-earth-search-sentinel-data.s3.us-west-2.amazonaws.com/sentinel-2-c1-l2a/32/T/QQ/2023/7/S2B_T32TQQ_20230704T095739_L2A/L2A_PVI.jpg""}"
S2B_T32TQP_20230704T095739_L2A,2023-07-04 10:08:48.254000+00:00,58.912498,,sentinel-2b,"{""red"": ""https://e84-earth-search-sentinel-data.s3.us-west-2.amazonaws.com/sentinel-2-c1-l2a/32/T/QP/2023/7/S2B_T32TQP_20230704T095739_L2A/B04.tif"", ""green"": ""https://e84-earth-search-sentinel-data.s3.us-west-2.amazonaws.com/sentinel-2-c1-l2a/32/T/QP/2023/7/S2B_T32TQP_20230704T095739_L2A/B03.tif"", ""blue"": ""https://e84-earth-search-sentinel-data.s3.us-west-2.amazonaws.com/sentinel-2-c1-l2a/32/T/QP/2023/7/S2B_T32TQP_20230704T095739_L2A/B02.tif"", ""visual"": ""https://e84-earth-search-sentinel-data.s3.us-west-2.amazonaws.com/sentinel-2-c1-l2a/32/T/QP/2023/7/S2B_T32TQP_20230704T095739_L2A/TCI.tif"", ""nir"": ""https://e84-earth-search-sentinel-data.s3.us-west-2.amazonaws.com/sentinel-2-c1-l2a/32/T/QP/2023/7/S2B_T32TQP_20230704T095739_L2A/B08.tif"", ""swir22"": ""https://e84-earth-search-sentinel-data.s3.us-west-2.amazonaws.com/sentinel-2-c1-l2a/32/T/QP/2023/7/S2B_T32TQP_20230704T095739_L2A/B12.tif"", ""rededge2"": ""https://e84-earth-search-sentinel-data.s3.us-west-2.amazonaws.com/sentinel-2-c1-l2a/32/T/QP/2023/7/S2B_T32TQP_20230704T095739_L2A/B06.tif"", ""rededge3"": ""https://e84-earth-search-sentinel-data.s3.us-west-2.amazonaws.com/sentinel-2-c1-l2a/32/T/QP/2023/7/S2B_T32TQP_20230704T095739_L2A/B07.tif"", ""rededge1"": ""https://e84-earth-search-sentinel-data.s3.us-west-2.amazonaws.com/sentinel-2-c1-l2a/32/T/QP/2023/7/S2B_T32TQP_20230704T095739_L2A/B05.tif"", ""swir16"": ""https://e84-earth-search-sentinel-data.s3.us-west-2.amazonaws.com/sentinel-2-c1-l2a/32/T/QP/2023/7/S2B_T32TQP_20230704T095739_L2A/B11.tif"", ""wvp"": ""https://e84-earth-search-sentinel-data.s3.us-west-2.amazonaws.com/sentinel-2-c1-l2a/32/T/QP/2023/7/S2B_T32TQP_20230704T095739_L2A/WVP.tif"", ""nir08"": ""https://e84-earth-search-sentinel-data.s3.us-west-2.amazonaws.com/sentinel-2-c1-l2a/32/T/QP/2023/7/S2B_T32TQP_20230704T095739_L2A/B8A.tif"", ""scl"": ""https://e84-earth-search-sentinel-data.s3.us-west-2.amazonaws.com/sentinel-2-c1-l2a/32/T/QP/2023/7/S2B_T32TQP_20230704T095739_L2A/SCL.tif"", ""aot"": ""https://e84-earth-search-sentinel-data.s3.us-west-2.amazonaws.com/sentinel-2-c1-l2a/32/T/QP/2023/7/S2B_T32TQP_20230704T095739_L2A/AOT.tif"", ""coastal"": ""https://e84-earth-search-sentinel-data.s3.us-west-2.amazonaws.com/sentinel-2-c1-l2a/32/T/QP/2023/7/S2B_T32TQP_20230704T095739_L2A/B01.tif"", ""nir09"": ""https://e84-earth-search-sentinel-data.s3.us-west-2.amazonaws.com/sentinel-2-c1-l2a/32/T/QP/2023/7/S2B_T32TQP_20230704T095739_L2A/B09.tif"", ""cloud"": ""https://e84-earth-search-sentinel-data.s3.us-west-2.amazonaws.com/sentinel-2-c1-l2a/32/T/QP/2023/7/S2B_T32TQP_20230704T095739_L2A/CLD_20m.tif"", ""snow"": ""https://e84-earth-search-sentinel-data.s3.us-west-2.amazonaws.com/sentinel-2-c1-l2a/32/T/QP/2023/7/S2B_T32TQP_20230704T095739_L2A/SNW_20m.tif"", ""preview"": ""https://e84-earth-search-sentinel-data.s3.us-west-2.amazonaws.com/sentinel-2-c1-l2a/32/T/QP/2023/7/S2B_T32TQP_20230704T095739_L2A/L2A_PVI.tif"", ""granule_metadata"": ""https://e84-earth-search-sentinel-data.s3.us-west-2.amazonaws.com/sentinel-2-c1-l2a/32/T/QP/2023/7/S2B_T32TQP_20230704T095739_L2A/metadata.xml"", ""tileinfo_metadata"": ""https://e84-earth-search-sentinel-data.s3.us-west-2.amazonaws.com/sentinel-2-c1-l2a/32/T/QP/2023/7/S2B_T32TQP_20230704T095739_L2A/tileInfo.json"", ""product_metadata"": ""https://e84-earth-search-sentinel-data.s3.us-west-2.amazonaws.com/sentinel-2-c1-l2a/32/T/QP/2023/7/S2B_T32TQP_20230704T095739_L2A/product_metadata.xml"", ""thumbnail"": ""https://e84-earth-search-sentinel-data.s3.us-west-2.amazonaws.com/sentinel-2-c1-l2a/32/T/QP/2023/7/S2B_T32TQP_20230704T095739_L2A/L2A_PVI.jpg""}"
S2B_T32TQQ_20230707T101428_L2A,2023-07-07 10:18:30.372000+00:00,1.327311,,sentinel-2b,"{""red"": ""https://e84-earth-search-sentinel-data.s3.us-west-2.amazonaws.com/sentinel-2-c1-l2a/32/T/QQ/2023/7/S2B_T32TQQ_20230707T101428_L2A/B04.tif"", ""green"": ""https://e84-earth-search-sentinel-data.s3.us-west-2.amazonaws.com/sentinel-2-c1-l2a/32/T/QQ/2023/7/S2B_T32TQQ_20230707T101428_L2A/B03.tif"", ""blue"": ""https://e84-earth-search-sentinel-data.s3.us-west-2.amazonaws.com/sentinel-2-c1-l2a/32/T/QQ/2023/7/S2B_T32TQQ_20230707T101428_L2A/B02.tif"", ""visual"": ""https://e84-earth-search-sentinel-data.s3.us-west-2.amazonaws.com/sentinel-2-c1-l2a/32/T/QQ/2023/7/S2B_T32TQQ_20230707T101428_L2A/TCI.tif"", ""nir"": ""https://e84-earth-search-sentinel-data.s3.us-west-2.amazonaws.com/sentinel-2-c1-l2a/32/T/QQ/2023/7/S2B_T32TQQ_20230707T101428_L2A/B08.tif"", ""swir22"": ""https://e84-earth-search-sentinel-data.s3.us-west-2.amazonaws.com/sentinel-2-c1-l2a/32/T/QQ/2023/7/S2B_T32TQQ_20230707T101428_L2A/B12.tif"", ""rededge2"": ""https://e84-earth-search-sentinel-data.s3.us-west-2.amazonaws.com/sentinel-2-c1-l2a/32/T/QQ/2023/7/S2B_T32TQQ_20230707T101428_L2A/B06.tif"", ""rededge3"": ""https://e84-earth-search-sentinel-data.s3.us-west-2.amazonaws.com/sentinel-2-c1-l2a/32/T/QQ/2023/7/S2B_T32TQQ_20230707T101428_L2A/B07.tif"", ""rededge1"": ""https://e84-earth-search-sentinel-data.s3.us-west-2.amazonaws.com/sentinel-2-c1-l2a/32/T/QQ/2023/7/S2B_T32TQQ_20230707T101428_L2A/B05.tif"", ""swir16"": ""https://e84-earth-search-sentinel-data.s3.us-west-2.amazonaws.com/sentinel-2-c1-l2a/32/T/QQ/2023/7/S2B_T32TQQ_20230707T101428_L2A/B11.tif"", ""wvp"": ""https://e84-earth-search-sentinel-data.s3.us-west-2.amazonaws.com/sentinel-2-c1-l2a/32/T/QQ/2023/7/S2B_T32TQQ_20230707T101428_L2A/WVP.tif"", ""nir08"": ""https://e84-earth-search-sentinel-data.s3.us-west-2.amazonaws.com/sentinel-2-c1-l2a/32/T/QQ/2023/7/S2B_T32TQQ_20230707T101428_L2A/B8A.tif"", ""scl"": ""https://e84-earth-search-sentinel-data.s3.us-west-2.amazonaws.com/sentinel-2-c1-l2a/32/T/QQ/2023/7/S2B_T32TQQ_20230707T101428_L2A/SCL.tif"", ""aot"": ""https://e84-earth-search-sentinel-data.s3.us-west-2.amazonaws.com/sentinel-2-c1-l2a/32/T/QQ/2023/7/S2B_T32TQQ_20230707T101428_L2A/AOT.tif"", ""coastal"": ""https://e84-earth-search-sentinel-data.s3.us-west-2.amazonaws.com/sentinel-2-c1-l2a/32/T/QQ/2023/7/S2B_T32TQQ_20230707T101428_L2A/B01.tif"", ""nir09"": ""https://e84-earth-search-sentinel-data.s3.us-west-2.amazonaws.com/sentinel-2-c1-l2a/32/T/QQ/2023/7/S2B_T32TQQ_20230707T101428_L2A/B09.tif"", ""cloud"": ""https://e84-earth-search-sentinel-data.s3.us-west-2.amazonaws.com/sentinel-2-c1-l2a/32/T/QQ/2023/7/S2B_T32TQQ_20230707T101428_L2A/CLD_20m.tif"", ""snow"": ""https://e84-earth-search-sentinel-data.s3.us-west-2.amazonaws.com/sentinel-2-c1-l2a/32/T/QQ/2023/7/S2B_T32TQQ_20230707T101428_L2A/SNW_20m.tif"", ""preview"": ""https://e84-earth-search-sentinel-data.s3.us-west-2.amazonaws.com/sentinel-2-c1-l2a/32/T/QQ/2023/7/S2B_T32TQQ_20230707T101428_L2A/L2A_PVI.tif"", ""granule_metadata"": ""https://e84-earth-search-sentinel-data.s3.us-west-2.amazonaws.com/sentinel-2-c1-l2a/32/T/QQ/2023/7/S2B_T32TQQ_20230707T101428_L2A/metadata.xml"", ""tileinfo_metadata"": ""https://e84-earth-search-sentinel-data.s3.us-west-2.amazonaws.com/sentinel-2-c1-l2a/32/T/QQ/2023/7/S2B_T32TQQ_20230707T101428_L2A/tileInfo.json"", ""product_metadata"": ""https://e84-earth-search-sentinel-data.s3.us-west-2.amazonaws.com/sentinel-2-c1-l2a/32/T/QQ/2023/7/S2B_T32TQQ_20230707T101428_L2A/product_metadata.xml"", ""thumbnail"": ""https://e84-earth-search-sentinel-data.s3.us-west-2.amazonaws.com/sentinel-2-c1-l2a/32/T/QQ/2023/7/S2B_T32TQQ_20230707T101428_L2A/L2A_PVI.jpg""}"
S2B_T32TPQ_20230707T101428_L2A,2023-07-07 10:18:33.822000+00:00,2.423532,,sentinel-2b,"{""red"": ""https://e84-earth-search-sentinel-data.s3.us-west-2.amazonaws.com/sentinel-2-c1-l2a/32/T/PQ/2023/7/S2B_T32TPQ_20230707T101428_L2A/B04.tif"", ""green"": ""https://e84-earth-search-sentinel-data.s3.us-west-2.amazonaws.com/sentinel-2-c1-l2a/32/T/PQ/2023/7/S2B_T32TPQ_20230707T101428_L2A/B03.tif"", ""blue"": ""https://e84-earth-search-sentinel-data.s3.us-west-2.amazonaws.com/sentinel-2-c1-l2a/32/T/PQ/2023/7/S2B_T32TPQ_20230707T101428_L2A/B02.tif"", ""visual"": ""https://e84-earth-search-sentinel-data.s3.us-west-2.amazonaws.com/sentinel-2-c1-l2a/32/T/PQ/2023/7/S2B_T32TPQ_20230707T101428_L2A/TCI.tif"", ""nir"": ""https://e84-earth-search-sentinel-data.s3.us-west-2.amazonaws.com/sentinel-2-c1-l2a/32/T/PQ/2023/7/S2B_T32TPQ_20230707T101428_L2A/B08.tif"", ""swir22"": ""https://e84-earth-search-sentinel-data.s3.us-west-2.amazonaws.com/sentinel-2-c1-l2a/32/T/PQ/2023/7/S2B_T32TPQ_20230707T101428_L2A/B12.tif"", ""rededge2"": ""https://e84-earth-search-sentinel-data.s3.us-west-2.amazonaws.com/sentinel-2-c1-l2a/32/T/PQ/2023/7/S2B_T32TPQ_20230707T101428_L2A/B06.tif"", ""rededge3"": ""https://e84-earth-search-sentinel-data.s3.us-west-2.amazonaws.com/sentinel-2-c1-l2a/32/T/PQ/2023/7/S2B_T32TPQ_20230707T101428_L2A/B07.tif"", ""rededge1"": ""https://e84-earth-search-sentinel-data.s3.us-west-2.amazonaws.com/sentinel-2-c1-l2a/32/T/PQ/2023/7/S2B_T32TPQ_20230707T101428_L2A/B05.tif"", ""swir16"": ""https://e84-earth-search-sentinel-data.s3.us-west-2.amazonaws.com/sentinel-2-c1-l2a/32/T/PQ/2023/7/S2B_T32TPQ_20230707T101428_L2A/B11.tif"", ""wvp"": ""https://e84-earth-search-sentinel-data.s3.us-west-2.amazonaws.com/sentinel-2-c1-l2a/32/T/PQ/2023/7/S2B_T32TPQ_20230707T101428_L2A/WVP.tif"", ""nir08"": ""https://e84-earth-search-sentinel-data.s3.us-west-2.amazonaws.com/sentinel-2-c1-l2a/32/T/PQ/2023/7/S2B_T32TPQ_20230707T101428_L2A/B8A.tif"", ""scl"": ""https://e84-earth-search-sentinel-data.s3.us-west-2.amazonaws.com/sentinel-2-c1-l2a/32/T/PQ/2023/7/S2B_T32TPQ_20230707T101428_L2A/SCL.tif"", ""aot"": ""https://e84-earth-search-sentinel-data.s3.us-west-2.amazonaws.com/sentinel-2-c1-l2a/32/T/PQ/2023/7/S2B_T32TPQ_20230707T101428_L2A/AOT.tif"", ""coastal"": ""https://e84-earth-search-sentinel-data.s3.us-west-2.amazonaws.com/sentinel-2-c1-l2a/32/T/PQ/2023/7/S2B_T32TPQ_20230707T101428_L2A/B01.tif"", ""nir09"": ""https://e84-earth-search-sentinel-data.s3.us-west-2.amazonaws.com/sentinel-2-c1-l2a/32/T/PQ/2023/7/S2B_T32TPQ_20230707T101428_L2A/B09.tif"", ""cloud"": ""https://e84-earth-search-sentinel-data.s3.us-west-2.amazonaws.com/sentinel-2-c1-l2a/32/T/PQ/2023/7/S2B_T32TPQ_20230707T101428_L2A/CLD_20m.tif"", ""snow"": ""https://e84-earth-search-sentinel-data.s3.us-west-2.amazonaws.com/sentinel-2-c1-l2a/32/T/PQ/2023/7/S2B_T32TPQ_20230707T101428_L2A/SNW_20m.tif"", ""preview"": ""https://e84-earth-search-sentinel-data.s3.us-west-2.amazonaws.com/sentinel-2-c1-l2a/32/T/PQ/2023/7/S2B_T32TPQ_20230707T101428_L2A/L2A_PVI.tif"", ""granule_metadata"": ""https://e84-earth-search-sentinel-data.s3.us-west-2.amazonaws.com/sentinel-2-c1-l2a/32/T/PQ/2023/7/S2B_T32TPQ_20230707T101428_L2A/metadata.xml"", ""tileinfo_metadata"": ""https://e84-earth-search-sentinel-data.s3.us-west-2.amazonaws.com/sentinel-2-c1-l2a/32/T/PQ/2023/7/S2B_T32TPQ_20230707T101428_L2A/tileInfo.json"", ""product_metadata"": ""https://e84-earth-search-sentinel-data.s3.us-west-2.amazonaws.com/sentinel-2-c1-l2a/32/T/PQ/2023/7/S2B_T32TPQ_20230707T101428_L2A/product_metadata.xml"", ""thumbnail"": ""https://e84-earth-search-sentinel-data.s3.us-west-2.amazonaws.com/sentinel-2-c1-l2a/32/T/PQ/2023/7/S2B_T32TPQ_20230707T101428_L2A/L2A_PVI.jpg""}"
S2B_T32TQP_20230707T101428_L2A,2023-07-07 10:18:44.623000+00:00,4.120462,,sentinel-2b,"{""red"": ""https://e84-earth-search-sentinel-data.s3.us-west-2.amazonaws.com/sentinel-2-c1-l2a/32/T/QP/2023/7/S2B_T32TQP_20230707T101428_L2A/B04.tif"", ""green"": ""https://e84-earth-search-sentinel-data.s3.us-west-2.amazonaws.com/sentinel-2-c1-l2a/32/T/QP/2023/7/S2B_T32TQP_20230707T101428_L2A/B03.tif"", ""blue"": ""https://e84-earth-search-sentinel-data.s3.us-west-2.amazonaws.com/sentinel-2-c1-l2a/32/T/QP/2023/7/S2B_T32TQP_20230707T101428_L2A/B02.tif"", ""visual"": ""https://e84-earth-search-sentinel-data.s3.us-west-2.amazonaws.com/sentinel-2-c1-l2a/32/T/QP/2023/7/S2B_T32TQP_20230707T101428_L2A/TCI.tif"", ""nir"": ""https://e84-earth-search-sentinel-data.s3.us-west-2.amazonaws.com/sentinel-2-c1-l2a/32/T/QP/2023/7/S2B_T32TQP_20230707T101428_L2A/B08.tif"", ""swir22"": ""https://e84-earth-search-sentinel-data.s3.us-west-2.amazonaws.com/sentinel-2-c1-l2a/32/T/QP/2023/7/S2B_T32TQP_20230707T101428_L2A/B12.tif"", ""rededge2"": ""https://e84-earth-search-sentinel-data.s3.us-west-2.amazonaws.com/sentinel-2-c1-l2a/32/T/QP/2023/7/S2B_T32TQP_20230707T101428_L2A/B06.tif"", ""rededge3"": ""https://e84-earth-search-sentinel-data.s3.us-west-2.amazonaws.com/sentinel-2-c1-l2a/32/T/QP/2023/7/S2B_T32TQP_20230707T101428_L2A/B07.tif"", ""rededge1"": ""https://e84-earth-search-sentinel-data.s3.us-west-2.amazonaws.com/sentinel-2-c1-l2a/32/T/QP/2023/7/S2B_T32TQP_20230707T101428_L2A/B05.tif"", ""swir16"": ""https://e84-earth-search-sentinel-data.s3.us-west-2.amazonaws.com/sentinel-2-c1-l2a/32/T/QP/2023/7/S2B_T32TQP_20230707T101428_L2A/B11.tif"", ""wvp"": ""https://e84-earth-search-sentinel-data.s3.us-west-2.amazonaws.com/sentinel-2-c1-l2a/32/T/QP/2023/7/S2B_T32TQP_20230707T101428_L2A/WVP.tif"", ""nir08"": ""https://e84-earth-search-sentinel-data.s3.us-west-2.amazonaws.com/sentinel-2-c1-l2a/32/T/QP/2023/7/S2B_T32TQP_20230707T101428_L2A/B8A.tif"", ""scl"": ""https://e84-earth-search-sentinel-data.s3.us-west-2.amazonaws.com/sentinel-2-c1-l2a/32/T/QP/2023/7/S2B_T32TQP_20230707T101428_L2A/SCL.tif"", ""aot"": ""https://e84-earth-search-sentinel-data.s3.us-west-2.amazonaws.com/sentinel-2-c1-l2a/32/T/QP/2023/7/S2B_T32TQP_20230707T101428_L2A/AOT.tif"", ""coastal"": ""https://e84-earth-search-sentinel-data.s3.us-west-2.amazonaws.com/sentinel-2-c1-l2a/32/T/QP/2023/7/S2B_T32TQP_20230707T101428_L2A/B01.tif"", ""nir09"": ""https://e84-earth-search-sentinel-data.s3.us-west-2.amazonaws.com/sentinel-2-c1-l2a/32/T/QP/2023/7/S2B_T32TQP_20230707T101428_L2A/B09.tif"", ""cloud"": ""https://e84-earth-search-sentinel-data.s3.us-west-2.amazonaws.com/sentinel-2-c1-l2a/32/T/QP/2023/7/S2B_T32TQP_20230707T101428_L2A/CLD_20m.tif"", ""snow"": ""https://e84-earth-search-sentinel-data.s3.us-west-2.amazonaws.com/sentinel-2-c1-l2a/32/T/QP/2023/7/S2B_T32TQP_20230707T101428_L2A/SNW_20m.tif"", ""preview"": ""https://e84-earth-search-sentinel-data.s3.us-west-2.amazonaws.com/sentinel-2-c1-l2a/32/T/QP/2023/7/S2B_T32TQP_20230707T101428_L2A/L2A_PVI.tif"", ""granule_metadata"": ""https://e84-earth-search-sentinel-data.s3.us-west-2.amazonaws.com/sentinel-2-c1-l2a/32/T/QP/2023/7/S2B_T32TQP_20230707T101428_L2A/metadata.xml"", ""tileinfo_metadata"": ""https://e84-earth-search-sentinel-data.s3.us-west-2.amazonaws.com/sentinel-2-c1-l2a/32/T/QP/2023/7/S2B_T32TQP_20230707T101428_L2A/tileInfo.json"", ""product_metadata"": ""https://e84-earth-search-sentinel-data.s3.us-west-2.amazonaws.com/sentinel-2-c1-l2a/32/T/QP/2023/7/S2B_T32TQP_20230707T101428_L2A/product_metadata.xml"", ""thumbnail"": ""https://e84-earth-search-sentinel-data.s3.us-west-2.amazonaws.com/sentinel-2-c1-l2a/32/T/QP/2023/7/S2B_T32TQP_20230707T101428_L2A/L2A_PVI.jpg""}"
S2B_T32TPP_20230707T101428_L2A,2023-07-07 10:18:48.225000+00:00,1.299923,,sentinel-2b,"{""red"": ""https://e84-earth-search-sentinel-data.s3.us-west-2.amazonaws.com/sentinel-2-c1-l2a/32/T/PP/2023/7/S2B_T32TPP_20230707T101428_L2A/B04.tif"", ""green"": ""https://e84-earth-search-sentinel-data.s3.us-west-2.amazonaws.com/sentinel-2-c1-l2a/32/T/PP/2023/7/S2B_T32TPP_20230707T101428_L2A/B03.tif"", ""blue"": ""https://e84-earth-search-sentinel-data.s3.us-west-2.amazonaws.com/sentinel-2-c1-l2a/32/T/PP/2023/7/S2B_T32TPP_20230707T101428_L2A/B02.tif"", ""visual"": ""https://e84-earth-search-sentinel-data.s3.us-west-2.amazonaws.com/sentinel-2-c1-l2a/32/T/PP/2023/7/S2B_T32TPP_20230707T101428_L2A/TCI.tif"", ""nir"": ""https://e84-earth-search-sentinel-data.s3.us-west-2.amazonaws.com/sentinel-2-c1-l2a/32/T/PP/2023/7/S2B_T32TPP_20230707T101428_L2A/B08.tif"", ""swir22"": ""https://e84-earth-search-sentinel-data.s3.us-west-2.amazonaws.com/sentinel-2-c1-l2a/32/T/PP/2023/7/S2B_T32TPP_20230707T101428_L2A/B12.tif"", ""rededge2"": ""https://e84-earth-search-sentinel-data.s3.us-west-2.amazonaws.com/sentinel-2-c1-l2a/32/T/PP/2023/7/S2B_T32TPP_20230707T101428_L2A/B06.tif"", ""rededge3"": ""https://e84-earth-search-sentinel-data.s3.us-west-2.amazonaws.com/sentinel-2-c1-l2a/32/T/PP/2023/7/S2B_T32TPP_20230707T101428_L2A/B07.tif"", ""rededge1"": ""https://e84-earth-search-sentinel-data.s3.us-west-2.amazonaws.com/sentinel-2-c1-l2a/32/T/PP/2023/7/S2B_T32TPP_20230707T101428_L2A/B05.tif"", ""swir16"": ""https://e84-earth-search-sentinel-data.s3.us-west-2.amazonaws.com/sentinel-2-c1-l2a/32/T/PP/2023/7/S2B_T32TPP_20230707T101428_L2A/B11.tif"", ""wvp"": ""https://e84-earth-search-sentinel-data.s3.us-west-2.amazonaws.com/sentinel-2-c1-l2a/32/T/PP/2023/7/S2B_T32TPP_20230707T101428_L2A/WVP.tif"", ""nir08"": ""https://e84-earth-search-sentinel-data.s3.us-west-2.amazonaws.com/sentinel-2-c1-l2a/32/T/PP/2023/7/S2B_T32TPP_20230707T101428_L2A/B8A.tif"", ""scl"": ""https://e84-earth-search-sentinel-data.s3.us-west-2.amazonaws.com/sentinel-2-c1-l2a/32/T/PP/2023/7/S2B_T32TPP_20230707T101428_L2A/SCL.tif"", ""aot"": ""https://e84-earth-search-sentinel-data.s3.us-west-2.amazonaws.com/sentinel-2-c1-l2a/32/T/PP/2023/7/S2B_T32TPP_20230707T101428_L2A/AOT.tif"", ""coastal"": ""https://e84-earth-search-sentinel-data.s3.us-west-2.amazonaws.com/sentinel-2-c1-l2a/32/T/PP/2023/7/S2B_T32TPP_20230707T101428_L2A/B01.tif"", ""nir09"": ""https://e84-earth-search-sentinel-data.s3.us-west-2.amazonaws.com/sentinel-2-c1-l2a/32/T/PP/2023/7/S2B_T32TPP_20230707T101428_L2A/B09.tif"", ""cloud"": ""https://e84-earth-search-sentinel-data.s3.us-west-2.amazonaws.com/sentinel-2-c1-l2a/32/T/PP/2023/7/S2B_T32TPP_20230707T101428_L2A/CLD_20m.tif"", ""snow"": ""https://e84-earth-search-sentinel-data.s3.us-west-2.amazonaws.com/sentinel-2-c1-l2a/32/T/PP/2023/7/S2B_T32TPP_20230707T101428_L2A/SNW_20m.tif"", ""preview"": ""https://e84-earth-search-sentinel-data.s3.us-west-2.amazonaws.com/sentinel-2-c1-l2a/32/T/PP/2023/7/S2B_T32TPP_20230707T101428_L2A/L2A_PVI.tif"", ""granule_metadata"": ""https://e84-earth-search-sentinel-data.s3.us-west-2.amazonaws.com/sentinel-2-c1-l2a/32/T/PP/2023/7/S2B_T32TPP_20230707T101428_L2A/metadata.xml"", ""tileinfo_metadata"": ""https://e84-earth-search-sentinel-data.s3.us-west-2.amazonaws.com/sentinel-2-c1-l2a/32/T/PP/2023/7/S2B_T32TPP_20230707T101428_L2A/tileInfo.json"", ""product_metadata"": ""https://e84-earth-search-sentinel-data.s3.us-west-2.amazonaws.com/sentinel-2-c1-l2a/32/T/PP/2023/7/S2B_T32TPP_20230707T101428_L2A/product_metadata.xml"", ""thumbnail"": ""https://e84-earth-search-sentinel-data.s3.us-west-2.amazonaws.com/sentinel-2-c1-l2a/32/T/PP/2023/7/S2B_T32TPP_20230707T101428_L2A/L2A_PVI.jpg""}"
S2A_T32TQQ_20230709T100031_L2A,2023-07-09 10:08:33.414000+00:00,0.007333,,sentinel-2a,"{""red"": ""https://e84-earth-search-sentinel-data.s3.us-west-2.amazonaws.com/sentinel-2-c1-l2a/32/T/QQ/2023/7/S2A_T32TQQ_20230709T100031_L2A/B04.tif"", ""green"": ""https://e84-earth-search-sentinel-data.s3.us-west-2.amazonaws.com/sentinel-2-c1-l2a/32/T/QQ/2023/7/S2A_T32TQQ_20230709T100031_L2A/B03.tif"", ""blue"": ""https://e84-earth-search-sentinel-data.s3.us-west-2.amazonaws.com/sentinel-2-c1-l2a/32/T/QQ/2023/7/S2A_T32TQQ_20230709T100031_L2A/B02.tif"", ""visual"": ""https://e84-earth-search-sentinel-data.s3.us-west-2.amazonaws.com/sentinel-2-c1-l2a/32/T/QQ/2023/7/S2A_T32TQQ_20230709T100031_L2A/TCI.tif"", ""nir"": ""https://e84-earth-search-sentinel-data.s3.us-west-2.amazonaws.com/sentinel-2-c1-l2a/32/T/QQ/2023/7/S2A_T32TQQ_20230709T100031_L2A/B08.tif"", ""swir22"": ""https://e84-earth-search-sentinel-data.s3.us-west-2.amazonaws.com/sentinel-2-c1-l2a/32/T/QQ/2023/7/S2A_T32TQQ_20230709T100031_L2A/B12.tif"", ""rededge2"": ""https://e84-earth-search-sentinel-data.s3.us-west-2.amazonaws.com/sentinel-2-c1-l2a/32/T/QQ/2023/7/S2A_T32TQQ_20230709T100031_L2A/B06.tif"", ""rededge3"": ""https://e84-earth-search-sentinel-data.s3.us-west-2.amazonaws.com/sentinel-2-c1-l2a/32/T/QQ/2023/7/S2A_T32TQQ_20230709T100031_L2A/B07.tif"", ""rededge1"": ""https://e84-earth-search-sentinel-data.s3.us-west-2.amazonaws.com/sentinel-2-c1-l2a/32/T/QQ/2023/7/S2A_T32TQQ_20230709T100031_L2A/B05.tif"", ""swir16"": ""https://e84-earth-search-sentinel-data.s3.us-west-2.amazonaws.com/sentinel-2-c1-l2a/32/T/QQ/2023/7/S2A_T32TQQ_20230709T100031_L2A/B11.tif"", ""wvp"": ""https://e84-earth-search-sentinel-data.s3.us-west-2.amazonaws.com/sentinel-2-c1-l2a/32/T/QQ/2023/7/S2A_T32TQQ_20230709T100031_L2A/WVP.tif"", ""nir08"": ""https://e84-earth-search-sentinel-data.s3.us-west-2.amazonaws.com/sentinel-2-c1-l2a/32/T/QQ/2023/7/S2A_T32TQQ_20230709T100031_L2A/B8A.tif"", ""scl"": ""https://e84-earth-search-sentinel-data.s3.us-west-2.amazonaws.com/sentinel-2-c1-l2a/32/T/QQ/2023/7/S2A_T32TQQ_20230709T100031_L2A/SCL.tif"", ""aot"": ""https://e84-earth-search-sentinel-data.s3.us-west-2.amazonaws.com/sentinel-2-c1-l2a/32/T/QQ/2023/7/S2A_T32TQQ_20230709T100031_L2A/AOT.tif"", ""coastal"": ""https://e84-earth-search-sentinel-data.s3.us-west-2.amazonaws.com/sentinel-2-c1-l2a/32/T/QQ/2023/7/S2A_T32TQQ_20230709T100031_L2A/B01.tif"", ""nir09"": ""https://e84-earth-search-sentinel-data.s3.us-west-2.amazonaws.com/sentinel-2-c1-l2a/32/T/QQ/2023/7/S2A_T32TQQ_20230709T100031_L2A/B09.tif"", ""cloud"": ""https://e84-earth-search-sentinel-data.s3.us-west-2.amazonaws.com/sentinel-2-c1-l2a/32/T/QQ/2023/7/S2A_T32TQQ_20230709T100031_L2A/CLD_20m.tif"", ""snow"": ""https://e84-earth-search-sentinel-data.s3.us-west-2.amazonaws.com/sentinel-2-c1-l2a/32/T/QQ/2023/7/S2A_T32TQQ_20230709T100031_L2A/SNW_20m.tif"", ""preview"": ""https://e84-earth-search-sentinel-data.s3.us-west-2.amazonaws.com/sentinel-2-c1-l2a/32/T/QQ/2023/7/S2A_T32TQQ_20230709T100031_L2A/L2A_PVI.tif"", ""granule_metadata"": ""https://e84-earth-search-sentinel-data.s3.us-west-2.amazonaws.com/sentinel-2-c1-l2a/32/T/QQ/2023/7/S2A_T32TQQ_20230709T100031_L2A/metadata.xml"", ""tileinfo_metadata"": ""https://e84-earth-search-sentinel-data.s3.us-west-2.amazonaws.com/sentinel-2-c1-l2a/32/T/QQ/2023/7/S2A_T32TQQ_20230709T100031_L2A/tileInfo.json"", ""product_metadata"": ""https://e84-earth-search-sentinel-data.s3.us-west-2.amazonaws.com/sentinel-2-c1-l2a/32/T/QQ/2023/7/S2A_T32TQQ_20230709T100031_L2A/product_metadata.xml"", ""thumbnail"": ""https://e84-earth-search-sentinel-data.s3.us-west-2.amazonaws.com/sentinel-2-c1-l2a/32/T/QQ/2023/7/S2A_T32TQQ_20230709T100031_L2A/L2A_PVI.jpg""}"
S2A_T32TQP_20230709T100031_L2A,2023-07-09 10:08:48.135000+00:00,0.010949,,sentinel-2a,"{""red"": ""https://e84-earth-search-sentinel-data.s3.us-west-2.amazonaws.com/sentinel-2-c1-l2a/32/T/QP/2023/7/S2A_T32TQP_20230709T100031_L2A/B04.tif"", ""green"": ""https://e84-earth-search-sentinel-data.s3.us-west-2.amazonaws.com/sentinel-2-c1-l2a/32/T/QP/2023/7/S2A_T32TQP_20230709T100031_L2A/B03.tif"", ""blue"": ""https://e84-earth-search-sentinel-data.s3.us-west-2.amazonaws.com/sentinel-2-c1-l2a/32/T/QP/2023/7/S2A_T32TQP_20230709T100031_L2A/B02.tif"", ""visual"": ""https://e84-earth-search-sentinel-data.s3.us-west-2.amazonaws.com/sentinel-2-c1-l2a/32/T/QP/2023/7/S2A_T32TQP_20230709T100031_L2A/TCI.tif"", ""nir"": ""https://e84-earth-search-sentinel-data.s3.us-west-2.amazonaws.com/sentinel-2-c1-l2a/32/T/QP/2023/7/S2A_T32TQP_20230709T100031_L2A/B08.tif"", ""swir22"": ""https://e84-earth-search-sentinel-data.s3.us-west-2.amazonaws.com/sentinel-2-c1-l2a/32/T/QP/2023/7/S2A_T32TQP_20230709T100031_L2A/B12.tif"", ""rededge2"": ""https://e84-earth-search-sentinel-data.s3.us-west-2.amazonaws.com/sentinel-2-c1-l2a/32/T/QP/2023/7/S2A_T32TQP_20230709T100031_L2A/B06.tif"", ""rededge3"": ""https://e84-earth-search-sentinel-data.s3.us-west-2.amazonaws.com/sentinel-2-c1-l2a/32/T/QP/2023/7/S2A_T32TQP_20230709T100031_L2A/B07.tif"", ""rededge1"": ""https://e84-earth-search-sentinel-data.s3.us-west-2.amazonaws.com/sentinel-2-c1-l2a/32/T/QP/2023/7/S2A_T32TQP_20230709T100031_L2A/B05.tif"", ""swir16"": ""https://e84-earth-search-sentinel-data.s3.us-west-2.amazonaws.com/sentinel-2-c1-l2a/32/T/QP/2023/7/S2A_T32TQP_20230709T100031_L2A/B11.tif"", ""wvp"": ""https://e84-earth-search-sentinel-data.s3.us-west-2.amazonaws.com/sentinel-2-c1-l2a/32/T/QP/2023/7/S2A_T32TQP_20230709T100031_L2A/WVP.tif"", ""nir08"": ""https://e84-earth-search-sentinel-data.s3.us-west-2.amazonaws.com/sentinel-2-c1-l2a/32/T/QP/2023/7/S2A_T32TQP_20230709T100031_L2A/B8A.tif"", ""scl"": ""https://e84-earth-search-sentinel-data.s3.us-west-2.amazonaws.com/sentinel-2-c1-l2a/32/T/QP/2023/7/S2A_T32TQP_20230709T100031_L2A/SCL.tif"", ""aot"": ""https://e84-earth-search-sentinel-data.s3.us-west-2.amazonaws.com/sentinel-2-c1-l2a/32/T/QP/2023/7/S2A_T32TQP_20230709T100031_L2A/AOT.tif"", ""coastal"": ""https://e84-earth-search-sentinel-data.s3.us-west-2.amazonaws.com/sentinel-2-c1-l2a/32/T/QP/2023/7/S2A_T32TQP_20230709T100031_L2A/B01.tif"", ""nir09"": ""https://e84-earth-search-sentinel-data.s3.us-west-2.amazonaws.com/sentinel-2-c1-l2a/32/T/QP/2023/7/S2A_T32TQP_20230709T100031_L2A/B09.tif"", ""cloud"": ""https://e84-earth-search-sentinel-data.s3.us-west-2.amazonaws.com/sentinel-2-c1-l2a/32/T/QP/2023/7/S2A_T32TQP_20230709T100031_L2A/CLD_20m.tif"", ""snow"": ""https://e84-earth-search-sentinel-data.s3.us-west-2.amazonaws.com/sentinel-2-c1-l2a/32/T/QP/2023/7/S2A_T32TQP_20230709T100031_L2A/SNW_20m.tif"", ""preview"": ""https://e84-earth-search-sentinel-data.s3.us-west-2.amazonaws.com/sentinel-2-c1-l2a/32/T/QP/2023/7/S2A_T32TQP_20230709T100031_L2A/L2A_PVI.tif"", ""granule_metadata"": ""https://e84-earth-search-sentinel-data.s3.us-west-2.amazonaws.com/sentinel-2-c1-l2a/32/T/QP/2023/7/S2A_T32TQP_20230709T100031_L2A/metadata.xml"", ""tileinfo_metadata"": ""https://e84-earth-search-sentinel-data.s3.us-west-2.amazonaws.com/sentinel-2-c1-l2a/32/T/QP/2023/7/S2A_T32TQP_20230709T100031_L2A/tileInfo.json"", ""product_metadata"": ""https://e84-earth-search-sentinel-data.s3.us-west-2.amazonaws.com/sentinel-2-c1-l2a/32/T/QP/2023/7/S2A_T32TQP_20230709T100031_L2A/product_metadata.xml"", ""thumbnail"": ""https://e84-earth-search-sentinel-data.s3.us-west-2.amazonaws.com/sentinel-2-c1-l2a/32/T/QP/2023/7/S2A_T32TQP_20230709T100031_L2A/L2A_PVI.jpg""}"
S2A_T32TQQ_20230712T101634_L2A,2023-07-12 10:18:30.210000+00:00,37.855512,,sentinel-2a,"{""red"": ""https://e84-earth-search-sentinel-data.s3.us-west-2.amazonaws.com/sentinel-2-c1-l2a/32/T/QQ/2023/7/S2A_T32TQQ_20230712T101634_L2A/B04.tif"", ""green"": ""https://e84-earth-search-sentinel-data.s3.us-west-2.amazonaws.com/sentinel-2-c1-l2a/32/T/QQ/2023/7/S2A_T32TQQ_20230712T101634_L2A/B03.tif"", ""blue"": ""https://e84-earth-search-sentinel-data.s3.us-west-2.amazonaws.com/sentinel-2-c1-l2a/32/T/QQ/2023/7/S2A_T32TQQ_20230712T101634_L2A/B02.tif"", ""visual"": ""https://e84-earth-search-sentinel-data.s3.us-west-2.amazonaws.com/sentinel-2-c1-l2a/32/T/QQ/2023/7/S2A_T32TQQ_20230712T101634_L2A/TCI.tif"", ""nir"": ""https://e84-earth-search-sentinel-data.s3.us-west-2.amazonaws.com/sentinel-2-c1-l2a/32/T/QQ/2023/7/S2A_T32TQQ_20230712T101634_L2A/B08.tif"", ""swir22"": ""https://e84-earth-search-sentinel-data.s3.us-west-2.amazonaws.com/sentinel-2-c1-l2a/32/T/QQ/2023/7/S2A_T32TQQ_20230712T101634_L2A/B12.tif"", ""rededge2"": ""https://e84-earth-search-sentinel-data.s3.us-west-2.amazonaws.com/sentinel-2-c1-l2a/32/T/QQ/2023/7/S2A_T32TQQ_20230712T101634_L2A/B06.tif"", ""rededge3"": ""https://e84-earth-search-sentinel-data.s3.us-west-2.amazonaws.com/sentinel-2-c1-l2a/32/T/QQ/2023/7/S2A_T32TQQ_20230712T101634_L2A/B07.tif"", ""rededge1"": ""https://e84-earth-search-sentinel-data.s3.us-west-2.amazonaws.com/sentinel-2-c1-l2a/32/T/QQ/2023/7/S2A_T32TQQ_20230712T101634_L2A/B05.tif"", ""swir16"": ""https://e84-earth-search-sentinel-data.s3.us-west-2.amazonaws.com/sentinel-2-c1-l2a/32/T/QQ/2023/7/S2A_T32TQQ_20230712T101634_L2A/B11.tif"", ""wvp"": ""https://e84-earth-search-sentinel-data.s3.us-west-2.amazonaws.com/sentinel-2-c1-l2a/32/T/QQ/2023/7/S2A_T32TQQ_20230712T101634_L2A/WVP.tif"", ""nir08"": ""https://e84-earth-search-sentinel-data.s3.us-west-2.amazonaws.com/sentinel-2-c1-l2a/32/T/QQ/2023/7/S2A_T32TQQ_20230712T101634_L2A/B8A.tif"", ""scl"": ""https://e84-earth-search-sentinel-data.s3.us-west-2.amazonaws.com/sentinel-2-c1-l2a/32/T/QQ/2023/7/S2A_T32TQQ_20230712T101634_L2A/SCL.tif"", ""aot"": ""https://e84-earth-search-sentinel-data.s3.us-west-2.amazonaws.com/sentinel-2-c1-l2a/32/T/QQ/2023/7/S2A_T32TQQ_20230712T101634_L2A/AOT.tif"", ""coastal"": ""https://e84-earth-search-sentinel-data.s3.us-west-2.amazonaws.com/sentinel-2-c1-l2a/32/T/QQ/2023/7/S2A_T32TQQ_20230712T101634_L2A/B01.tif"", ""nir09"": ""https://e84-earth-search-sentinel-data.s3.us-west-2.amazonaws.com/sentinel-2-c1-l2a/32/T/QQ/2023/7/S2A_T32TQQ_20230712T101634_L2A/B09.tif"", ""cloud"": ""https://e84-earth-search-sentinel-data.s3.us-west-2.amazonaws.com/sentinel-2-c1-l2a/32/T/QQ/2023/7/S2A_T32TQQ_20230712T101634_L2A/CLD_20m.tif"", ""snow"": ""https://e84-earth-search-sentinel-data.s3.us-west-2.amazonaws.com/sentinel-2-c1-l2a/32/T/QQ/2023/7/S2A_T32TQQ_20230712T101634_L2A/SNW_20m.tif"", ""preview"": ""https://e84-earth-search-sentinel-data.s3.us-west-2.amazonaws.com/sentinel-2-c1-l2a/32/T/QQ/2023/7/S2A_T32TQQ_20230712T101634_L2A/L2A_PVI.tif"", ""granule_metadata"": ""https://e84-earth-search-sentinel-data.s3.us-west-2.amazonaws.com/sentinel-2-c1-l2a/32/T/QQ/2023/7/S2A_T32TQQ_20230712T101634_L2A/metadata.xml"", ""tileinfo_metadata"": ""https://e84-earth-search-sentinel-data.s3.us-west-2.amazonaws.com/sentinel-2-c1-l2a/32/T/QQ/2023/7/S2A_T32TQQ_20230712T101634_L2A/tileInfo.json"", ""product_metadata"": ""https://e84-earth-search-sentinel-data.s3.us-west-2.amazonaws.com/sentinel-2-c1-l2a/32/T/QQ/2023/7/S2A_T32TQQ_20230712T101634_L2A/product_metadata.xml"", ""thumbnail"": ""https://e84-earth-search-sentinel-data.s3.us-west-2.amazonaws.com/sentinel-2-c1-l2a/32/T/QQ/2023/7/S2A_T32TQQ_20230712T101634_L2A/L2A_PVI.jpg""}"
S2A_T32TPQ_20230712T101634_L2A,2023-07-12 10:18:33.667000+00:00,31.364197,,sentinel-2a,"{""red"": ""https://e84-earth-search-sentinel-data.s3.us-west-2.amazonaws.com/sentinel-2-c1-l2a/32/T/PQ/2023/7/S2A_T32TPQ_20230712T101634_L2A/B04.tif"", ""green"": ""https://e84-earth-search-sentinel-data.s3.us-west-2.amazonaws.com/sentinel-2-c1-l2a/32/T/PQ/2023/7/S2A_T32TPQ_20230712T101634_L2A/B03.tif"", ""blue"": ""https://e84-earth-search-sentinel-data.s3.us-west-2.amazonaws.com/sentinel-2-c1-l2a/32/T/PQ/2023/7/S2A_T32TPQ_20230712T101634_L2A/B02.tif"", ""visual"": ""https://e84-earth-search-sentinel-data.s3.us-west-2.amazonaws.com/sentinel-2-c1-l2a/32/T/PQ/2023/7/S2A_T32TPQ_20230712T101634_L2A/TCI.tif"", ""nir"": ""https://e84-earth-search-sentinel-data.s3.us-west-2.amazonaws.com/sentinel-2-c1-l2a/32/T/PQ/2023/7/S2A_T32TPQ_20230712T101634_L2A/B08.tif"", ""swir22"": ""https://e84-earth-search-sentinel-data.s3.us-west-2.amazonaws.com/sentinel-2-c1-l2a/32/T/PQ/2023/7/S2A_T32TPQ_20230712T101634_L2A/B12.tif"", ""rededge2"": ""https://e84-earth-search-sentinel-data.s3.us-west-2.amazonaws.com/sentinel-2-c1-l2a/32/T/PQ/2023/7/S2A_T32TPQ_20230712T101634_L2A/B06.tif"", ""rededge3"": ""https://e84-earth-search-sentinel-data.s3.us-west-2.amazonaws.com/sentinel-2-c1-l2a/32/T/PQ/2023/7/S2A_T32TPQ_20230712T101634_L2A/B07.tif"", ""rededge1"": ""https://e84-earth-search-sentinel-data.s3.us-west-2.amazonaws.com/sentinel-2-c1-l2a/32/T/PQ/2023/7/S2A_T32TPQ_20230712T101634_L2A/B05.tif"", ""swir16"": ""https://e84-earth-search-sentinel-data.s3.us-west-2.amazonaws.com/sentinel-2-c1-l2a/32/T/PQ/2023/7/S2A_T32TPQ_20230712T101634_L2A/B11.tif"", ""wvp"": ""https://e84-earth-search-sentinel-data.s3.us-west-2.amazonaws.com/sentinel-2-c1-l2a/32/T/PQ/2023/7/S2A_T32TPQ_20230712T101634_L2A/WVP.tif"", ""nir08"": ""https://e84-earth-search-sentinel-data.s3.us-west-2.amazonaws.com/sentinel-2-c1-l2a/32/T/PQ/2023/7/S2A_T32TPQ_20230712T101634_L2A/B8A.tif"", ""scl"": ""https://e84-earth-search-sentinel-data.s3.us-west-2.amazonaws.com/sentinel-2-c1-l2a/32/T/PQ/2023/7/S2A_T32TPQ_20230712T101634_L2A/SCL.tif"", ""aot"": ""https://e84-earth-search-sentinel-data.s3.us-west-2.amazonaws.com/sentinel-2-c1-l2a/32/T/PQ/2023/7/S2A_T32TPQ_20230712T101634_L2A/AOT.tif"", ""coastal"": ""https://e84-earth-search-sentinel-data.s3.us-west-2.amazonaws.com/sentinel-2-c1-l2a/32/T/PQ/2023/7/S2A_T32TPQ_20230712T101634_L2A/B01.tif"", ""nir09"": ""https://e84-earth-search-sentinel-data.s3.us-west-2.amazonaws.com/sentinel-2-c1-l2a/32/T/PQ/2023/7/S2A_T32TPQ_20230712T101634_L2A/B09.tif"", ""cloud"": ""https://e84-earth-search-sentinel-data.s3.us-west-2.amazonaws.com/sentinel-2-c1-l2a/32/T/PQ/2023/7/S2A_T32TPQ_20230712T101634_L2A/CLD_20m.tif"", ""snow"": ""https://e84-earth-search-sentinel-data.s3.us-west-2.amazonaws.com/sentinel-2-c1-l2a/32/T/PQ/2023/7/S2A_T32TPQ_20230712T101634_L2A/SNW_20m.tif"", ""preview"": ""https://e84-earth-search-sentinel-data.s3.us-west-2.amazonaws.com/sentinel-2-c1-l2a/32/T/PQ/2023/7/S2A_T32TPQ_20230712T101634_L2A/L2A_PVI.tif"", ""granule_metadata"": ""https://e84-earth-search-sentinel-data.s3.us-west-2.amazonaws.com/sentinel-2-c1-l2a/32/T/PQ/2023/7/S2A_T32TPQ_20230712T101634_L2A/metadata.xml"", ""tileinfo_metadata"": ""https://e84-earth-search-sentinel-data.s3.us-west-2.amazonaws.com/sentinel-2-c1-l2a/32/T/PQ/2023/7/S2A_T32TPQ_20230712T101634_L2A/tileInfo.json"", ""product_metadata"": ""https://e84-earth-search-sentinel-data.s3.us-west-2.amazonaws.com/sentinel-2-c1-l2a/32/T/PQ/2023/7/S2A_T32TPQ_20230712T101634_L2A/product_metadata.xml"", ""thumbnail"": ""https://e84-earth-search-sentinel-data.s3.us-west-2.amazonaws.com/sentinel-2-c1-l2a/32/T/PQ/2023/7/S2A_T32TPQ_20230712T101634_L2A/L2A_PVI.jpg""}"
S2A_T32TQP_20230712T101634_L2A,2023-07-12 10:18:44.460000+00:00,52.608532,,sentinel-2a,"{""red"": ""https://e84-earth-search-sentinel-data.s3.us-west-2.amazonaws.com/sentinel-2-c1-l2a/32/T/QP/2023/7/S2A_T32TQP_20230712T101634_L2A/B04.tif"", ""green"": ""https://e84-earth-search-sentinel-data.s3.us-west-2.amazonaws.com/sentinel-2-c1-l2a/32/T/QP/2023/7/S2A_T32TQP_20230712T101634_L2A/B03.tif"", ""blue"": ""https://e84-earth-search-sentinel-data.s3.us-west-2.amazonaws.com/sentinel-2-c1-l2a/32/T/QP/2023/7/S2A_T32TQP_20230712T101634_L2A/B02.tif"", ""visual"": ""https://e84-earth-search-sentinel-data.s3.us-west-2.amazonaws.com/sentinel-2-c1-l2a/32/T/QP/2023/7/S2A_T32TQP_20230712T101634_L2A/TCI.tif"", ""nir"": ""https://e84-earth-search-sentinel-data.s3.us-west-2.amazonaws.com/sentinel-2-c1-l2a/32/T/QP/2023/7/S2A_T32TQP_20230712T101634_L2A/B08.tif"", ""swir22"": ""https://e84-earth-search-sentinel-data.s3.us-west-2.amazonaws.com/sentinel-2-c1-l2a/32/T/QP/2023/7/S2A_T32TQP_20230712T101634_L2A/B12.tif"", ""rededge2"": ""https://e84-earth-search-sentinel-data.s3.us-west-2.amazonaws.com/sentinel-2-c1-l2a/32/T/QP/2023/7/S2A_T32TQP_20230712T101634_L2A/B06.tif"", ""rededge3"": ""https://e84-earth-search-sentinel-data.s3.us-west-2.amazonaws.com/sentinel-2-c1-l2a/32/T/QP/2023/7/S2A_T32TQP_20230712T101634_L2A/B07.tif"", ""rededge1"": ""https://e84-earth-search-sentinel-data.s3.us-west-2.amazonaws.com/sentinel-2-c1-l2a/32/T/QP/2023/7/S2A_T32TQP_20230712T101634_L2A/B05.tif"", ""swir16"": ""https://e84-earth-search-sentinel-data.s3.us-west-2.amazonaws.com/sentinel-2-c1-l2a/32/T/QP/2023/7/S2A_T32TQP_20230712T101634_L2A/B11.tif"", ""wvp"": ""https://e84-earth-search-sentinel-data.s3.us-west-2.amazonaws.com/sentinel-2-c1-l2a/32/T/QP/2023/7/S2A_T32TQP_20230712T101634_L2A/WVP.tif"", ""nir08"": ""https://e84-earth-search-sentinel-data.s3.us-west-2.amazonaws.com/sentinel-2-c1-l2a/32/T/QP/2023/7/S2A_T32TQP_20230712T101634_L2A/B8A.tif"", ""scl"": ""https://e84-earth-search-sentinel-data.s3.us-west-2.amazonaws.com/sentinel-2-c1-l2a/32/T/QP/2023/7/S2A_T32TQP_20230712T101634_L2A/SCL.tif"", ""aot"": ""https://e84-earth-search-sentinel-data.s3.us-west-2.amazonaws.com/sentinel-2-c1-l2a/32/T/QP/2023/7/S2A_T32TQP_20230712T101634_L2A/AOT.tif"", ""coastal"": ""https://e84-earth-search-sentinel-data.s3.us-west-2.amazonaws.com/sentinel-2-c1-l2a/32/T/QP/2023/7/S2A_T32TQP_20230712T101634_L2A/B01.tif"", ""nir09"": ""https://e84-earth-search-sentinel-data.s3.us-west-2.amazonaws.com/sentinel-2-c1-l2a/32/T/QP/2023/7/S2A_T32TQP_20230712T101634_L2A/B09.tif"", ""cloud"": ""https://e84-earth-search-sentinel-data.s3.us-west-2.amazonaws.com/sentinel-2-c1-l2a/32/T/QP/2023/7/S2A_T32TQP_20230712T101634_L2A/CLD_20m.tif"", ""snow"": ""https://e84-earth-search-sentinel-data.s3.us-west-2.amazonaws.com/sentinel-2-c1-l2a/32/T/QP/2023/7/S2A_T32TQP_20230712T101634_L2A/SNW_20m.tif"", ""preview"": ""https://e84-earth-search-sentinel-data.s3.us-west-2.amazonaws.com/sentinel-2-c1-l2a/32/T/QP/2023/7/S2A_T32TQP_20230712T101634_L2A/L2A_PVI.tif"", ""granule_metadata"": ""https://e84-earth-search-sentinel-data.s3.us-west-2.amazonaws.com/sentinel-2-c1-l2a/32/T/QP/2023/7/S2A_T32TQP_20230712T101634_L2A/metadata.xml"", ""tileinfo_metadata"": ""https://e84-earth-search-sentinel-data.s3.us-west-2.amazonaws.com/sentinel-2-c1-l2a/32/T/QP/2023/7/S2A_T32TQP_20230712T101634_L2A/tileInfo.json"", ""product_metadata"": ""https://e84-earth-search-sentinel-data.s3.us-west-2.amazonaws.com/sentinel-2-c1-l2a/32/T/QP/2023/7/S2A_T32TQP_20230712T101634_L2A/product_metadata.xml"", ""thumbnail"": ""https://e84-earth-search-sentinel-data.s3.us-west-2.amazonaws.com/sentinel-2-c1-l2a/32/T/QP/2023/7/S2A_T32TQP_20230712T101634_L2A/L2A_PVI.jpg""}"
S2A_T32TPP_20230712T101634_L2A,2023-07-12 10:18:48.068000+00:00,19.187909,,sentinel-2a,"{""red"": ""https://e84-earth-search-sentinel-data.s3.us-west-2.amazonaws.com/sentinel-2-c1-l2a/32/T/PP/2023/7/S2A_T32TPP_20230712T101634_L2A/B04.tif"", ""green"": ""https://e84-earth-search-sentinel-data.s3.us-west-2.amazonaws.com/sentinel-2-c1-l2a/32/T/PP/2023/7/S2A_T32TPP_20230712T101634_L2A/B03.tif"", ""blue"": ""https://e84-earth-search-sentinel-data.s3.us-west-2.amazonaws.com/sentinel-2-c1-l2a/32/T/PP/2023/7/S2A_T32TPP_20230712T101634_L2A/B02.tif"", ""visual"": ""https://e84-earth-search-sentinel-data.s3.us-west-2.amazonaws.com/sentinel-2-c1-l2a/32/T/PP/2023/7/S2A_T32TPP_20230712T101634_L2A/TCI.tif"", ""nir"": ""https://e84-earth-search-sentinel-data.s3.us-west-2.amazonaws.com/sentinel-2-c1-l2a/32/T/PP/2023/7/S2A_T32TPP_20230712T101634_L2A/B08.tif"", ""swir22"": ""https://e84-earth-search-sentinel-data.s3.us-west-2.amazonaws.com/sentinel-2-c1-l2a/32/T/PP/2023/7/S2A_T32TPP_20230712T101634_L2A/B12.tif"", ""rededge2"": ""https://e84-earth-search-sentinel-data.s3.us-west-2.amazonaws.com/sentinel-2-c1-l2a/32/T/PP/2023/7/S2A_T32TPP_20230712T101634_L2A/B06.tif"", ""rededge3"": ""https://e84-earth-search-sentinel-data.s3.us-west-2.amazonaws.com/sentinel-2-c1-l2a/32/T/PP/2023/7/S2A_T32TPP_20230712T101634_L2A/B07.tif"", ""rededge1"": ""https://e84-earth-search-sentinel-data.s3.us-west-2.amazonaws.com/sentinel-2-c1-l2a/32/T/PP/2023/7/S2A_T32TPP_20230712T101634_L2A/B05.tif"", ""swir16"": ""https://e84-earth-search-sentinel-data.s3.us-west-2.amazonaws.com/sentinel-2-c1-l2a/32/T/PP/2023/7/S2A_T32TPP_20230712T101634_L2A/B11.tif"", ""wvp"": ""https://e84-earth-search-sentinel-data.s3.us-west-2.amazonaws.com/sentinel-2-c1-l2a/32/T/PP/2023/7/S2A_T32TPP_20230712T101634_L2A/WVP.tif"", ""nir08"": ""https://e84-earth-search-sentinel-data.s3.us-west-2.amazonaws.com/sentinel-2-c1-l2a/32/T/PP/2023/7/S2A_T32TPP_20230712T101634_L2A/B8A.tif"", ""scl"": ""https://e84-earth-search-sentinel-data.s3.us-west-2.amazonaws.com/sentinel-2-c1-l2a/32/T/PP/2023/7/S2A_T32TPP_20230712T101634_L2A/SCL.tif"", ""aot"": ""https://e84-earth-search-sentinel-data.s3.us-west-2.amazonaws.com/sentinel-2-c1-l2a/32/T/PP/2023/7/S2A_T32TPP_20230712T101634_L2A/AOT.tif"", ""coastal"": ""https://e84-earth-search-sentinel-data.s3.us-west-2.amazonaws.com/sentinel-2-c1-l2a/32/T/PP/2023/7/S2A_T32TPP_20230712T101634_L2A/B01.tif"", ""nir09"": ""https://e84-earth-search-sentinel-data.s3.us-west-2.amazonaws.com/sentinel-2-c1-l2a/32/T/PP/2023/7/S2A_T32TPP_20230712T101634_L2A/B09.tif"", ""cloud"": ""https://e84-earth-search-sentinel-data.s3.us-west-2.amazonaws.com/sentinel-2-c1-l2a/32/T/PP/2023/7/S2A_T32TPP_20230712T101634_L2A/CLD_20m.tif"", ""snow"": ""https://e84-earth-search-sentinel-data.s3.us-west-2.amazonaws.com/sentinel-2-c1-l2a/32/T/PP/2023/7/S2A_T32TPP_20230712T101634_L2A/SNW_20m.tif"", ""preview"": ""https://e84-earth-search-sentinel-data.s3.us-west-2.amazonaws.com/sentinel-2-c1-l2a/32/T/PP/2023/7/S2A_T32TPP_20230712T101634_L2A/L2A_PVI.tif"", ""granule_metadata"": ""https://e84-earth-search-sentinel-data.s3.us-west-2.amazonaws.com/sentinel-2-c1-l2a/32/T/PP/2023/7/S2A_T32TPP_20230712T101634_L2A/metadata.xml"", ""tileinfo_metadata"": ""https://e84-earth-search-sentinel-data.s3.us-west-2.amazonaws.com/sentinel-2-c1-l2a/32/T/PP/2023/7/S2A_T32TPP_20230712T101634_L2A/tileInfo.json"", ""product_metadata"": ""https://e84-earth-search-sentinel-data.s3.us-west-2.amazonaws.com/sentinel-2-c1-l2a/32/T/PP/2023/7/S2A_T32TPP_20230712T101634_L2A/product_metadata.xml"", ""thumbnail"": ""https://e84-earth-search-sentinel-data.s3.us-west-2.amazonaws.com/sentinel-2-c1-l2a/32/T/PP/2023/7/S2A_T32TPP_20230712T101634_L2A/L2A_PVI.jpg""}"
S2B_T32TQQ_20230714T100440_L2A,2023-07-14 10:08:32.933000+00:00,8.143036,,sentinel-2b,"{""red"": ""https://e84-earth-search-sentinel-data.s3.us-west-2.amazonaws.com/sentinel-2-c1-l2a/32/T/QQ/2023/7/S2B_T32TQQ_20230714T100440_L2A/B04.tif"", ""green"": ""https://e84-earth-search-sentinel-data.s3.us-west-2.amazonaws.com/sentinel-2-c1-l2a/32/T/QQ/2023/7/S2B_T32TQQ_20230714T100440_L2A/B03.tif"", ""blue"": ""https://e84-earth-search-sentinel-data.s3.us-west-2.amazonaws.com/sentinel-2-c1-l2a/32/T/QQ/2023/7/S2B_T32TQQ_20230714T100440_L2A/B02.tif"", ""visual"": ""https://e84-earth-search-sentinel-data.s3.us-west-2.amazonaws.com/sentinel-2-c1-l2a/32/T/QQ/2023/7/S2B_T32TQQ_20230714T100440_L2A/TCI.tif"", ""nir"": ""https://e84-earth-search-sentinel-data.s3.us-west-2.amazonaws.com/sentinel-2-c1-l2a/32/T/QQ/2023/7/S2B_T32TQQ_20230714T100440_L2A/B08.tif"", ""swir22"": ""https://e84-earth-search-sentinel-data.s3.us-west-2.amazonaws.com/sentinel-2-c1-l2a/32/T/QQ/2023/7/S2B_T32TQQ_20230714T100440_L2A/B12.tif"", ""rededge2"": ""https://e84-earth-search-sentinel-data.s3.us-west-2.amazonaws.com/sentinel-2-c1-l2a/32/T/QQ/2023/7/S2B_T32TQQ_20230714T100440_L2A/B06.tif"", ""rededge3"": ""https://e84-earth-search-sentinel-data.s3.us-west-2.amazonaws.com/sentinel-2-c1-l2a/32/T/QQ/2023/7/S2B_T32TQQ_20230714T100440_L2A/B07.tif"", ""rededge1"": ""https://e84-earth-search-sentinel-data.s3.us-west-2.amazonaws.com/sentinel-2-c1-l2a/32/T/QQ/2023/7/S2B_T32TQQ_20230714T100440_L2A/B05.tif"", ""swir16"": ""https://e84-earth-search-sentinel-data.s3.us-west-2.amazonaws.com/sentinel-2-c1-l2a/32/T/QQ/2023/7/S2B_T32TQQ_20230714T100440_L2A/B11.tif"", ""wvp"": ""https://e84-earth-search-sentinel-data.s3.us-west-2.amazonaws.com/sentinel-2-c1-l2a/32/T/QQ/2023/7/S2B_T32TQQ_20230714T100440_L2A/WVP.tif"", ""nir08"": ""https://e84-earth-search-sentinel-data.s3.us-west-2.amazonaws.com/sentinel-2-c1-l2a/32/T/QQ/2023/7/S2B_T32TQQ_20230714T100440_L2A/B8A.tif"", ""scl"": ""https://e84-earth-search-sentinel-data.s3.us-west-2.amazonaws.com/sentinel-2-c1-l2a/32/T/QQ/2023/7/S2B_T32TQQ_20230714T100440_L2A/SCL.tif"", ""aot"": ""https://e84-earth-search-sentinel-data.s3.us-west-2.amazonaws.com/sentinel-2-c1-l2a/32/T/QQ/2023/7/S2B_T32TQQ_20230714T100440_L2A/AOT.tif"", ""coastal"": ""https://e84-earth-search-sentinel-data.s3.us-west-2.amazonaws.com/sentinel-2-c1-l2a/32/T/QQ/2023/7/S2B_T32TQQ_20230714T100440_L2A/B01.tif"", ""nir09"": ""https://e84-earth-search-sentinel-data.s3.us-west-2.amazonaws.com/sentinel-2-c1-l2a/32/T/QQ/2023/7/S2B_T32TQQ_20230714T100440_L2A/B09.tif"", ""cloud"": ""https://e84-earth-search-sentinel-data.s3.us-west-2.amazonaws.com/sentinel-2-c1-l2a/32/T/QQ/2023/7/S2B_T32TQQ_20230714T100440_L2A/CLD_20m.tif"", ""snow"": ""https://e84-earth-search-sentinel-data.s3.us-west-2.amazonaws.com/sentinel-2-c1-l2a/32/T/QQ/2023/7/S2B_T32TQQ_20230714T100440_L2A/SNW_20m.tif"", ""preview"": ""https://e84-earth-search-sentinel-data.s3.us-west-2.amazonaws.com/sentinel-2-c1-l2a/32/T/QQ/2023/7/S2B_T32TQQ_20230714T100440_L2A/L2A_PVI.tif"", ""granule_metadata"": ""https://e84-earth-search-sentinel-data.s3.us-west-2.amazonaws.com/sentinel-2-c1-l2a/32/T/QQ/2023/7/S2B_T32TQQ_20230714T100440_L2A/metadata.xml"", ""tileinfo_metadata"": ""https://e84-earth-search-sentinel-data.s3.us-west-2.amazonaws.com/sentinel-2-c1-l2a/32/T/QQ/2023/7/S2B_T32TQQ_20230714T100440_L2A/tileInfo.json"", ""product_metadata"": ""https://e84-earth-search-sentinel-data.s3.us-west-2.amazonaws.com/sentinel-2-c1-l2a/32/T/QQ/2023/7/S2B_T32TQQ_20230714T100440_L2A/product_metadata.xml"", ""thumbnail"": ""https://e84-earth-search-sentinel-data.s3.us-west-2.amazonaws.com/sentinel-2-c1-l2a/32/T/QQ/2023/7/S2B_T32TQQ_20230714T100440_L2A/L2A_PVI.jpg""}"
S2B_T32TQP_20230714T100440_L2A,2023-07-14 10:08:47.656000+00:00,21.576519,,sentinel-2b,"{""red"": ""https://e84-earth-search-sentinel-data.s3.us-west-2.amazonaws.com/sentinel-2-c1-l2a/32/T/QP/2023/7/S2B_T32TQP_20230714T100440_L2A/B04.tif"", ""green"": ""https://e84-earth-search-sentinel-data.s3.us-west-2.amazonaws.com/sentinel-2-c1-l2a/32/T/QP/2023/7/S2B_T32TQP_20230714T100440_L2A/B03.tif"", ""blue"": ""https://e84-earth-search-sentinel-data.s3.us-west-2.amazonaws.com/sentinel-2-c1-l2a/32/T/QP/2023/7/S2B_T32TQP_20230714T100440_L2A/B02.tif"", ""visual"": ""https://e84-earth-search-sentinel-data.s3.us-west-2.amazonaws.com/sentinel-2-c1-l2a/32/T/QP/2023/7/S2B_T32TQP_20230714T100440_L2A/TCI.tif"", ""nir"": ""https://e84-earth-search-sentinel-data.s3.us-west-2.amazonaws.com/sentinel-2-c1-l2a/32/T/QP/2023/7/S2B_T32TQP_20230714T100440_L2A/B08.tif"", ""swir22"": ""https://e84-earth-search-sentinel-data.s3.us-west-2.amazonaws.com/sentinel-2-c1-l2a/32/T/QP/2023/7/S2B_T32TQP_20230714T100440_L2A/B12.tif"", ""rededge2"": ""https://e84-earth-search-sentinel-data.s3.us-west-2.amazonaws.com/sentinel-2-c1-l2a/32/T/QP/2023/7/S2B_T32TQP_20230714T100440_L2A/B06.tif"", ""rededge3"": ""https://e84-earth-search-sentinel-data.s3.us-west-2.amazonaws.com/sentinel-2-c1-l2a/32/T/QP/2023/7/S2B_T32TQP_20230714T100440_L2A/B07.tif"", ""rededge1"": ""https://e84-earth-search-sentinel-data.s3.us-west-2.amazonaws.com/sentinel-2-c1-l2a/32/T/QP/2023/7/S2B_T32TQP_20230714T100440_L2A/B05.tif"", ""swir16"": ""https://e84-earth-search-sentinel-data.s3.us-west-2.amazonaws.com/sentinel-2-c1-l2a/32/T/QP/2023/7/S2B_T32TQP_20230714T100440_L2A/B11.tif"", ""wvp"": ""https://e84-earth-search-sentinel-data.s3.us-west-2.amazonaws.com/sentinel-2-c1-l2a/32/T/QP/2023/7/S2B_T32TQP_20230714T100440_L2A/WVP.tif"", ""nir08"": ""https://e84-earth-search-sentinel-data.s3.us-west-2.amazonaws.com/sentinel-2-c1-l2a/32/T/QP/2023/7/S2B_T32TQP_20230714T100440_L2A/B8A.tif"", ""scl"": ""https://e84-earth-search-sentinel-data.s3.us-west-2.amazonaws.com/sentinel-2-c1-l2a/32/T/QP/2023/7/S2B_T32TQP_20230714T100440_L2A/SCL.tif"", ""aot"": ""https://e84-earth-search-sentinel-data.s3.us-west-2.amazonaws.com/sentinel-2-c1-l2a/32/T/QP/2023/7/S2B_T32TQP_20230714T100440_L2A/AOT.tif"", ""coastal"": ""https://e84-earth-search-sentinel-data.s3.us-west-2.amazonaws.com/sentinel-2-c1-l2a/32/T/QP/2023/7/S2B_T32TQP_20230714T100440_L2A/B01.tif"", ""nir09"": ""https://e84-earth-search-sentinel-data.s3.us-west-2.amazonaws.com/sentinel-2-c1-l2a/32/T/QP/2023/7/S2B_T32TQP_20230714T100440_L2A/B09.tif"", ""cloud"": ""https://e84-earth-search-sentinel-data.s3.us-west-2.amazonaws.com/sentinel-2-c1-l2a/32/T/QP/2023/7/S2B_T32TQP_20230714T100440_L2A/CLD_20m.tif"", ""snow"": ""https://e84-earth-search-sentinel-data.s3.us-west-2.amazonaws.com/sentinel-2-c1-l2a/32/T/QP/2023/7/S2B_T32TQP_20230714T100440_L2A/SNW_20m.tif"", ""preview"": ""https://e84-earth-search-sentinel-data.s3.us-west-2.amazonaws.com/sentinel-2-c1-l2a/32/T/QP/2023/7/S2B_T32TQP_20230714T100440_L2A/L2A_PVI.tif"", ""granule_metadata"": ""https://e84-earth-search-sentinel-data.s3.us-west-2.amazonaws.com/sentinel-2-c1-l2a/32/T/QP/2023/7/S2B_T32TQP_20230714T100440_L2A/metadata.xml"", ""tileinfo_metadata"": ""https://e84-earth-search-sentinel-data.s3.us-west-2.amazonaws.com/sentinel-2-c1-l2a/32/T/QP/2023/7/S2B_T32TQP_20230714T100440_L2A/tileInfo.json"", ""product_metadata"": ""https://e84-earth-search-sentinel-data.s3.us-west-2.amazonaws.com/sentinel-2-c1-l2a/32/T/QP/2023/7/S2B_T32TQP_20230714T100440_L2A/product_metadata.xml"", ""thumbnail"": ""https://e84-earth-search-sentinel-data.s3.us-west-2.amazonaws.com/sentinel-2-c1-l2a/32/T/QP/2023/7/S2B_T32TQP_20230714T100440_L2A/L2A_PVI.jpg""}"
S2B_T32TQQ_20230717T101323_L2A,2023-07-17 10:18:30.492000+00:00,0.076247,,sentinel-2b,"{""red"": ""https://e84-earth-search-sentinel-data.s3.us-west-2.amazonaws.com/sentinel-2-c1-l2a/32/T/QQ/2023/7/S2B_T32TQQ_20230717T101323_L2A/B04.tif"", ""green"": ""https://e84-earth-search-sentinel-data.s3.us-west-2.amazonaws.com/sentinel-2-c1-l2a/32/T/QQ/2023/7/S2B_T32TQQ_20230717T101323_L2A/B03.tif"", ""blue"": ""https://e84-earth-search-sentinel-data.s3.us-west-2.amazonaws.com/sentinel-2-c1-l2a/32/T/QQ/2023/7/S2B_T32TQQ_20230717T101323_L2A/B02.tif"", ""visual"": ""https://e84-earth-search-sentinel-data.s3.us-west-2.amazonaws.com/sentinel-2-c1-l2a/32/T/QQ/2023/7/S2B_T32TQQ_20230717T101323_L2A/TCI.tif"", ""nir"": ""https://e84-earth-search-sentinel-data.s3.us-west-2.amazonaws.com/sentinel-2-c1-l2a/32/T/QQ/2023/7/S2B_T32TQQ_20230717T101323_L2A/B08.tif"", ""swir22"": ""https://e84-earth-search-sentinel-data.s3.us-west-2.amazonaws.com/sentinel-2-c1-l2a/32/T/QQ/2023/7/S2B_T32TQQ_20230717T101323_L2A/B12.tif"", ""rededge2"": ""https://e84-earth-search-sentinel-data.s3.us-west-2.amazonaws.com/sentinel-2-c1-l2a/32/T/QQ/2023/7/S2B_T32TQQ_20230717T101323_L2A/B06.tif"", ""rededge3"": ""https://e84-earth-search-sentinel-data.s3.us-west-2.amazonaws.com/sentinel-2-c1-l2a/32/T/QQ/2023/7/S2B_T32TQQ_20230717T101323_L2A/B07.tif"", ""rededge1"": ""https://e84-earth-search-sentinel-data.s3.us-west-2.amazonaws.com/sentinel-2-c1-l2a/32/T/QQ/2023/7/S2B_T32TQQ_20230717T101323_L2A/B05.tif"", ""swir16"": ""https://e84-earth-search-sentinel-data.s3.us-west-2.amazonaws.com/sentinel-2-c1-l2a/32/T/QQ/2023/7/S2B_T32TQQ_20230717T101323_L2A/B11.tif"", ""wvp"": ""https://e84-earth-search-sentinel-data.s3.us-west-2.amazonaws.com/sentinel-2-c1-l2a/32/T/QQ/2023/7/S2B_T32TQQ_20230717T101323_L2A/WVP.tif"", ""nir08"": ""https://e84-earth-search-sentinel-data.s3.us-west-2.amazonaws.com/sentinel-2-c1-l2a/32/T/QQ/2023/7/S2B_T32TQQ_20230717T101323_L2A/B8A.tif"", ""scl"": ""https://e84-earth-search-sentinel-data.s3.us-west-2.amazonaws.com/sentinel-2-c1-l2a/32/T/QQ/2023/7/S2B_T32TQQ_20230717T101323_L2A/SCL.tif"", ""aot"": ""https://e84-earth-search-sentinel-data.s3.us-west-2.amazonaws.com/sentinel-2-c1-l2a/32/T/QQ/2023/7/S2B_T32TQQ_20230717T101323_L2A/AOT.tif"", ""coastal"": ""https://e84-earth-search-sentinel-data.s3.us-west-2.amazonaws.com/sentinel-2-c1-l2a/32/T/QQ/2023/7/S2B_T32TQQ_20230717T101323_L2A/B01.tif"", ""nir09"": ""https://e84-earth-search-sentinel-data.s3.us-west-2.amazonaws.com/sentinel-2-c1-l2a/32/T/QQ/2023/7/S2B_T32TQQ_20230717T101323_L2A/B09.tif"", ""cloud"": ""https://e84-earth-search-sentinel-data.s3.us-west-2.amazonaws.com/sentinel-2-c1-l2a/32/T/QQ/2023/7/S2B_T32TQQ_20230717T101323_L2A/CLD_20m.tif"", ""snow"": ""https://e84-earth-search-sentinel-data.s3.us-west-2.amazonaws.com/sentinel-2-c1-l2a/32/T/QQ/2023/7/S2B_T32TQQ_20230717T101323_L2A/SNW_20m.tif"", ""preview"": ""https://e84-earth-search-sentinel-data.s3.us-west-2.amazonaws.com/sentinel-2-c1-l2a/32/T/QQ/2023/7/S2B_T32TQQ_20230717T101323_L2A/L2A_PVI.tif"", ""granule_metadata"": ""https://e84-earth-search-sentinel-data.s3.us-west-2.amazonaws.com/sentinel-2-c1-l2a/32/T/QQ/2023/7/S2B_T32TQQ_20230717T101323_L2A/metadata.xml"", ""tileinfo_metadata"": ""https://e84-earth-search-sentinel-data.s3.us-west-2.amazonaws.com/sentinel-2-c1-l2a/32/T/QQ/2023/7/S2B_T32TQQ_20230717T101323_L2A/tileInfo.json"", ""product_metadata"": ""https://e84-earth-search-sentinel-data.s3.us-west-2.amazonaws.com/sentinel-2-c1-l2a/32/T/QQ/2023/7/S2B_T32TQQ_20230717T101323_L2A/product_metadata.xml"", ""thumbnail"": ""https://e84-earth-search-sentinel-data.s3.us-west-2.amazonaws.com/sentinel-2-c1-l2a/32/T/QQ/2023/7/S2B_T32TQQ_20230717T101323_L2A/L2A_PVI.jpg""}"
S2B_T32TPQ_20230717T101323_L2A,2023-07-17 10:18:33.943000+00:00,0.001224,,sentinel-2b,"{""red"": ""https://e84-earth-search-sentinel-data.s3.us-west-2.amazonaws.com/sentinel-2-c1-l2a/32/T/PQ/2023/7/S2B_T32TPQ_20230717T101323_L2A/B04.tif"", ""green"": ""https://e84-earth-search-sentinel-data.s3.us-west-2.amazonaws.com/sentinel-2-c1-l2a/32/T/PQ/2023/7/S2B_T32TPQ_20230717T101323_L2A/B03.tif"", ""blue"": ""https://e84-earth-search-sentinel-data.s3.us-west-2.amazonaws.com/sentinel-2-c1-l2a/32/T/PQ/2023/7/S2B_T32TPQ_20230717T101323_L2A/B02.tif"", ""visual"": ""https://e84-earth-search-sentinel-data.s3.us-west-2.amazonaws.com/sentinel-2-c1-l2a/32/T/PQ/2023/7/S2B_T32TPQ_20230717T101323_L2A/TCI.tif"", ""nir"": ""https://e84-earth-search-sentinel-data.s3.us-west-2.amazonaws.com/sentinel-2-c1-l2a/32/T/PQ/2023/7/S2B_T32TPQ_20230717T101323_L2A/B08.tif"", ""swir22"": ""https://e84-earth-search-sentinel-data.s3.us-west-2.amazonaws.com/sentinel-2-c1-l2a/32/T/PQ/2023/7/S2B_T32TPQ_20230717T101323_L2A/B12.tif"", ""rededge2"": ""https://e84-earth-search-sentinel-data.s3.us-west-2.amazonaws.com/sentinel-2-c1-l2a/32/T/PQ/2023/7/S2B_T32TPQ_20230717T101323_L2A/B06.tif"", ""rededge3"": ""https://e84-earth-search-sentinel-data.s3.us-west-2.amazonaws.com/sentinel-2-c1-l2a/32/T/PQ/2023/7/S2B_T32TPQ_20230717T101323_L2A/B07.tif"", ""rededge1"": ""https://e84-earth-search-sentinel-data.s3.us-west-2.amazonaws.com/sentinel-2-c1-l2a/32/T/PQ/2023/7/S2B_T32TPQ_20230717T101323_L2A/B05.tif"", ""swir16"": ""https://e84-earth-search-sentinel-data.s3.us-west-2.amazonaws.com/sentinel-2-c1-l2a/32/T/PQ/2023/7/S2B_T32TPQ_20230717T101323_L2A/B11.tif"", ""wvp"": ""https://e84-earth-search-sentinel-data.s3.us-west-2.amazonaws.com/sentinel-2-c1-l2a/32/T/PQ/2023/7/S2B_T32TPQ_20230717T101323_L2A/WVP.tif"", ""nir08"": ""https://e84-earth-search-sentinel-data.s3.us-west-2.amazonaws.com/sentinel-2-c1-l2a/32/T/PQ/2023/7/S2B_T32TPQ_20230717T101323_L2A/B8A.tif"", ""scl"": ""https://e84-earth-search-sentinel-data.s3.us-west-2.amazonaws.com/sentinel-2-c1-l2a/32/T/PQ/2023/7/S2B_T32TPQ_20230717T101323_L2A/SCL.tif"", ""aot"": ""https://e84-earth-search-sentinel-data.s3.us-west-2.amazonaws.com/sentinel-2-c1-l2a/32/T/PQ/2023/7/S2B_T32TPQ_20230717T101323_L2A/AOT.tif"", ""coastal"": ""https://e84-earth-search-sentinel-data.s3.us-west-2.amazonaws.com/sentinel-2-c1-l2a/32/T/PQ/2023/7/S2B_T32TPQ_20230717T101323_L2A/B01.tif"", ""nir09"": ""https://e84-earth-search-sentinel-data.s3.us-west-2.amazonaws.com/sentinel-2-c1-l2a/32/T/PQ/2023/7/S2B_T32TPQ_20230717T101323_L2A/B09.tif"", ""cloud"": ""https://e84-earth-search-sentinel-data.s3.us-west-2.amazonaws.com/sentinel-2-c1-l2a/32/T/PQ/2023/7/S2B_T32TPQ_20230717T101323_L2A/CLD_20m.tif"", ""snow"": ""https://e84-earth-search-sentinel-data.s3.us-west-2.amazonaws.com/sentinel-2-c1-l2a/32/T/PQ/2023/7/S2B_T32TPQ_20230717T101323_L2A/SNW_20m.tif"", ""preview"": ""https://e84-earth-search-sentinel-data.s3.us-west-2.amazonaws.com/sentinel-2-c1-l2a/32/T/PQ/2023/7/S2B_T32TPQ_20230717T101323_L2A/L2A_PVI.tif"", ""granule_metadata"": ""https://e84-earth-search-sentinel-data.s3.us-west-2.amazonaws.com/sentinel-2-c1-l2a/32/T/PQ/2023/7/S2B_T32TPQ_20230717T101323_L2A/metadata.xml"", ""tileinfo_metadata"": ""https://e84-earth-search-sentinel-data.s3.us-west-2.amazonaws.com/sentinel-2-c1-l2a/32/T/PQ/2023/7/S2B_T32TPQ_20230717T101323_L2A/tileInfo.json"", ""product_metadata"": ""https://e84-earth-search-sentinel-data.s3.us-west-2.amazonaws.com/sentinel-2-c1-l2a/32/T/PQ/2023/7/S2B_T32TPQ_20230717T101323_L2A/product_metadata.xml"", ""thumbnail"": ""https://e84-earth-search-sentinel-data.s3.us-west-2.amazonaws.com/sentinel-2-c1-l2a/32/T/PQ/2023/7/S2B_T32TPQ_20230717T101323_L2A/L2A_PVI.jpg""}"
S2B_T32TQP_20230717T101323_L2A,2023-07-17 10:18:44.743000+00:00,0.00167,,sentinel-2b,"{""red"": ""https://e84-earth-search-sentinel-data.s3.us-west-2.amazonaws.com/sentinel-2-c1-l2a/32/T/QP/2023/7/S2B_T32TQP_20230717T101323_L2A/B04.tif"", ""green"": ""https://e84-earth-search-sentinel-data.s3.us-west-2.amazonaws.com/sentinel-2-c1-l2a/32/T/QP/2023/7/S2B_T32TQP_20230717T101323_L2A/B03.tif"", ""blue"": ""https://e84-earth-search-sentinel-data.s3.us-west-2.amazonaws.com/sentinel-2-c1-l2a/32/T/QP/2023/7/S2B_T32TQP_20230717T101323_L2A/B02.tif"", ""visual"": ""https://e84-earth-search-sentinel-data.s3.us-west-2.amazonaws.com/sentinel-2-c1-l2a/32/T/QP/2023/7/S2B_T32TQP_20230717T101323_L2A/TCI.tif"", ""nir"": ""https://e84-earth-search-sentinel-data.s3.us-west-2.amazonaws.com/sentinel-2-c1-l2a/32/T/QP/2023/7/S2B_T32TQP_20230717T101323_L2A/B08.tif"", ""swir22"": ""https://e84-earth-search-sentinel-data.s3.us-west-2.amazonaws.com/sentinel-2-c1-l2a/32/T/QP/2023/7/S2B_T32TQP_20230717T101323_L2A/B12.tif"", ""rededge2"": ""https://e84-earth-search-sentinel-data.s3.us-west-2.amazonaws.com/sentinel-2-c1-l2a/32/T/QP/2023/7/S2B_T32TQP_20230717T101323_L2A/B06.tif"", ""rededge3"": ""https://e84-earth-search-sentinel-data.s3.us-west-2.amazonaws.com/sentinel-2-c1-l2a/32/T/QP/2023/7/S2B_T32TQP_20230717T101323_L2A/B07.tif"", ""rededge1"": ""https://e84-earth-search-sentinel-data.s3.us-west-2.amazonaws.com/sentinel-2-c1-l2a/32/T/QP/2023/7/S2B_T32TQP_20230717T101323_L2A/B05.tif"", ""swir16"": ""https://e84-earth-search-sentinel-data.s3.us-west-2.amazonaws.com/sentinel-2-c1-l2a/32/T/QP/2023/7/S2B_T32TQP_20230717T101323_L2A/B11.tif"", ""wvp"": ""https://e84-earth-search-sentinel-data.s3.us-west-2.amazonaws.com/sentinel-2-c1-l2a/32/T/QP/2023/7/S2B_T32TQP_20230717T101323_L2A/WVP.tif"", ""nir08"": ""https://e84-earth-search-sentinel-data.s3.us-west-2.amazonaws.com/sentinel-2-c1-l2a/32/T/QP/2023/7/S2B_T32TQP_20230717T101323_L2A/B8A.tif"", ""scl"": ""https://e84-earth-search-sentinel-data.s3.us-west-2.amazonaws.com/sentinel-2-c1-l2a/32/T/QP/2023/7/S2B_T32TQP_20230717T101323_L2A/SCL.tif"", ""aot"": ""https://e84-earth-search-sentinel-data.s3.us-west-2.amazonaws.com/sentinel-2-c1-l2a/32/T/QP/2023/7/S2B_T32TQP_20230717T101323_L2A/AOT.tif"", ""coastal"": ""https://e84-earth-search-sentinel-data.s3.us-west-2.amazonaws.com/sentinel-2-c1-l2a/32/T/QP/2023/7/S2B_T32TQP_20230717T101323_L2A/B01.tif"", ""nir09"": ""https://e84-earth-search-sentinel-data.s3.us-west-2.amazonaws.com/sentinel-2-c1-l2a/32/T/QP/2023/7/S2B_T32TQP_20230717T101323_L2A/B09.tif"", ""cloud"": ""https://e84-earth-search-sentinel-data.s3.us-west-2.amazonaws.com/sentinel-2-c1-l2a/32/T/QP/2023/7/S2B_T32TQP_20230717T101323_L2A/CLD_20m.tif"", ""snow"": ""https://e84-earth-search-sentinel-data.s3.us-west-2.amazonaws.com/sentinel-2-c1-l2a/32/T/QP/2023/7/S2B_T32TQP_20230717T101323_L2A/SNW_20m.tif"", ""preview"": ""https://e84-earth-search-sentinel-data.s3.us-west-2.amazonaws.com/sentinel-2-c1-l2a/32/T/QP/2023/7/S2B_T32TQP_20230717T101323_L2A/L2A_PVI.tif"", ""granule_metadata"": ""https://e84-earth-search-sentinel-data.s3.us-west-2.amazonaws.com/sentinel-2-c1-l2a/32/T/QP/2023/7/S2B_T32TQP_20230717T101323_L2A/metadata.xml"", ""tileinfo_metadata"": ""https://e84-earth-search-sentinel-data.s3.us-west-2.amazonaws.com/sentinel-2-c1-l2a/32/T/QP/2023/7/S2B_T32TQP_20230717T101323_L2A/tileInfo.json"", ""product_metadata"": ""https://e84-earth-search-sentinel-data.s3.us-west-2.amazonaws.com/sentinel-2-c1-l2a/32/T/QP/2023/7/S2B_T32TQP_20230717T101323_L2A/product_metadata.xml"", ""thumbnail"": ""https://e84-earth-search-sentinel-data.s3.us-west-2.amazonaws.com/sentinel-2-c1-l2a/32/T/QP/2023/7/S2B_T32TQP_20230717T101323_L2A/L2A_PVI.jpg""}"
S2B_T32TPP_20230717T101323_L2A,2023-07-17 10:18:48.342000+00:00,0.029489,,sentinel-2b,"{""red"": ""https://e84-earth-search-sentinel-data.s3.us-west-2.amazonaws.com/sentinel-2-c1-l2a/32/T/PP/2023/7/S2B_T32TPP_20230717T101323_L2A/B04.tif"", ""green"": ""https://e84-earth-search-sentinel-data.s3.us-west-2.amazonaws.com/sentinel-2-c1-l2a/32/T/PP/2023/7/S2B_T32TPP_20230717T101323_L2A/B03.tif"", ""blue"": ""https://e84-earth-search-sentinel-data.s3.us-west-2.amazonaws.com/sentinel-2-c1-l2a/32/T/PP/2023/7/S2B_T32TPP_20230717T101323_L2A/B02.tif"", ""visual"": ""https://e84-earth-search-sentinel-data.s3.us-west-2.amazonaws.com/sentinel-2-c1-l2a/32/T/PP/2023/7/S2B_T32TPP_20230717T101323_L2A/TCI.tif"", ""nir"": ""https://e84-earth-search-sentinel-data.s3.us-west-2.amazonaws.com/sentinel-2-c1-l2a/32/T/PP/2023/7/S2B_T32TPP_20230717T101323_L2A/B08.tif"", ""swir22"": ""https://e84-earth-search-sentinel-data.s3.us-west-2.amazonaws.com/sentinel-2-c1-l2a/32/T/PP/2023/7/S2B_T32TPP_20230717T101323_L2A/B12.tif"", ""rededge2"": ""https://e84-earth-search-sentinel-data.s3.us-west-2.amazonaws.com/sentinel-2-c1-l2a/32/T/PP/2023/7/S2B_T32TPP_20230717T101323_L2A/B06.tif"", ""rededge3"": ""https://e84-earth-search-sentinel-data.s3.us-west-2.amazonaws.com/sentinel-2-c1-l2a/32/T/PP/2023/7/S2B_T32TPP_20230717T101323_L2A/B07.tif"", ""rededge1"": ""https://e84-earth-search-sentinel-data.s3.us-west-2.amazonaws.com/sentinel-2-c1-l2a/32/T/PP/2023/7/S2B_T32TPP_20230717T101323_L2A/B05.tif"", ""swir16"": ""https://e84-earth-search-sentinel-data.s3.us-west-2.amazonaws.com/sentinel-2-c1-l2a/32/T/PP/2023/7/S2B_T32TPP_20230717T101323_L2A/B11.tif"", ""wvp"": ""https://e84-earth-search-sentinel-data.s3.us-west-2.amazonaws.com/sentinel-2-c1-l2a/32/T/PP/2023/7/S2B_T32TPP_20230717T101323_L2A/WVP.tif"", ""nir08"": ""https://e84-earth-search-sentinel-data.s3.us-west-2.amazonaws.com/sentinel-2-c1-l2a/32/T/PP/2023/7/S2B_T32TPP_20230717T101323_L2A/B8A.tif"", ""scl"": ""https://e84-earth-search-sentinel-data.s3.us-west-2.amazonaws.com/sentinel-2-c1-l2a/32/T/PP/2023/7/S2B_T32TPP_20230717T101323_L2A/SCL.tif"", ""aot"": ""https://e84-earth-search-sentinel-data.s3.us-west-2.amazonaws.com/sentinel-2-c1-l2a/32/T/PP/2023/7/S2B_T32TPP_20230717T101323_L2A/AOT.tif"", ""coastal"": ""https://e84-earth-search-sentinel-data.s3.us-west-2.amazonaws.com/sentinel-2-c1-l2a/32/T/PP/2023/7/S2B_T32TPP_20230717T101323_L2A/B01.tif"", ""nir09"": ""https://e84-earth-search-sentinel-data.s3.us-west-2.amazonaws.com/sentinel-2-c1-l2a/32/T/PP/2023/7/S2B_T32TPP_20230717T101323_L2A/B09.tif"", ""cloud"": ""https://e84-earth-search-sentinel-data.s3.us-west-2.amazonaws.com/sentinel-2-c1-l2a/32/T/PP/2023/7/S2B_T32TPP_20230717T101323_L2A/CLD_20m.tif"", ""snow"": ""https://e84-earth-search-sentinel-data.s3.us-west-2.amazonaws.com/sentinel-2-c1-l2a/32/T/PP/2023/7/S2B_T32TPP_20230717T101323_L2A/SNW_20m.tif"", ""preview"": ""https://e84-earth-search-sentinel-data.s3.us-west-2.amazonaws.com/sentinel-2-c1-l2a/32/T/PP/2023/7/S2B_T32TPP_20230717T101323_L2A/L2A_PVI.tif"", ""granule_metadata"": ""https://e84-earth-search-sentinel-data.s3.us-west-2.amazonaws.com/sentinel-2-c1-l2a/32/T/PP/2023/7/S2B_T32TPP_20230717T101323_L2A/metadata.xml"", ""tileinfo_metadata"": ""https://e84-earth-search-sentinel-data.s3.us-west-2.amazonaws.com/sentinel-2-c1-l2a/32/T/PP/2023/7/S2B_T32TPP_20230717T101323_L2A/tileInfo.json"", ""product_metadata"": ""https://e84-earth-search-sentinel-data.s3.us-west-2.amazonaws.com/sentinel-2-c1-l2a/32/T/PP/2023/7/S2B_T32TPP_20230717T101323_L2A/product_metadata.xml"", ""thumbnail"": ""https://e84-earth-search-sentinel-data.s3.us-west-2.amazonaws.com/sentinel-2-c1-l2a/32/T/PP/2023/7/S2B_T32TPP_20230717T101323_L2A/L2A_PVI.jpg""}"
S2A_T32TQQ_20230719T100030_L2A,2023-07-19 10:08:32.277000+00:00,63.729507,,sentinel-2a,"{""red"": ""https://e84-earth-search-sentinel-data.s3.us-west-2.amazonaws.com/sentinel-2-c1-l2a/32/T/QQ/2023/7/S2A_T32TQQ_20230719T100030_L2A/B04.tif"", ""green"": ""https://e84-earth-search-sentinel-data.s3.us-west-2.amazonaws.com/sentinel-2-c1-l2a/32/T/QQ/2023/7/S2A_T32TQQ_20230719T100030_L2A/B03.tif"", ""blue"": ""https://e84-earth-search-sentinel-data.s3.us-west-2.amazonaws.com/sentinel-2-c1-l2a/32/T/QQ/2023/7/S2A_T32TQQ_20230719T100030_L2A/B02.tif"", ""visual"": ""https://e84-earth-search-sentinel-data.s3.us-west-2.amazonaws.com/sentinel-2-c1-l2a/32/T/QQ/2023/7/S2A_T32TQQ_20230719T100030_L2A/TCI.tif"", ""nir"": ""https://e84-earth-search-sentinel-data.s3.us-west-2.amazonaws.com/sentinel-2-c1-l2a/32/T/QQ/2023/7/S2A_T32TQQ_20230719T100030_L2A/B08.tif"", ""swir22"": ""https://e84-earth-search-sentinel-data.s3.us-west-2.amazonaws.com/sentinel-2-c1-l2a/32/T/QQ/2023/7/S2A_T32TQQ_20230719T100030_L2A/B12.tif"", ""rededge2"": ""https://e84-earth-search-sentinel-data.s3.us-west-2.amazonaws.com/sentinel-2-c1-l2a/32/T/QQ/2023/7/S2A_T32TQQ_20230719T100030_L2A/B06.tif"", ""rededge3"": ""https://e84-earth-search-sentinel-data.s3.us-west-2.amazonaws.com/sentinel-2-c1-l2a/32/T/QQ/2023/7/S2A_T32TQQ_20230719T100030_L2A/B07.tif"", ""rededge1"": ""https://e84-earth-search-sentinel-data.s3.us-west-2.amazonaws.com/sentinel-2-c1-l2a/32/T/QQ/2023/7/S2A_T32TQQ_20230719T100030_L2A/B05.tif"", ""swir16"": ""https://e84-earth-search-sentinel-data.s3.us-west-2.amazonaws.com/sentinel-2-c1-l2a/32/T/QQ/2023/7/S2A_T32TQQ_20230719T100030_L2A/B11.tif"", ""wvp"": ""https://e84-earth-search-sentinel-data.s3.us-west-2.amazonaws.com/sentinel-2-c1-l2a/32/T/QQ/2023/7/S2A_T32TQQ_20230719T100030_L2A/WVP.tif"", ""nir08"": ""https://e84-earth-search-sentinel-data.s3.us-west-2.amazonaws.com/sentinel-2-c1-l2a/32/T/QQ/2023/7/S2A_T32TQQ_20230719T100030_L2A/B8A.tif"", ""scl"": ""https://e84-earth-search-sentinel-data.s3.us-west-2.amazonaws.com/sentinel-2-c1-l2a/32/T/QQ/2023/7/S2A_T32TQQ_20230719T100030_L2A/SCL.tif"", ""aot"": ""https://e84-earth-search-sentinel-data.s3.us-west-2.amazonaws.com/sentinel-2-c1-l2a/32/T/QQ/2023/7/S2A_T32TQQ_20230719T100030_L2A/AOT.tif"", ""coastal"": ""https://e84-earth-search-sentinel-data.s3.us-west-2.amazonaws.com/sentinel-2-c1-l2a/32/T/QQ/2023/7/S2A_T32TQQ_20230719T100030_L2A/B01.tif"", ""nir09"": ""https://e84-earth-search-sentinel-data.s3.us-west-2.amazonaws.com/sentinel-2-c1-l2a/32/T/QQ/2023/7/S2A_T32TQQ_20230719T100030_L2A/B09.tif"", ""cloud"": ""https://e84-earth-search-sentinel-data.s3.us-west-2.amazonaws.com/sentinel-2-c1-l2a/32/T/QQ/2023/7/S2A_T32TQQ_20230719T100030_L2A/CLD_20m.tif"", ""snow"": ""https://e84-earth-search-sentinel-data.s3.us-west-2.amazonaws.com/sentinel-2-c1-l2a/32/T/QQ/2023/7/S2A_T32TQQ_20230719T100030_L2A/SNW_20m.tif"", ""preview"": ""https://e84-earth-search-sentinel-data.s3.us-west-2.amazonaws.com/sentinel-2-c1-l2a/32/T/QQ/2023/7/S2A_T32TQQ_20230719T100030_L2A/L2A_PVI.tif"", ""granule_metadata"": ""https://e84-earth-search-sentinel-data.s3.us-west-2.amazonaws.com/sentinel-2-c1-l2a/32/T/QQ/2023/7/S2A_T32TQQ_20230719T100030_L2A/metadata.xml"", ""tileinfo_metadata"": ""https://e84-earth-search-sentinel-data.s3.us-west-2.amazonaws.com/sentinel-2-c1-l2a/32/T/QQ/2023/7/S2A_T32TQQ_20230719T100030_L2A/tileInfo.json"", ""product_metadata"": ""https://e84-earth-search-sentinel-data.s3.us-west-2.amazonaws.com/sentinel-2-c1-l2a/32/T/QQ/2023/7/S2A_T32TQQ_20230719T100030_L2A/product_metadata.xml"", ""thumbnail"": ""https://e84-earth-search-sentinel-data.s3.us-west-2.amazonaws.com/sentinel-2-c1-l2a/32/T/QQ/2023/7/S2A_T32TQQ_20230719T100030_L2A/L2A_PVI.jpg""}"
S2A_T32TQP_20230719T100030_L2A,2023-07-19 10:08:46.999000+00:00,4.25606,,sentinel-2a,"{""red"": ""https://e84-earth-search-sentinel-data.s3.us-west-2.amazonaws.com/sentinel-2-c1-l2a/32/T/QP/2023/7/S2A_T32TQP_20230719T100030_L2A/B04.tif"", ""green"": ""https://e84-earth-search-sentinel-data.s3.us-west-2.amazonaws.com/sentinel-2-c1-l2a/32/T/QP/2023/7/S2A_T32TQP_20230719T100030_L2A/B03.tif"", ""blue"": ""https://e84-earth-search-sentinel-data.s3.us-west-2.amazonaws.com/sentinel-2-c1-l2a/32/T/QP/2023/7/S2A_T32TQP_20230719T100030_L2A/B02.tif"", ""visual"": ""https://e84-earth-search-sentinel-data.s3.us-west-2.amazonaws.com/sentinel-2-c1-l2a/32/T/QP/2023/7/S2A_T32TQP_20230719T100030_L2A/TCI.tif"", ""nir"": ""https://e84-earth-search-sentinel-data.s3.us-west-2.amazonaws.com/sentinel-2-c1-l2a/32/T/QP/2023/7/S2A_T32TQP_20230719T100030_L2A/B08.tif"", ""swir22"": ""https://e84-earth-search-sentinel-data.s3.us-west-2.amazonaws.com/sentinel-2-c1-l2a/32/T/QP/2023/7/S2A_T32TQP_20230719T100030_L2A/B12.tif"", ""rededge2"": ""https://e84-earth-search-sentinel-data.s3.us-west-2.amazonaws.com/sentinel-2-c1-l2a/32/T/QP/2023/7/S2A_T32TQP_20230719T100030_L2A/B06.tif"", ""rededge3"": ""https://e84-earth-search-sentinel-data.s3.us-west-2.amazonaws.com/sentinel-2-c1-l2a/32/T/QP/2023/7/S2A_T32TQP_20230719T100030_L2A/B07.tif"", ""rededge1"": ""https://e84-earth-search-sentinel-data.s3.us-west-2.amazonaws.com/sentinel-2-c1-l2a/32/T/QP/2023/7/S2A_T32TQP_20230719T100030_L2A/B05.tif"", ""swir16"": ""https://e84-earth-search-sentinel-data.s3.us-west-2.amazonaws.com/sentinel-2-c1-l2a/32/T/QP/2023/7/S2A_T32TQP_20230719T100030_L2A/B11.tif"", ""wvp"": ""https://e84-earth-search-sentinel-data.s3.us-west-2.amazonaws.com/sentinel-2-c1-l2a/32/T/QP/2023/7/S2A_T32TQP_20230719T100030_L2A/WVP.tif"", ""nir08"": ""https://e84-earth-search-sentinel-data.s3.us-west-2.amazonaws.com/sentinel-2-c1-l2a/32/T/QP/2023/7/S2A_T32TQP_20230719T100030_L2A/B8A.tif"", ""scl"": ""https://e84-earth-search-sentinel-data.s3.us-west-2.amazonaws.com/sentinel-2-c1-l2a/32/T/QP/2023/7/S2A_T32TQP_20230719T100030_L2A/SCL.tif"", ""aot"": ""https://e84-earth-search-sentinel-data.s3.us-west-2.amazonaws.com/sentinel-2-c1-l2a/32/T/QP/2023/7/S2A_T32TQP_20230719T100030_L2A/AOT.tif"", ""coastal"": ""https://e84-earth-search-sentinel-data.s3.us-west-2.amazonaws.com/sentinel-2-c1-l2a/32/T/QP/2023/7/S2A_T32TQP_20230719T100030_L2A/B01.tif"", ""nir09"": ""https://e84-earth-search-sentinel-data.s3.us-west-2.amazonaws.com/sentinel-2-c1-l2a/32/T/QP/2023/7/S2A_T32TQP_20230719T100030_L2A/B09.tif"", ""cloud"": ""https://e84-earth-search-sentinel-data.s3.us-west-2.amazonaws.com/sentinel-2-c1-l2a/32/T/QP/2023/7/S2A_T32TQP_20230719T100030_L2A/CLD_20m.tif"", ""snow"": ""https://e84-earth-search-sentinel-data.s3.us-west-2.amazonaws.com/sentinel-2-c1-l2a/32/T/QP/2023/7/S2A_T32TQP_20230719T100030_L2A/SNW_20m.tif"", ""preview"": ""https://e84-earth-search-sentinel-data.s3.us-west-2.amazonaws.com/sentinel-2-c1-l2a/32/T/QP/2023/7/S2A_T32TQP_20230719T100030_L2A/L2A_PVI.tif"", ""granule_metadata"": ""https://e84-earth-search-sentinel-data.s3.us-west-2.amazonaws.com/sentinel-2-c1-l2a/32/T/QP/2023/7/S2A_T32TQP_20230719T100030_L2A/metadata.xml"", ""tileinfo_metadata"": ""https://e84-earth-search-sentinel-data.s3.us-west-2.amazonaws.com/sentinel-2-c1-l2a/32/T/QP/2023/7/S2A_T32TQP_20230719T100030_L2A/tileInfo.json"", ""product_metadata"": ""https://e84-earth-search-sentinel-data.s3.us-west-2.amazonaws.com/sentinel-2-c1-l2a/32/T/QP/2023/7/S2A_T32TQP_20230719T100030_L2A/product_metadata.xml"", ""thumbnail"": ""https://e84-earth-search-sentinel-data.s3.us-west-2.amazonaws.com/sentinel-2-c1-l2a/32/T/QP/2023/7/S2A_T32TQP_20230719T100030_L2A/L2A_PVI.jpg""}"
S2A_T32TQQ_20230722T100735_L2A,2023-07-22 10:18:29.309000+00:00,5.751397,,sentinel-2a,"{""red"": ""https://e84-earth-search-sentinel-data.s3.us-west-2.amazonaws.com/sentinel-2-c1-l2a/32/T/QQ/2023/7/S2A_T32TQQ_20230722T100735_L2A/B04.tif"", ""green"": ""https://e84-earth-search-sentinel-data.s3.us-west-2.amazonaws.com/sentinel-2-c1-l2a/32/T/QQ/2023/7/S2A_T32TQQ_20230722T100735_L2A/B03.tif"", ""blue"": ""https://e84-earth-search-sentinel-data.s3.us-west-2.amazonaws.com/sentinel-2-c1-l2a/32/T/QQ/2023/7/S2A_T32TQQ_20230722T100735_L2A/B02.tif"", ""visual"": ""https://e84-earth-search-sentinel-data.s3.us-west-2.amazonaws.com/sentinel-2-c1-l2a/32/T/QQ/2023/7/S2A_T32TQQ_20230722T100735_L2A/TCI.tif"", ""nir"": ""https://e84-earth-search-sentinel-data.s3.us-west-2.amazonaws.com/sentinel-2-c1-l2a/32/T/QQ/2023/7/S2A_T32TQQ_20230722T100735_L2A/B08.tif"", ""swir22"": ""https://e84-earth-search-sentinel-data.s3.us-west-2.amazonaws.com/sentinel-2-c1-l2a/32/T/QQ/2023/7/S2A_T32TQQ_20230722T100735_L2A/B12.tif"", ""rededge2"": ""https://e84-earth-search-sentinel-data.s3.us-west-2.amazonaws.com/sentinel-2-c1-l2a/32/T/QQ/2023/7/S2A_T32TQQ_20230722T100735_L2A/B06.tif"", ""rededge3"": ""https://e84-earth-search-sentinel-data.s3.us-west-2.amazonaws.com/sentinel-2-c1-l2a/32/T/QQ/2023/7/S2A_T32TQQ_20230722T100735_L2A/B07.tif"", ""rededge1"": ""https://e84-earth-search-sentinel-data.s3.us-west-2.amazonaws.com/sentinel-2-c1-l2a/32/T/QQ/2023/7/S2A_T32TQQ_20230722T100735_L2A/B05.tif"", ""swir16"": ""https://e84-earth-search-sentinel-data.s3.us-west-2.amazonaws.com/sentinel-2-c1-l2a/32/T/QQ/2023/7/S2A_T32TQQ_20230722T100735_L2A/B11.tif"", ""wvp"": ""https://e84-earth-search-sentinel-data.s3.us-west-2.amazonaws.com/sentinel-2-c1-l2a/32/T/QQ/2023/7/S2A_T32TQQ_20230722T100735_L2A/WVP.tif"", ""nir08"": ""https://e84-earth-search-sentinel-data.s3.us-west-2.amazonaws.com/sentinel-2-c1-l2a/32/T/QQ/2023/7/S2A_T32TQQ_20230722T100735_L2A/B8A.tif"", ""scl"": ""https://e84-earth-search-sentinel-data.s3.us-west-2.amazonaws.com/sentinel-2-c1-l2a/32/T/QQ/2023/7/S2A_T32TQQ_20230722T100735_L2A/SCL.tif"", ""aot"": ""https://e84-earth-search-sentinel-data.s3.us-west-2.amazonaws.com/sentinel-2-c1-l2a/32/T/QQ/2023/7/S2A_T32TQQ_20230722T100735_L2A/AOT.tif"", ""coastal"": ""https://e84-earth-search-sentinel-data.s3.us-west-2.amazonaws.com/sentinel-2-c1-l2a/32/T/QQ/2023/7/S2A_T32TQQ_20230722T100735_L2A/B01.tif"", ""nir09"": ""https://e84-earth-search-sentinel-data.s3.us-west-2.amazonaws.com/sentinel-2-c1-l2a/32/T/QQ/2023/7/S2A_T32TQQ_20230722T100735_L2A/B09.tif"", ""cloud"": ""https://e84-earth-search-sentinel-data.s3.us-west-2.amazonaws.com/sentinel-2-c1-l2a/32/T/QQ/2023/7/S2A_T32TQQ_20230722T100735_L2A/CLD_20m.tif"", ""snow"": ""https://e84-earth-search-sentinel-data.s3.us-west-2.amazonaws.com/sentinel-2-c1-l2a/32/T/QQ/2023/7/S2A_T32TQQ_20230722T100735_L2A/SNW_20m.tif"", ""preview"": ""https://e84-earth-search-sentinel-data.s3.us-west-2.amazonaws.com/sentinel-2-c1-l2a/32/T/QQ/2023/7/S2A_T32TQQ_20230722T100735_L2A/L2A_PVI.tif"", ""granule_metadata"": ""https://e84-earth-search-sentinel-data.s3.us-west-2.amazonaws.com/sentinel-2-c1-l2a/32/T/QQ/2023/7/S2A_T32TQQ_20230722T100735_L2A/metadata.xml"", ""tileinfo_metadata"": ""https://e84-earth-search-sentinel-data.s3.us-west-2.amazonaws.com/sentinel-2-c1-l2a/32/T/QQ/2023/7/S2A_T32TQQ_20230722T100735_L2A/tileInfo.json"", ""product_metadata"": ""https://e84-earth-search-sentinel-data.s3.us-west-2.amazonaws.com/sentinel-2-c1-l2a/32/T/QQ/2023/7/S2A_T32TQQ_20230722T100735_L2A/product_metadata.xml"", ""thumbnail"": ""https://e84-earth-search-sentinel-data.s3.us-west-2.amazonaws.com/sentinel-2-c1-l2a/32/T/QQ/2023/7/S2A_T32TQQ_20230722T100735_L2A/L2A_PVI.jpg""}"
S2A_T32TPQ_20230722T100735_L2A,2023-07-22 10:18:32.764000+00:00,12.755468,,sentinel-2a,"{""red"": ""https://e84-earth-search-sentinel-data.s3.us-west-2.amazonaws.com/sentinel-2-c1-l2a/32/T/PQ/2023/7/S2A_T32TPQ_20230722T100735_L2A/B04.tif"", ""green"": ""https://e84-earth-search-sentinel-data.s3.us-west-2.amazonaws.com/sentinel-2-c1-l2a/32/T/PQ/2023/7/S2A_T32TPQ_20230722T100735_L2A/B03.tif"", ""blue"": ""https://e84-earth-search-sentinel-data.s3.us-west-2.amazonaws.com/sentinel-2-c1-l2a/32/T/PQ/2023/7/S2A_T32TPQ_20230722T100735_L2A/B02.tif"", ""visual"": ""https://e84-earth-search-sentinel-data.s3.us-west-2.amazonaws.com/sentinel-2-c1-l2a/32/T/PQ/2023/7/S2A_T32TPQ_20230722T100735_L2A/TCI.tif"", ""nir"": ""https://e84-earth-search-sentinel-data.s3.us-west-2.amazonaws.com/sentinel-2-c1-l2a/32/T/PQ/2023/7/S2A_T32TPQ_20230722T100735_L2A/B08.tif"", ""swir22"": ""https://e84-earth-search-sentinel-data.s3.us-west-2.amazonaws.com/sentinel-2-c1-l2a/32/T/PQ/2023/7/S2A_T32TPQ_20230722T100735_L2A/B12.tif"", ""rededge2"": ""https://e84-earth-search-sentinel-data.s3.us-west-2.amazonaws.com/sentinel-2-c1-l2a/32/T/PQ/2023/7/S2A_T32TPQ_20230722T100735_L2A/B06.tif"", ""rededge3"": ""https://e84-earth-search-sentinel-data.s3.us-west-2.amazonaws.com/sentinel-2-c1-l2a/32/T/PQ/2023/7/S2A_T32TPQ_20230722T100735_L2A/B07.tif"", ""rededge1"": ""https://e84-earth-search-sentinel-data.s3.us-west-2.amazonaws.com/sentinel-2-c1-l2a/32/T/PQ/2023/7/S2A_T32TPQ_20230722T100735_L2A/B05.tif"", ""swir16"": ""https://e84-earth-search-sentinel-data.s3.us-west-2.amazonaws.com/sentinel-2-c1-l2a/32/T/PQ/2023/7/S2A_T32TPQ_20230722T100735_L2A/B11.tif"", ""wvp"": ""https://e84-earth-search-sentinel-data.s3.us-west-2.amazonaws.com/sentinel-2-c1-l2a/32/T/PQ/2023/7/S2A_T32TPQ_20230722T100735_L2A/WVP.tif"", ""nir08"": ""https://e84-earth-search-sentinel-data.s3.us-west-2.amazonaws.com/sentinel-2-c1-l2a/32/T/PQ/2023/7/S2A_T32TPQ_20230722T100735_L2A/B8A.tif"", ""scl"": ""https://e84-earth-search-sentinel-data.s3.us-west-2.amazonaws.com/sentinel-2-c1-l2a/32/T/PQ/2023/7/S2A_T32TPQ_20230722T100735_L2A/SCL.tif"", ""aot"": ""https://e84-earth-search-sentinel-data.s3.us-west-2.amazonaws.com/sentinel-2-c1-l2a/32/T/PQ/2023/7/S2A_T32TPQ_20230722T100735_L2A/AOT.tif"", ""coastal"": ""https://e84-earth-search-sentinel-data.s3.us-west-2.amazonaws.com/sentinel-2-c1-l2a/32/T/PQ/2023/7/S2A_T32TPQ_20230722T100735_L2A/B01.tif"", ""nir09"": ""https://e84-earth-search-sentinel-data.s3.us-west-2.amazonaws.com/sentinel-2-c1-l2a/32/T/PQ/2023/7/S2A_T32TPQ_20230722T100735_L2A/B09.tif"", ""cloud"": ""https://e84-earth-search-sentinel-data.s3.us-west-2.amazonaws.com/sentinel-2-c1-l2a/32/T/PQ/2023/7/S2A_T32TPQ_20230722T100735_L2A/CLD_20m.tif"", ""snow"": ""https://e84-earth-search-sentinel-data.s3.us-west-2.amazonaws.com/sentinel-2-c1-l2a/32/T/PQ/2023/7/S2A_T32TPQ_20230722T100735_L2A/SNW_20m.tif"", ""preview"": ""https://e84-earth-search-sentinel-data.s3.us-west-2.amazonaws.com/sentinel-2-c1-l2a/32/T/PQ/2023/7/S2A_T32TPQ_20230722T100735_L2A/L2A_PVI.tif"", ""granule_metadata"": ""https://e84-earth-search-sentinel-data.s3.us-west-2.amazonaws.com/sentinel-2-c1-l2a/32/T/PQ/2023/7/S2A_T32TPQ_20230722T100735_L2A/metadata.xml"", ""tileinfo_metadata"": ""https://e84-earth-search-sentinel-data.s3.us-west-2.amazonaws.com/sentinel-2-c1-l2a/32/T/PQ/2023/7/S2A_T32TPQ_20230722T100735_L2A/tileInfo.json"", ""product_metadata"": ""https://e84-earth-search-sentinel-data.s3.us-west-2.amazonaws.com/sentinel-2-c1-l2a/32/T/PQ/2023/7/S2A_T32TPQ_20230722T100735_L2A/product_metadata.xml"", ""thumbnail"": ""https://e84-earth-search-sentinel-data.s3.us-west-2.amazonaws.com/sentinel-2-c1-l2a/32/T/PQ/2023/7/S2A_T32TPQ_20230722T100735_L2A/L2A_PVI.jpg""}"
S2A_T32TQP_20230722T100735_L2A,2023-07-22 10:18:43.561000+00:00,1.664975,,sentinel-2a,"{""red"": ""https://e84-earth-search-sentinel-data.s3.us-west-2.amazonaws.com/sentinel-2-c1-l2a/32/T/QP/2023/7/S2A_T32TQP_20230722T100735_L2A/B04.tif"", ""green"": ""https://e84-earth-search-sentinel-data.s3.us-west-2.amazonaws.com/sentinel-2-c1-l2a/32/T/QP/2023/7/S2A_T32TQP_20230722T100735_L2A/B03.tif"", ""blue"": ""https://e84-earth-search-sentinel-data.s3.us-west-2.amazonaws.com/sentinel-2-c1-l2a/32/T/QP/2023/7/S2A_T32TQP_20230722T100735_L2A/B02.tif"", ""visual"": ""https://e84-earth-search-sentinel-data.s3.us-west-2.amazonaws.com/sentinel-2-c1-l2a/32/T/QP/2023/7/S2A_T32TQP_20230722T100735_L2A/TCI.tif"", ""nir"": ""https://e84-earth-search-sentinel-data.s3.us-west-2.amazonaws.com/sentinel-2-c1-l2a/32/T/QP/2023/7/S2A_T32TQP_20230722T100735_L2A/B08.tif"", ""swir22"": ""https://e84-earth-search-sentinel-data.s3.us-west-2.amazonaws.com/sentinel-2-c1-l2a/32/T/QP/2023/7/S2A_T32TQP_20230722T100735_L2A/B12.tif"", ""rededge2"": ""https://e84-earth-search-sentinel-data.s3.us-west-2.amazonaws.com/sentinel-2-c1-l2a/32/T/QP/2023/7/S2A_T32TQP_20230722T100735_L2A/B06.tif"", ""rededge3"": ""https://e84-earth-search-sentinel-data.s3.us-west-2.amazonaws.com/sentinel-2-c1-l2a/32/T/QP/2023/7/S2A_T32TQP_20230722T100735_L2A/B07.tif"", ""rededge1"": ""https://e84-earth-search-sentinel-data.s3.us-west-2.amazonaws.com/sentinel-2-c1-l2a/32/T/QP/2023/7/S2A_T32TQP_20230722T100735_L2A/B05.tif"", ""swir16"": ""https://e84-earth-search-sentinel-data.s3.us-west-2.amazonaws.com/sentinel-2-c1-l2a/32/T/QP/2023/7/S2A_T32TQP_20230722T100735_L2A/B11.tif"", ""wvp"": ""https://e84-earth-search-sentinel-data.s3.us-west-2.amazonaws.com/sentinel-2-c1-l2a/32/T/QP/2023/7/S2A_T32TQP_20230722T100735_L2A/WVP.tif"", ""nir08"": ""https://e84-earth-search-sentinel-data.s3.us-west-2.amazonaws.com/sentinel-2-c1-l2a/32/T/QP/2023/7/S2A_T32TQP_20230722T100735_L2A/B8A.tif"", ""scl"": ""https://e84-earth-search-sentinel-data.s3.us-west-2.amazonaws.com/sentinel-2-c1-l2a/32/T/QP/2023/7/S2A_T32TQP_20230722T100735_L2A/SCL.tif"", ""aot"": ""https://e84-earth-search-sentinel-data.s3.us-west-2.amazonaws.com/sentinel-2-c1-l2a/32/T/QP/2023/7/S2A_T32TQP_20230722T100735_L2A/AOT.tif"", ""coastal"": ""https://e84-earth-search-sentinel-data.s3.us-west-2.amazonaws.com/sentinel-2-c1-l2a/32/T/QP/2023/7/S2A_T32TQP_20230722T100735_L2A/B01.tif"", ""nir09"": ""https://e84-earth-search-sentinel-data.s3.us-west-2.amazonaws.com/sentinel-2-c1-l2a/32/T/QP/2023/7/S2A_T32TQP_20230722T100735_L2A/B09.tif"", ""cloud"": ""https://e84-earth-search-sentinel-data.s3.us-west-2.amazonaws.com/sentinel-2-c1-l2a/32/T/QP/2023/7/S2A_T32TQP_20230722T100735_L2A/CLD_20m.tif"", ""snow"": ""https://e84-earth-search-sentinel-data.s3.us-west-2.amazonaws.com/sentinel-2-c1-l2a/32/T/QP/2023/7/S2A_T32TQP_20230722T100735_L2A/SNW_20m.tif"", ""preview"": ""https://e84-earth-search-sentinel-data.s3.us-west-2.amazonaws.com/sentinel-2-c1-l2a/32/T/QP/2023/7/S2A_T32TQP_20230722T100735_L2A/L2A_PVI.tif"", ""granule_metadata"": ""https://e84-earth-search-sentinel-data.s3.us-west-2.amazonaws.com/sentinel-2-c1-l2a/32/T/QP/2023/7/S2A_T32TQP_20230722T100735_L2A/metadata.xml"", ""tileinfo_metadata"": ""https://e84-earth-search-sentinel-data.s3.us-west-2.amazonaws.com/sentinel-2-c1-l2a/32/T/QP/2023/7/S2A_T32TQP_20230722T100735_L2A/tileInfo.json"", ""product_metadata"": ""https://e84-earth-search-sentinel-data.s3.us-west-2.amazonaws.com/sentinel-2-c1-l2a/32/T/QP/2023/7/S2A_T32TQP_20230722T100735_L2A/product_metadata.xml"", ""thumbnail"": ""https://e84-earth-search-sentinel-data.s3.us-west-2.amazonaws.com/sentinel-2-c1-l2a/32/T/QP/2023/7/S2A_T32TQP_20230722T100735_L2A/L2A_PVI.jpg""}"
S2A_T32TPP_20230722T100735_L2A,2023-07-22 10:18:47.162000+00:00,7.895598,,sentinel-2a,"{""red"": ""https://e84-earth-search-sentinel-data.s3.us-west-2.amazonaws.com/sentinel-2-c1-l2a/32/T/PP/2023/7/S2A_T32TPP_20230722T100735_L2A/B04.tif"", ""green"": ""https://e84-earth-search-sentinel-data.s3.us-west-2.amazonaws.com/sentinel-2-c1-l2a/32/T/PP/2023/7/S2A_T32TPP_20230722T100735_L2A/B03.tif"", ""blue"": ""https://e84-earth-search-sentinel-data.s3.us-west-2.amazonaws.com/sentinel-2-c1-l2a/32/T/PP/2023/7/S2A_T32TPP_20230722T100735_L2A/B02.tif"", ""visual"": ""https://e84-earth-search-sentinel-data.s3.us-west-2.amazonaws.com/sentinel-2-c1-l2a/32/T/PP/2023/7/S2A_T32TPP_20230722T100735_L2A/TCI.tif"", ""nir"": ""https://e84-earth-search-sentinel-data.s3.us-west-2.amazonaws.com/sentinel-2-c1-l2a/32/T/PP/2023/7/S2A_T32TPP_20230722T100735_L2A/B08.tif"", ""swir22"": ""https://e84-earth-search-sentinel-data.s3.us-west-2.amazonaws.com/sentinel-2-c1-l2a/32/T/PP/2023/7/S2A_T32TPP_20230722T100735_L2A/B12.tif"", ""rededge2"": ""https://e84-earth-search-sentinel-data.s3.us-west-2.amazonaws.com/sentinel-2-c1-l2a/32/T/PP/2023/7/S2A_T32TPP_20230722T100735_L2A/B06.tif"", ""rededge3"": ""https://e84-earth-search-sentinel-data.s3.us-west-2.amazonaws.com/sentinel-2-c1-l2a/32/T/PP/2023/7/S2A_T32TPP_20230722T100735_L2A/B07.tif"", ""rededge1"": ""https://e84-earth-search-sentinel-data.s3.us-west-2.amazonaws.com/sentinel-2-c1-l2a/32/T/PP/2023/7/S2A_T32TPP_20230722T100735_L2A/B05.tif"", ""swir16"": ""https://e84-earth-search-sentinel-data.s3.us-west-2.amazonaws.com/sentinel-2-c1-l2a/32/T/PP/2023/7/S2A_T32TPP_20230722T100735_L2A/B11.tif"", ""wvp"": ""https://e84-earth-search-sentinel-data.s3.us-west-2.amazonaws.com/sentinel-2-c1-l2a/32/T/PP/2023/7/S2A_T32TPP_20230722T100735_L2A/WVP.tif"", ""nir08"": ""https://e84-earth-search-sentinel-data.s3.us-west-2.amazonaws.com/sentinel-2-c1-l2a/32/T/PP/2023/7/S2A_T32TPP_20230722T100735_L2A/B8A.tif"", ""scl"": ""https://e84-earth-search-sentinel-data.s3.us-west-2.amazonaws.com/sentinel-2-c1-l2a/32/T/PP/2023/7/S2A_T32TPP_20230722T100735_L2A/SCL.tif"", ""aot"": ""https://e84-earth-search-sentinel-data.s3.us-west-2.amazonaws.com/sentinel-2-c1-l2a/32/T/PP/2023/7/S2A_T32TPP_20230722T100735_L2A/AOT.tif"", ""coastal"": ""https://e84-earth-search-sentinel-data.s3.us-west-2.amazonaws.com/sentinel-2-c1-l2a/32/T/PP/2023/7/S2A_T32TPP_20230722T100735_L2A/B01.tif"", ""nir09"": ""https://e84-earth-search-sentinel-data.s3.us-west-2.amazonaws.com/sentinel-2-c1-l2a/32/T/PP/2023/7/S2A_T32TPP_20230722T100735_L2A/B09.tif"", ""cloud"": ""https://e84-earth-search-sentinel-data.s3.us-west-2.amazonaws.com/sentinel-2-c1-l2a/32/T/PP/2023/7/S2A_T32TPP_20230722T100735_L2A/CLD_20m.tif"", ""snow"": ""https://e84-earth-search-sentinel-data.s3.us-west-2.amazonaws.com/sentinel-2-c1-l2a/32/T/PP/2023/7/S2A_T32TPP_20230722T100735_L2A/SNW_20m.tif"", ""preview"": ""https://e84-earth-search-sentinel-data.s3.us-west-2.amazonaws.com/sentinel-2-c1-l2a/32/T/PP/2023/7/S2A_T32TPP_20230722T100735_L2A/L2A_PVI.tif"", ""granule_metadata"": ""https://e84-earth-search-sentinel-data.s3.us-west-2.amazonaws.com/sentinel-2-c1-l2a/32/T/PP/2023/7/S2A_T32TPP_20230722T100735_L2A/metadata.xml"", ""tileinfo_metadata"": ""https://e84-earth-search-sentinel-data.s3.us-west-2.amazonaws.com/sentinel-2-c1-l2a/32/T/PP/2023/7/S2A_T32TPP_20230722T100735_L2A/tileInfo.json"", ""product_metadata"": ""https://e84-earth-search-sentinel-data.s3.us-west-2.amazonaws.com/sentinel-2-c1-l2a/32/T/PP/2023/7/S2A_T32TPP_20230722T100735_L2A/product_metadata.xml"", ""thumbnail"": ""https://e84-earth-search-sentinel-data.s3.us-west-2.amazonaws.com/sentinel-2-c1-l2a/32/T/PP/2023/7/S2A_T32TPP_20230722T100735_L2A/L2A_PVI.jpg""}"
S2B_T32TQQ_20230727T101826_L2A,2023-07-27 10:18:34.624000+00:00,2.882406,,sentinel-2b,"{""red"": ""https://e84-earth-search-sentinel-data.s3.us-west-2.amazonaws.com/sentinel-2-c1-l2a/32/T/QQ/2023/7/S2B_T32TQQ_20230727T101826_L2A/B04.tif"", ""green"": ""https://e84-earth-search-sentinel-data.s3.us-west-2.amazonaws.com/sentinel-2-c1-l2a/32/T/QQ/2023/7/S2B_T32TQQ_20230727T101826_L2A/B03.tif"", ""blue"": ""https://e84-earth-search-sentinel-data.s3.us-west-2.amazonaws.com/sentinel-2-c1-l2a/32/T/QQ/2023/7/S2B_T32TQQ_20230727T101826_L2A/B02.tif"", ""visual"": ""https://e84-earth-search-sentinel-data.s3.us-west-2.amazonaws.com/sentinel-2-c1-l2a/32/T/QQ/2023/7/S2B_T32TQQ_20230727T101826_L2A/TCI.tif"", ""nir"": ""https://e84-earth-search-sentinel-data.s3.us-west-2.amazonaws.com/sentinel-2-c1-l2a/32/T/QQ/2023/7/S2B_T32TQQ_20230727T101826_L2A/B08.tif"", ""swir22"": ""https://e84-earth-search-sentinel-data.s3.us-west-2.amazonaws.com/sentinel-2-c1-l2a/32/T/QQ/2023/7/S2B_T32TQQ_20230727T101826_L2A/B12.tif"", ""rededge2"": ""https://e84-earth-search-sentinel-data.s3.us-west-2.amazonaws.com/sentinel-2-c1-l2a/32/T/QQ/2023/7/S2B_T32TQQ_20230727T101826_L2A/B06.tif"", ""rededge3"": ""https://e84-earth-search-sentinel-data.s3.us-west-2.amazonaws.com/sentinel-2-c1-l2a/32/T/QQ/2023/7/S2B_T32TQQ_20230727T101826_L2A/B07.tif"", ""rededge1"": ""https://e84-earth-search-sentinel-data.s3.us-west-2.amazonaws.com/sentinel-2-c1-l2a/32/T/QQ/2023/7/S2B_T32TQQ_20230727T101826_L2A/B05.tif"", ""swir16"": ""https://e84-earth-search-sentinel-data.s3.us-west-2.amazonaws.com/sentinel-2-c1-l2a/32/T/QQ/2023/7/S2B_T32TQQ_20230727T101826_L2A/B11.tif"", ""wvp"": ""https://e84-earth-search-sentinel-data.s3.us-west-2.amazonaws.com/sentinel-2-c1-l2a/32/T/QQ/2023/7/S2B_T32TQQ_20230727T101826_L2A/WVP.tif"", ""nir08"": ""https://e84-earth-search-sentinel-data.s3.us-west-2.amazonaws.com/sentinel-2-c1-l2a/32/T/QQ/2023/7/S2B_T32TQQ_20230727T101826_L2A/B8A.tif"", ""scl"": ""https://e84-earth-search-sentinel-data.s3.us-west-2.amazonaws.com/sentinel-2-c1-l2a/32/T/QQ/2023/7/S2B_T32TQQ_20230727T101826_L2A/SCL.tif"", ""aot"": ""https://e84-earth-search-sentinel-data.s3.us-west-2.amazonaws.com/sentinel-2-c1-l2a/32/T/QQ/2023/7/S2B_T32TQQ_20230727T101826_L2A/AOT.tif"", ""coastal"": ""https://e84-earth-search-sentinel-data.s3.us-west-2.amazonaws.com/sentinel-2-c1-l2a/32/T/QQ/2023/7/S2B_T32TQQ_20230727T101826_L2A/B01.tif"", ""nir09"": ""https://e84-earth-search-sentinel-data.s3.us-west-2.amazonaws.com/sentinel-2-c1-l2a/32/T/QQ/2023/7/S2B_T32TQQ_20230727T101826_L2A/B09.tif"", ""cloud"": ""https://e84-earth-search-sentinel-data.s3.us-west-2.amazonaws.com/sentinel-2-c1-l2a/32/T/QQ/2023/7/S2B_T32TQQ_20230727T101826_L2A/CLD_20m.tif"", ""snow"": ""https://e84-earth-search-sentinel-data.s3.us-west-2.amazonaws.com/sentinel-2-c1-l2a/32/T/QQ/2023/7/S2B_T32TQQ_20230727T101826_L2A/SNW_20m.tif"", ""preview"": ""https://e84-earth-search-sentinel-data.s3.us-west-2.amazonaws.com/sentinel-2-c1-l2a/32/T/QQ/2023/7/S2B_T32TQQ_20230727T101826_L2A/L2A_PVI.tif"", ""granule_metadata"": ""https://e84-earth-search-sentinel-data.s3.us-west-2.amazonaws.com/sentinel-2-c1-l2a/32/T/QQ/2023/7/S2B_T32TQQ_20230727T101826_L2A/metadata.xml"", ""tileinfo_metadata"": ""https://e84-earth-search-sentinel-data.s3.us-west-2.amazonaws.com/sentinel-2-c1-l2a/32/T/QQ/2023/7/S2B_T32TQQ_20230727T101826_L2A/tileInfo.json"", ""product_metadata"": ""https://e84-earth-search-sentinel-data.s3.us-west-2.amazonaws.com/sentinel-2-c1-l2a/32/T/QQ/2023/7/S2B_T32TQQ_20230727T101826_L2A/product_metadata.xml"", ""thumbnail"": ""https://e84-earth-search-sentinel-data.s3.us-west-2.amazonaws.com/sentinel-2-c1-l2a/32/T/QQ/2023/7/S2B_T32TQQ_20230727T101826_L2A/L2A_PVI.jpg""}"
S2B_T32TPQ_20230727T101826_L2A,2023-07-27 10:18:36.384000+00:00,3.062446,,sentinel-2b,"{""red"": ""https://e84-earth-search-sentinel-data.s3.us-west-2.amazonaws.com/sentinel-2-c1-l2a/32/T/PQ/2023/7/S2B_T32TPQ_20230727T101826_L2A/B04.tif"", ""green"": ""https://e84-earth-search-sentinel-data.s3.us-west-2.amazonaws.com/sentinel-2-c1-l2a/32/T/PQ/2023/7/S2B_T32TPQ_20230727T101826_L2A/B03.tif"", ""blue"": ""https://e84-earth-search-sentinel-data.s3.us-west-2.amazonaws.com/sentinel-2-c1-l2a/32/T/PQ/2023/7/S2B_T32TPQ_20230727T101826_L2A/B02.tif"", ""visual"": ""https://e84-earth-search-sentinel-data.s3.us-west-2.amazonaws.com/sentinel-2-c1-l2a/32/T/PQ/2023/7/S2B_T32TPQ_20230727T101826_L2A/TCI.tif"", ""nir"": ""https://e84-earth-search-sentinel-data.s3.us-west-2.amazonaws.com/sentinel-2-c1-l2a/32/T/PQ/2023/7/S2B_T32TPQ_20230727T101826_L2A/B08.tif"", ""swir22"": ""https://e84-earth-search-sentinel-data.s3.us-west-2.amazonaws.com/sentinel-2-c1-l2a/32/T/PQ/2023/7/S2B_T32TPQ_20230727T101826_L2A/B12.tif"", ""rededge2"": ""https://e84-earth-search-sentinel-data.s3.us-west-2.amazonaws.com/sentinel-2-c1-l2a/32/T/PQ/2023/7/S2B_T32TPQ_20230727T101826_L2A/B06.tif"", ""rededge3"": ""https://e84-earth-search-sentinel-data.s3.us-west-2.amazonaws.com/sentinel-2-c1-l2a/32/T/PQ/2023/7/S2B_T32TPQ_20230727T101826_L2A/B07.tif"", ""rededge1"": ""https://e84-earth-search-sentinel-data.s3.us-west-2.amazonaws.com/sentinel-2-c1-l2a/32/T/PQ/2023/7/S2B_T32TPQ_20230727T101826_L2A/B05.tif"", ""swir16"": ""https://e84-earth-search-sentinel-data.s3.us-west-2.amazonaws.com/sentinel-2-c1-l2a/32/T/PQ/2023/7/S2B_T32TPQ_20230727T101826_L2A/B11.tif"", ""wvp"": ""https://e84-earth-search-sentinel-data.s3.us-west-2.amazonaws.com/sentinel-2-c1-l2a/32/T/PQ/2023/7/S2B_T32TPQ_20230727T101826_L2A/WVP.tif"", ""nir08"": ""https://e84-earth-search-sentinel-data.s3.us-west-2.amazonaws.com/sentinel-2-c1-l2a/32/T/PQ/2023/7/S2B_T32TPQ_20230727T101826_L2A/B8A.tif"", ""scl"": ""https://e84-earth-search-sentinel-data.s3.us-west-2.amazonaws.com/sentinel-2-c1-l2a/32/T/PQ/2023/7/S2B_T32TPQ_20230727T101826_L2A/SCL.tif"", ""aot"": ""https://e84-earth-search-sentinel-data.s3.us-west-2.amazonaws.com/sentinel-2-c1-l2a/32/T/PQ/2023/7/S2B_T32TPQ_20230727T101826_L2A/AOT.tif"", ""coastal"": ""https://e84-earth-search-sentinel-data.s3.us-west-2.amazonaws.com/sentinel-2-c1-l2a/32/T/PQ/2023/7/S2B_T32TPQ_20230727T101826_L2A/B01.tif"", ""nir09"": ""https://e84-earth-search-sentinel-data.s3.us-west-2.amazonaws.com/sentinel-2-c1-l2a/32/T/PQ/2023/7/S2B_T32TPQ_20230727T101826_L2A/B09.tif"", ""cloud"": ""https://e84-earth-search-sentinel-data.s3.us-west-2.amazonaws.com/sentinel-2-c1-l2a/32/T/PQ/2023/7/S2B_T32TPQ_20230727T101826_L2A/CLD_20m.tif"", ""snow"": ""https://e84-earth-search-sentinel-data.s3.us-west-2.amazonaws.com/sentinel-2-c1-l2a/32/T/PQ/2023/7/S2B_T32TPQ_20230727T101826_L2A/SNW_20m.tif"", ""preview"": ""https://e84-earth-search-sentinel-data.s3.us-west-2.amazonaws.com/sentinel-2-c1-l2a/32/T/PQ/2023/7/S2B_T32TPQ_20230727T101826_L2A/L2A_PVI.tif"", ""granule_metadata"": ""https://e84-earth-search-sentinel-data.s3.us-west-2.amazonaws.com/sentinel-2-c1-l2a/32/T/PQ/2023/7/S2B_T32TPQ_20230727T101826_L2A/metadata.xml"", ""tileinfo_metadata"": ""https://e84-earth-search-sentinel-data.s3.us-west-2.amazonaws.com/sentinel-2-c1-l2a/32/T/PQ/2023/7/S2B_T32TPQ_20230727T101826_L2A/tileInfo.json"", ""product_metadata"": ""https://e84-earth-search-sentinel-data.s3.us-west-2.amazonaws.com/sentinel-2-c1-l2a/32/T/PQ/2023/7/S2B_T32TPQ_20230727T101826_L2A/product_metadata.xml"", ""thumbnail"": ""https://e84-earth-search-sentinel-data.s3.us-west-2.amazonaws.com/sentinel-2-c1-l2a/32/T/PQ/2023/7/S2B_T32TPQ_20230727T101826_L2A/L2A_PVI.jpg""}"
S2B_T32TQP_20230727T101826_L2A,2023-07-27 10:18:45.121000+00:00,5.47401,,sentinel-2b,"{""red"": ""https://e84-earth-search-sentinel-data.s3.us-west-2.amazonaws.com/sentinel-2-c1-l2a/32/T/QP/2023/7/S2B_T32TQP_20230727T101826_L2A/B04.tif"", ""green"": ""https://e84-earth-search-sentinel-data.s3.us-west-2.amazonaws.com/sentinel-2-c1-l2a/32/T/QP/2023/7/S2B_T32TQP_20230727T101826_L2A/B03.tif"", ""blue"": ""https://e84-earth-search-sentinel-data.s3.us-west-2.amazonaws.com/sentinel-2-c1-l2a/32/T/QP/2023/7/S2B_T32TQP_20230727T101826_L2A/B02.tif"", ""visual"": ""https://e84-earth-search-sentinel-data.s3.us-west-2.amazonaws.com/sentinel-2-c1-l2a/32/T/QP/2023/7/S2B_T32TQP_20230727T101826_L2A/TCI.tif"", ""nir"": ""https://e84-earth-search-sentinel-data.s3.us-west-2.amazonaws.com/sentinel-2-c1-l2a/32/T/QP/2023/7/S2B_T32TQP_20230727T101826_L2A/B08.tif"", ""swir22"": ""https://e84-earth-search-sentinel-data.s3.us-west-2.amazonaws.com/sentinel-2-c1-l2a/32/T/QP/2023/7/S2B_T32TQP_20230727T101826_L2A/B12.tif"", ""rededge2"": ""https://e84-earth-search-sentinel-data.s3.us-west-2.amazonaws.com/sentinel-2-c1-l2a/32/T/QP/2023/7/S2B_T32TQP_20230727T101826_L2A/B06.tif"", ""rededge3"": ""https://e84-earth-search-sentinel-data.s3.us-west-2.amazonaws.com/sentinel-2-c1-l2a/32/T/QP/2023/7/S2B_T32TQP_20230727T101826_L2A/B07.tif"", ""rededge1"": ""https://e84-earth-search-sentinel-data.s3.us-west-2.amazonaws.com/sentinel-2-c1-l2a/32/T/QP/2023/7/S2B_T32TQP_20230727T101826_L2A/B05.tif"", ""swir16"": ""https://e84-earth-search-sentinel-data.s3.us-west-2.amazonaws.com/sentinel-2-c1-l2a/32/T/QP/2023/7/S2B_T32TQP_20230727T101826_L2A/B11.tif"", ""wvp"": ""https://e84-earth-search-sentinel-data.s3.us-west-2.amazonaws.com/sentinel-2-c1-l2a/32/T/QP/2023/7/S2B_T32TQP_20230727T101826_L2A/WVP.tif"", ""nir08"": ""https://e84-earth-search-sentinel-data.s3.us-west-2.amazonaws.com/sentinel-2-c1-l2a/32/T/QP/2023/7/S2B_T32TQP_20230727T101826_L2A/B8A.tif"", ""scl"": ""https://e84-earth-search-sentinel-data.s3.us-west-2.amazonaws.com/sentinel-2-c1-l2a/32/T/QP/2023/7/S2B_T32TQP_20230727T101826_L2A/SCL.tif"", ""aot"": ""https://e84-earth-search-sentinel-data.s3.us-west-2.amazonaws.com/sentinel-2-c1-l2a/32/T/QP/2023/7/S2B_T32TQP_20230727T101826_L2A/AOT.tif"", ""coastal"": ""https://e84-earth-search-sentinel-data.s3.us-west-2.amazonaws.com/sentinel-2-c1-l2a/32/T/QP/2023/7/S2B_T32TQP_20230727T101826_L2A/B01.tif"", ""nir09"": ""https://e84-earth-search-sentinel-data.s3.us-west-2.amazonaws.com/sentinel-2-c1-l2a/32/T/QP/2023/7/S2B_T32TQP_20230727T101826_L2A/B09.tif"", ""cloud"": ""https://e84-earth-search-sentinel-data.s3.us-west-2.amazonaws.com/sentinel-2-c1-l2a/32/T/QP/2023/7/S2B_T32TQP_20230727T101826_L2A/CLD_20m.tif"", ""snow"": ""https://e84-earth-search-sentinel-data.s3.us-west-2.amazonaws.com/sentinel-2-c1-l2a/32/T/QP/2023/7/S2B_T32TQP_20230727T101826_L2A/SNW_20m.tif"", ""preview"": ""https://e84-earth-search-sentinel-data.s3.us-west-2.amazonaws.com/sentinel-2-c1-l2a/32/T/QP/2023/7/S2B_T32TQP_20230727T101826_L2A/L2A_PVI.tif"", ""granule_metadata"": ""https://e84-earth-search-sentinel-data.s3.us-west-2.amazonaws.com/sentinel-2-c1-l2a/32/T/QP/2023/7/S2B_T32TQP_20230727T101826_L2A/metadata.xml"", ""tileinfo_metadata"": ""https://e84-earth-search-sentinel-data.s3.us-west-2.amazonaws.com/sentinel-2-c1-l2a/32/T/QP/2023/7/S2B_T32TQP_20230727T101826_L2A/tileInfo.json"", ""product_metadata"": ""https://e84-earth-search-sentinel-data.s3.us-west-2.amazonaws.com/sentinel-2-c1-l2a/32/T/QP/2023/7/S2B_T32TQP_20230727T101826_L2A/product_metadata.xml"", ""thumbnail"": ""https://e84-earth-search-sentinel-data.s3.us-west-2.amazonaws.com/sentinel-2-c1-l2a/32/T/QP/2023/7/S2B_T32TQP_20230727T101826_L2A/L2A_PVI.jpg""}"
S2B_T32TPP_20230727T101826_L2A,2023-07-27 10:18:48.721000+00:00,5.737181,,sentinel-2b,"{""red"": ""https://e84-earth-search-sentinel-data.s3.us-west-2.amazonaws.com/sentinel-2-c1-l2a/32/T/PP/2023/7/S2B_T32TPP_20230727T101826_L2A/B04.tif"", ""green"": ""https://e84-earth-search-sentinel-data.s3.us-west-2.amazonaws.com/sentinel-2-c1-l2a/32/T/PP/2023/7/S2B_T32TPP_20230727T101826_L2A/B03.tif"", ""blue"": ""https://e84-earth-search-sentinel-data.s3.us-west-2.amazonaws.com/sentinel-2-c1-l2a/32/T/PP/2023/7/S2B_T32TPP_20230727T101826_L2A/B02.tif"", ""visual"": ""https://e84-earth-search-sentinel-data.s3.us-west-2.amazonaws.com/sentinel-2-c1-l2a/32/T/PP/2023/7/S2B_T32TPP_20230727T101826_L2A/TCI.tif"", ""nir"": ""https://e84-earth-search-sentinel-data.s3.us-west-2.amazonaws.com/sentinel-2-c1-l2a/32/T/PP/2023/7/S2B_T32TPP_20230727T101826_L2A/B08.tif"", ""swir22"": ""https://e84-earth-search-sentinel-data.s3.us-west-2.amazonaws.com/sentinel-2-c1-l2a/32/T/PP/2023/7/S2B_T32TPP_20230727T101826_L2A/B12.tif"", ""rededge2"": ""https://e84-earth-search-sentinel-data.s3.us-west-2.amazonaws.com/sentinel-2-c1-l2a/32/T/PP/2023/7/S2B_T32TPP_20230727T101826_L2A/B06.tif"", ""rededge3"": ""https://e84-earth-search-sentinel-data.s3.us-west-2.amazonaws.com/sentinel-2-c1-l2a/32/T/PP/2023/7/S2B_T32TPP_20230727T101826_L2A/B07.tif"", ""rededge1"": ""https://e84-earth-search-sentinel-data.s3.us-west-2.amazonaws.com/sentinel-2-c1-l2a/32/T/PP/2023/7/S2B_T32TPP_20230727T101826_L2A/B05.tif"", ""swir16"": ""https://e84-earth-search-sentinel-data.s3.us-west-2.amazonaws.com/sentinel-2-c1-l2a/32/T/PP/2023/7/S2B_T32TPP_20230727T101826_L2A/B11.tif"", ""wvp"": ""https://e84-earth-search-sentinel-data.s3.us-west-2.amazonaws.com/sentinel-2-c1-l2a/32/T/PP/2023/7/S2B_T32TPP_20230727T101826_L2A/WVP.tif"", ""nir08"": ""https://e84-earth-search-sentinel-data.s3.us-west-2.amazonaws.com/sentinel-2-c1-l2a/32/T/PP/2023/7/S2B_T32TPP_20230727T101826_L2A/B8A.tif"", ""scl"": ""https://e84-earth-search-sentinel-data.s3.us-west-2.amazonaws.com/sentinel-2-c1-l2a/32/T/PP/2023/7/S2B_T32TPP_20230727T101826_L2A/SCL.tif"", ""aot"": ""https://e84-earth-search-sentinel-data.s3.us-west-2.amazonaws.com/sentinel-2-c1-l2a/32/T/PP/2023/7/S2B_T32TPP_20230727T101826_L2A/AOT.tif"", ""coastal"": ""https://e84-earth-search-sentinel-data.s3.us-west-2.amazonaws.com/sentinel-2-c1-l2a/32/T/PP/2023/7/S2B_T32TPP_20230727T101826_L2A/B01.tif"", ""nir09"": ""https://e84-earth-search-sentinel-data.s3.us-west-2.amazonaws.com/sentinel-2-c1-l2a/32/T/PP/2023/7/S2B_T32TPP_20230727T101826_L2A/B09.tif"", ""cloud"": ""https://e84-earth-search-sentinel-data.s3.us-west-2.amazonaws.com/sentinel-2-c1-l2a/32/T/PP/2023/7/S2B_T32TPP_20230727T101826_L2A/CLD_20m.tif"", ""snow"": ""https://e84-earth-search-sentinel-data.s3.us-west-2.amazonaws.com/sentinel-2-c1-l2a/32/T/PP/2023/7/S2B_T32TPP_20230727T101826_L2A/SNW_20m.tif"", ""preview"": ""https://e84-earth-search-sentinel-data.s3.us-west-2.amazonaws.com/sentinel-2-c1-l2a/32/T/PP/2023/7/S2B_T32TPP_20230727T101826_L2A/L2A_PVI.tif"", ""granule_metadata"": ""https://e84-earth-search-sentinel-data.s3.us-west-2.amazonaws.com/sentinel-2-c1-l2a/32/T/PP/2023/7/S2B_T32TPP_20230727T101826_L2A/metadata.xml"", ""tileinfo_metadata"": ""https://e84-earth-search-sentinel-data.s3.us-west-2.amazonaws.com/sentinel-2-c1-l2a/32/T/PP/2023/7/S2B_T32TPP_20230727T101826_L2A/tileInfo.json"", ""product_metadata"": ""https://e84-earth-search-sentinel-data.s3.us-west-2.amazonaws.com/sentinel-2-c1-l2a/32/T/PP/2023/7/S2B_T32TPP_20230727T101826_L2A/product_metadata.xml"", ""thumbnail"": ""https://e84-earth-search-sentinel-data.s3.us-west-2.amazonaws.com/sentinel-2-c1-l2a/32/T/PP/2023/7/S2B_T32TPP_20230727T101826_L2A/L2A_PVI.jpg""}"
S2A_T32TQQ_20230729T100031_L2A,2023-07-29 10:08:33.390000+00:00,4.501668,,sentinel-2a,"{""red"": ""https://e84-earth-search-sentinel-data.s3.us-west-2.amazonaws.com/sentinel-2-c1-l2a/32/T/QQ/2023/7/S2A_T32TQQ_20230729T100031_L2A/B04.tif"", ""green"": ""https://e84-earth-search-sentinel-data.s3.us-west-2.amazonaws.com/sentinel-2-c1-l2a/32/T/QQ/2023/7/S2A_T32TQQ_20230729T100031_L2A/B03.tif"", ""blue"": ""https://e84-earth-search-sentinel-data.s3.us-west-2.amazonaws.com/sentinel-2-c1-l2a/32/T/QQ/2023/7/S2A_T32TQQ_20230729T100031_L2A/B02.tif"", ""visual"": ""https://e84-earth-search-sentinel-data.s3.us-west-2.amazonaws.com/sentinel-2-c1-l2a/32/T/QQ/2023/7/S2A_T32TQQ_20230729T100031_L2A/TCI.tif"", ""nir"": ""https://e84-earth-search-sentinel-data.s3.us-west-2.amazonaws.com/sentinel-2-c1-l2a/32/T/QQ/2023/7/S2A_T32TQQ_20230729T100031_L2A/B08.tif"", ""swir22"": ""https://e84-earth-search-sentinel-data.s3.us-west-2.amazonaws.com/sentinel-2-c1-l2a/32/T/QQ/2023/7/S2A_T32TQQ_20230729T100031_L2A/B12.tif"", ""rededge2"": ""https://e84-earth-search-sentinel-data.s3.us-west-2.amazonaws.com/sentinel-2-c1-l2a/32/T/QQ/2023/7/S2A_T32TQQ_20230729T100031_L2A/B06.tif"", ""rededge3"": ""https://e84-earth-search-sentinel-data.s3.us-west-2.amazonaws.com/sentinel-2-c1-l2a/32/T/QQ/2023/7/S2A_T32TQQ_20230729T100031_L2A/B07.tif"", ""rededge1"": ""https://e84-earth-search-sentinel-data.s3.us-west-2.amazonaws.com/sentinel-2-c1-l2a/32/T/QQ/2023/7/S2A_T32TQQ_20230729T100031_L2A/B05.tif"", ""swir16"": ""https://e84-earth-search-sentinel-data.s3.us-west-2.amazonaws.com/sentinel-2-c1-l2a/32/T/QQ/2023/7/S2A_T32TQQ_20230729T100031_L2A/B11.tif"", ""wvp"": ""https://e84-earth-search-sentinel-data.s3.us-west-2.amazonaws.com/sentinel-2-c1-l2a/32/T/QQ/2023/7/S2A_T32TQQ_20230729T100031_L2A/WVP.tif"", ""nir08"": ""https://e84-earth-search-sentinel-data.s3.us-west-2.amazonaws.com/sentinel-2-c1-l2a/32/T/QQ/2023/7/S2A_T32TQQ_20230729T100031_L2A/B8A.tif"", ""scl"": ""https://e84-earth-search-sentinel-data.s3.us-west-2.amazonaws.com/sentinel-2-c1-l2a/32/T/QQ/2023/7/S2A_T32TQQ_20230729T100031_L2A/SCL.tif"", ""aot"": ""https://e84-earth-search-sentinel-data.s3.us-west-2.amazonaws.com/sentinel-2-c1-l2a/32/T/QQ/2023/7/S2A_T32TQQ_20230729T100031_L2A/AOT.tif"", ""coastal"": ""https://e84-earth-search-sentinel-data.s3.us-west-2.amazonaws.com/sentinel-2-c1-l2a/32/T/QQ/2023/7/S2A_T32TQQ_20230729T100031_L2A/B01.tif"", ""nir09"": ""https://e84-earth-search-sentinel-data.s3.us-west-2.amazonaws.com/sentinel-2-c1-l2a/32/T/QQ/2023/7/S2A_T32TQQ_20230729T100031_L2A/B09.tif"", ""cloud"": ""https://e84-earth-search-sentinel-data.s3.us-west-2.amazonaws.com/sentinel-2-c1-l2a/32/T/QQ/2023/7/S2A_T32TQQ_20230729T100031_L2A/CLD_20m.tif"", ""snow"": ""https://e84-earth-search-sentinel-data.s3.us-west-2.amazonaws.com/sentinel-2-c1-l2a/32/T/QQ/2023/7/S2A_T32TQQ_20230729T100031_L2A/SNW_20m.tif"", ""preview"": ""https://e84-earth-search-sentinel-data.s3.us-west-2.amazonaws.com/sentinel-2-c1-l2a/32/T/QQ/2023/7/S2A_T32TQQ_20230729T100031_L2A/L2A_PVI.tif"", ""granule_metadata"": ""https://e84-earth-search-sentinel-data.s3.us-west-2.amazonaws.com/sentinel-2-c1-l2a/32/T/QQ/2023/7/S2A_T32TQQ_20230729T100031_L2A/metadata.xml"", ""tileinfo_metadata"": ""https://e84-earth-search-sentinel-data.s3.us-west-2.amazonaws.com/sentinel-2-c1-l2a/32/T/QQ/2023/7/S2A_T32TQQ_20230729T100031_L2A/tileInfo.json"", ""product_metadata"": ""https://e84-earth-search-sentinel-data.s3.us-west-2.amazonaws.com/sentinel-2-c1-l2a/32/T/QQ/2023/7/S2A_T32TQQ_20230729T100031_L2A/product_metadata.xml"", ""thumbnail"": ""https://e84-earth-search-sentinel-data.s3.us-west-2.amazonaws.com/sentinel-2-c1-l2a/32/T/QQ/2023/7/S2A_T32TQQ_20230729T100031_L2A/L2A_PVI.jpg""}"
S2A_T32TQP_20230729T100031_L2A,2023-07-29 10:08:48.111000+00:00,29.305577,,sentinel-2a,"{""red"": ""https://e84-earth-search-sentinel-data.s3.us-west-2.amazonaws.com/sentinel-2-c1-l2a/32/T/QP/2023/7/S2A_T32TQP_20230729T100031_L2A/B04.tif"", ""green"": ""https://e84-earth-search-sentinel-data.s3.us-west-2.amazonaws.com/sentinel-2-c1-l2a/32/T/QP/2023/7/S2A_T32TQP_20230729T100031_L2A/B03.tif"", ""blue"": ""https://e84-earth-search-sentinel-data.s3.us-west-2.amazonaws.com/sentinel-2-c1-l2a/32/T/QP/2023/7/S2A_T32TQP_20230729T100031_L2A/B02.tif"", ""visual"": ""https://e84-earth-search-sentinel-data.s3.us-west-2.amazonaws.com/sentinel-2-c1-l2a/32/T/QP/2023/7/S2A_T32TQP_20230729T100031_L2A/TCI.tif"", ""nir"": ""https://e84-earth-search-sentinel-data.s3.us-west-2.amazonaws.com/sentinel-2-c1-l2a/32/T/QP/2023/7/S2A_T32TQP_20230729T100031_L2A/B08.tif"", ""swir22"": ""https://e84-earth-search-sentinel-data.s3.us-west-2.amazonaws.com/sentinel-2-c1-l2a/32/T/QP/2023/7/S2A_T32TQP_20230729T100031_L2A/B12.tif"", ""rededge2"": ""https://e84-earth-search-sentinel-data.s3.us-west-2.amazonaws.com/sentinel-2-c1-l2a/32/T/QP/2023/7/S2A_T32TQP_20230729T100031_L2A/B06.tif"", ""rededge3"": ""https://e84-earth-search-sentinel-data.s3.us-west-2.amazonaws.com/sentinel-2-c1-l2a/32/T/QP/2023/7/S2A_T32TQP_20230729T100031_L2A/B07.tif"", ""rededge1"": ""https://e84-earth-search-sentinel-data.s3.us-west-2.amazonaws.com/sentinel-2-c1-l2a/32/T/QP/2023/7/S2A_T32TQP_20230729T100031_L2A/B05.tif"", ""swir16"": ""https://e84-earth-search-sentinel-data.s3.us-west-2.amazonaws.com/sentinel-2-c1-l2a/32/T/QP/2023/7/S2A_T32TQP_20230729T100031_L2A/B11.tif"", ""wvp"": ""https://e84-earth-search-sentinel-data.s3.us-west-2.amazonaws.com/sentinel-2-c1-l2a/32/T/QP/2023/7/S2A_T32TQP_20230729T100031_L2A/WVP.tif"", ""nir08"": ""https://e84-earth-search-sentinel-data.s3.us-west-2.amazonaws.com/sentinel-2-c1-l2a/32/T/QP/2023/7/S2A_T32TQP_20230729T100031_L2A/B8A.tif"", ""scl"": ""https://e84-earth-search-sentinel-data.s3.us-west-2.amazonaws.com/sentinel-2-c1-l2a/32/T/QP/2023/7/S2A_T32TQP_20230729T100031_L2A/SCL.tif"", ""aot"": ""https://e84-earth-search-sentinel-data.s3.us-west-2.amazonaws.com/sentinel-2-c1-l2a/32/T/QP/2023/7/S2A_T32TQP_20230729T100031_L2A/AOT.tif"", ""coastal"": ""https://e84-earth-search-sentinel-data.s3.us-west-2.amazonaws.com/sentinel-2-c1-l2a/32/T/QP/2023/7/S2A_T32TQP_20230729T100031_L2A/B01.tif"", ""nir09"": ""https://e84-earth-search-sentinel-data.s3.us-west-2.amazonaws.com/sentinel-2-c1-l2a/32/T/QP/2023/7/S2A_T32TQP_20230729T100031_L2A/B09.tif"", ""cloud"": ""https://e84-earth-search-sentinel-data.s3.us-west-2.amazonaws.com/sentinel-2-c1-l2a/32/T/QP/2023/7/S2A_T32TQP_20230729T100031_L2A/CLD_20m.tif"", ""snow"": ""https://e84-earth-search-sentinel-data.s3.us-west-2.amazonaws.com/sentinel-2-c1-l2a/32/T/QP/2023/7/S2A_T32TQP_20230729T100031_L2A/SNW_20m.tif"", ""preview"": ""https://e84-earth-search-sentinel-data.s3.us-west-2.amazonaws.com/sentinel-2-c1-l2a/32/T/QP/2023/7/S2A_T32TQP_20230729T100031_L2A/L2A_PVI.tif"", ""granule_metadata"": ""https://e84-earth-search-sentinel-data.s3.us-west-2.amazonaws.com/sentinel-2-c1-l2a/32/T/QP/2023/7/S2A_T32TQP_20230729T100031_L2A/metadata.xml"", ""tileinfo_metadata"": ""https://e84-earth-search-sentinel-data.s3.us-west-2.amazonaws.com/sentinel-2-c1-l2a/32/T/QP/2023/7/S2A_T32TQP_20230729T100031_L2A/tileInfo.json"", ""product_metadata"": ""https://e84-earth-search-sentinel-data.s3.us-west-2.amazonaws.com/sentinel-2-c1-l2a/32/T/QP/2023/7/S2A_T32TQP_20230729T100031_L2A/product_metadata.xml"", ""thumbnail"": ""https://e84-earth-search-sentinel-data.s3.us-west-2.amazonaws.com/sentinel-2-c1-l2a/32/T/QP/2023/7/S2A_T32TQP_20230729T100031_L2A/L2A_PVI.jpg""}"
S2B_T32TQQ_20230803T100733_L2A,2023-08-03 10:08:32.703000+00:00,32.454759,,sentinel-2b,"{""red"": ""https://e84-earth-search-sentinel-data.s3.us-west-2.amazonaws.com/sentinel-2-c1-l2a/32/T/QQ/2023/8/S2B_T32TQQ_20230803T100733_L2A/B04.tif"", ""green"": ""https://e84-earth-search-sentinel-data.s3.us-west-2.amazonaws.com/sentinel-2-c1-l2a/32/T/QQ/2023/8/S2B_T32TQQ_20230803T100733_L2A/B03.tif"", ""blue"": ""https://e84-earth-search-sentinel-data.s3.us-west-2.amazonaws.com/sentinel-2-c1-l2a/32/T/QQ/2023/8/S2B_T32TQQ_20230803T100733_L2A/B02.tif"", ""visual"": ""https://e84-earth-search-sentinel-data.s3.us-west-2.amazonaws.com/sentinel-2-c1-l2a/32/T/QQ/2023/8/S2B_T32TQQ_20230803T100733_L2A/TCI.tif"", ""nir"": ""https://e84-earth-search-sentinel-data.s3.us-west-2.amazonaws.com/sentinel-2-c1-l2a/32/T/QQ/2023/8/S2B_T32TQQ_20230803T100733_L2A/B08.tif"", ""swir22"": ""https://e84-earth-search-sentinel-data.s3.us-west-2.amazonaws.com/sentinel-2-c1-l2a/32/T/QQ/2023/8/S2B_T32TQQ_20230803T100733_L2A/B12.tif"", ""rededge2"": ""https://e84-earth-search-sentinel-data.s3.us-west-2.amazonaws.com/sentinel-2-c1-l2a/32/T/QQ/2023/8/S2B_T32TQQ_20230803T100733_L2A/B06.tif"", ""rededge3"": ""https://e84-earth-search-sentinel-data.s3.us-west-2.amazonaws.com/sentinel-2-c1-l2a/32/T/QQ/2023/8/S2B_T32TQQ_20230803T100733_L2A/B07.tif"", ""rededge1"": ""https://e84-earth-search-sentinel-data.s3.us-west-2.amazonaws.com/sentinel-2-c1-l2a/32/T/QQ/2023/8/S2B_T32TQQ_20230803T100733_L2A/B05.tif"", ""swir16"": ""https://e84-earth-search-sentinel-data.s3.us-west-2.amazonaws.com/sentinel-2-c1-l2a/32/T/QQ/2023/8/S2B_T32TQQ_20230803T100733_L2A/B11.tif"", ""wvp"": ""https://e84-earth-search-sentinel-data.s3.us-west-2.amazonaws.com/sentinel-2-c1-l2a/32/T/QQ/2023/8/S2B_T32TQQ_20230803T100733_L2A/WVP.tif"", ""nir08"": ""https://e84-earth-search-sentinel-data.s3.us-west-2.amazonaws.com/sentinel-2-c1-l2a/32/T/QQ/2023/8/S2B_T32TQQ_20230803T100733_L2A/B8A.tif"", ""scl"": ""https://e84-earth-search-sentinel-data.s3.us-west-2.amazonaws.com/sentinel-2-c1-l2a/32/T/QQ/2023/8/S2B_T32TQQ_20230803T100733_L2A/SCL.tif"", ""aot"": ""https://e84-earth-search-sentinel-data.s3.us-west-2.amazonaws.com/sentinel-2-c1-l2a/32/T/QQ/2023/8/S2B_T32TQQ_20230803T100733_L2A/AOT.tif"", ""coastal"": ""https://e84-earth-search-sentinel-data.s3.us-west-2.amazonaws.com/sentinel-2-c1-l2a/32/T/QQ/2023/8/S2B_T32TQQ_20230803T100733_L2A/B01.tif"", ""nir09"": ""https://e84-earth-search-sentinel-data.s3.us-west-2.amazonaws.com/sentinel-2-c1-l2a/32/T/QQ/2023/8/S2B_T32TQQ_20230803T100733_L2A/B09.tif"", ""cloud"": ""https://e84-earth-search-sentinel-data.s3.us-west-2.amazonaws.com/sentinel-2-c1-l2a/32/T/QQ/2023/8/S2B_T32TQQ_20230803T100733_L2A/CLD_20m.tif"", ""snow"": ""https://e84-earth-search-sentinel-data.s3.us-west-2.amazonaws.com/sentinel-2-c1-l2a/32/T/QQ/2023/8/S2B_T32TQQ_20230803T100733_L2A/SNW_20m.tif"", ""preview"": ""https://e84-earth-search-sentinel-data.s3.us-west-2.amazonaws.com/sentinel-2-c1-l2a/32/T/QQ/2023/8/S2B_T32TQQ_20230803T100733_L2A/L2A_PVI.tif"", ""granule_metadata"": ""https://e84-earth-search-sentinel-data.s3.us-west-2.amazonaws.com/sentinel-2-c1-l2a/32/T/QQ/2023/8/S2B_T32TQQ_20230803T100733_L2A/metadata.xml"", ""tileinfo_metadata"": ""https://e84-earth-search-sentinel-data.s3.us-west-2.amazonaws.com/sentinel-2-c1-l2a/32/T/QQ/2023/8/S2B_T32TQQ_20230803T100733_L2A/tileInfo.json"", ""product_metadata"": ""https://e84-earth-search-sentinel-data.s3.us-west-2.amazonaws.com/sentinel-2-c1-l2a/32/T/QQ/2023/8/S2B_T32TQQ_20230803T100733_L2A/product_metadata.xml"", ""thumbnail"": ""https://e84-earth-search-sentinel-data.s3.us-west-2.amazonaws.com/sentinel-2-c1-l2a/32/T/QQ/2023/8/S2B_T32TQQ_20230803T100733_L2A/L2A_PVI.jpg""}"
S2B_T32TQP_20230803T100733_L2A,2023-08-03 10:08:47.433000+00:00,10.130622,,sentinel-2b,"{""red"": ""https://e84-earth-search-sentinel-data.s3.us-west-2.amazonaws.com/sentinel-2-c1-l2a/32/T/QP/2023/8/S2B_T32TQP_20230803T100733_L2A/B04.tif"", ""green"": ""https://e84-earth-search-sentinel-data.s3.us-west-2.amazonaws.com/sentinel-2-c1-l2a/32/T/QP/2023/8/S2B_T32TQP_20230803T100733_L2A/B03.tif"", ""blue"": ""https://e84-earth-search-sentinel-data.s3.us-west-2.amazonaws.com/sentinel-2-c1-l2a/32/T/QP/2023/8/S2B_T32TQP_20230803T100733_L2A/B02.tif"", ""visual"": ""https://e84-earth-search-sentinel-data.s3.us-west-2.amazonaws.com/sentinel-2-c1-l2a/32/T/QP/2023/8/S2B_T32TQP_20230803T100733_L2A/TCI.tif"", ""nir"": ""https://e84-earth-search-sentinel-data.s3.us-west-2.amazonaws.com/sentinel-2-c1-l2a/32/T/QP/2023/8/S2B_T32TQP_20230803T100733_L2A/B08.tif"", ""swir22"": ""https://e84-earth-search-sentinel-data.s3.us-west-2.amazonaws.com/sentinel-2-c1-l2a/32/T/QP/2023/8/S2B_T32TQP_20230803T100733_L2A/B12.tif"", ""rededge2"": ""https://e84-earth-search-sentinel-data.s3.us-west-2.amazonaws.com/sentinel-2-c1-l2a/32/T/QP/2023/8/S2B_T32TQP_20230803T100733_L2A/B06.tif"", ""rededge3"": ""https://e84-earth-search-sentinel-data.s3.us-west-2.amazonaws.com/sentinel-2-c1-l2a/32/T/QP/2023/8/S2B_T32TQP_20230803T100733_L2A/B07.tif"", ""rededge1"": ""https://e84-earth-search-sentinel-data.s3.us-west-2.amazonaws.com/sentinel-2-c1-l2a/32/T/QP/2023/8/S2B_T32TQP_20230803T100733_L2A/B05.tif"", ""swir16"": ""https://e84-earth-search-sentinel-data.s3.us-west-2.amazonaws.com/sentinel-2-c1-l2a/32/T/QP/2023/8/S2B_T32TQP_20230803T100733_L2A/B11.tif"", ""wvp"": ""https://e84-earth-search-sentinel-data.s3.us-west-2.amazonaws.com/sentinel-2-c1-l2a/32/T/QP/2023/8/S2B_T32TQP_20230803T100733_L2A/WVP.tif"", ""nir08"": ""https://e84-earth-search-sentinel-data.s3.us-west-2.amazonaws.com/sentinel-2-c1-l2a/32/T/QP/2023/8/S2B_T32TQP_20230803T100733_L2A/B8A.tif"", ""scl"": ""https://e84-earth-search-sentinel-data.s3.us-west-2.amazonaws.com/sentinel-2-c1-l2a/32/T/QP/2023/8/S2B_T32TQP_20230803T100733_L2A/SCL.tif"", ""aot"": ""https://e84-earth-search-sentinel-data.s3.us-west-2.amazonaws.com/sentinel-2-c1-l2a/32/T/QP/2023/8/S2B_T32TQP_20230803T100733_L2A/AOT.tif"", ""coastal"": ""https://e84-earth-search-sentinel-data.s3.us-west-2.amazonaws.com/sentinel-2-c1-l2a/32/T/QP/2023/8/S2B_T32TQP_20230803T100733_L2A/B01.tif"", ""nir09"": ""https://e84-earth-search-sentinel-data.s3.us-west-2.amazonaws.com/sentinel-2-c1-l2a/32/T/QP/2023/8/S2B_T32TQP_20230803T100733_L2A/B09.tif"", ""cloud"": ""https://e84-earth-search-sentinel-data.s3.us-west-2.amazonaws.com/sentinel-2-c1-l2a/32/T/QP/2023/8/S2B_T32TQP_20230803T100733_L2A/CLD_20m.tif"", ""snow"": ""https://e84-earth-search-sentinel-data.s3.us-west-2.amazonaws.com/sentinel-2-c1-l2a/32/T/QP/2023/8/S2B_T32TQP_20230803T100733_L2A/SNW_20m.tif"", ""preview"": ""https://e84-earth-search-sentinel-data.s3.us-west-2.amazonaws.com/sentinel-2-c1-l2a/32/T/QP/2023/8/S2B_T32TQP_20230803T100733_L2A/L2A_PVI.tif"", ""granule_metadata"": ""https://e84-earth-search-sentinel-data.s3.us-west-2.amazonaws.com/sentinel-2-c1-l2a/32/T/QP/2023/8/S2B_T32TQP_20230803T100733_L2A/metadata.xml"", ""tileinfo_metadata"": ""https://e84-earth-search-sentinel-data.s3.us-west-2.amazonaws.com/sentinel-2-c1-l2a/32/T/QP/2023/8/S2B_T32TQP_20230803T100733_L2A/tileInfo.json"", ""product_metadata"": ""https://e84-earth-search-sentinel-data.s3.us-west-2.amazonaws.com/sentinel-2-c1-l2a/32/T/QP/2023/8/S2B_T32TQP_20230803T100733_L2A/product_metadata.xml"", ""thumbnail"": ""https://e84-earth-search-sentinel-data.s3.us-west-2.amazonaws.com/sentinel-2-c1-l2a/32/T/QP/2023/8/S2B_T32TQP_20230803T100733_L2A/L2A_PVI.jpg""}"
S2B_T32TQQ_20230806T101434_L2A,2023-08-06 10:18:30.101000+00:00,25.753453,,sentinel-2b,"{""red"": ""https://e84-earth-search-sentinel-data.s3.us-west-2.amazonaws.com/sentinel-2-c1-l2a/32/T/QQ/2023/8/S2B_T32TQQ_20230806T101434_L2A/B04.tif"", ""green"": ""https://e84-earth-search-sentinel-data.s3.us-west-2.amazonaws.com/sentinel-2-c1-l2a/32/T/QQ/2023/8/S2B_T32TQQ_20230806T101434_L2A/B03.tif"", ""blue"": ""https://e84-earth-search-sentinel-data.s3.us-west-2.amazonaws.com/sentinel-2-c1-l2a/32/T/QQ/2023/8/S2B_T32TQQ_20230806T101434_L2A/B02.tif"", ""visual"": ""https://e84-earth-search-sentinel-data.s3.us-west-2.amazonaws.com/sentinel-2-c1-l2a/32/T/QQ/2023/8/S2B_T32TQQ_20230806T101434_L2A/TCI.tif"", ""nir"": ""https://e84-earth-search-sentinel-data.s3.us-west-2.amazonaws.com/sentinel-2-c1-l2a/32/T/QQ/2023/8/S2B_T32TQQ_20230806T101434_L2A/B08.tif"", ""swir22"": ""https://e84-earth-search-sentinel-data.s3.us-west-2.amazonaws.com/sentinel-2-c1-l2a/32/T/QQ/2023/8/S2B_T32TQQ_20230806T101434_L2A/B12.tif"", ""rededge2"": ""https://e84-earth-search-sentinel-data.s3.us-west-2.amazonaws.com/sentinel-2-c1-l2a/32/T/QQ/2023/8/S2B_T32TQQ_20230806T101434_L2A/B06.tif"", ""rededge3"": ""https://e84-earth-search-sentinel-data.s3.us-west-2.amazonaws.com/sentinel-2-c1-l2a/32/T/QQ/2023/8/S2B_T32TQQ_20230806T101434_L2A/B07.tif"", ""rededge1"": ""https://e84-earth-search-sentinel-data.s3.us-west-2.amazonaws.com/sentinel-2-c1-l2a/32/T/QQ/2023/8/S2B_T32TQQ_20230806T101434_L2A/B05.tif"", ""swir16"": ""https://e84-earth-search-sentinel-data.s3.us-west-2.amazonaws.com/sentinel-2-c1-l2a/32/T/QQ/2023/8/S2B_T32TQQ_20230806T101434_L2A/B11.tif"", ""wvp"": ""https://e84-earth-search-sentinel-data.s3.us-west-2.amazonaws.com/sentinel-2-c1-l2a/32/T/QQ/2023/8/S2B_T32TQQ_20230806T101434_L2A/WVP.tif"", ""nir08"": ""https://e84-earth-search-sentinel-data.s3.us-west-2.amazonaws.com/sentinel-2-c1-l2a/32/T/QQ/2023/8/S2B_T32TQQ_20230806T101434_L2A/B8A.tif"", ""scl"": ""https://e84-earth-search-sentinel-data.s3.us-west-2.amazonaws.com/sentinel-2-c1-l2a/32/T/QQ/2023/8/S2B_T32TQQ_20230806T101434_L2A/SCL.tif"", ""aot"": ""https://e84-earth-search-sentinel-data.s3.us-west-2.amazonaws.com/sentinel-2-c1-l2a/32/T/QQ/2023/8/S2B_T32TQQ_20230806T101434_L2A/AOT.tif"", ""coastal"": ""https://e84-earth-search-sentinel-data.s3.us-west-2.amazonaws.com/sentinel-2-c1-l2a/32/T/QQ/2023/8/S2B_T32TQQ_20230806T101434_L2A/B01.tif"", ""nir09"": ""https://e84-earth-search-sentinel-data.s3.us-west-2.amazonaws.com/sentinel-2-c1-l2a/32/T/QQ/2023/8/S2B_T32TQQ_20230806T101434_L2A/B09.tif"", ""cloud"": ""https://e84-earth-search-sentinel-data.s3.us-west-2.amazonaws.com/sentinel-2-c1-l2a/32/T/QQ/2023/8/S2B_T32TQQ_20230806T101434_L2A/CLD_20m.tif"", ""snow"": ""https://e84-earth-search-sentinel-data.s3.us-west-2.amazonaws.com/sentinel-2-c1-l2a/32/T/QQ/2023/8/S2B_T32TQQ_20230806T101434_L2A/SNW_20m.tif"", ""preview"": ""https://e84-earth-search-sentinel-data.s3.us-west-2.amazonaws.com/sentinel-2-c1-l2a/32/T/QQ/2023/8/S2B_T32TQQ_20230806T101434_L2A/L2A_PVI.tif"", ""granule_metadata"": ""https://e84-earth-search-sentinel-data.s3.us-west-2.amazonaws.com/sentinel-2-c1-l2a/32/T/QQ/2023/8/S2B_T32TQQ_20230806T101434_L2A/metadata.xml"", ""tileinfo_metadata"": ""https://e84-earth-search-sentinel-data.s3.us-west-2.amazonaws.com/sentinel-2-c1-l2a/32/T/QQ/2023/8/S2B_T32TQQ_20230806T101434_L2A/tileInfo.json"", ""product_metadata"": ""https://e84-earth-search-sentinel-data.s3.us-west-2.amazonaws.com/sentinel-2-c1-l2a/32/T/QQ/2023/8/S2B_T32TQQ_20230806T101434_L2A/product_metadata.xml"", ""thumbnail"": ""https://e84-earth-search-sentinel-data.s3.us-west-2.amazonaws.com/sentinel-2-c1-l2a/32/T/QQ/2023/8/S2B_T32TQQ_20230806T101434_L2A/L2A_PVI.jpg""}"
S2B_T32TPQ_20230806T101434_L2A,2023-08-06 10:18:33.549000+00:00,5.553996,,sentinel-2b,"{""red"": ""https://e84-earth-search-sentinel-data.s3.us-west-2.amazonaws.com/sentinel-2-c1-l2a/32/T/PQ/2023/8/S2B_T32TPQ_20230806T101434_L2A/B04.tif"", ""green"": ""https://e84-earth-search-sentinel-data.s3.us-west-2.amazonaws.com/sentinel-2-c1-l2a/32/T/PQ/2023/8/S2B_T32TPQ_20230806T101434_L2A/B03.tif"", ""blue"": ""https://e84-earth-search-sentinel-data.s3.us-west-2.amazonaws.com/sentinel-2-c1-l2a/32/T/PQ/2023/8/S2B_T32TPQ_20230806T101434_L2A/B02.tif"", ""visual"": ""https://e84-earth-search-sentinel-data.s3.us-west-2.amazonaws.com/sentinel-2-c1-l2a/32/T/PQ/2023/8/S2B_T32TPQ_20230806T101434_L2A/TCI.tif"", ""nir"": ""https://e84-earth-search-sentinel-data.s3.us-west-2.amazonaws.com/sentinel-2-c1-l2a/32/T/PQ/2023/8/S2B_T32TPQ_20230806T101434_L2A/B08.tif"", ""swir22"": ""https://e84-earth-search-sentinel-data.s3.us-west-2.amazonaws.com/sentinel-2-c1-l2a/32/T/PQ/2023/8/S2B_T32TPQ_20230806T101434_L2A/B12.tif"", ""rededge2"": ""https://e84-earth-search-sentinel-data.s3.us-west-2.amazonaws.com/sentinel-2-c1-l2a/32/T/PQ/2023/8/S2B_T32TPQ_20230806T101434_L2A/B06.tif"", ""rededge3"": ""https://e84-earth-search-sentinel-data.s3.us-west-2.amazonaws.com/sentinel-2-c1-l2a/32/T/PQ/2023/8/S2B_T32TPQ_20230806T101434_L2A/B07.tif"", ""rededge1"": ""https://e84-earth-search-sentinel-data.s3.us-west-2.amazonaws.com/sentinel-2-c1-l2a/32/T/PQ/2023/8/S2B_T32TPQ_20230806T101434_L2A/B05.tif"", ""swir16"": ""https://e84-earth-search-sentinel-data.s3.us-west-2.amazonaws.com/sentinel-2-c1-l2a/32/T/PQ/2023/8/S2B_T32TPQ_20230806T101434_L2A/B11.tif"", ""wvp"": ""https://e84-earth-search-sentinel-data.s3.us-west-2.amazonaws.com/sentinel-2-c1-l2a/32/T/PQ/2023/8/S2B_T32TPQ_20230806T101434_L2A/WVP.tif"", ""nir08"": ""https://e84-earth-search-sentinel-data.s3.us-west-2.amazonaws.com/sentinel-2-c1-l2a/32/T/PQ/2023/8/S2B_T32TPQ_20230806T101434_L2A/B8A.tif"", ""scl"": ""https://e84-earth-search-sentinel-data.s3.us-west-2.amazonaws.com/sentinel-2-c1-l2a/32/T/PQ/2023/8/S2B_T32TPQ_20230806T101434_L2A/SCL.tif"", ""aot"": ""https://e84-earth-search-sentinel-data.s3.us-west-2.amazonaws.com/sentinel-2-c1-l2a/32/T/PQ/2023/8/S2B_T32TPQ_20230806T101434_L2A/AOT.tif"", ""coastal"": ""https://e84-earth-search-sentinel-data.s3.us-west-2.amazonaws.com/sentinel-2-c1-l2a/32/T/PQ/2023/8/S2B_T32TPQ_20230806T101434_L2A/B01.tif"", ""nir09"": ""https://e84-earth-search-sentinel-data.s3.us-west-2.amazonaws.com/sentinel-2-c1-l2a/32/T/PQ/2023/8/S2B_T32TPQ_20230806T101434_L2A/B09.tif"", ""cloud"": ""https://e84-earth-search-sentinel-data.s3.us-west-2.amazonaws.com/sentinel-2-c1-l2a/32/T/PQ/2023/8/S2B_T32TPQ_20230806T101434_L2A/CLD_20m.tif"", ""snow"": ""https://e84-earth-search-sentinel-data.s3.us-west-2.amazonaws.com/sentinel-2-c1-l2a/32/T/PQ/2023/8/S2B_T32TPQ_20230806T101434_L2A/SNW_20m.tif"", ""preview"": ""https://e84-earth-search-sentinel-data.s3.us-west-2.amazonaws.com/sentinel-2-c1-l2a/32/T/PQ/2023/8/S2B_T32TPQ_20230806T101434_L2A/L2A_PVI.tif"", ""granule_metadata"": ""https://e84-earth-search-sentinel-data.s3.us-west-2.amazonaws.com/sentinel-2-c1-l2a/32/T/PQ/2023/8/S2B_T32TPQ_20230806T101434_L2A/metadata.xml"", ""tileinfo_metadata"": ""https://e84-earth-search-sentinel-data.s3.us-west-2.amazonaws.com/sentinel-2-c1-l2a/32/T/PQ/2023/8/S2B_T32TPQ_20230806T101434_L2A/tileInfo.json"", ""product_metadata"": ""https://e84-earth-search-sentinel-data.s3.us-west-2.amazonaws.com/sentinel-2-c1-l2a/32/T/PQ/2023/8/S2B_T32TPQ_20230806T101434_L2A/product_metadata.xml"", ""thumbnail"": ""https://e84-earth-search-sentinel-data.s3.us-west-2.amazonaws.com/sentinel-2-c1-l2a/32/T/PQ/2023/8/S2B_T32TPQ_20230806T101434_L2A/L2A_PVI.jpg""}"
S2B_T32TQP_20230806T101434_L2A,2023-08-06 10:18:44.347000+00:00,36.705339,,sentinel-2b,"{""red"": ""https://e84-earth-search-sentinel-data.s3.us-west-2.amazonaws.com/sentinel-2-c1-l2a/32/T/QP/2023/8/S2B_T32TQP_20230806T101434_L2A/B04.tif"", ""green"": ""https://e84-earth-search-sentinel-data.s3.us-west-2.amazonaws.com/sentinel-2-c1-l2a/32/T/QP/2023/8/S2B_T32TQP_20230806T101434_L2A/B03.tif"", ""blue"": ""https://e84-earth-search-sentinel-data.s3.us-west-2.amazonaws.com/sentinel-2-c1-l2a/32/T/QP/2023/8/S2B_T32TQP_20230806T101434_L2A/B02.tif"", ""visual"": ""https://e84-earth-search-sentinel-data.s3.us-west-2.amazonaws.com/sentinel-2-c1-l2a/32/T/QP/2023/8/S2B_T32TQP_20230806T101434_L2A/TCI.tif"", ""nir"": ""https://e84-earth-search-sentinel-data.s3.us-west-2.amazonaws.com/sentinel-2-c1-l2a/32/T/QP/2023/8/S2B_T32TQP_20230806T101434_L2A/B08.tif"", ""swir22"": ""https://e84-earth-search-sentinel-data.s3.us-west-2.amazonaws.com/sentinel-2-c1-l2a/32/T/QP/2023/8/S2B_T32TQP_20230806T101434_L2A/B12.tif"", ""rededge2"": ""https://e84-earth-search-sentinel-data.s3.us-west-2.amazonaws.com/sentinel-2-c1-l2a/32/T/QP/2023/8/S2B_T32TQP_20230806T101434_L2A/B06.tif"", ""rededge3"": ""https://e84-earth-search-sentinel-data.s3.us-west-2.amazonaws.com/sentinel-2-c1-l2a/32/T/QP/2023/8/S2B_T32TQP_20230806T101434_L2A/B07.tif"", ""rededge1"": ""https://e84-earth-search-sentinel-data.s3.us-west-2.amazonaws.com/sentinel-2-c1-l2a/32/T/QP/2023/8/S2B_T32TQP_20230806T101434_L2A/B05.tif"", ""swir16"": ""https://e84-earth-search-sentinel-data.s3.us-west-2.amazonaws.com/sentinel-2-c1-l2a/32/T/QP/2023/8/S2B_T32TQP_20230806T101434_L2A/B11.tif"", ""wvp"": ""https://e84-earth-search-sentinel-data.s3.us-west-2.amazonaws.com/sentinel-2-c1-l2a/32/T/QP/2023/8/S2B_T32TQP_20230806T101434_L2A/WVP.tif"", ""nir08"": ""https://e84-earth-search-sentinel-data.s3.us-west-2.amazonaws.com/sentinel-2-c1-l2a/32/T/QP/2023/8/S2B_T32TQP_20230806T101434_L2A/B8A.tif"", ""scl"": ""https://e84-earth-search-sentinel-data.s3.us-west-2.amazonaws.com/sentinel-2-c1-l2a/32/T/QP/2023/8/S2B_T32TQP_20230806T101434_L2A/SCL.tif"", ""aot"": ""https://e84-earth-search-sentinel-data.s3.us-west-2.amazonaws.com/sentinel-2-c1-l2a/32/T/QP/2023/8/S2B_T32TQP_20230806T101434_L2A/AOT.tif"", ""coastal"": ""https://e84-earth-search-sentinel-data.s3.us-west-2.amazonaws.com/sentinel-2-c1-l2a/32/T/QP/2023/8/S2B_T32TQP_20230806T101434_L2A/B01.tif"", ""nir09"": ""https://e84-earth-search-sentinel-data.s3.us-west-2.amazonaws.com/sentinel-2-c1-l2a/32/T/QP/2023/8/S2B_T32TQP_20230806T101434_L2A/B09.tif"", ""cloud"": ""https://e84-earth-search-sentinel-data.s3.us-west-2.amazonaws.com/sentinel-2-c1-l2a/32/T/QP/2023/8/S2B_T32TQP_20230806T101434_L2A/CLD_20m.tif"", ""snow"": ""https://e84-earth-search-sentinel-data.s3.us-west-2.amazonaws.com/sentinel-2-c1-l2a/32/T/QP/2023/8/S2B_T32TQP_20230806T101434_L2A/SNW_20m.tif"", ""preview"": ""https://e84-earth-search-sentinel-data.s3.us-west-2.amazonaws.com/sentinel-2-c1-l2a/32/T/QP/2023/8/S2B_T32TQP_20230806T101434_L2A/L2A_PVI.tif"", ""granule_metadata"": ""https://e84-earth-search-sentinel-data.s3.us-west-2.amazonaws.com/sentinel-2-c1-l2a/32/T/QP/2023/8/S2B_T32TQP_20230806T101434_L2A/metadata.xml"", ""tileinfo_metadata"": ""https://e84-earth-search-sentinel-data.s3.us-west-2.amazonaws.com/sentinel-2-c1-l2a/32/T/QP/2023/8/S2B_T32TQP_20230806T101434_L2A/tileInfo.json"", ""product_metadata"": ""https://e84-earth-search-sentinel-data.s3.us-west-2.amazonaws.com/sentinel-2-c1-l2a/32/T/QP/2023/8/S2B_T32TQP_20230806T101434_L2A/product_metadata.xml"", ""thumbnail"": ""https://e84-earth-search-sentinel-data.s3.us-west-2.amazonaws.com/sentinel-2-c1-l2a/32/T/QP/2023/8/S2B_T32TQP_20230806T101434_L2A/L2A_PVI.jpg""}"
S2B_T32TPP_20230806T101434_L2A,2023-08-06 10:18:47.946000+00:00,41.737515,,sentinel-2b,"{""red"": ""https://e84-earth-search-sentinel-data.s3.us-west-2.amazonaws.com/sentinel-2-c1-l2a/32/T/PP/2023/8/S2B_T32TPP_20230806T101434_L2A/B04.tif"", ""green"": ""https://e84-earth-search-sentinel-data.s3.us-west-2.amazonaws.com/sentinel-2-c1-l2a/32/T/PP/2023/8/S2B_T32TPP_20230806T101434_L2A/B03.tif"", ""blue"": ""https://e84-earth-search-sentinel-data.s3.us-west-2.amazonaws.com/sentinel-2-c1-l2a/32/T/PP/2023/8/S2B_T32TPP_20230806T101434_L2A/B02.tif"", ""visual"": ""https://e84-earth-search-sentinel-data.s3.us-west-2.amazonaws.com/sentinel-2-c1-l2a/32/T/PP/2023/8/S2B_T32TPP_20230806T101434_L2A/TCI.tif"", ""nir"": ""https://e84-earth-search-sentinel-data.s3.us-west-2.amazonaws.com/sentinel-2-c1-l2a/32/T/PP/2023/8/S2B_T32TPP_20230806T101434_L2A/B08.tif"", ""swir22"": ""https://e84-earth-search-sentinel-data.s3.us-west-2.amazonaws.com/sentinel-2-c1-l2a/32/T/PP/2023/8/S2B_T32TPP_20230806T101434_L2A/B12.tif"", ""rededge2"": ""https://e84-earth-search-sentinel-data.s3.us-west-2.amazonaws.com/sentinel-2-c1-l2a/32/T/PP/2023/8/S2B_T32TPP_20230806T101434_L2A/B06.tif"", ""rededge3"": ""https://e84-earth-search-sentinel-data.s3.us-west-2.amazonaws.com/sentinel-2-c1-l2a/32/T/PP/2023/8/S2B_T32TPP_20230806T101434_L2A/B07.tif"", ""rededge1"": ""https://e84-earth-search-sentinel-data.s3.us-west-2.amazonaws.com/sentinel-2-c1-l2a/32/T/PP/2023/8/S2B_T32TPP_20230806T101434_L2A/B05.tif"", ""swir16"": ""https://e84-earth-search-sentinel-data.s3.us-west-2.amazonaws.com/sentinel-2-c1-l2a/32/T/PP/2023/8/S2B_T32TPP_20230806T101434_L2A/B11.tif"", ""wvp"": ""https://e84-earth-search-sentinel-data.s3.us-west-2.amazonaws.com/sentinel-2-c1-l2a/32/T/PP/2023/8/S2B_T32TPP_20230806T101434_L2A/WVP.tif"", ""nir08"": ""https://e84-earth-search-sentinel-data.s3.us-west-2.amazonaws.com/sentinel-2-c1-l2a/32/T/PP/2023/8/S2B_T32TPP_20230806T101434_L2A/B8A.tif"", ""scl"": ""https://e84-earth-search-sentinel-data.s3.us-west-2.amazonaws.com/sentinel-2-c1-l2a/32/T/PP/2023/8/S2B_T32TPP_20230806T101434_L2A/SCL.tif"", ""aot"": ""https://e84-earth-search-sentinel-data.s3.us-west-2.amazonaws.com/sentinel-2-c1-l2a/32/T/PP/2023/8/S2B_T32TPP_20230806T101434_L2A/AOT.tif"", ""coastal"": ""https://e84-earth-search-sentinel-data.s3.us-west-2.amazonaws.com/sentinel-2-c1-l2a/32/T/PP/2023/8/S2B_T32TPP_20230806T101434_L2A/B01.tif"", ""nir09"": ""https://e84-earth-search-sentinel-data.s3.us-west-2.amazonaws.com/sentinel-2-c1-l2a/32/T/PP/2023/8/S2B_T32TPP_20230806T101434_L2A/B09.tif"", ""cloud"": ""https://e84-earth-search-sentinel-data.s3.us-west-2.amazonaws.com/sentinel-2-c1-l2a/32/T/PP/2023/8/S2B_T32TPP_20230806T101434_L2A/CLD_20m.tif"", ""snow"": ""https://e84-earth-search-sentinel-data.s3.us-west-2.amazonaws.com/sentinel-2-c1-l2a/32/T/PP/2023/8/S2B_T32TPP_20230806T101434_L2A/SNW_20m.tif"", ""preview"": ""https://e84-earth-search-sentinel-data.s3.us-west-2.amazonaws.com/sentinel-2-c1-l2a/32/T/PP/2023/8/S2B_T32TPP_20230806T101434_L2A/L2A_PVI.tif"", ""granule_metadata"": ""https://e84-earth-search-sentinel-data.s3.us-west-2.amazonaws.com/sentinel-2-c1-l2a/32/T/PP/2023/8/S2B_T32TPP_20230806T101434_L2A/metadata.xml"", ""tileinfo_metadata"": ""https://e84-earth-search-sentinel-data.s3.us-west-2.amazonaws.com/sentinel-2-c1-l2a/32/T/PP/2023/8/S2B_T32TPP_20230806T101434_L2A/tileInfo.json"", ""product_metadata"": ""https://e84-earth-search-sentinel-data.s3.us-west-2.amazonaws.com/sentinel-2-c1-l2a/32/T/PP/2023/8/S2B_T32TPP_20230806T101434_L2A/product_metadata.xml"", ""thumbnail"": ""https://e84-earth-search-sentinel-data.s3.us-west-2.amazonaws.com/sentinel-2-c1-l2a/32/T/PP/2023/8/S2B_T32TPP_20230806T101434_L2A/L2A_PVI.jpg""}"
S2A_T32TQQ_20230808T100030_L2A,2023-08-08 10:08:32.530000+00:00,50.822419,,sentinel-2a,"{""red"": ""https://e84-earth-search-sentinel-data.s3.us-west-2.amazonaws.com/sentinel-2-c1-l2a/32/T/QQ/2023/8/S2A_T32TQQ_20230808T100030_L2A/B04.tif"", ""green"": ""https://e84-earth-search-sentinel-data.s3.us-west-2.amazonaws.com/sentinel-2-c1-l2a/32/T/QQ/2023/8/S2A_T32TQQ_20230808T100030_L2A/B03.tif"", ""blue"": ""https://e84-earth-search-sentinel-data.s3.us-west-2.amazonaws.com/sentinel-2-c1-l2a/32/T/QQ/2023/8/S2A_T32TQQ_20230808T100030_L2A/B02.tif"", ""visual"": ""https://e84-earth-search-sentinel-data.s3.us-west-2.amazonaws.com/sentinel-2-c1-l2a/32/T/QQ/2023/8/S2A_T32TQQ_20230808T100030_L2A/TCI.tif"", ""nir"": ""https://e84-earth-search-sentinel-data.s3.us-west-2.amazonaws.com/sentinel-2-c1-l2a/32/T/QQ/2023/8/S2A_T32TQQ_20230808T100030_L2A/B08.tif"", ""swir22"": ""https://e84-earth-search-sentinel-data.s3.us-west-2.amazonaws.com/sentinel-2-c1-l2a/32/T/QQ/2023/8/S2A_T32TQQ_20230808T100030_L2A/B12.tif"", ""rededge2"": ""https://e84-earth-search-sentinel-data.s3.us-west-2.amazonaws.com/sentinel-2-c1-l2a/32/T/QQ/2023/8/S2A_T32TQQ_20230808T100030_L2A/B06.tif"", ""rededge3"": ""https://e84-earth-search-sentinel-data.s3.us-west-2.amazonaws.com/sentinel-2-c1-l2a/32/T/QQ/2023/8/S2A_T32TQQ_20230808T100030_L2A/B07.tif"", ""rededge1"": ""https://e84-earth-search-sentinel-data.s3.us-west-2.amazonaws.com/sentinel-2-c1-l2a/32/T/QQ/2023/8/S2A_T32TQQ_20230808T100030_L2A/B05.tif"", ""swir16"": ""https://e84-earth-search-sentinel-data.s3.us-west-2.amazonaws.com/sentinel-2-c1-l2a/32/T/QQ/2023/8/S2A_T32TQQ_20230808T100030_L2A/B11.tif"", ""wvp"": ""https://e84-earth-search-sentinel-data.s3.us-west-2.amazonaws.com/sentinel-2-c1-l2a/32/T/QQ/2023/8/S2A_T32TQQ_20230808T100030_L2A/WVP.tif"", ""nir08"": ""https://e84-earth-search-sentinel-data.s3.us-west-2.amazonaws.com/sentinel-2-c1-l2a/32/T/QQ/2023/8/S2A_T32TQQ_20230808T100030_L2A/B8A.tif"", ""scl"": ""https://e84-earth-search-sentinel-data.s3.us-west-2.amazonaws.com/sentinel-2-c1-l2a/32/T/QQ/2023/8/S2A_T32TQQ_20230808T100030_L2A/SCL.tif"", ""aot"": ""https://e84-earth-search-sentinel-data.s3.us-west-2.amazonaws.com/sentinel-2-c1-l2a/32/T/QQ/2023/8/S2A_T32TQQ_20230808T100030_L2A/AOT.tif"", ""coastal"": ""https://e84-earth-search-sentinel-data.s3.us-west-2.amazonaws.com/sentinel-2-c1-l2a/32/T/QQ/2023/8/S2A_T32TQQ_20230808T100030_L2A/B01.tif"", ""nir09"": ""https://e84-earth-search-sentinel-data.s3.us-west-2.amazonaws.com/sentinel-2-c1-l2a/32/T/QQ/2023/8/S2A_T32TQQ_20230808T100030_L2A/B09.tif"", ""cloud"": ""https://e84-earth-search-sentinel-data.s3.us-west-2.amazonaws.com/sentinel-2-c1-l2a/32/T/QQ/2023/8/S2A_T32TQQ_20230808T100030_L2A/CLD_20m.tif"", ""snow"": ""https://e84-earth-search-sentinel-data.s3.us-west-2.amazonaws.com/sentinel-2-c1-l2a/32/T/QQ/2023/8/S2A_T32TQQ_20230808T100030_L2A/SNW_20m.tif"", ""preview"": ""https://e84-earth-search-sentinel-data.s3.us-west-2.amazonaws.com/sentinel-2-c1-l2a/32/T/QQ/2023/8/S2A_T32TQQ_20230808T100030_L2A/L2A_PVI.tif"", ""granule_metadata"": ""https://e84-earth-search-sentinel-data.s3.us-west-2.amazonaws.com/sentinel-2-c1-l2a/32/T/QQ/2023/8/S2A_T32TQQ_20230808T100030_L2A/metadata.xml"", ""tileinfo_metadata"": ""https://e84-earth-search-sentinel-data.s3.us-west-2.amazonaws.com/sentinel-2-c1-l2a/32/T/QQ/2023/8/S2A_T32TQQ_20230808T100030_L2A/tileInfo.json"", ""product_metadata"": ""https://e84-earth-search-sentinel-data.s3.us-west-2.amazonaws.com/sentinel-2-c1-l2a/32/T/QQ/2023/8/S2A_T32TQQ_20230808T100030_L2A/product_metadata.xml"", ""thumbnail"": ""https://e84-earth-search-sentinel-data.s3.us-west-2.amazonaws.com/sentinel-2-c1-l2a/32/T/QQ/2023/8/S2A_T32TQQ_20230808T100030_L2A/L2A_PVI.jpg""}"
S2A_T32TQP_20230808T100030_L2A,2023-08-08 10:08:47.260000+00:00,21.696223,,sentinel-2a,"{""red"": ""https://e84-earth-search-sentinel-data.s3.us-west-2.amazonaws.com/sentinel-2-c1-l2a/32/T/QP/2023/8/S2A_T32TQP_20230808T100030_L2A/B04.tif"", ""green"": ""https://e84-earth-search-sentinel-data.s3.us-west-2.amazonaws.com/sentinel-2-c1-l2a/32/T/QP/2023/8/S2A_T32TQP_20230808T100030_L2A/B03.tif"", ""blue"": ""https://e84-earth-search-sentinel-data.s3.us-west-2.amazonaws.com/sentinel-2-c1-l2a/32/T/QP/2023/8/S2A_T32TQP_20230808T100030_L2A/B02.tif"", ""visual"": ""https://e84-earth-search-sentinel-data.s3.us-west-2.amazonaws.com/sentinel-2-c1-l2a/32/T/QP/2023/8/S2A_T32TQP_20230808T100030_L2A/TCI.tif"", ""nir"": ""https://e84-earth-search-sentinel-data.s3.us-west-2.amazonaws.com/sentinel-2-c1-l2a/32/T/QP/2023/8/S2A_T32TQP_20230808T100030_L2A/B08.tif"", ""swir22"": ""https://e84-earth-search-sentinel-data.s3.us-west-2.amazonaws.com/sentinel-2-c1-l2a/32/T/QP/2023/8/S2A_T32TQP_20230808T100030_L2A/B12.tif"", ""rededge2"": ""https://e84-earth-search-sentinel-data.s3.us-west-2.amazonaws.com/sentinel-2-c1-l2a/32/T/QP/2023/8/S2A_T32TQP_20230808T100030_L2A/B06.tif"", ""rededge3"": ""https://e84-earth-search-sentinel-data.s3.us-west-2.amazonaws.com/sentinel-2-c1-l2a/32/T/QP/2023/8/S2A_T32TQP_20230808T100030_L2A/B07.tif"", ""rededge1"": ""https://e84-earth-search-sentinel-data.s3.us-west-2.amazonaws.com/sentinel-2-c1-l2a/32/T/QP/2023/8/S2A_T32TQP_20230808T100030_L2A/B05.tif"", ""swir16"": ""https://e84-earth-search-sentinel-data.s3.us-west-2.amazonaws.com/sentinel-2-c1-l2a/32/T/QP/2023/8/S2A_T32TQP_20230808T100030_L2A/B11.tif"", ""wvp"": ""https://e84-earth-search-sentinel-data.s3.us-west-2.amazonaws.com/sentinel-2-c1-l2a/32/T/QP/2023/8/S2A_T32TQP_20230808T100030_L2A/WVP.tif"", ""nir08"": ""https://e84-earth-search-sentinel-data.s3.us-west-2.amazonaws.com/sentinel-2-c1-l2a/32/T/QP/2023/8/S2A_T32TQP_20230808T100030_L2A/B8A.tif"", ""scl"": ""https://e84-earth-search-sentinel-data.s3.us-west-2.amazonaws.com/sentinel-2-c1-l2a/32/T/QP/2023/8/S2A_T32TQP_20230808T100030_L2A/SCL.tif"", ""aot"": ""https://e84-earth-search-sentinel-data.s3.us-west-2.amazonaws.com/sentinel-2-c1-l2a/32/T/QP/2023/8/S2A_T32TQP_20230808T100030_L2A/AOT.tif"", ""coastal"": ""https://e84-earth-search-sentinel-data.s3.us-west-2.amazonaws.com/sentinel-2-c1-l2a/32/T/QP/2023/8/S2A_T32TQP_20230808T100030_L2A/B01.tif"", ""nir09"": ""https://e84-earth-search-sentinel-data.s3.us-west-2.amazonaws.com/sentinel-2-c1-l2a/32/T/QP/2023/8/S2A_T32TQP_20230808T100030_L2A/B09.tif"", ""cloud"": ""https://e84-earth-search-sentinel-data.s3.us-west-2.amazonaws.com/sentinel-2-c1-l2a/32/T/QP/2023/8/S2A_T32TQP_20230808T100030_L2A/CLD_20m.tif"", ""snow"": ""https://e84-earth-search-sentinel-data.s3.us-west-2.amazonaws.com/sentinel-2-c1-l2a/32/T/QP/2023/8/S2A_T32TQP_20230808T100030_L2A/SNW_20m.tif"", ""preview"": ""https://e84-earth-search-sentinel-data.s3.us-west-2.amazonaws.com/sentinel-2-c1-l2a/32/T/QP/2023/8/S2A_T32TQP_20230808T100030_L2A/L2A_PVI.tif"", ""granule_metadata"": ""https://e84-earth-search-sentinel-data.s3.us-west-2.amazonaws.com/sentinel-2-c1-l2a/32/T/QP/2023/8/S2A_T32TQP_20230808T100030_L2A/metadata.xml"", ""tileinfo_metadata"": ""https://e84-earth-search-sentinel-data.s3.us-west-2.amazonaws.com/sentinel-2-c1-l2a/32/T/QP/2023/8/S2A_T32TQP_20230808T100030_L2A/tileInfo.json"", ""product_metadata"": ""https://e84-earth-search-sentinel-data.s3.us-west-2.amazonaws.com/sentinel-2-c1-l2a/32/T/QP/2023/8/S2A_T32TQP_20230808T100030_L2A/product_metadata.xml"", ""thumbnail"": ""https://e84-earth-search-sentinel-data.s3.us-west-2.amazonaws.com/sentinel-2-c1-l2a/32/T/QP/2023/8/S2A_T32TQP_20230808T100030_L2A/L2A_PVI.jpg""}"
S2A_T32TQQ_20230811T101028_L2A,2023-08-11 10:18:29.715000+00:00,1.479567,,sentinel-2a,"{""red"": ""https://e84-earth-search-sentinel-data.s3.us-west-2.amazonaws.com/sentinel-2-c1-l2a/32/T/QQ/2023/8/S2A_T32TQQ_20230811T101028_L2A/B04.tif"", ""green"": ""https://e84-earth-search-sentinel-data.s3.us-west-2.amazonaws.com/sentinel-2-c1-l2a/32/T/QQ/2023/8/S2A_T32TQQ_20230811T101028_L2A/B03.tif"", ""blue"": ""https://e84-earth-search-sentinel-data.s3.us-west-2.amazonaws.com/sentinel-2-c1-l2a/32/T/QQ/2023/8/S2A_T32TQQ_20230811T101028_L2A/B02.tif"", ""visual"": ""https://e84-earth-search-sentinel-data.s3.us-west-2.amazonaws.com/sentinel-2-c1-l2a/32/T/QQ/2023/8/S2A_T32TQQ_20230811T101028_L2A/TCI.tif"", ""nir"": ""https://e84-earth-search-sentinel-data.s3.us-west-2.amazonaws.com/sentinel-2-c1-l2a/32/T/QQ/2023/8/S2A_T32TQQ_20230811T101028_L2A/B08.tif"", ""swir22"": ""https://e84-earth-search-sentinel-data.s3.us-west-2.amazonaws.com/sentinel-2-c1-l2a/32/T/QQ/2023/8/S2A_T32TQQ_20230811T101028_L2A/B12.tif"", ""rededge2"": ""https://e84-earth-search-sentinel-data.s3.us-west-2.amazonaws.com/sentinel-2-c1-l2a/32/T/QQ/2023/8/S2A_T32TQQ_20230811T101028_L2A/B06.tif"", ""rededge3"": ""https://e84-earth-search-sentinel-data.s3.us-west-2.amazonaws.com/sentinel-2-c1-l2a/32/T/QQ/2023/8/S2A_T32TQQ_20230811T101028_L2A/B07.tif"", ""rededge1"": ""https://e84-earth-search-sentinel-data.s3.us-west-2.amazonaws.com/sentinel-2-c1-l2a/32/T/QQ/2023/8/S2A_T32TQQ_20230811T101028_L2A/B05.tif"", ""swir16"": ""https://e84-earth-search-sentinel-data.s3.us-west-2.amazonaws.com/sentinel-2-c1-l2a/32/T/QQ/2023/8/S2A_T32TQQ_20230811T101028_L2A/B11.tif"", ""wvp"": ""https://e84-earth-search-sentinel-data.s3.us-west-2.amazonaws.com/sentinel-2-c1-l2a/32/T/QQ/2023/8/S2A_T32TQQ_20230811T101028_L2A/WVP.tif"", ""nir08"": ""https://e84-earth-search-sentinel-data.s3.us-west-2.amazonaws.com/sentinel-2-c1-l2a/32/T/QQ/2023/8/S2A_T32TQQ_20230811T101028_L2A/B8A.tif"", ""scl"": ""https://e84-earth-search-sentinel-data.s3.us-west-2.amazonaws.com/sentinel-2-c1-l2a/32/T/QQ/2023/8/S2A_T32TQQ_20230811T101028_L2A/SCL.tif"", ""aot"": ""https://e84-earth-search-sentinel-data.s3.us-west-2.amazonaws.com/sentinel-2-c1-l2a/32/T/QQ/2023/8/S2A_T32TQQ_20230811T101028_L2A/AOT.tif"", ""coastal"": ""https://e84-earth-search-sentinel-data.s3.us-west-2.amazonaws.com/sentinel-2-c1-l2a/32/T/QQ/2023/8/S2A_T32TQQ_20230811T101028_L2A/B01.tif"", ""nir09"": ""https://e84-earth-search-sentinel-data.s3.us-west-2.amazonaws.com/sentinel-2-c1-l2a/32/T/QQ/2023/8/S2A_T32TQQ_20230811T101028_L2A/B09.tif"", ""cloud"": ""https://e84-earth-search-sentinel-data.s3.us-west-2.amazonaws.com/sentinel-2-c1-l2a/32/T/QQ/2023/8/S2A_T32TQQ_20230811T101028_L2A/CLD_20m.tif"", ""snow"": ""https://e84-earth-search-sentinel-data.s3.us-west-2.amazonaws.com/sentinel-2-c1-l2a/32/T/QQ/2023/8/S2A_T32TQQ_20230811T101028_L2A/SNW_20m.tif"", ""preview"": ""https://e84-earth-search-sentinel-data.s3.us-west-2.amazonaws.com/sentinel-2-c1-l2a/32/T/QQ/2023/8/S2A_T32TQQ_20230811T101028_L2A/L2A_PVI.tif"", ""granule_metadata"": ""https://e84-earth-search-sentinel-data.s3.us-west-2.amazonaws.com/sentinel-2-c1-l2a/32/T/QQ/2023/8/S2A_T32TQQ_20230811T101028_L2A/metadata.xml"", ""tileinfo_metadata"": ""https://e84-earth-search-sentinel-data.s3.us-west-2.amazonaws.com/sentinel-2-c1-l2a/32/T/QQ/2023/8/S2A_T32TQQ_20230811T101028_L2A/tileInfo.json"", ""product_metadata"": ""https://e84-earth-search-sentinel-data.s3.us-west-2.amazonaws.com/sentinel-2-c1-l2a/32/T/QQ/2023/8/S2A_T32TQQ_20230811T101028_L2A/product_metadata.xml"", ""thumbnail"": ""https://e84-earth-search-sentinel-data.s3.us-west-2.amazonaws.com/sentinel-2-c1-l2a/32/T/QQ/2023/8/S2A_T32TQQ_20230811T101028_L2A/L2A_PVI.jpg""}"
S2A_T32TPQ_20230811T101028_L2A,2023-08-11 10:18:33.171000+00:00,1.47034,,sentinel-2a,"{""red"": ""https://e84-earth-search-sentinel-data.s3.us-west-2.amazonaws.com/sentinel-2-c1-l2a/32/T/PQ/2023/8/S2A_T32TPQ_20230811T101028_L2A/B04.tif"", ""green"": ""https://e84-earth-search-sentinel-data.s3.us-west-2.amazonaws.com/sentinel-2-c1-l2a/32/T/PQ/2023/8/S2A_T32TPQ_20230811T101028_L2A/B03.tif"", ""blue"": ""https://e84-earth-search-sentinel-data.s3.us-west-2.amazonaws.com/sentinel-2-c1-l2a/32/T/PQ/2023/8/S2A_T32TPQ_20230811T101028_L2A/B02.tif"", ""visual"": ""https://e84-earth-search-sentinel-data.s3.us-west-2.amazonaws.com/sentinel-2-c1-l2a/32/T/PQ/2023/8/S2A_T32TPQ_20230811T101028_L2A/TCI.tif"", ""nir"": ""https://e84-earth-search-sentinel-data.s3.us-west-2.amazonaws.com/sentinel-2-c1-l2a/32/T/PQ/2023/8/S2A_T32TPQ_20230811T101028_L2A/B08.tif"", ""swir22"": ""https://e84-earth-search-sentinel-data.s3.us-west-2.amazonaws.com/sentinel-2-c1-l2a/32/T/PQ/2023/8/S2A_T32TPQ_20230811T101028_L2A/B12.tif"", ""rededge2"": ""https://e84-earth-search-sentinel-data.s3.us-west-2.amazonaws.com/sentinel-2-c1-l2a/32/T/PQ/2023/8/S2A_T32TPQ_20230811T101028_L2A/B06.tif"", ""rededge3"": ""https://e84-earth-search-sentinel-data.s3.us-west-2.amazonaws.com/sentinel-2-c1-l2a/32/T/PQ/2023/8/S2A_T32TPQ_20230811T101028_L2A/B07.tif"", ""rededge1"": ""https://e84-earth-search-sentinel-data.s3.us-west-2.amazonaws.com/sentinel-2-c1-l2a/32/T/PQ/2023/8/S2A_T32TPQ_20230811T101028_L2A/B05.tif"", ""swir16"": ""https://e84-earth-search-sentinel-data.s3.us-west-2.amazonaws.com/sentinel-2-c1-l2a/32/T/PQ/2023/8/S2A_T32TPQ_20230811T101028_L2A/B11.tif"", ""wvp"": ""https://e84-earth-search-sentinel-data.s3.us-west-2.amazonaws.com/sentinel-2-c1-l2a/32/T/PQ/2023/8/S2A_T32TPQ_20230811T101028_L2A/WVP.tif"", ""nir08"": ""https://e84-earth-search-sentinel-data.s3.us-west-2.amazonaws.com/sentinel-2-c1-l2a/32/T/PQ/2023/8/S2A_T32TPQ_20230811T101028_L2A/B8A.tif"", ""scl"": ""https://e84-earth-search-sentinel-data.s3.us-west-2.amazonaws.com/sentinel-2-c1-l2a/32/T/PQ/2023/8/S2A_T32TPQ_20230811T101028_L2A/SCL.tif"", ""aot"": ""https://e84-earth-search-sentinel-data.s3.us-west-2.amazonaws.com/sentinel-2-c1-l2a/32/T/PQ/2023/8/S2A_T32TPQ_20230811T101028_L2A/AOT.tif"", ""coastal"": ""https://e84-earth-search-sentinel-data.s3.us-west-2.amazonaws.com/sentinel-2-c1-l2a/32/T/PQ/2023/8/S2A_T32TPQ_20230811T101028_L2A/B01.tif"", ""nir09"": ""https://e84-earth-search-sentinel-data.s3.us-west-2.amazonaws.com/sentinel-2-c1-l2a/32/T/PQ/2023/8/S2A_T32TPQ_20230811T101028_L2A/B09.tif"", ""cloud"": ""https://e84-earth-search-sentinel-data.s3.us-west-2.amazonaws.com/sentinel-2-c1-l2a/32/T/PQ/2023/8/S2A_T32TPQ_20230811T101028_L2A/CLD_20m.tif"", ""snow"": ""https://e84-earth-search-sentinel-data.s3.us-west-2.amazonaws.com/sentinel-2-c1-l2a/32/T/PQ/2023/8/S2A_T32TPQ_20230811T101028_L2A/SNW_20m.tif"", ""preview"": ""https://e84-earth-search-sentinel-data.s3.us-west-2.amazonaws.com/sentinel-2-c1-l2a/32/T/PQ/2023/8/S2A_T32TPQ_20230811T101028_L2A/L2A_PVI.tif"", ""granule_metadata"": ""https://e84-earth-search-sentinel-data.s3.us-west-2.amazonaws.com/sentinel-2-c1-l2a/32/T/PQ/2023/8/S2A_T32TPQ_20230811T101028_L2A/metadata.xml"", ""tileinfo_metadata"": ""https://e84-earth-search-sentinel-data.s3.us-west-2.amazonaws.com/sentinel-2-c1-l2a/32/T/PQ/2023/8/S2A_T32TPQ_20230811T101028_L2A/tileInfo.json"", ""product_metadata"": ""https://e84-earth-search-sentinel-data.s3.us-west-2.amazonaws.com/sentinel-2-c1-l2a/32/T/PQ/2023/8/S2A_T32TPQ_20230811T101028_L2A/product_metadata.xml"", ""thumbnail"": ""https://e84-earth-search-sentinel-data.s3.us-west-2.amazonaws.com/sentinel-2-c1-l2a/32/T/PQ/2023/8/S2A_T32TPQ_20230811T101028_L2A/L2A_PVI.jpg""}"
S2A_T32TQP_20230811T101028_L2A,2023-08-11 10:18:43.964000+00:00,2.145619,,sentinel-2a,"{""red"": ""https://e84-earth-search-sentinel-data.s3.us-west-2.amazonaws.com/sentinel-2-c1-l2a/32/T/QP/2023/8/S2A_T32TQP_20230811T101028_L2A/B04.tif"", ""green"": ""https://e84-earth-search-sentinel-data.s3.us-west-2.amazonaws.com/sentinel-2-c1-l2a/32/T/QP/2023/8/S2A_T32TQP_20230811T101028_L2A/B03.tif"", ""blue"": ""https://e84-earth-search-sentinel-data.s3.us-west-2.amazonaws.com/sentinel-2-c1-l2a/32/T/QP/2023/8/S2A_T32TQP_20230811T101028_L2A/B02.tif"", ""visual"": ""https://e84-earth-search-sentinel-data.s3.us-west-2.amazonaws.com/sentinel-2-c1-l2a/32/T/QP/2023/8/S2A_T32TQP_20230811T101028_L2A/TCI.tif"", ""nir"": ""https://e84-earth-search-sentinel-data.s3.us-west-2.amazonaws.com/sentinel-2-c1-l2a/32/T/QP/2023/8/S2A_T32TQP_20230811T101028_L2A/B08.tif"", ""swir22"": ""https://e84-earth-search-sentinel-data.s3.us-west-2.amazonaws.com/sentinel-2-c1-l2a/32/T/QP/2023/8/S2A_T32TQP_20230811T101028_L2A/B12.tif"", ""rededge2"": ""https://e84-earth-search-sentinel-data.s3.us-west-2.amazonaws.com/sentinel-2-c1-l2a/32/T/QP/2023/8/S2A_T32TQP_20230811T101028_L2A/B06.tif"", ""rededge3"": ""https://e84-earth-search-sentinel-data.s3.us-west-2.amazonaws.com/sentinel-2-c1-l2a/32/T/QP/2023/8/S2A_T32TQP_20230811T101028_L2A/B07.tif"", ""rededge1"": ""https://e84-earth-search-sentinel-data.s3.us-west-2.amazonaws.com/sentinel-2-c1-l2a/32/T/QP/2023/8/S2A_T32TQP_20230811T101028_L2A/B05.tif"", ""swir16"": ""https://e84-earth-search-sentinel-data.s3.us-west-2.amazonaws.com/sentinel-2-c1-l2a/32/T/QP/2023/8/S2A_T32TQP_20230811T101028_L2A/B11.tif"", ""wvp"": ""https://e84-earth-search-sentinel-data.s3.us-west-2.amazonaws.com/sentinel-2-c1-l2a/32/T/QP/2023/8/S2A_T32TQP_20230811T101028_L2A/WVP.tif"", ""nir08"": ""https://e84-earth-search-sentinel-data.s3.us-west-2.amazonaws.com/sentinel-2-c1-l2a/32/T/QP/2023/8/S2A_T32TQP_20230811T101028_L2A/B8A.tif"", ""scl"": ""https://e84-earth-search-sentinel-data.s3.us-west-2.amazonaws.com/sentinel-2-c1-l2a/32/T/QP/2023/8/S2A_T32TQP_20230811T101028_L2A/SCL.tif"", ""aot"": ""https://e84-earth-search-sentinel-data.s3.us-west-2.amazonaws.com/sentinel-2-c1-l2a/32/T/QP/2023/8/S2A_T32TQP_20230811T101028_L2A/AOT.tif"", ""coastal"": ""https://e84-earth-search-sentinel-data.s3.us-west-2.amazonaws.com/sentinel-2-c1-l2a/32/T/QP/2023/8/S2A_T32TQP_20230811T101028_L2A/B01.tif"", ""nir09"": ""https://e84-earth-search-sentinel-data.s3.us-west-2.amazonaws.com/sentinel-2-c1-l2a/32/T/QP/2023/8/S2A_T32TQP_20230811T101028_L2A/B09.tif"", ""cloud"": ""https://e84-earth-search-sentinel-data.s3.us-west-2.amazonaws.com/sentinel-2-c1-l2a/32/T/QP/2023/8/S2A_T32TQP_20230811T101028_L2A/CLD_20m.tif"", ""snow"": ""https://e84-earth-search-sentinel-data.s3.us-west-2.amazonaws.com/sentinel-2-c1-l2a/32/T/QP/2023/8/S2A_T32TQP_20230811T101028_L2A/SNW_20m.tif"", ""preview"": ""https://e84-earth-search-sentinel-data.s3.us-west-2.amazonaws.com/sentinel-2-c1-l2a/32/T/QP/2023/8/S2A_T32TQP_20230811T101028_L2A/L2A_PVI.tif"", ""granule_metadata"": ""https://e84-earth-search-sentinel-data.s3.us-west-2.amazonaws.com/sentinel-2-c1-l2a/32/T/QP/2023/8/S2A_T32TQP_20230811T101028_L2A/metadata.xml"", ""tileinfo_metadata"": ""https://e84-earth-search-sentinel-data.s3.us-west-2.amazonaws.com/sentinel-2-c1-l2a/32/T/QP/2023/8/S2A_T32TQP_20230811T101028_L2A/tileInfo.json"", ""product_metadata"": ""https://e84-earth-search-sentinel-data.s3.us-west-2.amazonaws.com/sentinel-2-c1-l2a/32/T/QP/2023/8/S2A_T32TQP_20230811T101028_L2A/product_metadata.xml"", ""thumbnail"": ""https://e84-earth-search-sentinel-data.s3.us-west-2.amazonaws.com/sentinel-2-c1-l2a/32/T/QP/2023/8/S2A_T32TQP_20230811T101028_L2A/L2A_PVI.jpg""}"
S2A_T32TPP_20230811T101028_L2A,2023-08-11 10:18:47.567000+00:00,2.154034,,sentinel-2a,"{""red"": ""https://e84-earth-search-sentinel-data.s3.us-west-2.amazonaws.com/sentinel-2-c1-l2a/32/T/PP/2023/8/S2A_T32TPP_20230811T101028_L2A/B04.tif"", ""green"": ""https://e84-earth-search-sentinel-data.s3.us-west-2.amazonaws.com/sentinel-2-c1-l2a/32/T/PP/2023/8/S2A_T32TPP_20230811T101028_L2A/B03.tif"", ""blue"": ""https://e84-earth-search-sentinel-data.s3.us-west-2.amazonaws.com/sentinel-2-c1-l2a/32/T/PP/2023/8/S2A_T32TPP_20230811T101028_L2A/B02.tif"", ""visual"": ""https://e84-earth-search-sentinel-data.s3.us-west-2.amazonaws.com/sentinel-2-c1-l2a/32/T/PP/2023/8/S2A_T32TPP_20230811T101028_L2A/TCI.tif"", ""nir"": ""https://e84-earth-search-sentinel-data.s3.us-west-2.amazonaws.com/sentinel-2-c1-l2a/32/T/PP/2023/8/S2A_T32TPP_20230811T101028_L2A/B08.tif"", ""swir22"": ""https://e84-earth-search-sentinel-data.s3.us-west-2.amazonaws.com/sentinel-2-c1-l2a/32/T/PP/2023/8/S2A_T32TPP_20230811T101028_L2A/B12.tif"", ""rededge2"": ""https://e84-earth-search-sentinel-data.s3.us-west-2.amazonaws.com/sentinel-2-c1-l2a/32/T/PP/2023/8/S2A_T32TPP_20230811T101028_L2A/B06.tif"", ""rededge3"": ""https://e84-earth-search-sentinel-data.s3.us-west-2.amazonaws.com/sentinel-2-c1-l2a/32/T/PP/2023/8/S2A_T32TPP_20230811T101028_L2A/B07.tif"", ""rededge1"": ""https://e84-earth-search-sentinel-data.s3.us-west-2.amazonaws.com/sentinel-2-c1-l2a/32/T/PP/2023/8/S2A_T32TPP_20230811T101028_L2A/B05.tif"", ""swir16"": ""https://e84-earth-search-sentinel-data.s3.us-west-2.amazonaws.com/sentinel-2-c1-l2a/32/T/PP/2023/8/S2A_T32TPP_20230811T101028_L2A/B11.tif"", ""wvp"": ""https://e84-earth-search-sentinel-data.s3.us-west-2.amazonaws.com/sentinel-2-c1-l2a/32/T/PP/2023/8/S2A_T32TPP_20230811T101028_L2A/WVP.tif"", ""nir08"": ""https://e84-earth-search-sentinel-data.s3.us-west-2.amazonaws.com/sentinel-2-c1-l2a/32/T/PP/2023/8/S2A_T32TPP_20230811T101028_L2A/B8A.tif"", ""scl"": ""https://e84-earth-search-sentinel-data.s3.us-west-2.amazonaws.com/sentinel-2-c1-l2a/32/T/PP/2023/8/S2A_T32TPP_20230811T101028_L2A/SCL.tif"", ""aot"": ""https://e84-earth-search-sentinel-data.s3.us-west-2.amazonaws.com/sentinel-2-c1-l2a/32/T/PP/2023/8/S2A_T32TPP_20230811T101028_L2A/AOT.tif"", ""coastal"": ""https://e84-earth-search-sentinel-data.s3.us-west-2.amazonaws.com/sentinel-2-c1-l2a/32/T/PP/2023/8/S2A_T32TPP_20230811T101028_L2A/B01.tif"", ""nir09"": ""https://e84-earth-search-sentinel-data.s3.us-west-2.amazonaws.com/sentinel-2-c1-l2a/32/T/PP/2023/8/S2A_T32TPP_20230811T101028_L2A/B09.tif"", ""cloud"": ""https://e84-earth-search-sentinel-data.s3.us-west-2.amazonaws.com/sentinel-2-c1-l2a/32/T/PP/2023/8/S2A_T32TPP_20230811T101028_L2A/CLD_20m.tif"", ""snow"": ""https://e84-earth-search-sentinel-data.s3.us-west-2.amazonaws.com/sentinel-2-c1-l2a/32/T/PP/2023/8/S2A_T32TPP_20230811T101028_L2A/SNW_20m.tif"", ""preview"": ""https://e84-earth-search-sentinel-data.s3.us-west-2.amazonaws.com/sentinel-2-c1-l2a/32/T/PP/2023/8/S2A_T32TPP_20230811T101028_L2A/L2A_PVI.tif"", ""granule_metadata"": ""https://e84-earth-search-sentinel-data.s3.us-west-2.amazonaws.com/sentinel-2-c1-l2a/32/T/PP/2023/8/S2A_T32TPP_20230811T101028_L2A/metadata.xml"", ""tileinfo_metadata"": ""https://e84-earth-search-sentinel-data.s3.us-west-2.amazonaws.com/sentinel-2-c1-l2a/32/T/PP/2023/8/S2A_T32TPP_20230811T101028_L2A/tileInfo.json"", ""product_metadata"": ""https://e84-earth-search-sentinel-data.s3.us-west-2.amazonaws.com/sentinel-2-c1-l2a/32/T/PP/2023/8/S2A_T32TPP_20230811T101028_L2A/product_metadata.xml"", ""thumbnail"": ""https://e84-earth-search-sentinel-data.s3.us-west-2.amazonaws.com/sentinel-2-c1-l2a/32/T/PP/2023/8/S2A_T32TPP_20230811T101028_L2A/L2A_PVI.jpg""}"
S2B_T32TQQ_20230813T100712_L2A,2023-08-13 10:08:33.745000+00:00,0.327816,,sentinel-2b,"{""red"": ""https://e84-earth-search-sentinel-data.s3.us-west-2.amazonaws.com/sentinel-2-c1-l2a/32/T/QQ/2023/8/S2B_T32TQQ_20230813T100712_L2A/B04.tif"", ""green"": ""https://e84-earth-search-sentinel-data.s3.us-west-2.amazonaws.com/sentinel-2-c1-l2a/32/T/QQ/2023/8/S2B_T32TQQ_20230813T100712_L2A/B03.tif"", ""blue"": ""https://e84-earth-search-sentinel-data.s3.us-west-2.amazonaws.com/sentinel-2-c1-l2a/32/T/QQ/2023/8/S2B_T32TQQ_20230813T100712_L2A/B02.tif"", ""visual"": ""https://e84-earth-search-sentinel-data.s3.us-west-2.amazonaws.com/sentinel-2-c1-l2a/32/T/QQ/2023/8/S2B_T32TQQ_20230813T100712_L2A/TCI.tif"", ""nir"": ""https://e84-earth-search-sentinel-data.s3.us-west-2.amazonaws.com/sentinel-2-c1-l2a/32/T/QQ/2023/8/S2B_T32TQQ_20230813T100712_L2A/B08.tif"", ""swir22"": ""https://e84-earth-search-sentinel-data.s3.us-west-2.amazonaws.com/sentinel-2-c1-l2a/32/T/QQ/2023/8/S2B_T32TQQ_20230813T100712_L2A/B12.tif"", ""rededge2"": ""https://e84-earth-search-sentinel-data.s3.us-west-2.amazonaws.com/sentinel-2-c1-l2a/32/T/QQ/2023/8/S2B_T32TQQ_20230813T100712_L2A/B06.tif"", ""rededge3"": ""https://e84-earth-search-sentinel-data.s3.us-west-2.amazonaws.com/sentinel-2-c1-l2a/32/T/QQ/2023/8/S2B_T32TQQ_20230813T100712_L2A/B07.tif"", ""rededge1"": ""https://e84-earth-search-sentinel-data.s3.us-west-2.amazonaws.com/sentinel-2-c1-l2a/32/T/QQ/2023/8/S2B_T32TQQ_20230813T100712_L2A/B05.tif"", ""swir16"": ""https://e84-earth-search-sentinel-data.s3.us-west-2.amazonaws.com/sentinel-2-c1-l2a/32/T/QQ/2023/8/S2B_T32TQQ_20230813T100712_L2A/B11.tif"", ""wvp"": ""https://e84-earth-search-sentinel-data.s3.us-west-2.amazonaws.com/sentinel-2-c1-l2a/32/T/QQ/2023/8/S2B_T32TQQ_20230813T100712_L2A/WVP.tif"", ""nir08"": ""https://e84-earth-search-sentinel-data.s3.us-west-2.amazonaws.com/sentinel-2-c1-l2a/32/T/QQ/2023/8/S2B_T32TQQ_20230813T100712_L2A/B8A.tif"", ""scl"": ""https://e84-earth-search-sentinel-data.s3.us-west-2.amazonaws.com/sentinel-2-c1-l2a/32/T/QQ/2023/8/S2B_T32TQQ_20230813T100712_L2A/SCL.tif"", ""aot"": ""https://e84-earth-search-sentinel-data.s3.us-west-2.amazonaws.com/sentinel-2-c1-l2a/32/T/QQ/2023/8/S2B_T32TQQ_20230813T100712_L2A/AOT.tif"", ""coastal"": ""https://e84-earth-search-sentinel-data.s3.us-west-2.amazonaws.com/sentinel-2-c1-l2a/32/T/QQ/2023/8/S2B_T32TQQ_20230813T100712_L2A/B01.tif"", ""nir09"": ""https://e84-earth-search-sentinel-data.s3.us-west-2.amazonaws.com/sentinel-2-c1-l2a/32/T/QQ/2023/8/S2B_T32TQQ_20230813T100712_L2A/B09.tif"", ""cloud"": ""https://e84-earth-search-sentinel-data.s3.us-west-2.amazonaws.com/sentinel-2-c1-l2a/32/T/QQ/2023/8/S2B_T32TQQ_20230813T100712_L2A/CLD_20m.tif"", ""snow"": ""https://e84-earth-search-sentinel-data.s3.us-west-2.amazonaws.com/sentinel-2-c1-l2a/32/T/QQ/2023/8/S2B_T32TQQ_20230813T100712_L2A/SNW_20m.tif"", ""preview"": ""https://e84-earth-search-sentinel-data.s3.us-west-2.amazonaws.com/sentinel-2-c1-l2a/32/T/QQ/2023/8/S2B_T32TQQ_20230813T100712_L2A/L2A_PVI.tif"", ""granule_metadata"": ""https://e84-earth-search-sentinel-data.s3.us-west-2.amazonaws.com/sentinel-2-c1-l2a/32/T/QQ/2023/8/S2B_T32TQQ_20230813T100712_L2A/metadata.xml"", ""tileinfo_metadata"": ""https://e84-earth-search-sentinel-data.s3.us-west-2.amazonaws.com/sentinel-2-c1-l2a/32/T/QQ/2023/8/S2B_T32TQQ_20230813T100712_L2A/tileInfo.json"", ""product_metadata"": ""https://e84-earth-search-sentinel-data.s3.us-west-2.amazonaws.com/sentinel-2-c1-l2a/32/T/QQ/2023/8/S2B_T32TQQ_20230813T100712_L2A/product_metadata.xml"", ""thumbnail"": ""https://e84-earth-search-sentinel-data.s3.us-west-2.amazonaws.com/sentinel-2-c1-l2a/32/T/QQ/2023/8/S2B_T32TQQ_20230813T100712_L2A/L2A_PVI.jpg""}"
S2B_T32TQP_20230813T100712_L2A,2023-08-13 10:08:48.467000+00:00,1.442182,,sentinel-2b,"{""red"": ""https://e84-earth-search-sentinel-data.s3.us-west-2.amazonaws.com/sentinel-2-c1-l2a/32/T/QP/2023/8/S2B_T32TQP_20230813T100712_L2A/B04.tif"", ""green"": ""https://e84-earth-search-sentinel-data.s3.us-west-2.amazonaws.com/sentinel-2-c1-l2a/32/T/QP/2023/8/S2B_T32TQP_20230813T100712_L2A/B03.tif"", ""blue"": ""https://e84-earth-search-sentinel-data.s3.us-west-2.amazonaws.com/sentinel-2-c1-l2a/32/T/QP/2023/8/S2B_T32TQP_20230813T100712_L2A/B02.tif"", ""visual"": ""https://e84-earth-search-sentinel-data.s3.us-west-2.amazonaws.com/sentinel-2-c1-l2a/32/T/QP/2023/8/S2B_T32TQP_20230813T100712_L2A/TCI.tif"", ""nir"": ""https://e84-earth-search-sentinel-data.s3.us-west-2.amazonaws.com/sentinel-2-c1-l2a/32/T/QP/2023/8/S2B_T32TQP_20230813T100712_L2A/B08.tif"", ""swir22"": ""https://e84-earth-search-sentinel-data.s3.us-west-2.amazonaws.com/sentinel-2-c1-l2a/32/T/QP/2023/8/S2B_T32TQP_20230813T100712_L2A/B12.tif"", ""rededge2"": ""https://e84-earth-search-sentinel-data.s3.us-west-2.amazonaws.com/sentinel-2-c1-l2a/32/T/QP/2023/8/S2B_T32TQP_20230813T100712_L2A/B06.tif"", ""rededge3"": ""https://e84-earth-search-sentinel-data.s3.us-west-2.amazonaws.com/sentinel-2-c1-l2a/32/T/QP/2023/8/S2B_T32TQP_20230813T100712_L2A/B07.tif"", ""rededge1"": ""https://e84-earth-search-sentinel-data.s3.us-west-2.amazonaws.com/sentinel-2-c1-l2a/32/T/QP/2023/8/S2B_T32TQP_20230813T100712_L2A/B05.tif"", ""swir16"": ""https://e84-earth-search-sentinel-data.s3.us-west-2.amazonaws.com/sentinel-2-c1-l2a/32/T/QP/2023/8/S2B_T32TQP_20230813T100712_L2A/B11.tif"", ""wvp"": ""https://e84-earth-search-sentinel-data.s3.us-west-2.amazonaws.com/sentinel-2-c1-l2a/32/T/QP/2023/8/S2B_T32TQP_20230813T100712_L2A/WVP.tif"", ""nir08"": ""https://e84-earth-search-sentinel-data.s3.us-west-2.amazonaws.com/sentinel-2-c1-l2a/32/T/QP/2023/8/S2B_T32TQP_20230813T100712_L2A/B8A.tif"", ""scl"": ""https://e84-earth-search-sentinel-data.s3.us-west-2.amazonaws.com/sentinel-2-c1-l2a/32/T/QP/2023/8/S2B_T32TQP_20230813T100712_L2A/SCL.tif"", ""aot"": ""https://e84-earth-search-sentinel-data.s3.us-west-2.amazonaws.com/sentinel-2-c1-l2a/32/T/QP/2023/8/S2B_T32TQP_20230813T100712_L2A/AOT.tif"", ""coastal"": ""https://e84-earth-search-sentinel-data.s3.us-west-2.amazonaws.com/sentinel-2-c1-l2a/32/T/QP/2023/8/S2B_T32TQP_20230813T100712_L2A/B01.tif"", ""nir09"": ""https://e84-earth-search-sentinel-data.s3.us-west-2.amazonaws.com/sentinel-2-c1-l2a/32/T/QP/2023/8/S2B_T32TQP_20230813T100712_L2A/B09.tif"", ""cloud"": ""https://e84-earth-search-sentinel-data.s3.us-west-2.amazonaws.com/sentinel-2-c1-l2a/32/T/QP/2023/8/S2B_T32TQP_20230813T100712_L2A/CLD_20m.tif"", ""snow"": ""https://e84-earth-search-sentinel-data.s3.us-west-2.amazonaws.com/sentinel-2-c1-l2a/32/T/QP/2023/8/S2B_T32TQP_20230813T100712_L2A/SNW_20m.tif"", ""preview"": ""https://e84-earth-search-sentinel-data.s3.us-west-2.amazonaws.com/sentinel-2-c1-l2a/32/T/QP/2023/8/S2B_T32TQP_20230813T100712_L2A/L2A_PVI.tif"", ""granule_metadata"": ""https://e84-earth-search-sentinel-data.s3.us-west-2.amazonaws.com/sentinel-2-c1-l2a/32/T/QP/2023/8/S2B_T32TQP_20230813T100712_L2A/metadata.xml"", ""tileinfo_metadata"": ""https://e84-earth-search-sentinel-data.s3.us-west-2.amazonaws.com/sentinel-2-c1-l2a/32/T/QP/2023/8/S2B_T32TQP_20230813T100712_L2A/tileInfo.json"", ""product_metadata"": ""https://e84-earth-search-sentinel-data.s3.us-west-2.amazonaws.com/sentinel-2-c1-l2a/32/T/QP/2023/8/S2B_T32TQP_20230813T100712_L2A/product_metadata.xml"", ""thumbnail"": ""https://e84-earth-search-sentinel-data.s3.us-west-2.amazonaws.com/sentinel-2-c1-l2a/32/T/QP/2023/8/S2B_T32TQP_20230813T100712_L2A/L2A_PVI.jpg""}"
S2B_T32TQQ_20230816T100802_L2A,2023-08-16 10:18:30.541000+00:00,0.052866,,sentinel-2b,"{""red"": ""https://e84-earth-search-sentinel-data.s3.us-west-2.amazonaws.com/sentinel-2-c1-l2a/32/T/QQ/2023/8/S2B_T32TQQ_20230816T100802_L2A/B04.tif"", ""green"": ""https://e84-earth-search-sentinel-data.s3.us-west-2.amazonaws.com/sentinel-2-c1-l2a/32/T/QQ/2023/8/S2B_T32TQQ_20230816T100802_L2A/B03.tif"", ""blue"": ""https://e84-earth-search-sentinel-data.s3.us-west-2.amazonaws.com/sentinel-2-c1-l2a/32/T/QQ/2023/8/S2B_T32TQQ_20230816T100802_L2A/B02.tif"", ""visual"": ""https://e84-earth-search-sentinel-data.s3.us-west-2.amazonaws.com/sentinel-2-c1-l2a/32/T/QQ/2023/8/S2B_T32TQQ_20230816T100802_L2A/TCI.tif"", ""nir"": ""https://e84-earth-search-sentinel-data.s3.us-west-2.amazonaws.com/sentinel-2-c1-l2a/32/T/QQ/2023/8/S2B_T32TQQ_20230816T100802_L2A/B08.tif"", ""swir22"": ""https://e84-earth-search-sentinel-data.s3.us-west-2.amazonaws.com/sentinel-2-c1-l2a/32/T/QQ/2023/8/S2B_T32TQQ_20230816T100802_L2A/B12.tif"", ""rededge2"": ""https://e84-earth-search-sentinel-data.s3.us-west-2.amazonaws.com/sentinel-2-c1-l2a/32/T/QQ/2023/8/S2B_T32TQQ_20230816T100802_L2A/B06.tif"", ""rededge3"": ""https://e84-earth-search-sentinel-data.s3.us-west-2.amazonaws.com/sentinel-2-c1-l2a/32/T/QQ/2023/8/S2B_T32TQQ_20230816T100802_L2A/B07.tif"", ""rededge1"": ""https://e84-earth-search-sentinel-data.s3.us-west-2.amazonaws.com/sentinel-2-c1-l2a/32/T/QQ/2023/8/S2B_T32TQQ_20230816T100802_L2A/B05.tif"", ""swir16"": ""https://e84-earth-search-sentinel-data.s3.us-west-2.amazonaws.com/sentinel-2-c1-l2a/32/T/QQ/2023/8/S2B_T32TQQ_20230816T100802_L2A/B11.tif"", ""wvp"": ""https://e84-earth-search-sentinel-data.s3.us-west-2.amazonaws.com/sentinel-2-c1-l2a/32/T/QQ/2023/8/S2B_T32TQQ_20230816T100802_L2A/WVP.tif"", ""nir08"": ""https://e84-earth-search-sentinel-data.s3.us-west-2.amazonaws.com/sentinel-2-c1-l2a/32/T/QQ/2023/8/S2B_T32TQQ_20230816T100802_L2A/B8A.tif"", ""scl"": ""https://e84-earth-search-sentinel-data.s3.us-west-2.amazonaws.com/sentinel-2-c1-l2a/32/T/QQ/2023/8/S2B_T32TQQ_20230816T100802_L2A/SCL.tif"", ""aot"": ""https://e84-earth-search-sentinel-data.s3.us-west-2.amazonaws.com/sentinel-2-c1-l2a/32/T/QQ/2023/8/S2B_T32TQQ_20230816T100802_L2A/AOT.tif"", ""coastal"": ""https://e84-earth-search-sentinel-data.s3.us-west-2.amazonaws.com/sentinel-2-c1-l2a/32/T/QQ/2023/8/S2B_T32TQQ_20230816T100802_L2A/B01.tif"", ""nir09"": ""https://e84-earth-search-sentinel-data.s3.us-west-2.amazonaws.com/sentinel-2-c1-l2a/32/T/QQ/2023/8/S2B_T32TQQ_20230816T100802_L2A/B09.tif"", ""cloud"": ""https://e84-earth-search-sentinel-data.s3.us-west-2.amazonaws.com/sentinel-2-c1-l2a/32/T/QQ/2023/8/S2B_T32TQQ_20230816T100802_L2A/CLD_20m.tif"", ""snow"": ""https://e84-earth-search-sentinel-data.s3.us-west-2.amazonaws.com/sentinel-2-c1-l2a/32/T/QQ/2023/8/S2B_T32TQQ_20230816T100802_L2A/SNW_20m.tif"", ""preview"": ""https://e84-earth-search-sentinel-data.s3.us-west-2.amazonaws.com/sentinel-2-c1-l2a/32/T/QQ/2023/8/S2B_T32TQQ_20230816T100802_L2A/L2A_PVI.tif"", ""granule_metadata"": ""https://e84-earth-search-sentinel-data.s3.us-west-2.amazonaws.com/sentinel-2-c1-l2a/32/T/QQ/2023/8/S2B_T32TQQ_20230816T100802_L2A/metadata.xml"", ""tileinfo_metadata"": ""https://e84-earth-search-sentinel-data.s3.us-west-2.amazonaws.com/sentinel-2-c1-l2a/32/T/QQ/2023/8/S2B_T32TQQ_20230816T100802_L2A/tileInfo.json"", ""product_metadata"": ""https://e84-earth-search-sentinel-data.s3.us-west-2.amazonaws.com/sentinel-2-c1-l2a/32/T/QQ/2023/8/S2B_T32TQQ_20230816T100802_L2A/product_metadata.xml"", ""thumbnail"": ""https://e84-earth-search-sentinel-data.s3.us-west-2.amazonaws.com/sentinel-2-c1-l2a/32/T/QQ/2023/8/S2B_T32TQQ_20230816T100802_L2A/L2A_PVI.jpg""}"
S2B_T32TPQ_20230816T100802_L2A,2023-08-16 10:18:33.993000+00:00,4.849327,,sentinel-2b,"{""red"": ""https://e84-earth-search-sentinel-data.s3.us-west-2.amazonaws.com/sentinel-2-c1-l2a/32/T/PQ/2023/8/S2B_T32TPQ_20230816T100802_L2A/B04.tif"", ""green"": ""https://e84-earth-search-sentinel-data.s3.us-west-2.amazonaws.com/sentinel-2-c1-l2a/32/T/PQ/2023/8/S2B_T32TPQ_20230816T100802_L2A/B03.tif"", ""blue"": ""https://e84-earth-search-sentinel-data.s3.us-west-2.amazonaws.com/sentinel-2-c1-l2a/32/T/PQ/2023/8/S2B_T32TPQ_20230816T100802_L2A/B02.tif"", ""visual"": ""https://e84-earth-search-sentinel-data.s3.us-west-2.amazonaws.com/sentinel-2-c1-l2a/32/T/PQ/2023/8/S2B_T32TPQ_20230816T100802_L2A/TCI.tif"", ""nir"": ""https://e84-earth-search-sentinel-data.s3.us-west-2.amazonaws.com/sentinel-2-c1-l2a/32/T/PQ/2023/8/S2B_T32TPQ_20230816T100802_L2A/B08.tif"", ""swir22"": ""https://e84-earth-search-sentinel-data.s3.us-west-2.amazonaws.com/sentinel-2-c1-l2a/32/T/PQ/2023/8/S2B_T32TPQ_20230816T100802_L2A/B12.tif"", ""rededge2"": ""https://e84-earth-search-sentinel-data.s3.us-west-2.amazonaws.com/sentinel-2-c1-l2a/32/T/PQ/2023/8/S2B_T32TPQ_20230816T100802_L2A/B06.tif"", ""rededge3"": ""https://e84-earth-search-sentinel-data.s3.us-west-2.amazonaws.com/sentinel-2-c1-l2a/32/T/PQ/2023/8/S2B_T32TPQ_20230816T100802_L2A/B07.tif"", ""rededge1"": ""https://e84-earth-search-sentinel-data.s3.us-west-2.amazonaws.com/sentinel-2-c1-l2a/32/T/PQ/2023/8/S2B_T32TPQ_20230816T100802_L2A/B05.tif"", ""swir16"": ""https://e84-earth-search-sentinel-data.s3.us-west-2.amazonaws.com/sentinel-2-c1-l2a/32/T/PQ/2023/8/S2B_T32TPQ_20230816T100802_L2A/B11.tif"", ""wvp"": ""https://e84-earth-search-sentinel-data.s3.us-west-2.amazonaws.com/sentinel-2-c1-l2a/32/T/PQ/2023/8/S2B_T32TPQ_20230816T100802_L2A/WVP.tif"", ""nir08"": ""https://e84-earth-search-sentinel-data.s3.us-west-2.amazonaws.com/sentinel-2-c1-l2a/32/T/PQ/2023/8/S2B_T32TPQ_20230816T100802_L2A/B8A.tif"", ""scl"": ""https://e84-earth-search-sentinel-data.s3.us-west-2.amazonaws.com/sentinel-2-c1-l2a/32/T/PQ/2023/8/S2B_T32TPQ_20230816T100802_L2A/SCL.tif"", ""aot"": ""https://e84-earth-search-sentinel-data.s3.us-west-2.amazonaws.com/sentinel-2-c1-l2a/32/T/PQ/2023/8/S2B_T32TPQ_20230816T100802_L2A/AOT.tif"", ""coastal"": ""https://e84-earth-search-sentinel-data.s3.us-west-2.amazonaws.com/sentinel-2-c1-l2a/32/T/PQ/2023/8/S2B_T32TPQ_20230816T100802_L2A/B01.tif"", ""nir09"": ""https://e84-earth-search-sentinel-data.s3.us-west-2.amazonaws.com/sentinel-2-c1-l2a/32/T/PQ/2023/8/S2B_T32TPQ_20230816T100802_L2A/B09.tif"", ""cloud"": ""https://e84-earth-search-sentinel-data.s3.us-west-2.amazonaws.com/sentinel-2-c1-l2a/32/T/PQ/2023/8/S2B_T32TPQ_20230816T100802_L2A/CLD_20m.tif"", ""snow"": ""https://e84-earth-search-sentinel-data.s3.us-west-2.amazonaws.com/sentinel-2-c1-l2a/32/T/PQ/2023/8/S2B_T32TPQ_20230816T100802_L2A/SNW_20m.tif"", ""preview"": ""https://e84-earth-search-sentinel-data.s3.us-west-2.amazonaws.com/sentinel-2-c1-l2a/32/T/PQ/2023/8/S2B_T32TPQ_20230816T100802_L2A/L2A_PVI.tif"", ""granule_metadata"": ""https://e84-earth-search-sentinel-data.s3.us-west-2.amazonaws.com/sentinel-2-c1-l2a/32/T/PQ/2023/8/S2B_T32TPQ_20230816T100802_L2A/metadata.xml"", ""tileinfo_metadata"": ""https://e84-earth-search-sentinel-data.s3.us-west-2.amazonaws.com/sentinel-2-c1-l2a/32/T/PQ/2023/8/S2B_T32TPQ_20230816T100802_L2A/tileInfo.json"", ""product_metadata"": ""https://e84-earth-search-sentinel-data.s3.us-west-2.amazonaws.com/sentinel-2-c1-l2a/32/T/PQ/2023/8/S2B_T32TPQ_20230816T100802_L2A/product_metadata.xml"", ""thumbnail"": ""https://e84-earth-search-sentinel-data.s3.us-west-2.amazonaws.com/sentinel-2-c1-l2a/32/T/PQ/2023/8/S2B_T32TPQ_20230816T100802_L2A/L2A_PVI.jpg""}"
S2B_T32TQP_20230816T100802_L2A,2023-08-16 10:18:44.789000+00:00,5.848321,,sentinel-2b,"{""red"": ""https://e84-earth-search-sentinel-data.s3.us-west-2.amazonaws.com/sentinel-2-c1-l2a/32/T/QP/2023/8/S2B_T32TQP_20230816T100802_L2A/B04.tif"", ""green"": ""https://e84-earth-search-sentinel-data.s3.us-west-2.amazonaws.com/sentinel-2-c1-l2a/32/T/QP/2023/8/S2B_T32TQP_20230816T100802_L2A/B03.tif"", ""blue"": ""https://e84-earth-search-sentinel-data.s3.us-west-2.amazonaws.com/sentinel-2-c1-l2a/32/T/QP/2023/8/S2B_T32TQP_20230816T100802_L2A/B02.tif"", ""visual"": ""https://e84-earth-search-sentinel-data.s3.us-west-2.amazonaws.com/sentinel-2-c1-l2a/32/T/QP/2023/8/S2B_T32TQP_20230816T100802_L2A/TCI.tif"", ""nir"": ""https://e84-earth-search-sentinel-data.s3.us-west-2.amazonaws.com/sentinel-2-c1-l2a/32/T/QP/2023/8/S2B_T32TQP_20230816T100802_L2A/B08.tif"", ""swir22"": ""https://e84-earth-search-sentinel-data.s3.us-west-2.amazonaws.com/sentinel-2-c1-l2a/32/T/QP/2023/8/S2B_T32TQP_20230816T100802_L2A/B12.tif"", ""rededge2"": ""https://e84-earth-search-sentinel-data.s3.us-west-2.amazonaws.com/sentinel-2-c1-l2a/32/T/QP/2023/8/S2B_T32TQP_20230816T100802_L2A/B06.tif"", ""rededge3"": ""https://e84-earth-search-sentinel-data.s3.us-west-2.amazonaws.com/sentinel-2-c1-l2a/32/T/QP/2023/8/S2B_T32TQP_20230816T100802_L2A/B07.tif"", ""rededge1"": ""https://e84-earth-search-sentinel-data.s3.us-west-2.amazonaws.com/sentinel-2-c1-l2a/32/T/QP/2023/8/S2B_T32TQP_20230816T100802_L2A/B05.tif"", ""swir16"": ""https://e84-earth-search-sentinel-data.s3.us-west-2.amazonaws.com/sentinel-2-c1-l2a/32/T/QP/2023/8/S2B_T32TQP_20230816T100802_L2A/B11.tif"", ""wvp"": ""https://e84-earth-search-sentinel-data.s3.us-west-2.amazonaws.com/sentinel-2-c1-l2a/32/T/QP/2023/8/S2B_T32TQP_20230816T100802_L2A/WVP.tif"", ""nir08"": ""https://e84-earth-search-sentinel-data.s3.us-west-2.amazonaws.com/sentinel-2-c1-l2a/32/T/QP/2023/8/S2B_T32TQP_20230816T100802_L2A/B8A.tif"", ""scl"": ""https://e84-earth-search-sentinel-data.s3.us-west-2.amazonaws.com/sentinel-2-c1-l2a/32/T/QP/2023/8/S2B_T32TQP_20230816T100802_L2A/SCL.tif"", ""aot"": ""https://e84-earth-search-sentinel-data.s3.us-west-2.amazonaws.com/sentinel-2-c1-l2a/32/T/QP/2023/8/S2B_T32TQP_20230816T100802_L2A/AOT.tif"", ""coastal"": ""https://e84-earth-search-sentinel-data.s3.us-west-2.amazonaws.com/sentinel-2-c1-l2a/32/T/QP/2023/8/S2B_T32TQP_20230816T100802_L2A/B01.tif"", ""nir09"": ""https://e84-earth-search-sentinel-data.s3.us-west-2.amazonaws.com/sentinel-2-c1-l2a/32/T/QP/2023/8/S2B_T32TQP_20230816T100802_L2A/B09.tif"", ""cloud"": ""https://e84-earth-search-sentinel-data.s3.us-west-2.amazonaws.com/sentinel-2-c1-l2a/32/T/QP/2023/8/S2B_T32TQP_20230816T100802_L2A/CLD_20m.tif"", ""snow"": ""https://e84-earth-search-sentinel-data.s3.us-west-2.amazonaws.com/sentinel-2-c1-l2a/32/T/QP/2023/8/S2B_T32TQP_20230816T100802_L2A/SNW_20m.tif"", ""preview"": ""https://e84-earth-search-sentinel-data.s3.us-west-2.amazonaws.com/sentinel-2-c1-l2a/32/T/QP/2023/8/S2B_T32TQP_20230816T100802_L2A/L2A_PVI.tif"", ""granule_metadata"": ""https://e84-earth-search-sentinel-data.s3.us-west-2.amazonaws.com/sentinel-2-c1-l2a/32/T/QP/2023/8/S2B_T32TQP_20230816T100802_L2A/metadata.xml"", ""tileinfo_metadata"": ""https://e84-earth-search-sentinel-data.s3.us-west-2.amazonaws.com/sentinel-2-c1-l2a/32/T/QP/2023/8/S2B_T32TQP_20230816T100802_L2A/tileInfo.json"", ""product_metadata"": ""https://e84-earth-search-sentinel-data.s3.us-west-2.amazonaws.com/sentinel-2-c1-l2a/32/T/QP/2023/8/S2B_T32TQP_20230816T100802_L2A/product_metadata.xml"", ""thumbnail"": ""https://e84-earth-search-sentinel-data.s3.us-west-2.amazonaws.com/sentinel-2-c1-l2a/32/T/QP/2023/8/S2B_T32TQP_20230816T100802_L2A/L2A_PVI.jpg""}"
S2B_T32TPP_20230816T100802_L2A,2023-08-16 10:18:48.394000+00:00,6.215089,,sentinel-2b,"{""red"": ""https://e84-earth-search-sentinel-data.s3.us-west-2.amazonaws.com/sentinel-2-c1-l2a/32/T/PP/2023/8/S2B_T32TPP_20230816T100802_L2A/B04.tif"", ""green"": ""https://e84-earth-search-sentinel-data.s3.us-west-2.amazonaws.com/sentinel-2-c1-l2a/32/T/PP/2023/8/S2B_T32TPP_20230816T100802_L2A/B03.tif"", ""blue"": ""https://e84-earth-search-sentinel-data.s3.us-west-2.amazonaws.com/sentinel-2-c1-l2a/32/T/PP/2023/8/S2B_T32TPP_20230816T100802_L2A/B02.tif"", ""visual"": ""https://e84-earth-search-sentinel-data.s3.us-west-2.amazonaws.com/sentinel-2-c1-l2a/32/T/PP/2023/8/S2B_T32TPP_20230816T100802_L2A/TCI.tif"", ""nir"": ""https://e84-earth-search-sentinel-data.s3.us-west-2.amazonaws.com/sentinel-2-c1-l2a/32/T/PP/2023/8/S2B_T32TPP_20230816T100802_L2A/B08.tif"", ""swir22"": ""https://e84-earth-search-sentinel-data.s3.us-west-2.amazonaws.com/sentinel-2-c1-l2a/32/T/PP/2023/8/S2B_T32TPP_20230816T100802_L2A/B12.tif"", ""rededge2"": ""https://e84-earth-search-sentinel-data.s3.us-west-2.amazonaws.com/sentinel-2-c1-l2a/32/T/PP/2023/8/S2B_T32TPP_20230816T100802_L2A/B06.tif"", ""rededge3"": ""https://e84-earth-search-sentinel-data.s3.us-west-2.amazonaws.com/sentinel-2-c1-l2a/32/T/PP/2023/8/S2B_T32TPP_20230816T100802_L2A/B07.tif"", ""rededge1"": ""https://e84-earth-search-sentinel-data.s3.us-west-2.amazonaws.com/sentinel-2-c1-l2a/32/T/PP/2023/8/S2B_T32TPP_20230816T100802_L2A/B05.tif"", ""swir16"": ""https://e84-earth-search-sentinel-data.s3.us-west-2.amazonaws.com/sentinel-2-c1-l2a/32/T/PP/2023/8/S2B_T32TPP_20230816T100802_L2A/B11.tif"", ""wvp"": ""https://e84-earth-search-sentinel-data.s3.us-west-2.amazonaws.com/sentinel-2-c1-l2a/32/T/PP/2023/8/S2B_T32TPP_20230816T100802_L2A/WVP.tif"", ""nir08"": ""https://e84-earth-search-sentinel-data.s3.us-west-2.amazonaws.com/sentinel-2-c1-l2a/32/T/PP/2023/8/S2B_T32TPP_20230816T100802_L2A/B8A.tif"", ""scl"": ""https://e84-earth-search-sentinel-data.s3.us-west-2.amazonaws.com/sentinel-2-c1-l2a/32/T/PP/2023/8/S2B_T32TPP_20230816T100802_L2A/SCL.tif"", ""aot"": ""https://e84-earth-search-sentinel-data.s3.us-west-2.amazonaws.com/sentinel-2-c1-l2a/32/T/PP/2023/8/S2B_T32TPP_20230816T100802_L2A/AOT.tif"", ""coastal"": ""https://e84-earth-search-sentinel-data.s3.us-west-2.amazonaws.com/sentinel-2-c1-l2a/32/T/PP/2023/8/S2B_T32TPP_20230816T100802_L2A/B01.tif"", ""nir09"": ""https://e84-earth-search-sentinel-data.s3.us-west-2.amazonaws.com/sentinel-2-c1-l2a/32/T/PP/2023/8/S2B_T32TPP_20230816T100802_L2A/B09.tif"", ""cloud"": ""https://e84-earth-search-sentinel-data.s3.us-west-2.amazonaws.com/sentinel-2-c1-l2a/32/T/PP/2023/8/S2B_T32TPP_20230816T100802_L2A/CLD_20m.tif"", ""snow"": ""https://e84-earth-search-sentinel-data.s3.us-west-2.amazonaws.com/sentinel-2-c1-l2a/32/T/PP/2023/8/S2B_T32TPP_20230816T100802_L2A/SNW_20m.tif"", ""preview"": ""https://e84-earth-search-sentinel-data.s3.us-west-2.amazonaws.com/sentinel-2-c1-l2a/32/T/PP/2023/8/S2B_T32TPP_20230816T100802_L2A/L2A_PVI.tif"", ""granule_metadata"": ""https://e84-earth-search-sentinel-data.s3.us-west-2.amazonaws.com/sentinel-2-c1-l2a/32/T/PP/2023/8/S2B_T32TPP_20230816T100802_L2A/metadata.xml"", ""tileinfo_metadata"": ""https://e84-earth-search-sentinel-data.s3.us-west-2.amazonaws.com/sentinel-2-c1-l2a/32/T/PP/2023/8/S2B_T32TPP_20230816T100802_L2A/tileInfo.json"", ""product_metadata"": ""https://e84-earth-search-sentinel-data.s3.us-west-2.amazonaws.com/sentinel-2-c1-l2a/32/T/PP/2023/8/S2B_T32TPP_20230816T100802_L2A/product_metadata.xml"", ""thumbnail"": ""https://e84-earth-search-sentinel-data.s3.us-west-2.amazonaws.com/sentinel-2-c1-l2a/32/T/PP/2023/8/S2B_T32TPP_20230816T100802_L2A/L2A_PVI.jpg""}"
S2A_T32TQQ_20230818T100032_L2A,2023-08-18 10:08:34.141000+00:00,48.583207,,sentinel-2a,"{""red"": ""https://e84-earth-search-sentinel-data.s3.us-west-2.amazonaws.com/sentinel-2-c1-l2a/32/T/QQ/2023/8/S2A_T32TQQ_20230818T100032_L2A/B04.tif"", ""green"": ""https://e84-earth-search-sentinel-data.s3.us-west-2.amazonaws.com/sentinel-2-c1-l2a/32/T/QQ/2023/8/S2A_T32TQQ_20230818T100032_L2A/B03.tif"", ""blue"": ""https://e84-earth-search-sentinel-data.s3.us-west-2.amazonaws.com/sentinel-2-c1-l2a/32/T/QQ/2023/8/S2A_T32TQQ_20230818T100032_L2A/B02.tif"", ""visual"": ""https://e84-earth-search-sentinel-data.s3.us-west-2.amazonaws.com/sentinel-2-c1-l2a/32/T/QQ/2023/8/S2A_T32TQQ_20230818T100032_L2A/TCI.tif"", ""nir"": ""https://e84-earth-search-sentinel-data.s3.us-west-2.amazonaws.com/sentinel-2-c1-l2a/32/T/QQ/2023/8/S2A_T32TQQ_20230818T100032_L2A/B08.tif"", ""swir22"": ""https://e84-earth-search-sentinel-data.s3.us-west-2.amazonaws.com/sentinel-2-c1-l2a/32/T/QQ/2023/8/S2A_T32TQQ_20230818T100032_L2A/B12.tif"", ""rededge2"": ""https://e84-earth-search-sentinel-data.s3.us-west-2.amazonaws.com/sentinel-2-c1-l2a/32/T/QQ/2023/8/S2A_T32TQQ_20230818T100032_L2A/B06.tif"", ""rededge3"": ""https://e84-earth-search-sentinel-data.s3.us-west-2.amazonaws.com/sentinel-2-c1-l2a/32/T/QQ/2023/8/S2A_T32TQQ_20230818T100032_L2A/B07.tif"", ""rededge1"": ""https://e84-earth-search-sentinel-data.s3.us-west-2.amazonaws.com/sentinel-2-c1-l2a/32/T/QQ/2023/8/S2A_T32TQQ_20230818T100032_L2A/B05.tif"", ""swir16"": ""https://e84-earth-search-sentinel-data.s3.us-west-2.amazonaws.com/sentinel-2-c1-l2a/32/T/QQ/2023/8/S2A_T32TQQ_20230818T100032_L2A/B11.tif"", ""wvp"": ""https://e84-earth-search-sentinel-data.s3.us-west-2.amazonaws.com/sentinel-2-c1-l2a/32/T/QQ/2023/8/S2A_T32TQQ_20230818T100032_L2A/WVP.tif"", ""nir08"": ""https://e84-earth-search-sentinel-data.s3.us-west-2.amazonaws.com/sentinel-2-c1-l2a/32/T/QQ/2023/8/S2A_T32TQQ_20230818T100032_L2A/B8A.tif"", ""scl"": ""https://e84-earth-search-sentinel-data.s3.us-west-2.amazonaws.com/sentinel-2-c1-l2a/32/T/QQ/2023/8/S2A_T32TQQ_20230818T100032_L2A/SCL.tif"", ""aot"": ""https://e84-earth-search-sentinel-data.s3.us-west-2.amazonaws.com/sentinel-2-c1-l2a/32/T/QQ/2023/8/S2A_T32TQQ_20230818T100032_L2A/AOT.tif"", ""coastal"": ""https://e84-earth-search-sentinel-data.s3.us-west-2.amazonaws.com/sentinel-2-c1-l2a/32/T/QQ/2023/8/S2A_T32TQQ_20230818T100032_L2A/B01.tif"", ""nir09"": ""https://e84-earth-search-sentinel-data.s3.us-west-2.amazonaws.com/sentinel-2-c1-l2a/32/T/QQ/2023/8/S2A_T32TQQ_20230818T100032_L2A/B09.tif"", ""cloud"": ""https://e84-earth-search-sentinel-data.s3.us-west-2.amazonaws.com/sentinel-2-c1-l2a/32/T/QQ/2023/8/S2A_T32TQQ_20230818T100032_L2A/CLD_20m.tif"", ""snow"": ""https://e84-earth-search-sentinel-data.s3.us-west-2.amazonaws.com/sentinel-2-c1-l2a/32/T/QQ/2023/8/S2A_T32TQQ_20230818T100032_L2A/SNW_20m.tif"", ""preview"": ""https://e84-earth-search-sentinel-data.s3.us-west-2.amazonaws.com/sentinel-2-c1-l2a/32/T/QQ/2023/8/S2A_T32TQQ_20230818T100032_L2A/L2A_PVI.tif"", ""granule_metadata"": ""https://e84-earth-search-sentinel-data.s3.us-west-2.amazonaws.com/sentinel-2-c1-l2a/32/T/QQ/2023/8/S2A_T32TQQ_20230818T100032_L2A/metadata.xml"", ""tileinfo_metadata"": ""https://e84-earth-search-sentinel-data.s3.us-west-2.amazonaws.com/sentinel-2-c1-l2a/32/T/QQ/2023/8/S2A_T32TQQ_20230818T100032_L2A/tileInfo.json"", ""product_metadata"": ""https://e84-earth-search-sentinel-data.s3.us-west-2.amazonaws.com/sentinel-2-c1-l2a/32/T/QQ/2023/8/S2A_T32TQQ_20230818T100032_L2A/product_metadata.xml"", ""thumbnail"": ""https://e84-earth-search-sentinel-data.s3.us-west-2.amazonaws.com/sentinel-2-c1-l2a/32/T/QQ/2023/8/S2A_T32TQQ_20230818T100032_L2A/L2A_PVI.jpg""}"
S2A_T32TQP_20230818T100032_L2A,2023-08-18 10:08:48.870000+00:00,6.103456,,sentinel-2a,"{""red"": ""https://e84-earth-search-sentinel-data.s3.us-west-2.amazonaws.com/sentinel-2-c1-l2a/32/T/QP/2023/8/S2A_T32TQP_20230818T100032_L2A/B04.tif"", ""green"": ""https://e84-earth-search-sentinel-data.s3.us-west-2.amazonaws.com/sentinel-2-c1-l2a/32/T/QP/2023/8/S2A_T32TQP_20230818T100032_L2A/B03.tif"", ""blue"": ""https://e84-earth-search-sentinel-data.s3.us-west-2.amazonaws.com/sentinel-2-c1-l2a/32/T/QP/2023/8/S2A_T32TQP_20230818T100032_L2A/B02.tif"", ""visual"": ""https://e84-earth-search-sentinel-data.s3.us-west-2.amazonaws.com/sentinel-2-c1-l2a/32/T/QP/2023/8/S2A_T32TQP_20230818T100032_L2A/TCI.tif"", ""nir"": ""https://e84-earth-search-sentinel-data.s3.us-west-2.amazonaws.com/sentinel-2-c1-l2a/32/T/QP/2023/8/S2A_T32TQP_20230818T100032_L2A/B08.tif"", ""swir22"": ""https://e84-earth-search-sentinel-data.s3.us-west-2.amazonaws.com/sentinel-2-c1-l2a/32/T/QP/2023/8/S2A_T32TQP_20230818T100032_L2A/B12.tif"", ""rededge2"": ""https://e84-earth-search-sentinel-data.s3.us-west-2.amazonaws.com/sentinel-2-c1-l2a/32/T/QP/2023/8/S2A_T32TQP_20230818T100032_L2A/B06.tif"", ""rededge3"": ""https://e84-earth-search-sentinel-data.s3.us-west-2.amazonaws.com/sentinel-2-c1-l2a/32/T/QP/2023/8/S2A_T32TQP_20230818T100032_L2A/B07.tif"", ""rededge1"": ""https://e84-earth-search-sentinel-data.s3.us-west-2.amazonaws.com/sentinel-2-c1-l2a/32/T/QP/2023/8/S2A_T32TQP_20230818T100032_L2A/B05.tif"", ""swir16"": ""https://e84-earth-search-sentinel-data.s3.us-west-2.amazonaws.com/sentinel-2-c1-l2a/32/T/QP/2023/8/S2A_T32TQP_20230818T100032_L2A/B11.tif"", ""wvp"": ""https://e84-earth-search-sentinel-data.s3.us-west-2.amazonaws.com/sentinel-2-c1-l2a/32/T/QP/2023/8/S2A_T32TQP_20230818T100032_L2A/WVP.tif"", ""nir08"": ""https://e84-earth-search-sentinel-data.s3.us-west-2.amazonaws.com/sentinel-2-c1-l2a/32/T/QP/2023/8/S2A_T32TQP_20230818T100032_L2A/B8A.tif"", ""scl"": ""https://e84-earth-search-sentinel-data.s3.us-west-2.amazonaws.com/sentinel-2-c1-l2a/32/T/QP/2023/8/S2A_T32TQP_20230818T100032_L2A/SCL.tif"", ""aot"": ""https://e84-earth-search-sentinel-data.s3.us-west-2.amazonaws.com/sentinel-2-c1-l2a/32/T/QP/2023/8/S2A_T32TQP_20230818T100032_L2A/AOT.tif"", ""coastal"": ""https://e84-earth-search-sentinel-data.s3.us-west-2.amazonaws.com/sentinel-2-c1-l2a/32/T/QP/2023/8/S2A_T32TQP_20230818T100032_L2A/B01.tif"", ""nir09"": ""https://e84-earth-search-sentinel-data.s3.us-west-2.amazonaws.com/sentinel-2-c1-l2a/32/T/QP/2023/8/S2A_T32TQP_20230818T100032_L2A/B09.tif"", ""cloud"": ""https://e84-earth-search-sentinel-data.s3.us-west-2.amazonaws.com/sentinel-2-c1-l2a/32/T/QP/2023/8/S2A_T32TQP_20230818T100032_L2A/CLD_20m.tif"", ""snow"": ""https://e84-earth-search-sentinel-data.s3.us-west-2.amazonaws.com/sentinel-2-c1-l2a/32/T/QP/2023/8/S2A_T32TQP_20230818T100032_L2A/SNW_20m.tif"", ""preview"": ""https://e84-earth-search-sentinel-data.s3.us-west-2.amazonaws.com/sentinel-2-c1-l2a/32/T/QP/2023/8/S2A_T32TQP_20230818T100032_L2A/L2A_PVI.tif"", ""granule_metadata"": ""https://e84-earth-search-sentinel-data.s3.us-west-2.amazonaws.com/sentinel-2-c1-l2a/32/T/QP/2023/8/S2A_T32TQP_20230818T100032_L2A/metadata.xml"", ""tileinfo_metadata"": ""https://e84-earth-search-sentinel-data.s3.us-west-2.amazonaws.com/sentinel-2-c1-l2a/32/T/QP/2023/8/S2A_T32TQP_20230818T100032_L2A/tileInfo.json"", ""product_metadata"": ""https://e84-earth-search-sentinel-data.s3.us-west-2.amazonaws.com/sentinel-2-c1-l2a/32/T/QP/2023/8/S2A_T32TQP_20230818T100032_L2A/product_metadata.xml"", ""thumbnail"": ""https://e84-earth-search-sentinel-data.s3.us-west-2.amazonaws.com/sentinel-2-c1-l2a/32/T/QP/2023/8/S2A_T32TQP_20230818T100032_L2A/L2A_PVI.jpg""}"
S2A_T32TQQ_20230821T101414_L2A,2023-08-21 10:18:31.204000+00:00,0.045468,,sentinel-2a,"{""red"": ""https://e84-earth-search-sentinel-data.s3.us-west-2.amazonaws.com/sentinel-2-c1-l2a/32/T/QQ/2023/8/S2A_T32TQQ_20230821T101414_L2A/B04.tif"", ""green"": ""https://e84-earth-search-sentinel-data.s3.us-west-2.amazonaws.com/sentinel-2-c1-l2a/32/T/QQ/2023/8/S2A_T32TQQ_20230821T101414_L2A/B03.tif"", ""blue"": ""https://e84-earth-search-sentinel-data.s3.us-west-2.amazonaws.com/sentinel-2-c1-l2a/32/T/QQ/2023/8/S2A_T32TQQ_20230821T101414_L2A/B02.tif"", ""visual"": ""https://e84-earth-search-sentinel-data.s3.us-west-2.amazonaws.com/sentinel-2-c1-l2a/32/T/QQ/2023/8/S2A_T32TQQ_20230821T101414_L2A/TCI.tif"", ""nir"": ""https://e84-earth-search-sentinel-data.s3.us-west-2.amazonaws.com/sentinel-2-c1-l2a/32/T/QQ/2023/8/S2A_T32TQQ_20230821T101414_L2A/B08.tif"", ""swir22"": ""https://e84-earth-search-sentinel-data.s3.us-west-2.amazonaws.com/sentinel-2-c1-l2a/32/T/QQ/2023/8/S2A_T32TQQ_20230821T101414_L2A/B12.tif"", ""rededge2"": ""https://e84-earth-search-sentinel-data.s3.us-west-2.amazonaws.com/sentinel-2-c1-l2a/32/T/QQ/2023/8/S2A_T32TQQ_20230821T101414_L2A/B06.tif"", ""rededge3"": ""https://e84-earth-search-sentinel-data.s3.us-west-2.amazonaws.com/sentinel-2-c1-l2a/32/T/QQ/2023/8/S2A_T32TQQ_20230821T101414_L2A/B07.tif"", ""rededge1"": ""https://e84-earth-search-sentinel-data.s3.us-west-2.amazonaws.com/sentinel-2-c1-l2a/32/T/QQ/2023/8/S2A_T32TQQ_20230821T101414_L2A/B05.tif"", ""swir16"": ""https://e84-earth-search-sentinel-data.s3.us-west-2.amazonaws.com/sentinel-2-c1-l2a/32/T/QQ/2023/8/S2A_T32TQQ_20230821T101414_L2A/B11.tif"", ""wvp"": ""https://e84-earth-search-sentinel-data.s3.us-west-2.amazonaws.com/sentinel-2-c1-l2a/32/T/QQ/2023/8/S2A_T32TQQ_20230821T101414_L2A/WVP.tif"", ""nir08"": ""https://e84-earth-search-sentinel-data.s3.us-west-2.amazonaws.com/sentinel-2-c1-l2a/32/T/QQ/2023/8/S2A_T32TQQ_20230821T101414_L2A/B8A.tif"", ""scl"": ""https://e84-earth-search-sentinel-data.s3.us-west-2.amazonaws.com/sentinel-2-c1-l2a/32/T/QQ/2023/8/S2A_T32TQQ_20230821T101414_L2A/SCL.tif"", ""aot"": ""https://e84-earth-search-sentinel-data.s3.us-west-2.amazonaws.com/sentinel-2-c1-l2a/32/T/QQ/2023/8/S2A_T32TQQ_20230821T101414_L2A/AOT.tif"", ""coastal"": ""https://e84-earth-search-sentinel-data.s3.us-west-2.amazonaws.com/sentinel-2-c1-l2a/32/T/QQ/2023/8/S2A_T32TQQ_20230821T101414_L2A/B01.tif"", ""nir09"": ""https://e84-earth-search-sentinel-data.s3.us-west-2.amazonaws.com/sentinel-2-c1-l2a/32/T/QQ/2023/8/S2A_T32TQQ_20230821T101414_L2A/B09.tif"", ""cloud"": ""https://e84-earth-search-sentinel-data.s3.us-west-2.amazonaws.com/sentinel-2-c1-l2a/32/T/QQ/2023/8/S2A_T32TQQ_20230821T101414_L2A/CLD_20m.tif"", ""snow"": ""https://e84-earth-search-sentinel-data.s3.us-west-2.amazonaws.com/sentinel-2-c1-l2a/32/T/QQ/2023/8/S2A_T32TQQ_20230821T101414_L2A/SNW_20m.tif"", ""preview"": ""https://e84-earth-search-sentinel-data.s3.us-west-2.amazonaws.com/sentinel-2-c1-l2a/32/T/QQ/2023/8/S2A_T32TQQ_20230821T101414_L2A/L2A_PVI.tif"", ""granule_metadata"": ""https://e84-earth-search-sentinel-data.s3.us-west-2.amazonaws.com/sentinel-2-c1-l2a/32/T/QQ/2023/8/S2A_T32TQQ_20230821T101414_L2A/metadata.xml"", ""tileinfo_metadata"": ""https://e84-earth-search-sentinel-data.s3.us-west-2.amazonaws.com/sentinel-2-c1-l2a/32/T/QQ/2023/8/S2A_T32TQQ_20230821T101414_L2A/tileInfo.json"", ""product_metadata"": ""https://e84-earth-search-sentinel-data.s3.us-west-2.amazonaws.com/sentinel-2-c1-l2a/32/T/QQ/2023/8/S2A_T32TQQ_20230821T101414_L2A/product_metadata.xml"", ""thumbnail"": ""https://e84-earth-search-sentinel-data.s3.us-west-2.amazonaws.com/sentinel-2-c1-l2a/32/T/QQ/2023/8/S2A_T32TQQ_20230821T101414_L2A/L2A_PVI.jpg""}"
S2A_T32TPQ_20230821T101414_L2A,2023-08-21 10:18:34.664000+00:00,0.001301,,sentinel-2a,"{""red"": ""https://e84-earth-search-sentinel-data.s3.us-west-2.amazonaws.com/sentinel-2-c1-l2a/32/T/PQ/2023/8/S2A_T32TPQ_20230821T101414_L2A/B04.tif"", ""green"": ""https://e84-earth-search-sentinel-data.s3.us-west-2.amazonaws.com/sentinel-2-c1-l2a/32/T/PQ/2023/8/S2A_T32TPQ_20230821T101414_L2A/B03.tif"", ""blue"": ""https://e84-earth-search-sentinel-data.s3.us-west-2.amazonaws.com/sentinel-2-c1-l2a/32/T/PQ/2023/8/S2A_T32TPQ_20230821T101414_L2A/B02.tif"", ""visual"": ""https://e84-earth-search-sentinel-data.s3.us-west-2.amazonaws.com/sentinel-2-c1-l2a/32/T/PQ/2023/8/S2A_T32TPQ_20230821T101414_L2A/TCI.tif"", ""nir"": ""https://e84-earth-search-sentinel-data.s3.us-west-2.amazonaws.com/sentinel-2-c1-l2a/32/T/PQ/2023/8/S2A_T32TPQ_20230821T101414_L2A/B08.tif"", ""swir22"": ""https://e84-earth-search-sentinel-data.s3.us-west-2.amazonaws.com/sentinel-2-c1-l2a/32/T/PQ/2023/8/S2A_T32TPQ_20230821T101414_L2A/B12.tif"", ""rededge2"": ""https://e84-earth-search-sentinel-data.s3.us-west-2.amazonaws.com/sentinel-2-c1-l2a/32/T/PQ/2023/8/S2A_T32TPQ_20230821T101414_L2A/B06.tif"", ""rededge3"": ""https://e84-earth-search-sentinel-data.s3.us-west-2.amazonaws.com/sentinel-2-c1-l2a/32/T/PQ/2023/8/S2A_T32TPQ_20230821T101414_L2A/B07.tif"", ""rededge1"": ""https://e84-earth-search-sentinel-data.s3.us-west-2.amazonaws.com/sentinel-2-c1-l2a/32/T/PQ/2023/8/S2A_T32TPQ_20230821T101414_L2A/B05.tif"", ""swir16"": ""https://e84-earth-search-sentinel-data.s3.us-west-2.amazonaws.com/sentinel-2-c1-l2a/32/T/PQ/2023/8/S2A_T32TPQ_20230821T101414_L2A/B11.tif"", ""wvp"": ""https://e84-earth-search-sentinel-data.s3.us-west-2.amazonaws.com/sentinel-2-c1-l2a/32/T/PQ/2023/8/S2A_T32TPQ_20230821T101414_L2A/WVP.tif"", ""nir08"": ""https://e84-earth-search-sentinel-data.s3.us-west-2.amazonaws.com/sentinel-2-c1-l2a/32/T/PQ/2023/8/S2A_T32TPQ_20230821T101414_L2A/B8A.tif"", ""scl"": ""https://e84-earth-search-sentinel-data.s3.us-west-2.amazonaws.com/sentinel-2-c1-l2a/32/T/PQ/2023/8/S2A_T32TPQ_20230821T101414_L2A/SCL.tif"", ""aot"": ""https://e84-earth-search-sentinel-data.s3.us-west-2.amazonaws.com/sentinel-2-c1-l2a/32/T/PQ/2023/8/S2A_T32TPQ_20230821T101414_L2A/AOT.tif"", ""coastal"": ""https://e84-earth-search-sentinel-data.s3.us-west-2.amazonaws.com/sentinel-2-c1-l2a/32/T/PQ/2023/8/S2A_T32TPQ_20230821T101414_L2A/B01.tif"", ""nir09"": ""https://e84-earth-search-sentinel-data.s3.us-west-2.amazonaws.com/sentinel-2-c1-l2a/32/T/PQ/2023/8/S2A_T32TPQ_20230821T101414_L2A/B09.tif"", ""cloud"": ""https://e84-earth-search-sentinel-data.s3.us-west-2.amazonaws.com/sentinel-2-c1-l2a/32/T/PQ/2023/8/S2A_T32TPQ_20230821T101414_L2A/CLD_20m.tif"", ""snow"": ""https://e84-earth-search-sentinel-data.s3.us-west-2.amazonaws.com/sentinel-2-c1-l2a/32/T/PQ/2023/8/S2A_T32TPQ_20230821T101414_L2A/SNW_20m.tif"", ""preview"": ""https://e84-earth-search-sentinel-data.s3.us-west-2.amazonaws.com/sentinel-2-c1-l2a/32/T/PQ/2023/8/S2A_T32TPQ_20230821T101414_L2A/L2A_PVI.tif"", ""granule_metadata"": ""https://e84-earth-search-sentinel-data.s3.us-west-2.amazonaws.com/sentinel-2-c1-l2a/32/T/PQ/2023/8/S2A_T32TPQ_20230821T101414_L2A/metadata.xml"", ""tileinfo_metadata"": ""https://e84-earth-search-sentinel-data.s3.us-west-2.amazonaws.com/sentinel-2-c1-l2a/32/T/PQ/2023/8/S2A_T32TPQ_20230821T101414_L2A/tileInfo.json"", ""product_metadata"": ""https://e84-earth-search-sentinel-data.s3.us-west-2.amazonaws.com/sentinel-2-c1-l2a/32/T/PQ/2023/8/S2A_T32TPQ_20230821T101414_L2A/product_metadata.xml"", ""thumbnail"": ""https://e84-earth-search-sentinel-data.s3.us-west-2.amazonaws.com/sentinel-2-c1-l2a/32/T/PQ/2023/8/S2A_T32TPQ_20230821T101414_L2A/L2A_PVI.jpg""}"
S2A_T32TQP_20230821T101414_L2A,2023-08-21 10:18:45.441000+00:00,1.053239,,sentinel-2a,"{""red"": ""https://e84-earth-search-sentinel-data.s3.us-west-2.amazonaws.com/sentinel-2-c1-l2a/32/T/QP/2023/8/S2A_T32TQP_20230821T101414_L2A/B04.tif"", ""green"": ""https://e84-earth-search-sentinel-data.s3.us-west-2.amazonaws.com/sentinel-2-c1-l2a/32/T/QP/2023/8/S2A_T32TQP_20230821T101414_L2A/B03.tif"", ""blue"": ""https://e84-earth-search-sentinel-data.s3.us-west-2.amazonaws.com/sentinel-2-c1-l2a/32/T/QP/2023/8/S2A_T32TQP_20230821T101414_L2A/B02.tif"", ""visual"": ""https://e84-earth-search-sentinel-data.s3.us-west-2.amazonaws.com/sentinel-2-c1-l2a/32/T/QP/2023/8/S2A_T32TQP_20230821T101414_L2A/TCI.tif"", ""nir"": ""https://e84-earth-search-sentinel-data.s3.us-west-2.amazonaws.com/sentinel-2-c1-l2a/32/T/QP/2023/8/S2A_T32TQP_20230821T101414_L2A/B08.tif"", ""swir22"": ""https://e84-earth-search-sentinel-data.s3.us-west-2.amazonaws.com/sentinel-2-c1-l2a/32/T/QP/2023/8/S2A_T32TQP_20230821T101414_L2A/B12.tif"", ""rededge2"": ""https://e84-earth-search-sentinel-data.s3.us-west-2.amazonaws.com/sentinel-2-c1-l2a/32/T/QP/2023/8/S2A_T32TQP_20230821T101414_L2A/B06.tif"", ""rededge3"": ""https://e84-earth-search-sentinel-data.s3.us-west-2.amazonaws.com/sentinel-2-c1-l2a/32/T/QP/2023/8/S2A_T32TQP_20230821T101414_L2A/B07.tif"", ""rededge1"": ""https://e84-earth-search-sentinel-data.s3.us-west-2.amazonaws.com/sentinel-2-c1-l2a/32/T/QP/2023/8/S2A_T32TQP_20230821T101414_L2A/B05.tif"", ""swir16"": ""https://e84-earth-search-sentinel-data.s3.us-west-2.amazonaws.com/sentinel-2-c1-l2a/32/T/QP/2023/8/S2A_T32TQP_20230821T101414_L2A/B11.tif"", ""wvp"": ""https://e84-earth-search-sentinel-data.s3.us-west-2.amazonaws.com/sentinel-2-c1-l2a/32/T/QP/2023/8/S2A_T32TQP_20230821T101414_L2A/WVP.tif"", ""nir08"": ""https://e84-earth-search-sentinel-data.s3.us-west-2.amazonaws.com/sentinel-2-c1-l2a/32/T/QP/2023/8/S2A_T32TQP_20230821T101414_L2A/B8A.tif"", ""scl"": ""https://e84-earth-search-sentinel-data.s3.us-west-2.amazonaws.com/sentinel-2-c1-l2a/32/T/QP/2023/8/S2A_T32TQP_20230821T101414_L2A/SCL.tif"", ""aot"": ""https://e84-earth-search-sentinel-data.s3.us-west-2.amazonaws.com/sentinel-2-c1-l2a/32/T/QP/2023/8/S2A_T32TQP_20230821T101414_L2A/AOT.tif"", ""coastal"": ""https://e84-earth-search-sentinel-data.s3.us-west-2.amazonaws.com/sentinel-2-c1-l2a/32/T/QP/2023/8/S2A_T32TQP_20230821T101414_L2A/B01.tif"", ""nir09"": ""https://e84-earth-search-sentinel-data.s3.us-west-2.amazonaws.com/sentinel-2-c1-l2a/32/T/QP/2023/8/S2A_T32TQP_20230821T101414_L2A/B09.tif"", ""cloud"": ""https://e84-earth-search-sentinel-data.s3.us-west-2.amazonaws.com/sentinel-2-c1-l2a/32/T/QP/2023/8/S2A_T32TQP_20230821T101414_L2A/CLD_20m.tif"", ""snow"": ""https://e84-earth-search-sentinel-data.s3.us-west-2.amazonaws.com/sentinel-2-c1-l2a/32/T/QP/2023/8/S2A_T32TQP_20230821T101414_L2A/SNW_20m.tif"", ""preview"": ""https://e84-earth-search-sentinel-data.s3.us-west-2.amazonaws.com/sentinel-2-c1-l2a/32/T/QP/2023/8/S2A_T32TQP_20230821T101414_L2A/L2A_PVI.tif"", ""granule_metadata"": ""https://e84-earth-search-sentinel-data.s3.us-west-2.amazonaws.com/sentinel-2-c1-l2a/32/T/QP/2023/8/S2A_T32TQP_20230821T101414_L2A/metadata.xml"", ""tileinfo_metadata"": ""https://e84-earth-search-sentinel-data.s3.us-west-2.amazonaws.com/sentinel-2-c1-l2a/32/T/QP/2023/8/S2A_T32TQP_20230821T101414_L2A/tileInfo.json"", ""product_metadata"": ""https://e84-earth-search-sentinel-data.s3.us-west-2.amazonaws.com/sentinel-2-c1-l2a/32/T/QP/2023/8/S2A_T32TQP_20230821T101414_L2A/product_metadata.xml"", ""thumbnail"": ""https://e84-earth-search-sentinel-data.s3.us-west-2.amazonaws.com/sentinel-2-c1-l2a/32/T/QP/2023/8/S2A_T32TQP_20230821T101414_L2A/L2A_PVI.jpg""}"
S2A_T32TPP_20230821T101414_L2A,2023-08-21 10:18:49.056000+00:00,0.003567,,sentinel-2a,"{""red"": ""https://e84-earth-search-sentinel-data.s3.us-west-2.amazonaws.com/sentinel-2-c1-l2a/32/T/PP/2023/8/S2A_T32TPP_20230821T101414_L2A/B04.tif"", ""green"": ""https://e84-earth-search-sentinel-data.s3.us-west-2.amazonaws.com/sentinel-2-c1-l2a/32/T/PP/2023/8/S2A_T32TPP_20230821T101414_L2A/B03.tif"", ""blue"": ""https://e84-earth-search-sentinel-data.s3.us-west-2.amazonaws.com/sentinel-2-c1-l2a/32/T/PP/2023/8/S2A_T32TPP_20230821T101414_L2A/B02.tif"", ""visual"": ""https://e84-earth-search-sentinel-data.s3.us-west-2.amazonaws.com/sentinel-2-c1-l2a/32/T/PP/2023/8/S2A_T32TPP_20230821T101414_L2A/TCI.tif"", ""nir"": ""https://e84-earth-search-sentinel-data.s3.us-west-2.amazonaws.com/sentinel-2-c1-l2a/32/T/PP/2023/8/S2A_T32TPP_20230821T101414_L2A/B08.tif"", ""swir22"": ""https://e84-earth-search-sentinel-data.s3.us-west-2.amazonaws.com/sentinel-2-c1-l2a/32/T/PP/2023/8/S2A_T32TPP_20230821T101414_L2A/B12.tif"", ""rededge2"": ""https://e84-earth-search-sentinel-data.s3.us-west-2.amazonaws.com/sentinel-2-c1-l2a/32/T/PP/2023/8/S2A_T32TPP_20230821T101414_L2A/B06.tif"", ""rededge3"": ""https://e84-earth-search-sentinel-data.s3.us-west-2.amazonaws.com/sentinel-2-c1-l2a/32/T/PP/2023/8/S2A_T32TPP_20230821T101414_L2A/B07.tif"", ""rededge1"": ""https://e84-earth-search-sentinel-data.s3.us-west-2.amazonaws.com/sentinel-2-c1-l2a/32/T/PP/2023/8/S2A_T32TPP_20230821T101414_L2A/B05.tif"", ""swir16"": ""https://e84-earth-search-sentinel-data.s3.us-west-2.amazonaws.com/sentinel-2-c1-l2a/32/T/PP/2023/8/S2A_T32TPP_20230821T101414_L2A/B11.tif"", ""wvp"": ""https://e84-earth-search-sentinel-data.s3.us-west-2.amazonaws.com/sentinel-2-c1-l2a/32/T/PP/2023/8/S2A_T32TPP_20230821T101414_L2A/WVP.tif"", ""nir08"": ""https://e84-earth-search-sentinel-data.s3.us-west-2.amazonaws.com/sentinel-2-c1-l2a/32/T/PP/2023/8/S2A_T32TPP_20230821T101414_L2A/B8A.tif"", ""scl"": ""https://e84-earth-search-sentinel-data.s3.us-west-2.amazonaws.com/sentinel-2-c1-l2a/32/T/PP/2023/8/S2A_T32TPP_20230821T101414_L2A/SCL.tif"", ""aot"": ""https://e84-earth-search-sentinel-data.s3.us-west-2.amazonaws.com/sentinel-2-c1-l2a/32/T/PP/2023/8/S2A_T32TPP_20230821T101414_L2A/AOT.tif"", ""coastal"": ""https://e84-earth-search-sentinel-data.s3.us-west-2.amazonaws.com/sentinel-2-c1-l2a/32/T/PP/2023/8/S2A_T32TPP_20230821T101414_L2A/B01.tif"", ""nir09"": ""https://e84-earth-search-sentinel-data.s3.us-west-2.amazonaws.com/sentinel-2-c1-l2a/32/T/PP/2023/8/S2A_T32TPP_20230821T101414_L2A/B09.tif"", ""cloud"": ""https://e84-earth-search-sentinel-data.s3.us-west-2.amazonaws.com/sentinel-2-c1-l2a/32/T/PP/2023/8/S2A_T32TPP_20230821T101414_L2A/CLD_20m.tif"", ""snow"": ""https://e84-earth-search-sentinel-data.s3.us-west-2.amazonaws.com/sentinel-2-c1-l2a/32/T/PP/2023/8/S2A_T32TPP_20230821T101414_L2A/SNW_20m.tif"", ""preview"": ""https://e84-earth-search-sentinel-data.s3.us-west-2.amazonaws.com/sentinel-2-c1-l2a/32/T/PP/2023/8/S2A_T32TPP_20230821T101414_L2A/L2A_PVI.tif"", ""granule_metadata"": ""https://e84-earth-search-sentinel-data.s3.us-west-2.amazonaws.com/sentinel-2-c1-l2a/32/T/PP/2023/8/S2A_T32TPP_20230821T101414_L2A/metadata.xml"", ""tileinfo_metadata"": ""https://e84-earth-search-sentinel-data.s3.us-west-2.amazonaws.com/sentinel-2-c1-l2a/32/T/PP/2023/8/S2A_T32TPP_20230821T101414_L2A/tileInfo.json"", ""product_metadata"": ""https://e84-earth-search-sentinel-data.s3.us-west-2.amazonaws.com/sentinel-2-c1-l2a/32/T/PP/2023/8/S2A_T32TPP_20230821T101414_L2A/product_metadata.xml"", ""thumbnail"": ""https://e84-earth-search-sentinel-data.s3.us-west-2.amazonaws.com/sentinel-2-c1-l2a/32/T/PP/2023/8/S2A_T32TPP_20230821T101414_L2A/L2A_PVI.jpg""}"
S2B_T32TQQ_20230823T100758_L2A,2023-08-23 10:08:32.446000+00:00,0.005376,,sentinel-2b,"{""red"": ""https://e84-earth-search-sentinel-data.s3.us-west-2.amazonaws.com/sentinel-2-c1-l2a/32/T/QQ/2023/8/S2B_T32TQQ_20230823T100758_L2A/B04.tif"", ""green"": ""https://e84-earth-search-sentinel-data.s3.us-west-2.amazonaws.com/sentinel-2-c1-l2a/32/T/QQ/2023/8/S2B_T32TQQ_20230823T100758_L2A/B03.tif"", ""blue"": ""https://e84-earth-search-sentinel-data.s3.us-west-2.amazonaws.com/sentinel-2-c1-l2a/32/T/QQ/2023/8/S2B_T32TQQ_20230823T100758_L2A/B02.tif"", ""visual"": ""https://e84-earth-search-sentinel-data.s3.us-west-2.amazonaws.com/sentinel-2-c1-l2a/32/T/QQ/2023/8/S2B_T32TQQ_20230823T100758_L2A/TCI.tif"", ""nir"": ""https://e84-earth-search-sentinel-data.s3.us-west-2.amazonaws.com/sentinel-2-c1-l2a/32/T/QQ/2023/8/S2B_T32TQQ_20230823T100758_L2A/B08.tif"", ""swir22"": ""https://e84-earth-search-sentinel-data.s3.us-west-2.amazonaws.com/sentinel-2-c1-l2a/32/T/QQ/2023/8/S2B_T32TQQ_20230823T100758_L2A/B12.tif"", ""rededge2"": ""https://e84-earth-search-sentinel-data.s3.us-west-2.amazonaws.com/sentinel-2-c1-l2a/32/T/QQ/2023/8/S2B_T32TQQ_20230823T100758_L2A/B06.tif"", ""rededge3"": ""https://e84-earth-search-sentinel-data.s3.us-west-2.amazonaws.com/sentinel-2-c1-l2a/32/T/QQ/2023/8/S2B_T32TQQ_20230823T100758_L2A/B07.tif"", ""rededge1"": ""https://e84-earth-search-sentinel-data.s3.us-west-2.amazonaws.com/sentinel-2-c1-l2a/32/T/QQ/2023/8/S2B_T32TQQ_20230823T100758_L2A/B05.tif"", ""swir16"": ""https://e84-earth-search-sentinel-data.s3.us-west-2.amazonaws.com/sentinel-2-c1-l2a/32/T/QQ/2023/8/S2B_T32TQQ_20230823T100758_L2A/B11.tif"", ""wvp"": ""https://e84-earth-search-sentinel-data.s3.us-west-2.amazonaws.com/sentinel-2-c1-l2a/32/T/QQ/2023/8/S2B_T32TQQ_20230823T100758_L2A/WVP.tif"", ""nir08"": ""https://e84-earth-search-sentinel-data.s3.us-west-2.amazonaws.com/sentinel-2-c1-l2a/32/T/QQ/2023/8/S2B_T32TQQ_20230823T100758_L2A/B8A.tif"", ""scl"": ""https://e84-earth-search-sentinel-data.s3.us-west-2.amazonaws.com/sentinel-2-c1-l2a/32/T/QQ/2023/8/S2B_T32TQQ_20230823T100758_L2A/SCL.tif"", ""aot"": ""https://e84-earth-search-sentinel-data.s3.us-west-2.amazonaws.com/sentinel-2-c1-l2a/32/T/QQ/2023/8/S2B_T32TQQ_20230823T100758_L2A/AOT.tif"", ""coastal"": ""https://e84-earth-search-sentinel-data.s3.us-west-2.amazonaws.com/sentinel-2-c1-l2a/32/T/QQ/2023/8/S2B_T32TQQ_20230823T100758_L2A/B01.tif"", ""nir09"": ""https://e84-earth-search-sentinel-data.s3.us-west-2.amazonaws.com/sentinel-2-c1-l2a/32/T/QQ/2023/8/S2B_T32TQQ_20230823T100758_L2A/B09.tif"", ""cloud"": ""https://e84-earth-search-sentinel-data.s3.us-west-2.amazonaws.com/sentinel-2-c1-l2a/32/T/QQ/2023/8/S2B_T32TQQ_20230823T100758_L2A/CLD_20m.tif"", ""snow"": ""https://e84-earth-search-sentinel-data.s3.us-west-2.amazonaws.com/sentinel-2-c1-l2a/32/T/QQ/2023/8/S2B_T32TQQ_20230823T100758_L2A/SNW_20m.tif"", ""preview"": ""https://e84-earth-search-sentinel-data.s3.us-west-2.amazonaws.com/sentinel-2-c1-l2a/32/T/QQ/2023/8/S2B_T32TQQ_20230823T100758_L2A/L2A_PVI.tif"", ""granule_metadata"": ""https://e84-earth-search-sentinel-data.s3.us-west-2.amazonaws.com/sentinel-2-c1-l2a/32/T/QQ/2023/8/S2B_T32TQQ_20230823T100758_L2A/metadata.xml"", ""tileinfo_metadata"": ""https://e84-earth-search-sentinel-data.s3.us-west-2.amazonaws.com/sentinel-2-c1-l2a/32/T/QQ/2023/8/S2B_T32TQQ_20230823T100758_L2A/tileInfo.json"", ""product_metadata"": ""https://e84-earth-search-sentinel-data.s3.us-west-2.amazonaws.com/sentinel-2-c1-l2a/32/T/QQ/2023/8/S2B_T32TQQ_20230823T100758_L2A/product_metadata.xml"", ""thumbnail"": ""https://e84-earth-search-sentinel-data.s3.us-west-2.amazonaws.com/sentinel-2-c1-l2a/32/T/QQ/2023/8/S2B_T32TQQ_20230823T100758_L2A/L2A_PVI.jpg""}"
S2B_T32TQP_20230823T100758_L2A,2023-08-23 10:08:47.168000+00:00,0.000375,,sentinel-2b,"{""red"": ""https://e84-earth-search-sentinel-data.s3.us-west-2.amazonaws.com/sentinel-2-c1-l2a/32/T/QP/2023/8/S2B_T32TQP_20230823T100758_L2A/B04.tif"", ""green"": ""https://e84-earth-search-sentinel-data.s3.us-west-2.amazonaws.com/sentinel-2-c1-l2a/32/T/QP/2023/8/S2B_T32TQP_20230823T100758_L2A/B03.tif"", ""blue"": ""https://e84-earth-search-sentinel-data.s3.us-west-2.amazonaws.com/sentinel-2-c1-l2a/32/T/QP/2023/8/S2B_T32TQP_20230823T100758_L2A/B02.tif"", ""visual"": ""https://e84-earth-search-sentinel-data.s3.us-west-2.amazonaws.com/sentinel-2-c1-l2a/32/T/QP/2023/8/S2B_T32TQP_20230823T100758_L2A/TCI.tif"", ""nir"": ""https://e84-earth-search-sentinel-data.s3.us-west-2.amazonaws.com/sentinel-2-c1-l2a/32/T/QP/2023/8/S2B_T32TQP_20230823T100758_L2A/B08.tif"", ""swir22"": ""https://e84-earth-search-sentinel-data.s3.us-west-2.amazonaws.com/sentinel-2-c1-l2a/32/T/QP/2023/8/S2B_T32TQP_20230823T100758_L2A/B12.tif"", ""rededge2"": ""https://e84-earth-search-sentinel-data.s3.us-west-2.amazonaws.com/sentinel-2-c1-l2a/32/T/QP/2023/8/S2B_T32TQP_20230823T100758_L2A/B06.tif"", ""rededge3"": ""https://e84-earth-search-sentinel-data.s3.us-west-2.amazonaws.com/sentinel-2-c1-l2a/32/T/QP/2023/8/S2B_T32TQP_20230823T100758_L2A/B07.tif"", ""rededge1"": ""https://e84-earth-search-sentinel-data.s3.us-west-2.amazonaws.com/sentinel-2-c1-l2a/32/T/QP/2023/8/S2B_T32TQP_20230823T100758_L2A/B05.tif"", ""swir16"": ""https://e84-earth-search-sentinel-data.s3.us-west-2.amazonaws.com/sentinel-2-c1-l2a/32/T/QP/2023/8/S2B_T32TQP_20230823T100758_L2A/B11.tif"", ""wvp"": ""https://e84-earth-search-sentinel-data.s3.us-west-2.amazonaws.com/sentinel-2-c1-l2a/32/T/QP/2023/8/S2B_T32TQP_20230823T100758_L2A/WVP.tif"", ""nir08"": ""https://e84-earth-search-sentinel-data.s3.us-west-2.amazonaws.com/sentinel-2-c1-l2a/32/T/QP/2023/8/S2B_T32TQP_20230823T100758_L2A/B8A.tif"", ""scl"": ""https://e84-earth-search-sentinel-data.s3.us-west-2.amazonaws.com/sentinel-2-c1-l2a/32/T/QP/2023/8/S2B_T32TQP_20230823T100758_L2A/SCL.tif"", ""aot"": ""https://e84-earth-search-sentinel-data.s3.us-west-2.amazonaws.com/sentinel-2-c1-l2a/32/T/QP/2023/8/S2B_T32TQP_20230823T100758_L2A/AOT.tif"", ""coastal"": ""https://e84-earth-search-sentinel-data.s3.us-west-2.amazonaws.com/sentinel-2-c1-l2a/32/T/QP/2023/8/S2B_T32TQP_20230823T100758_L2A/B01.tif"", ""nir09"": ""https://e84-earth-search-sentinel-data.s3.us-west-2.amazonaws.com/sentinel-2-c1-l2a/32/T/QP/2023/8/S2B_T32TQP_20230823T100758_L2A/B09.tif"", ""cloud"": ""https://e84-earth-search-sentinel-data.s3.us-west-2.amazonaws.com/sentinel-2-c1-l2a/32/T/QP/2023/8/S2B_T32TQP_20230823T100758_L2A/CLD_20m.tif"", ""snow"": ""https://e84-earth-search-sentinel-data.s3.us-west-2.amazonaws.com/sentinel-2-c1-l2a/32/T/QP/2023/8/S2B_T32TQP_20230823T100758_L2A/SNW_20m.tif"", ""preview"": ""https://e84-earth-search-sentinel-data.s3.us-west-2.amazonaws.com/sentinel-2-c1-l2a/32/T/QP/2023/8/S2B_T32TQP_20230823T100758_L2A/L2A_PVI.tif"", ""granule_metadata"": ""https://e84-earth-search-sentinel-data.s3.us-west-2.amazonaws.com/sentinel-2-c1-l2a/32/T/QP/2023/8/S2B_T32TQP_20230823T100758_L2A/metadata.xml"", ""tileinfo_metadata"": ""https://e84-earth-search-sentinel-data.s3.us-west-2.amazonaws.com/sentinel-2-c1-l2a/32/T/QP/2023/8/S2B_T32TQP_20230823T100758_L2A/tileInfo.json"", ""product_metadata"": ""https://e84-earth-search-sentinel-data.s3.us-west-2.amazonaws.com/sentinel-2-c1-l2a/32/T/QP/2023/8/S2B_T32TQP_20230823T100758_L2A/product_metadata.xml"", ""thumbnail"": ""https://e84-earth-search-sentinel-data.s3.us-west-2.amazonaws.com/sentinel-2-c1-l2a/32/T/QP/2023/8/S2B_T32TQP_20230823T100758_L2A/L2A_PVI.jpg""}"
S2B_T32TQQ_20230826T101140_L2A,2023-08-26 10:18:29.303000+00:00,0.269926,,sentinel-2b,"{""red"": ""https://e84-earth-search-sentinel-data.s3.us-west-2.amazonaws.com/sentinel-2-c1-l2a/32/T/QQ/2023/8/S2B_T32TQQ_20230826T101140_L2A/B04.tif"", ""green"": ""https://e84-earth-search-sentinel-data.s3.us-west-2.amazonaws.com/sentinel-2-c1-l2a/32/T/QQ/2023/8/S2B_T32TQQ_20230826T101140_L2A/B03.tif"", ""blue"": ""https://e84-earth-search-sentinel-data.s3.us-west-2.amazonaws.com/sentinel-2-c1-l2a/32/T/QQ/2023/8/S2B_T32TQQ_20230826T101140_L2A/B02.tif"", ""visual"": ""https://e84-earth-search-sentinel-data.s3.us-west-2.amazonaws.com/sentinel-2-c1-l2a/32/T/QQ/2023/8/S2B_T32TQQ_20230826T101140_L2A/TCI.tif"", ""nir"": ""https://e84-earth-search-sentinel-data.s3.us-west-2.amazonaws.com/sentinel-2-c1-l2a/32/T/QQ/2023/8/S2B_T32TQQ_20230826T101140_L2A/B08.tif"", ""swir22"": ""https://e84-earth-search-sentinel-data.s3.us-west-2.amazonaws.com/sentinel-2-c1-l2a/32/T/QQ/2023/8/S2B_T32TQQ_20230826T101140_L2A/B12.tif"", ""rededge2"": ""https://e84-earth-search-sentinel-data.s3.us-west-2.amazonaws.com/sentinel-2-c1-l2a/32/T/QQ/2023/8/S2B_T32TQQ_20230826T101140_L2A/B06.tif"", ""rededge3"": ""https://e84-earth-search-sentinel-data.s3.us-west-2.amazonaws.com/sentinel-2-c1-l2a/32/T/QQ/2023/8/S2B_T32TQQ_20230826T101140_L2A/B07.tif"", ""rededge1"": ""https://e84-earth-search-sentinel-data.s3.us-west-2.amazonaws.com/sentinel-2-c1-l2a/32/T/QQ/2023/8/S2B_T32TQQ_20230826T101140_L2A/B05.tif"", ""swir16"": ""https://e84-earth-search-sentinel-data.s3.us-west-2.amazonaws.com/sentinel-2-c1-l2a/32/T/QQ/2023/8/S2B_T32TQQ_20230826T101140_L2A/B11.tif"", ""wvp"": ""https://e84-earth-search-sentinel-data.s3.us-west-2.amazonaws.com/sentinel-2-c1-l2a/32/T/QQ/2023/8/S2B_T32TQQ_20230826T101140_L2A/WVP.tif"", ""nir08"": ""https://e84-earth-search-sentinel-data.s3.us-west-2.amazonaws.com/sentinel-2-c1-l2a/32/T/QQ/2023/8/S2B_T32TQQ_20230826T101140_L2A/B8A.tif"", ""scl"": ""https://e84-earth-search-sentinel-data.s3.us-west-2.amazonaws.com/sentinel-2-c1-l2a/32/T/QQ/2023/8/S2B_T32TQQ_20230826T101140_L2A/SCL.tif"", ""aot"": ""https://e84-earth-search-sentinel-data.s3.us-west-2.amazonaws.com/sentinel-2-c1-l2a/32/T/QQ/2023/8/S2B_T32TQQ_20230826T101140_L2A/AOT.tif"", ""coastal"": ""https://e84-earth-search-sentinel-data.s3.us-west-2.amazonaws.com/sentinel-2-c1-l2a/32/T/QQ/2023/8/S2B_T32TQQ_20230826T101140_L2A/B01.tif"", ""nir09"": ""https://e84-earth-search-sentinel-data.s3.us-west-2.amazonaws.com/sentinel-2-c1-l2a/32/T/QQ/2023/8/S2B_T32TQQ_20230826T101140_L2A/B09.tif"", ""cloud"": ""https://e84-earth-search-sentinel-data.s3.us-west-2.amazonaws.com/sentinel-2-c1-l2a/32/T/QQ/2023/8/S2B_T32TQQ_20230826T101140_L2A/CLD_20m.tif"", ""snow"": ""https://e84-earth-search-sentinel-data.s3.us-west-2.amazonaws.com/sentinel-2-c1-l2a/32/T/QQ/2023/8/S2B_T32TQQ_20230826T101140_L2A/SNW_20m.tif"", ""preview"": ""https://e84-earth-search-sentinel-data.s3.us-west-2.amazonaws.com/sentinel-2-c1-l2a/32/T/QQ/2023/8/S2B_T32TQQ_20230826T101140_L2A/L2A_PVI.tif"", ""granule_metadata"": ""https://e84-earth-search-sentinel-data.s3.us-west-2.amazonaws.com/sentinel-2-c1-l2a/32/T/QQ/2023/8/S2B_T32TQQ_20230826T101140_L2A/metadata.xml"", ""tileinfo_metadata"": ""https://e84-earth-search-sentinel-data.s3.us-west-2.amazonaws.com/sentinel-2-c1-l2a/32/T/QQ/2023/8/S2B_T32TQQ_20230826T101140_L2A/tileInfo.json"", ""product_metadata"": ""https://e84-earth-search-sentinel-data.s3.us-west-2.amazonaws.com/sentinel-2-c1-l2a/32/T/QQ/2023/8/S2B_T32TQQ_20230826T101140_L2A/product_metadata.xml"", ""thumbnail"": ""https://e84-earth-search-sentinel-data.s3.us-west-2.amazonaws.com/sentinel-2-c1-l2a/32/T/QQ/2023/8/S2B_T32TQQ_20230826T101140_L2A/L2A_PVI.jpg""}"
S2B_T32TPQ_20230826T101140_L2A,2023-08-26 10:18:32.753000+00:00,0.054296,,sentinel-2b,"{""red"": ""https://e84-earth-search-sentinel-data.s3.us-west-2.amazonaws.com/sentinel-2-c1-l2a/32/T/PQ/2023/8/S2B_T32TPQ_20230826T101140_L2A/B04.tif"", ""green"": ""https://e84-earth-search-sentinel-data.s3.us-west-2.amazonaws.com/sentinel-2-c1-l2a/32/T/PQ/2023/8/S2B_T32TPQ_20230826T101140_L2A/B03.tif"", ""blue"": ""https://e84-earth-search-sentinel-data.s3.us-west-2.amazonaws.com/sentinel-2-c1-l2a/32/T/PQ/2023/8/S2B_T32TPQ_20230826T101140_L2A/B02.tif"", ""visual"": ""https://e84-earth-search-sentinel-data.s3.us-west-2.amazonaws.com/sentinel-2-c1-l2a/32/T/PQ/2023/8/S2B_T32TPQ_20230826T101140_L2A/TCI.tif"", ""nir"": ""https://e84-earth-search-sentinel-data.s3.us-west-2.amazonaws.com/sentinel-2-c1-l2a/32/T/PQ/2023/8/S2B_T32TPQ_20230826T101140_L2A/B08.tif"", ""swir22"": ""https://e84-earth-search-sentinel-data.s3.us-west-2.amazonaws.com/sentinel-2-c1-l2a/32/T/PQ/2023/8/S2B_T32TPQ_20230826T101140_L2A/B12.tif"", ""rededge2"": ""https://e84-earth-search-sentinel-data.s3.us-west-2.amazonaws.com/sentinel-2-c1-l2a/32/T/PQ/2023/8/S2B_T32TPQ_20230826T101140_L2A/B06.tif"", ""rededge3"": ""https://e84-earth-search-sentinel-data.s3.us-west-2.amazonaws.com/sentinel-2-c1-l2a/32/T/PQ/2023/8/S2B_T32TPQ_20230826T101140_L2A/B07.tif"", ""rededge1"": ""https://e84-earth-search-sentinel-data.s3.us-west-2.amazonaws.com/sentinel-2-c1-l2a/32/T/PQ/2023/8/S2B_T32TPQ_20230826T101140_L2A/B05.tif"", ""swir16"": ""https://e84-earth-search-sentinel-data.s3.us-west-2.amazonaws.com/sentinel-2-c1-l2a/32/T/PQ/2023/8/S2B_T32TPQ_20230826T101140_L2A/B11.tif"", ""wvp"": ""https://e84-earth-search-sentinel-data.s3.us-west-2.amazonaws.com/sentinel-2-c1-l2a/32/T/PQ/2023/8/S2B_T32TPQ_20230826T101140_L2A/WVP.tif"", ""nir08"": ""https://e84-earth-search-sentinel-data.s3.us-west-2.amazonaws.com/sentinel-2-c1-l2a/32/T/PQ/2023/8/S2B_T32TPQ_20230826T101140_L2A/B8A.tif"", ""scl"": ""https://e84-earth-search-sentinel-data.s3.us-west-2.amazonaws.com/sentinel-2-c1-l2a/32/T/PQ/2023/8/S2B_T32TPQ_20230826T101140_L2A/SCL.tif"", ""aot"": ""https://e84-earth-search-sentinel-data.s3.us-west-2.amazonaws.com/sentinel-2-c1-l2a/32/T/PQ/2023/8/S2B_T32TPQ_20230826T101140_L2A/AOT.tif"", ""coastal"": ""https://e84-earth-search-sentinel-data.s3.us-west-2.amazonaws.com/sentinel-2-c1-l2a/32/T/PQ/2023/8/S2B_T32TPQ_20230826T101140_L2A/B01.tif"", ""nir09"": ""https://e84-earth-search-sentinel-data.s3.us-west-2.amazonaws.com/sentinel-2-c1-l2a/32/T/PQ/2023/8/S2B_T32TPQ_20230826T101140_L2A/B09.tif"", ""cloud"": ""https://e84-earth-search-sentinel-data.s3.us-west-2.amazonaws.com/sentinel-2-c1-l2a/32/T/PQ/2023/8/S2B_T32TPQ_20230826T101140_L2A/CLD_20m.tif"", ""snow"": ""https://e84-earth-search-sentinel-data.s3.us-west-2.amazonaws.com/sentinel-2-c1-l2a/32/T/PQ/2023/8/S2B_T32TPQ_20230826T101140_L2A/SNW_20m.tif"", ""preview"": ""https://e84-earth-search-sentinel-data.s3.us-west-2.amazonaws.com/sentinel-2-c1-l2a/32/T/PQ/2023/8/S2B_T32TPQ_20230826T101140_L2A/L2A_PVI.tif"", ""granule_metadata"": ""https://e84-earth-search-sentinel-data.s3.us-west-2.amazonaws.com/sentinel-2-c1-l2a/32/T/PQ/2023/8/S2B_T32TPQ_20230826T101140_L2A/metadata.xml"", ""tileinfo_metadata"": ""https://e84-earth-search-sentinel-data.s3.us-west-2.amazonaws.com/sentinel-2-c1-l2a/32/T/PQ/2023/8/S2B_T32TPQ_20230826T101140_L2A/tileInfo.json"", ""product_metadata"": ""https://e84-earth-search-sentinel-data.s3.us-west-2.amazonaws.com/sentinel-2-c1-l2a/32/T/PQ/2023/8/S2B_T32TPQ_20230826T101140_L2A/product_metadata.xml"", ""thumbnail"": ""https://e84-earth-search-sentinel-data.s3.us-west-2.amazonaws.com/sentinel-2-c1-l2a/32/T/PQ/2023/8/S2B_T32TPQ_20230826T101140_L2A/L2A_PVI.jpg""}"
S2B_T32TQP_20230826T101140_L2A,2023-08-26 10:18:43.550000+00:00,0.001118,,sentinel-2b,"{""red"": ""https://e84-earth-search-sentinel-data.s3.us-west-2.amazonaws.com/sentinel-2-c1-l2a/32/T/QP/2023/8/S2B_T32TQP_20230826T101140_L2A/B04.tif"", ""green"": ""https://e84-earth-search-sentinel-data.s3.us-west-2.amazonaws.com/sentinel-2-c1-l2a/32/T/QP/2023/8/S2B_T32TQP_20230826T101140_L2A/B03.tif"", ""blue"": ""https://e84-earth-search-sentinel-data.s3.us-west-2.amazonaws.com/sentinel-2-c1-l2a/32/T/QP/2023/8/S2B_T32TQP_20230826T101140_L2A/B02.tif"", ""visual"": ""https://e84-earth-search-sentinel-data.s3.us-west-2.amazonaws.com/sentinel-2-c1-l2a/32/T/QP/2023/8/S2B_T32TQP_20230826T101140_L2A/TCI.tif"", ""nir"": ""https://e84-earth-search-sentinel-data.s3.us-west-2.amazonaws.com/sentinel-2-c1-l2a/32/T/QP/2023/8/S2B_T32TQP_20230826T101140_L2A/B08.tif"", ""swir22"": ""https://e84-earth-search-sentinel-data.s3.us-west-2.amazonaws.com/sentinel-2-c1-l2a/32/T/QP/2023/8/S2B_T32TQP_20230826T101140_L2A/B12.tif"", ""rededge2"": ""https://e84-earth-search-sentinel-data.s3.us-west-2.amazonaws.com/sentinel-2-c1-l2a/32/T/QP/2023/8/S2B_T32TQP_20230826T101140_L2A/B06.tif"", ""rededge3"": ""https://e84-earth-search-sentinel-data.s3.us-west-2.amazonaws.com/sentinel-2-c1-l2a/32/T/QP/2023/8/S2B_T32TQP_20230826T101140_L2A/B07.tif"", ""rededge1"": ""https://e84-earth-search-sentinel-data.s3.us-west-2.amazonaws.com/sentinel-2-c1-l2a/32/T/QP/2023/8/S2B_T32TQP_20230826T101140_L2A/B05.tif"", ""swir16"": ""https://e84-earth-search-sentinel-data.s3.us-west-2.amazonaws.com/sentinel-2-c1-l2a/32/T/QP/2023/8/S2B_T32TQP_20230826T101140_L2A/B11.tif"", ""wvp"": ""https://e84-earth-search-sentinel-data.s3.us-west-2.amazonaws.com/sentinel-2-c1-l2a/32/T/QP/2023/8/S2B_T32TQP_20230826T101140_L2A/WVP.tif"", ""nir08"": ""https://e84-earth-search-sentinel-data.s3.us-west-2.amazonaws.com/sentinel-2-c1-l2a/32/T/QP/2023/8/S2B_T32TQP_20230826T101140_L2A/B8A.tif"", ""scl"": ""https://e84-earth-search-sentinel-data.s3.us-west-2.amazonaws.com/sentinel-2-c1-l2a/32/T/QP/2023/8/S2B_T32TQP_20230826T101140_L2A/SCL.tif"", ""aot"": ""https://e84-earth-search-sentinel-data.s3.us-west-2.amazonaws.com/sentinel-2-c1-l2a/32/T/QP/2023/8/S2B_T32TQP_20230826T101140_L2A/AOT.tif"", ""coastal"": ""https://e84-earth-search-sentinel-data.s3.us-west-2.amazonaws.com/sentinel-2-c1-l2a/32/T/QP/2023/8/S2B_T32TQP_20230826T101140_L2A/B01.tif"", ""nir09"": ""https://e84-earth-search-sentinel-data.s3.us-west-2.amazonaws.com/sentinel-2-c1-l2a/32/T/QP/2023/8/S2B_T32TQP_20230826T101140_L2A/B09.tif"", ""cloud"": ""https://e84-earth-search-sentinel-data.s3.us-west-2.amazonaws.com/sentinel-2-c1-l2a/32/T/QP/2023/8/S2B_T32TQP_20230826T101140_L2A/CLD_20m.tif"", ""snow"": ""https://e84-earth-search-sentinel-data.s3.us-west-2.amazonaws.com/sentinel-2-c1-l2a/32/T/QP/2023/8/S2B_T32TQP_20230826T101140_L2A/SNW_20m.tif"", ""preview"": ""https://e84-earth-search-sentinel-data.s3.us-west-2.amazonaws.com/sentinel-2-c1-l2a/32/T/QP/2023/8/S2B_T32TQP_20230826T101140_L2A/L2A_PVI.tif"", ""granule_metadata"": ""https://e84-earth-search-sentinel-data.s3.us-west-2.amazonaws.com/sentinel-2-c1-l2a/32/T/QP/2023/8/S2B_T32TQP_20230826T101140_L2A/metadata.xml"", ""tileinfo_metadata"": ""https://e84-earth-search-sentinel-data.s3.us-west-2.amazonaws.com/sentinel-2-c1-l2a/32/T/QP/2023/8/S2B_T32TQP_20230826T101140_L2A/tileInfo.json"", ""product_metadata"": ""https://e84-earth-search-sentinel-data.s3.us-west-2.amazonaws.com/sentinel-2-c1-l2a/32/T/QP/2023/8/S2B_T32TQP_20230826T101140_L2A/product_metadata.xml"", ""thumbnail"": ""https://e84-earth-search-sentinel-data.s3.us-west-2.amazonaws.com/sentinel-2-c1-l2a/32/T/QP/2023/8/S2B_T32TQP_20230826T101140_L2A/L2A_PVI.jpg""}"
S2B_T32TPP_20230826T101140_L2A,2023-08-26 10:18:47.154000+00:00,0.162173,,sentinel-2b,"{""red"": ""https://e84-earth-search-sentinel-data.s3.us-west-2.amazonaws.com/sentinel-2-c1-l2a/32/T/PP/2023/8/S2B_T32TPP_20230826T101140_L2A/B04.tif"", ""green"": ""https://e84-earth-search-sentinel-data.s3.us-west-2.amazonaws.com/sentinel-2-c1-l2a/32/T/PP/2023/8/S2B_T32TPP_20230826T101140_L2A/B03.tif"", ""blue"": ""https://e84-earth-search-sentinel-data.s3.us-west-2.amazonaws.com/sentinel-2-c1-l2a/32/T/PP/2023/8/S2B_T32TPP_20230826T101140_L2A/B02.tif"", ""visual"": ""https://e84-earth-search-sentinel-data.s3.us-west-2.amazonaws.com/sentinel-2-c1-l2a/32/T/PP/2023/8/S2B_T32TPP_20230826T101140_L2A/TCI.tif"", ""nir"": ""https://e84-earth-search-sentinel-data.s3.us-west-2.amazonaws.com/sentinel-2-c1-l2a/32/T/PP/2023/8/S2B_T32TPP_20230826T101140_L2A/B08.tif"", ""swir22"": ""https://e84-earth-search-sentinel-data.s3.us-west-2.amazonaws.com/sentinel-2-c1-l2a/32/T/PP/2023/8/S2B_T32TPP_20230826T101140_L2A/B12.tif"", ""rededge2"": ""https://e84-earth-search-sentinel-data.s3.us-west-2.amazonaws.com/sentinel-2-c1-l2a/32/T/PP/2023/8/S2B_T32TPP_20230826T101140_L2A/B06.tif"", ""rededge3"": ""https://e84-earth-search-sentinel-data.s3.us-west-2.amazonaws.com/sentinel-2-c1-l2a/32/T/PP/2023/8/S2B_T32TPP_20230826T101140_L2A/B07.tif"", ""rededge1"": ""https://e84-earth-search-sentinel-data.s3.us-west-2.amazonaws.com/sentinel-2-c1-l2a/32/T/PP/2023/8/S2B_T32TPP_20230826T101140_L2A/B05.tif"", ""swir16"": ""https://e84-earth-search-sentinel-data.s3.us-west-2.amazonaws.com/sentinel-2-c1-l2a/32/T/PP/2023/8/S2B_T32TPP_20230826T101140_L2A/B11.tif"", ""wvp"": ""https://e84-earth-search-sentinel-data.s3.us-west-2.amazonaws.com/sentinel-2-c1-l2a/32/T/PP/2023/8/S2B_T32TPP_20230826T101140_L2A/WVP.tif"", ""nir08"": ""https://e84-earth-search-sentinel-data.s3.us-west-2.amazonaws.com/sentinel-2-c1-l2a/32/T/PP/2023/8/S2B_T32TPP_20230826T101140_L2A/B8A.tif"", ""scl"": ""https://e84-earth-search-sentinel-data.s3.us-west-2.amazonaws.com/sentinel-2-c1-l2a/32/T/PP/2023/8/S2B_T32TPP_20230826T101140_L2A/SCL.tif"", ""aot"": ""https://e84-earth-search-sentinel-data.s3.us-west-2.amazonaws.com/sentinel-2-c1-l2a/32/T/PP/2023/8/S2B_T32TPP_20230826T101140_L2A/AOT.tif"", ""coastal"": ""https://e84-earth-search-sentinel-data.s3.us-west-2.amazonaws.com/sentinel-2-c1-l2a/32/T/PP/2023/8/S2B_T32TPP_20230826T101140_L2A/B01.tif"", ""nir09"": ""https://e84-earth-search-sentinel-data.s3.us-west-2.amazonaws.com/sentinel-2-c1-l2a/32/T/PP/2023/8/S2B_T32TPP_20230826T101140_L2A/B09.tif"", ""cloud"": ""https://e84-earth-search-sentinel-data.s3.us-west-2.amazonaws.com/sentinel-2-c1-l2a/32/T/PP/2023/8/S2B_T32TPP_20230826T101140_L2A/CLD_20m.tif"", ""snow"": ""https://e84-earth-search-sentinel-data.s3.us-west-2.amazonaws.com/sentinel-2-c1-l2a/32/T/PP/2023/8/S2B_T32TPP_20230826T101140_L2A/SNW_20m.tif"", ""preview"": ""https://e84-earth-search-sentinel-data.s3.us-west-2.amazonaws.com/sentinel-2-c1-l2a/32/T/PP/2023/8/S2B_T32TPP_20230826T101140_L2A/L2A_PVI.tif"", ""granule_metadata"": ""https://e84-earth-search-sentinel-data.s3.us-west-2.amazonaws.com/sentinel-2-c1-l2a/32/T/PP/2023/8/S2B_T32TPP_20230826T101140_L2A/metadata.xml"", ""tileinfo_metadata"": ""https://e84-earth-search-sentinel-data.s3.us-west-2.amazonaws.com/sentinel-2-c1-l2a/32/T/PP/2023/8/S2B_T32TPP_20230826T101140_L2A/tileInfo.json"", ""product_metadata"": ""https://e84-earth-search-sentinel-data.s3.us-west-2.amazonaws.com/sentinel-2-c1-l2a/32/T/PP/2023/8/S2B_T32TPP_20230826T101140_L2A/product_metadata.xml"", ""thumbnail"": ""https://e84-earth-search-sentinel-data.s3.us-west-2.amazonaws.com/sentinel-2-c1-l2a/32/T/PP/2023/8/S2B_T32TPP_20230826T101140_L2A/L2A_PVI.jpg""}"
S2A_T32TQP_20230828T100031_L2A,2023-08-28 10:08:48.576000+00:00,64.598644,,sentinel-2a,"{""red"": ""https://e84-earth-search-sentinel-data.s3.us-west-2.amazonaws.com/sentinel-2-c1-l2a/32/T/QP/2023/8/S2A_T32TQP_20230828T100031_L2A/B04.tif"", ""green"": ""https://e84-earth-search-sentinel-data.s3.us-west-2.amazonaws.com/sentinel-2-c1-l2a/32/T/QP/2023/8/S2A_T32TQP_20230828T100031_L2A/B03.tif"", ""blue"": ""https://e84-earth-search-sentinel-data.s3.us-west-2.amazonaws.com/sentinel-2-c1-l2a/32/T/QP/2023/8/S2A_T32TQP_20230828T100031_L2A/B02.tif"", ""visual"": ""https://e84-earth-search-sentinel-data.s3.us-west-2.amazonaws.com/sentinel-2-c1-l2a/32/T/QP/2023/8/S2A_T32TQP_20230828T100031_L2A/TCI.tif"", ""nir"": ""https://e84-earth-search-sentinel-data.s3.us-west-2.amazonaws.com/sentinel-2-c1-l2a/32/T/QP/2023/8/S2A_T32TQP_20230828T100031_L2A/B08.tif"", ""swir22"": ""https://e84-earth-search-sentinel-data.s3.us-west-2.amazonaws.com/sentinel-2-c1-l2a/32/T/QP/2023/8/S2A_T32TQP_20230828T100031_L2A/B12.tif"", ""rededge2"": ""https://e84-earth-search-sentinel-data.s3.us-west-2.amazonaws.com/sentinel-2-c1-l2a/32/T/QP/2023/8/S2A_T32TQP_20230828T100031_L2A/B06.tif"", ""rededge3"": ""https://e84-earth-search-sentinel-data.s3.us-west-2.amazonaws.com/sentinel-2-c1-l2a/32/T/QP/2023/8/S2A_T32TQP_20230828T100031_L2A/B07.tif"", ""rededge1"": ""https://e84-earth-search-sentinel-data.s3.us-west-2.amazonaws.com/sentinel-2-c1-l2a/32/T/QP/2023/8/S2A_T32TQP_20230828T100031_L2A/B05.tif"", ""swir16"": ""https://e84-earth-search-sentinel-data.s3.us-west-2.amazonaws.com/sentinel-2-c1-l2a/32/T/QP/2023/8/S2A_T32TQP_20230828T100031_L2A/B11.tif"", ""wvp"": ""https://e84-earth-search-sentinel-data.s3.us-west-2.amazonaws.com/sentinel-2-c1-l2a/32/T/QP/2023/8/S2A_T32TQP_20230828T100031_L2A/WVP.tif"", ""nir08"": ""https://e84-earth-search-sentinel-data.s3.us-west-2.amazonaws.com/sentinel-2-c1-l2a/32/T/QP/2023/8/S2A_T32TQP_20230828T100031_L2A/B8A.tif"", ""scl"": ""https://e84-earth-search-sentinel-data.s3.us-west-2.amazonaws.com/sentinel-2-c1-l2a/32/T/QP/2023/8/S2A_T32TQP_20230828T100031_L2A/SCL.tif"", ""aot"": ""https://e84-earth-search-sentinel-data.s3.us-west-2.amazonaws.com/sentinel-2-c1-l2a/32/T/QP/2023/8/S2A_T32TQP_20230828T100031_L2A/AOT.tif"", ""coastal"": ""https://e84-earth-search-sentinel-data.s3.us-west-2.amazonaws.com/sentinel-2-c1-l2a/32/T/QP/2023/8/S2A_T32TQP_20230828T100031_L2A/B01.tif"", ""nir09"": ""https://e84-earth-search-sentinel-data.s3.us-west-2.amazonaws.com/sentinel-2-c1-l2a/32/T/QP/2023/8/S2A_T32TQP_20230828T100031_L2A/B09.tif"", ""cloud"": ""https://e84-earth-search-sentinel-data.s3.us-west-2.amazonaws.com/sentinel-2-c1-l2a/32/T/QP/2023/8/S2A_T32TQP_20230828T100031_L2A/CLD_20m.tif"", ""snow"": ""https://e84-earth-search-sentinel-data.s3.us-west-2.amazonaws.com/sentinel-2-c1-l2a/32/T/QP/2023/8/S2A_T32TQP_20230828T100031_L2A/SNW_20m.tif"", ""preview"": ""https://e84-earth-search-sentinel-data.s3.us-west-2.amazonaws.com/sentinel-2-c1-l2a/32/T/QP/2023/8/S2A_T32TQP_20230828T100031_L2A/L2A_PVI.tif"", ""granule_metadata"": ""https://e84-earth-search-sentinel-data.s3.us-west-2.amazonaws.com/sentinel-2-c1-l2a/32/T/QP/2023/8/S2A_T32TQP_20230828T100031_L2A/metadata.xml"", ""tileinfo_metadata"": ""https://e84-earth-search-sentinel-data.s3.us-west-2.amazonaws.com/sentinel-2-c1-l2a/32/T/QP/2023/8/S2A_T32TQP_20230828T100031_L2A/tileInfo.json"", ""product_metadata"": ""https://e84-earth-search-sentinel-data.s3.us-west-2.amazonaws.com/sentinel-2-c1-l2a/32/T/QP/2023/8/S2A_T32TQP_20230828T100031_L2A/product_metadata.xml"", ""thumbnail"": ""https://e84-earth-search-sentinel-data.s3.us-west-2.amazonaws.com/sentinel-2-c1-l2a/32/T/QP/2023/8/S2A_T32TQP_20230828T100031_L2A/L2A_PVI.jpg""}"
S2A_T32TQQ_20230831T101438_L2A,2023-08-31 10:18:30.225000+00:00,44.806728,,sentinel-2a,"{""red"": ""https://e84-earth-search-sentinel-data.s3.us-west-2.amazonaws.com/sentinel-2-c1-l2a/32/T/QQ/2023/8/S2A_T32TQQ_20230831T101438_L2A/B04.tif"", ""green"": ""https://e84-earth-search-sentinel-data.s3.us-west-2.amazonaws.com/sentinel-2-c1-l2a/32/T/QQ/2023/8/S2A_T32TQQ_20230831T101438_L2A/B03.tif"", ""blue"": ""https://e84-earth-search-sentinel-data.s3.us-west-2.amazonaws.com/sentinel-2-c1-l2a/32/T/QQ/2023/8/S2A_T32TQQ_20230831T101438_L2A/B02.tif"", ""visual"": ""https://e84-earth-search-sentinel-data.s3.us-west-2.amazonaws.com/sentinel-2-c1-l2a/32/T/QQ/2023/8/S2A_T32TQQ_20230831T101438_L2A/TCI.tif"", ""nir"": ""https://e84-earth-search-sentinel-data.s3.us-west-2.amazonaws.com/sentinel-2-c1-l2a/32/T/QQ/2023/8/S2A_T32TQQ_20230831T101438_L2A/B08.tif"", ""swir22"": ""https://e84-earth-search-sentinel-data.s3.us-west-2.amazonaws.com/sentinel-2-c1-l2a/32/T/QQ/2023/8/S2A_T32TQQ_20230831T101438_L2A/B12.tif"", ""rededge2"": ""https://e84-earth-search-sentinel-data.s3.us-west-2.amazonaws.com/sentinel-2-c1-l2a/32/T/QQ/2023/8/S2A_T32TQQ_20230831T101438_L2A/B06.tif"", ""rededge3"": ""https://e84-earth-search-sentinel-data.s3.us-west-2.amazonaws.com/sentinel-2-c1-l2a/32/T/QQ/2023/8/S2A_T32TQQ_20230831T101438_L2A/B07.tif"", ""rededge1"": ""https://e84-earth-search-sentinel-data.s3.us-west-2.amazonaws.com/sentinel-2-c1-l2a/32/T/QQ/2023/8/S2A_T32TQQ_20230831T101438_L2A/B05.tif"", ""swir16"": ""https://e84-earth-search-sentinel-data.s3.us-west-2.amazonaws.com/sentinel-2-c1-l2a/32/T/QQ/2023/8/S2A_T32TQQ_20230831T101438_L2A/B11.tif"", ""wvp"": ""https://e84-earth-search-sentinel-data.s3.us-west-2.amazonaws.com/sentinel-2-c1-l2a/32/T/QQ/2023/8/S2A_T32TQQ_20230831T101438_L2A/WVP.tif"", ""nir08"": ""https://e84-earth-search-sentinel-data.s3.us-west-2.amazonaws.com/sentinel-2-c1-l2a/32/T/QQ/2023/8/S2A_T32TQQ_20230831T101438_L2A/B8A.tif"", ""scl"": ""https://e84-earth-search-sentinel-data.s3.us-west-2.amazonaws.com/sentinel-2-c1-l2a/32/T/QQ/2023/8/S2A_T32TQQ_20230831T101438_L2A/SCL.tif"", ""aot"": ""https://e84-earth-search-sentinel-data.s3.us-west-2.amazonaws.com/sentinel-2-c1-l2a/32/T/QQ/2023/8/S2A_T32TQQ_20230831T101438_L2A/AOT.tif"", ""coastal"": ""https://e84-earth-search-sentinel-data.s3.us-west-2.amazonaws.com/sentinel-2-c1-l2a/32/T/QQ/2023/8/S2A_T32TQQ_20230831T101438_L2A/B01.tif"", ""nir09"": ""https://e84-earth-search-sentinel-data.s3.us-west-2.amazonaws.com/sentinel-2-c1-l2a/32/T/QQ/2023/8/S2A_T32TQQ_20230831T101438_L2A/B09.tif"", ""cloud"": ""https://e84-earth-search-sentinel-data.s3.us-west-2.amazonaws.com/sentinel-2-c1-l2a/32/T/QQ/2023/8/S2A_T32TQQ_20230831T101438_L2A/CLD_20m.tif"", ""snow"": ""https://e84-earth-search-sentinel-data.s3.us-west-2.amazonaws.com/sentinel-2-c1-l2a/32/T/QQ/2023/8/S2A_T32TQQ_20230831T101438_L2A/SNW_20m.tif"", ""preview"": ""https://e84-earth-search-sentinel-data.s3.us-west-2.amazonaws.com/sentinel-2-c1-l2a/32/T/QQ/2023/8/S2A_T32TQQ_20230831T101438_L2A/L2A_PVI.tif"", ""granule_metadata"": ""https://e84-earth-search-sentinel-data.s3.us-west-2.amazonaws.com/sentinel-2-c1-l2a/32/T/QQ/2023/8/S2A_T32TQQ_20230831T101438_L2A/metadata.xml"", ""tileinfo_metadata"": ""https://e84-earth-search-sentinel-data.s3.us-west-2.amazonaws.com/sentinel-2-c1-l2a/32/T/QQ/2023/8/S2A_T32TQQ_20230831T101438_L2A/tileInfo.json"", ""product_metadata"": ""https://e84-earth-search-sentinel-data.s3.us-west-2.amazonaws.com/sentinel-2-c1-l2a/32/T/QQ/2023/8/S2A_T32TQQ_20230831T101438_L2A/product_metadata.xml"", ""thumbnail"": ""https://e84-earth-search-sentinel-data.s3.us-west-2.amazonaws.com/sentinel-2-c1-l2a/32/T/QQ/2023/8/S2A_T32TQQ_20230831T101438_L2A/L2A_PVI.jpg""}"
S2A_T32TPQ_20230831T101438_L2A,2023-08-31 10:18:33.684000+00:00,18.43818,,sentinel-2a,"{""red"": ""https://e84-earth-search-sentinel-data.s3.us-west-2.amazonaws.com/sentinel-2-c1-l2a/32/T/PQ/2023/8/S2A_T32TPQ_20230831T101438_L2A/B04.tif"", ""green"": ""https://e84-earth-search-sentinel-data.s3.us-west-2.amazonaws.com/sentinel-2-c1-l2a/32/T/PQ/2023/8/S2A_T32TPQ_20230831T101438_L2A/B03.tif"", ""blue"": ""https://e84-earth-search-sentinel-data.s3.us-west-2.amazonaws.com/sentinel-2-c1-l2a/32/T/PQ/2023/8/S2A_T32TPQ_20230831T101438_L2A/B02.tif"", ""visual"": ""https://e84-earth-search-sentinel-data.s3.us-west-2.amazonaws.com/sentinel-2-c1-l2a/32/T/PQ/2023/8/S2A_T32TPQ_20230831T101438_L2A/TCI.tif"", ""nir"": ""https://e84-earth-search-sentinel-data.s3.us-west-2.amazonaws.com/sentinel-2-c1-l2a/32/T/PQ/2023/8/S2A_T32TPQ_20230831T101438_L2A/B08.tif"", ""swir22"": ""https://e84-earth-search-sentinel-data.s3.us-west-2.amazonaws.com/sentinel-2-c1-l2a/32/T/PQ/2023/8/S2A_T32TPQ_20230831T101438_L2A/B12.tif"", ""rededge2"": ""https://e84-earth-search-sentinel-data.s3.us-west-2.amazonaws.com/sentinel-2-c1-l2a/32/T/PQ/2023/8/S2A_T32TPQ_20230831T101438_L2A/B06.tif"", ""rededge3"": ""https://e84-earth-search-sentinel-data.s3.us-west-2.amazonaws.com/sentinel-2-c1-l2a/32/T/PQ/2023/8/S2A_T32TPQ_20230831T101438_L2A/B07.tif"", ""rededge1"": ""https://e84-earth-search-sentinel-data.s3.us-west-2.amazonaws.com/sentinel-2-c1-l2a/32/T/PQ/2023/8/S2A_T32TPQ_20230831T101438_L2A/B05.tif"", ""swir16"": ""https://e84-earth-search-sentinel-data.s3.us-west-2.amazonaws.com/sentinel-2-c1-l2a/32/T/PQ/2023/8/S2A_T32TPQ_20230831T101438_L2A/B11.tif"", ""wvp"": ""https://e84-earth-search-sentinel-data.s3.us-west-2.amazonaws.com/sentinel-2-c1-l2a/32/T/PQ/2023/8/S2A_T32TPQ_20230831T101438_L2A/WVP.tif"", ""nir08"": ""https://e84-earth-search-sentinel-data.s3.us-west-2.amazonaws.com/sentinel-2-c1-l2a/32/T/PQ/2023/8/S2A_T32TPQ_20230831T101438_L2A/B8A.tif"", ""scl"": ""https://e84-earth-search-sentinel-data.s3.us-west-2.amazonaws.com/sentinel-2-c1-l2a/32/T/PQ/2023/8/S2A_T32TPQ_20230831T101438_L2A/SCL.tif"", ""aot"": ""https://e84-earth-search-sentinel-data.s3.us-west-2.amazonaws.com/sentinel-2-c1-l2a/32/T/PQ/2023/8/S2A_T32TPQ_20230831T101438_L2A/AOT.tif"", ""coastal"": ""https://e84-earth-search-sentinel-data.s3.us-west-2.amazonaws.com/sentinel-2-c1-l2a/32/T/PQ/2023/8/S2A_T32TPQ_20230831T101438_L2A/B01.tif"", ""nir09"": ""https://e84-earth-search-sentinel-data.s3.us-west-2.amazonaws.com/sentinel-2-c1-l2a/32/T/PQ/2023/8/S2A_T32TPQ_20230831T101438_L2A/B09.tif"", ""cloud"": ""https://e84-earth-search-sentinel-data.s3.us-west-2.amazonaws.com/sentinel-2-c1-l2a/32/T/PQ/2023/8/S2A_T32TPQ_20230831T101438_L2A/CLD_20m.tif"", ""snow"": ""https://e84-earth-search-sentinel-data.s3.us-west-2.amazonaws.com/sentinel-2-c1-l2a/32/T/PQ/2023/8/S2A_T32TPQ_20230831T101438_L2A/SNW_20m.tif"", ""preview"": ""https://e84-earth-search-sentinel-data.s3.us-west-2.amazonaws.com/sentinel-2-c1-l2a/32/T/PQ/2023/8/S2A_T32TPQ_20230831T101438_L2A/L2A_PVI.tif"", ""granule_metadata"": ""https://e84-earth-search-sentinel-data.s3.us-west-2.amazonaws.com/sentinel-2-c1-l2a/32/T/PQ/2023/8/S2A_T32TPQ_20230831T101438_L2A/metadata.xml"", ""tileinfo_metadata"": ""https://e84-earth-search-sentinel-data.s3.us-west-2.amazonaws.com/sentinel-2-c1-l2a/32/T/PQ/2023/8/S2A_T32TPQ_20230831T101438_L2A/tileInfo.json"", ""product_metadata"": ""https://e84-earth-search-sentinel-data.s3.us-west-2.amazonaws.com/sentinel-2-c1-l2a/32/T/PQ/2023/8/S2A_T32TPQ_20230831T101438_L2A/product_metadata.xml"", ""thumbnail"": ""https://e84-earth-search-sentinel-data.s3.us-west-2.amazonaws.com/sentinel-2-c1-l2a/32/T/PQ/2023/8/S2A_T32TPQ_20230831T101438_L2A/L2A_PVI.jpg""}"
S2A_T32TPP_20230831T101438_L2A,2023-08-31 10:18:48.078000+00:00,64.08878,,sentinel-2a,"{""red"": ""https://e84-earth-search-sentinel-data.s3.us-west-2.amazonaws.com/sentinel-2-c1-l2a/32/T/PP/2023/8/S2A_T32TPP_20230831T101438_L2A/B04.tif"", ""green"": ""https://e84-earth-search-sentinel-data.s3.us-west-2.amazonaws.com/sentinel-2-c1-l2a/32/T/PP/2023/8/S2A_T32TPP_20230831T101438_L2A/B03.tif"", ""blue"": ""https://e84-earth-search-sentinel-data.s3.us-west-2.amazonaws.com/sentinel-2-c1-l2a/32/T/PP/2023/8/S2A_T32TPP_20230831T101438_L2A/B02.tif"", ""visual"": ""https://e84-earth-search-sentinel-data.s3.us-west-2.amazonaws.com/sentinel-2-c1-l2a/32/T/PP/2023/8/S2A_T32TPP_20230831T101438_L2A/TCI.tif"", ""nir"": ""https://e84-earth-search-sentinel-data.s3.us-west-2.amazonaws.com/sentinel-2-c1-l2a/32/T/PP/2023/8/S2A_T32TPP_20230831T101438_L2A/B08.tif"", ""swir22"": ""https://e84-earth-search-sentinel-data.s3.us-west-2.amazonaws.com/sentinel-2-c1-l2a/32/T/PP/2023/8/S2A_T32TPP_20230831T101438_L2A/B12.tif"", ""rededge2"": ""https://e84-earth-search-sentinel-data.s3.us-west-2.amazonaws.com/sentinel-2-c1-l2a/32/T/PP/2023/8/S2A_T32TPP_20230831T101438_L2A/B06.tif"", ""rededge3"": ""https://e84-earth-search-sentinel-data.s3.us-west-2.amazonaws.com/sentinel-2-c1-l2a/32/T/PP/2023/8/S2A_T32TPP_20230831T101438_L2A/B07.tif"", ""rededge1"": ""https://e84-earth-search-sentinel-data.s3.us-west-2.amazonaws.com/sentinel-2-c1-l2a/32/T/PP/2023/8/S2A_T32TPP_20230831T101438_L2A/B05.tif"", ""swir16"": ""https://e84-earth-search-sentinel-data.s3.us-west-2.amazonaws.com/sentinel-2-c1-l2a/32/T/PP/2023/8/S2A_T32TPP_20230831T101438_L2A/B11.tif"", ""wvp"": ""https://e84-earth-search-sentinel-data.s3.us-west-2.amazonaws.com/sentinel-2-c1-l2a/32/T/PP/2023/8/S2A_T32TPP_20230831T101438_L2A/WVP.tif"", ""nir08"": ""https://e84-earth-search-sentinel-data.s3.us-west-2.amazonaws.com/sentinel-2-c1-l2a/32/T/PP/2023/8/S2A_T32TPP_20230831T101438_L2A/B8A.tif"", ""scl"": ""https://e84-earth-search-sentinel-data.s3.us-west-2.amazonaws.com/sentinel-2-c1-l2a/32/T/PP/2023/8/S2A_T32TPP_20230831T101438_L2A/SCL.tif"", ""aot"": ""https://e84-earth-search-sentinel-data.s3.us-west-2.amazonaws.com/sentinel-2-c1-l2a/32/T/PP/2023/8/S2A_T32TPP_20230831T101438_L2A/AOT.tif"", ""coastal"": ""https://e84-earth-search-sentinel-data.s3.us-west-2.amazonaws.com/sentinel-2-c1-l2a/32/T/PP/2023/8/S2A_T32TPP_20230831T101438_L2A/B01.tif"", ""nir09"": ""https://e84-earth-search-sentinel-data.s3.us-west-2.amazonaws.com/sentinel-2-c1-l2a/32/T/PP/2023/8/S2A_T32TPP_20230831T101438_L2A/B09.tif"", ""cloud"": ""https://e84-earth-search-sentinel-data.s3.us-west-2.amazonaws.com/sentinel-2-c1-l2a/32/T/PP/2023/8/S2A_T32TPP_20230831T101438_L2A/CLD_20m.tif"", ""snow"": ""https://e84-earth-search-sentinel-data.s3.us-west-2.amazonaws.com/sentinel-2-c1-l2a/32/T/PP/2023/8/S2A_T32TPP_20230831T101438_L2A/SNW_20m.tif"", ""preview"": ""https://e84-earth-search-sentinel-data.s3.us-west-2.amazonaws.com/sentinel-2-c1-l2a/32/T/PP/2023/8/S2A_T32TPP_20230831T101438_L2A/L2A_PVI.tif"", ""granule_metadata"": ""https://e84-earth-search-sentinel-data.s3.us-west-2.amazonaws.com/sentinel-2-c1-l2a/32/T/PP/2023/8/S2A_T32TPP_20230831T101438_L2A/metadata.xml"", ""tileinfo_metadata"": ""https://e84-earth-search-sentinel-data.s3.us-west-2.amazonaws.com/sentinel-2-c1-l2a/32/T/PP/2023/8/S2A_T32TPP_20230831T101438_L2A/tileInfo.json"", ""product_metadata"": ""https://e84-earth-search-sentinel-data.s3.us-west-2.amazonaws.com/sentinel-2-c1-l2a/32/T/PP/2023/8/S2A_T32TPP_20230831T101438_L2A/product_metadata.xml"", ""thumbnail"": ""https://e84-earth-search-sentinel-data.s3.us-west-2.amazonaws.com/sentinel-2-c1-l2a/32/T/PP/2023/8/S2A_T32TPP_20230831T101438_L2A/L2A_PVI.jpg""}"
S2B_T32TQQ_20230902T100443_L2A,2023-09-02 10:08:32.932000+00:00,39.065388,,sentinel-2b,"{""red"": ""https://e84-earth-search-sentinel-data.s3.us-west-2.amazonaws.com/sentinel-2-c1-l2a/32/T/QQ/2023/9/S2B_T32TQQ_20230902T100443_L2A/B04.tif"", ""green"": ""https://e84-earth-search-sentinel-data.s3.us-west-2.amazonaws.com/sentinel-2-c1-l2a/32/T/QQ/2023/9/S2B_T32TQQ_20230902T100443_L2A/B03.tif"", ""blue"": ""https://e84-earth-search-sentinel-data.s3.us-west-2.amazonaws.com/sentinel-2-c1-l2a/32/T/QQ/2023/9/S2B_T32TQQ_20230902T100443_L2A/B02.tif"", ""visual"": ""https://e84-earth-search-sentinel-data.s3.us-west-2.amazonaws.com/sentinel-2-c1-l2a/32/T/QQ/2023/9/S2B_T32TQQ_20230902T100443_L2A/TCI.tif"", ""nir"": ""https://e84-earth-search-sentinel-data.s3.us-west-2.amazonaws.com/sentinel-2-c1-l2a/32/T/QQ/2023/9/S2B_T32TQQ_20230902T100443_L2A/B08.tif"", ""swir22"": ""https://e84-earth-search-sentinel-data.s3.us-west-2.amazonaws.com/sentinel-2-c1-l2a/32/T/QQ/2023/9/S2B_T32TQQ_20230902T100443_L2A/B12.tif"", ""rededge2"": ""https://e84-earth-search-sentinel-data.s3.us-west-2.amazonaws.com/sentinel-2-c1-l2a/32/T/QQ/2023/9/S2B_T32TQQ_20230902T100443_L2A/B06.tif"", ""rededge3"": ""https://e84-earth-search-sentinel-data.s3.us-west-2.amazonaws.com/sentinel-2-c1-l2a/32/T/QQ/2023/9/S2B_T32TQQ_20230902T100443_L2A/B07.tif"", ""rededge1"": ""https://e84-earth-search-sentinel-data.s3.us-west-2.amazonaws.com/sentinel-2-c1-l2a/32/T/QQ/2023/9/S2B_T32TQQ_20230902T100443_L2A/B05.tif"", ""swir16"": ""https://e84-earth-search-sentinel-data.s3.us-west-2.amazonaws.com/sentinel-2-c1-l2a/32/T/QQ/2023/9/S2B_T32TQQ_20230902T100443_L2A/B11.tif"", ""wvp"": ""https://e84-earth-search-sentinel-data.s3.us-west-2.amazonaws.com/sentinel-2-c1-l2a/32/T/QQ/2023/9/S2B_T32TQQ_20230902T100443_L2A/WVP.tif"", ""nir08"": ""https://e84-earth-search-sentinel-data.s3.us-west-2.amazonaws.com/sentinel-2-c1-l2a/32/T/QQ/2023/9/S2B_T32TQQ_20230902T100443_L2A/B8A.tif"", ""scl"": ""https://e84-earth-search-sentinel-data.s3.us-west-2.amazonaws.com/sentinel-2-c1-l2a/32/T/QQ/2023/9/S2B_T32TQQ_20230902T100443_L2A/SCL.tif"", ""aot"": ""https://e84-earth-search-sentinel-data.s3.us-west-2.amazonaws.com/sentinel-2-c1-l2a/32/T/QQ/2023/9/S2B_T32TQQ_20230902T100443_L2A/AOT.tif"", ""coastal"": ""https://e84-earth-search-sentinel-data.s3.us-west-2.amazonaws.com/sentinel-2-c1-l2a/32/T/QQ/2023/9/S2B_T32TQQ_20230902T100443_L2A/B01.tif"", ""nir09"": ""https://e84-earth-search-sentinel-data.s3.us-west-2.amazonaws.com/sentinel-2-c1-l2a/32/T/QQ/2023/9/S2B_T32TQQ_20230902T100443_L2A/B09.tif"", ""cloud"": ""https://e84-earth-search-sentinel-data.s3.us-west-2.amazonaws.com/sentinel-2-c1-l2a/32/T/QQ/2023/9/S2B_T32TQQ_20230902T100443_L2A/CLD_20m.tif"", ""snow"": ""https://e84-earth-search-sentinel-data.s3.us-west-2.amazonaws.com/sentinel-2-c1-l2a/32/T/QQ/2023/9/S2B_T32TQQ_20230902T100443_L2A/SNW_20m.tif"", ""preview"": ""https://e84-earth-search-sentinel-data.s3.us-west-2.amazonaws.com/sentinel-2-c1-l2a/32/T/QQ/2023/9/S2B_T32TQQ_20230902T100443_L2A/L2A_PVI.tif"", ""granule_metadata"": ""https://e84-earth-search-sentinel-data.s3.us-west-2.amazonaws.com/sentinel-2-c1-l2a/32/T/QQ/2023/9/S2B_T32TQQ_20230902T100443_L2A/metadata.xml"", ""tileinfo_metadata"": ""https://e84-earth-search-sentinel-data.s3.us-west-2.amazonaws.com/sentinel-2-c1-l2a/32/T/QQ/2023/9/S2B_T32TQQ_20230902T100443_L2A/tileInfo.json"", ""product_metadata"": ""https://e84-earth-search-sentinel-data.s3.us-west-2.amazonaws.com/sentinel-2-c1-l2a/32/T/QQ/2023/9/S2B_T32TQQ_20230902T100443_L2A/product_metadata.xml"", ""thumbnail"": ""https://e84-earth-search-sentinel-data.s3.us-west-2.amazonaws.com/sentinel-2-c1-l2a/32/T/QQ/2023/9/S2B_T32TQQ_20230902T100443_L2A/L2A_PVI.jpg""}"
S2B_T32TQP_20230902T100443_L2A,2023-09-02 10:08:47.649000+00:00,10.500748,,sentinel-2b,"{""red"": ""https://e84-earth-search-sentinel-data.s3.us-west-2.amazonaws.com/sentinel-2-c1-l2a/32/T/QP/2023/9/S2B_T32TQP_20230902T100443_L2A/B04.tif"", ""green"": ""https://e84-earth-search-sentinel-data.s3.us-west-2.amazonaws.com/sentinel-2-c1-l2a/32/T/QP/2023/9/S2B_T32TQP_20230902T100443_L2A/B03.tif"", ""blue"": ""https://e84-earth-search-sentinel-data.s3.us-west-2.amazonaws.com/sentinel-2-c1-l2a/32/T/QP/2023/9/S2B_T32TQP_20230902T100443_L2A/B02.tif"", ""visual"": ""https://e84-earth-search-sentinel-data.s3.us-west-2.amazonaws.com/sentinel-2-c1-l2a/32/T/QP/2023/9/S2B_T32TQP_20230902T100443_L2A/TCI.tif"", ""nir"": ""https://e84-earth-search-sentinel-data.s3.us-west-2.amazonaws.com/sentinel-2-c1-l2a/32/T/QP/2023/9/S2B_T32TQP_20230902T100443_L2A/B08.tif"", ""swir22"": ""https://e84-earth-search-sentinel-data.s3.us-west-2.amazonaws.com/sentinel-2-c1-l2a/32/T/QP/2023/9/S2B_T32TQP_20230902T100443_L2A/B12.tif"", ""rededge2"": ""https://e84-earth-search-sentinel-data.s3.us-west-2.amazonaws.com/sentinel-2-c1-l2a/32/T/QP/2023/9/S2B_T32TQP_20230902T100443_L2A/B06.tif"", ""rededge3"": ""https://e84-earth-search-sentinel-data.s3.us-west-2.amazonaws.com/sentinel-2-c1-l2a/32/T/QP/2023/9/S2B_T32TQP_20230902T100443_L2A/B07.tif"", ""rededge1"": ""https://e84-earth-search-sentinel-data.s3.us-west-2.amazonaws.com/sentinel-2-c1-l2a/32/T/QP/2023/9/S2B_T32TQP_20230902T100443_L2A/B05.tif"", ""swir16"": ""https://e84-earth-search-sentinel-data.s3.us-west-2.amazonaws.com/sentinel-2-c1-l2a/32/T/QP/2023/9/S2B_T32TQP_20230902T100443_L2A/B11.tif"", ""wvp"": ""https://e84-earth-search-sentinel-data.s3.us-west-2.amazonaws.com/sentinel-2-c1-l2a/32/T/QP/2023/9/S2B_T32TQP_20230902T100443_L2A/WVP.tif"", ""nir08"": ""https://e84-earth-search-sentinel-data.s3.us-west-2.amazonaws.com/sentinel-2-c1-l2a/32/T/QP/2023/9/S2B_T32TQP_20230902T100443_L2A/B8A.tif"", ""scl"": ""https://e84-earth-search-sentinel-data.s3.us-west-2.amazonaws.com/sentinel-2-c1-l2a/32/T/QP/2023/9/S2B_T32TQP_20230902T100443_L2A/SCL.tif"", ""aot"": ""https://e84-earth-search-sentinel-data.s3.us-west-2.amazonaws.com/sentinel-2-c1-l2a/32/T/QP/2023/9/S2B_T32TQP_20230902T100443_L2A/AOT.tif"", ""coastal"": ""https://e84-earth-search-sentinel-data.s3.us-west-2.amazonaws.com/sentinel-2-c1-l2a/32/T/QP/2023/9/S2B_T32TQP_20230902T100443_L2A/B01.tif"", ""nir09"": ""https://e84-earth-search-sentinel-data.s3.us-west-2.amazonaws.com/sentinel-2-c1-l2a/32/T/QP/2023/9/S2B_T32TQP_20230902T100443_L2A/B09.tif"", ""cloud"": ""https://e84-earth-search-sentinel-data.s3.us-west-2.amazonaws.com/sentinel-2-c1-l2a/32/T/QP/2023/9/S2B_T32TQP_20230902T100443_L2A/CLD_20m.tif"", ""snow"": ""https://e84-earth-search-sentinel-data.s3.us-west-2.amazonaws.com/sentinel-2-c1-l2a/32/T/QP/2023/9/S2B_T32TQP_20230902T100443_L2A/SNW_20m.tif"", ""preview"": ""https://e84-earth-search-sentinel-data.s3.us-west-2.amazonaws.com/sentinel-2-c1-l2a/32/T/QP/2023/9/S2B_T32TQP_20230902T100443_L2A/L2A_PVI.tif"", ""granule_metadata"": ""https://e84-earth-search-sentinel-data.s3.us-west-2.amazonaws.com/sentinel-2-c1-l2a/32/T/QP/2023/9/S2B_T32TQP_20230902T100443_L2A/metadata.xml"", ""tileinfo_metadata"": ""https://e84-earth-search-sentinel-data.s3.us-west-2.amazonaws.com/sentinel-2-c1-l2a/32/T/QP/2023/9/S2B_T32TQP_20230902T100443_L2A/tileInfo.json"", ""product_metadata"": ""https://e84-earth-search-sentinel-data.s3.us-west-2.amazonaws.com/sentinel-2-c1-l2a/32/T/QP/2023/9/S2B_T32TQP_20230902T100443_L2A/product_metadata.xml"", ""thumbnail"": ""https://e84-earth-search-sentinel-data.s3.us-west-2.amazonaws.com/sentinel-2-c1-l2a/32/T/QP/2023/9/S2B_T32TQP_20230902T100443_L2A/L2A_PVI.jpg""}"
S2B_T32TQQ_20230905T101047_L2A,2023-09-05 10:18:29.654000+00:00,9.474212,,sentinel-2b,"{""red"": ""https://e84-earth-search-sentinel-data.s3.us-west-2.amazonaws.com/sentinel-2-c1-l2a/32/T/QQ/2023/9/S2B_T32TQQ_20230905T101047_L2A/B04.tif"", ""green"": ""https://e84-earth-search-sentinel-data.s3.us-west-2.amazonaws.com/sentinel-2-c1-l2a/32/T/QQ/2023/9/S2B_T32TQQ_20230905T101047_L2A/B03.tif"", ""blue"": ""https://e84-earth-search-sentinel-data.s3.us-west-2.amazonaws.com/sentinel-2-c1-l2a/32/T/QQ/2023/9/S2B_T32TQQ_20230905T101047_L2A/B02.tif"", ""visual"": ""https://e84-earth-search-sentinel-data.s3.us-west-2.amazonaws.com/sentinel-2-c1-l2a/32/T/QQ/2023/9/S2B_T32TQQ_20230905T101047_L2A/TCI.tif"", ""nir"": ""https://e84-earth-search-sentinel-data.s3.us-west-2.amazonaws.com/sentinel-2-c1-l2a/32/T/QQ/2023/9/S2B_T32TQQ_20230905T101047_L2A/B08.tif"", ""swir22"": ""https://e84-earth-search-sentinel-data.s3.us-west-2.amazonaws.com/sentinel-2-c1-l2a/32/T/QQ/2023/9/S2B_T32TQQ_20230905T101047_L2A/B12.tif"", ""rededge2"": ""https://e84-earth-search-sentinel-data.s3.us-west-2.amazonaws.com/sentinel-2-c1-l2a/32/T/QQ/2023/9/S2B_T32TQQ_20230905T101047_L2A/B06.tif"", ""rededge3"": ""https://e84-earth-search-sentinel-data.s3.us-west-2.amazonaws.com/sentinel-2-c1-l2a/32/T/QQ/2023/9/S2B_T32TQQ_20230905T101047_L2A/B07.tif"", ""rededge1"": ""https://e84-earth-search-sentinel-data.s3.us-west-2.amazonaws.com/sentinel-2-c1-l2a/32/T/QQ/2023/9/S2B_T32TQQ_20230905T101047_L2A/B05.tif"", ""swir16"": ""https://e84-earth-search-sentinel-data.s3.us-west-2.amazonaws.com/sentinel-2-c1-l2a/32/T/QQ/2023/9/S2B_T32TQQ_20230905T101047_L2A/B11.tif"", ""wvp"": ""https://e84-earth-search-sentinel-data.s3.us-west-2.amazonaws.com/sentinel-2-c1-l2a/32/T/QQ/2023/9/S2B_T32TQQ_20230905T101047_L2A/WVP.tif"", ""nir08"": ""https://e84-earth-search-sentinel-data.s3.us-west-2.amazonaws.com/sentinel-2-c1-l2a/32/T/QQ/2023/9/S2B_T32TQQ_20230905T101047_L2A/B8A.tif"", ""scl"": ""https://e84-earth-search-sentinel-data.s3.us-west-2.amazonaws.com/sentinel-2-c1-l2a/32/T/QQ/2023/9/S2B_T32TQQ_20230905T101047_L2A/SCL.tif"", ""aot"": ""https://e84-earth-search-sentinel-data.s3.us-west-2.amazonaws.com/sentinel-2-c1-l2a/32/T/QQ/2023/9/S2B_T32TQQ_20230905T101047_L2A/AOT.tif"", ""coastal"": ""https://e84-earth-search-sentinel-data.s3.us-west-2.amazonaws.com/sentinel-2-c1-l2a/32/T/QQ/2023/9/S2B_T32TQQ_20230905T101047_L2A/B01.tif"", ""nir09"": ""https://e84-earth-search-sentinel-data.s3.us-west-2.amazonaws.com/sentinel-2-c1-l2a/32/T/QQ/2023/9/S2B_T32TQQ_20230905T101047_L2A/B09.tif"", ""cloud"": ""https://e84-earth-search-sentinel-data.s3.us-west-2.amazonaws.com/sentinel-2-c1-l2a/32/T/QQ/2023/9/S2B_T32TQQ_20230905T101047_L2A/CLD_20m.tif"", ""snow"": ""https://e84-earth-search-sentinel-data.s3.us-west-2.amazonaws.com/sentinel-2-c1-l2a/32/T/QQ/2023/9/S2B_T32TQQ_20230905T101047_L2A/SNW_20m.tif"", ""preview"": ""https://e84-earth-search-sentinel-data.s3.us-west-2.amazonaws.com/sentinel-2-c1-l2a/32/T/QQ/2023/9/S2B_T32TQQ_20230905T101047_L2A/L2A_PVI.tif"", ""granule_metadata"": ""https://e84-earth-search-sentinel-data.s3.us-west-2.amazonaws.com/sentinel-2-c1-l2a/32/T/QQ/2023/9/S2B_T32TQQ_20230905T101047_L2A/metadata.xml"", ""tileinfo_metadata"": ""https://e84-earth-search-sentinel-data.s3.us-west-2.amazonaws.com/sentinel-2-c1-l2a/32/T/QQ/2023/9/S2B_T32TQQ_20230905T101047_L2A/tileInfo.json"", ""product_metadata"": ""https://e84-earth-search-sentinel-data.s3.us-west-2.amazonaws.com/sentinel-2-c1-l2a/32/T/QQ/2023/9/S2B_T32TQQ_20230905T101047_L2A/product_metadata.xml"", ""thumbnail"": ""https://e84-earth-search-sentinel-data.s3.us-west-2.amazonaws.com/sentinel-2-c1-l2a/32/T/QQ/2023/9/S2B_T32TQQ_20230905T101047_L2A/L2A_PVI.jpg""}"
S2B_T32TPQ_20230905T101047_L2A,2023-09-05 10:18:33.106000+00:00,45.839426,,sentinel-2b,"{""red"": ""https://e84-earth-search-sentinel-data.s3.us-west-2.amazonaws.com/sentinel-2-c1-l2a/32/T/PQ/2023/9/S2B_T32TPQ_20230905T101047_L2A/B04.tif"", ""green"": ""https://e84-earth-search-sentinel-data.s3.us-west-2.amazonaws.com/sentinel-2-c1-l2a/32/T/PQ/2023/9/S2B_T32TPQ_20230905T101047_L2A/B03.tif"", ""blue"": ""https://e84-earth-search-sentinel-data.s3.us-west-2.amazonaws.com/sentinel-2-c1-l2a/32/T/PQ/2023/9/S2B_T32TPQ_20230905T101047_L2A/B02.tif"", ""visual"": ""https://e84-earth-search-sentinel-data.s3.us-west-2.amazonaws.com/sentinel-2-c1-l2a/32/T/PQ/2023/9/S2B_T32TPQ_20230905T101047_L2A/TCI.tif"", ""nir"": ""https://e84-earth-search-sentinel-data.s3.us-west-2.amazonaws.com/sentinel-2-c1-l2a/32/T/PQ/2023/9/S2B_T32TPQ_20230905T101047_L2A/B08.tif"", ""swir22"": ""https://e84-earth-search-sentinel-data.s3.us-west-2.amazonaws.com/sentinel-2-c1-l2a/32/T/PQ/2023/9/S2B_T32TPQ_20230905T101047_L2A/B12.tif"", ""rededge2"": ""https://e84-earth-search-sentinel-data.s3.us-west-2.amazonaws.com/sentinel-2-c1-l2a/32/T/PQ/2023/9/S2B_T32TPQ_20230905T101047_L2A/B06.tif"", ""rededge3"": ""https://e84-earth-search-sentinel-data.s3.us-west-2.amazonaws.com/sentinel-2-c1-l2a/32/T/PQ/2023/9/S2B_T32TPQ_20230905T101047_L2A/B07.tif"", ""rededge1"": ""https://e84-earth-search-sentinel-data.s3.us-west-2.amazonaws.com/sentinel-2-c1-l2a/32/T/PQ/2023/9/S2B_T32TPQ_20230905T101047_L2A/B05.tif"", ""swir16"": ""https://e84-earth-search-sentinel-data.s3.us-west-2.amazonaws.com/sentinel-2-c1-l2a/32/T/PQ/2023/9/S2B_T32TPQ_20230905T101047_L2A/B11.tif"", ""wvp"": ""https://e84-earth-search-sentinel-data.s3.us-west-2.amazonaws.com/sentinel-2-c1-l2a/32/T/PQ/2023/9/S2B_T32TPQ_20230905T101047_L2A/WVP.tif"", ""nir08"": ""https://e84-earth-search-sentinel-data.s3.us-west-2.amazonaws.com/sentinel-2-c1-l2a/32/T/PQ/2023/9/S2B_T32TPQ_20230905T101047_L2A/B8A.tif"", ""scl"": ""https://e84-earth-search-sentinel-data.s3.us-west-2.amazonaws.com/sentinel-2-c1-l2a/32/T/PQ/2023/9/S2B_T32TPQ_20230905T101047_L2A/SCL.tif"", ""aot"": ""https://e84-earth-search-sentinel-data.s3.us-west-2.amazonaws.com/sentinel-2-c1-l2a/32/T/PQ/2023/9/S2B_T32TPQ_20230905T101047_L2A/AOT.tif"", ""coastal"": ""https://e84-earth-search-sentinel-data.s3.us-west-2.amazonaws.com/sentinel-2-c1-l2a/32/T/PQ/2023/9/S2B_T32TPQ_20230905T101047_L2A/B01.tif"", ""nir09"": ""https://e84-earth-search-sentinel-data.s3.us-west-2.amazonaws.com/sentinel-2-c1-l2a/32/T/PQ/2023/9/S2B_T32TPQ_20230905T101047_L2A/B09.tif"", ""cloud"": ""https://e84-earth-search-sentinel-data.s3.us-west-2.amazonaws.com/sentinel-2-c1-l2a/32/T/PQ/2023/9/S2B_T32TPQ_20230905T101047_L2A/CLD_20m.tif"", ""snow"": ""https://e84-earth-search-sentinel-data.s3.us-west-2.amazonaws.com/sentinel-2-c1-l2a/32/T/PQ/2023/9/S2B_T32TPQ_20230905T101047_L2A/SNW_20m.tif"", ""preview"": ""https://e84-earth-search-sentinel-data.s3.us-west-2.amazonaws.com/sentinel-2-c1-l2a/32/T/PQ/2023/9/S2B_T32TPQ_20230905T101047_L2A/L2A_PVI.tif"", ""granule_metadata"": ""https://e84-earth-search-sentinel-data.s3.us-west-2.amazonaws.com/sentinel-2-c1-l2a/32/T/PQ/2023/9/S2B_T32TPQ_20230905T101047_L2A/metadata.xml"", ""tileinfo_metadata"": ""https://e84-earth-search-sentinel-data.s3.us-west-2.amazonaws.com/sentinel-2-c1-l2a/32/T/PQ/2023/9/S2B_T32TPQ_20230905T101047_L2A/tileInfo.json"", ""product_metadata"": ""https://e84-earth-search-sentinel-data.s3.us-west-2.amazonaws.com/sentinel-2-c1-l2a/32/T/PQ/2023/9/S2B_T32TPQ_20230905T101047_L2A/product_metadata.xml"", ""thumbnail"": ""https://e84-earth-search-sentinel-data.s3.us-west-2.amazonaws.com/sentinel-2-c1-l2a/32/T/PQ/2023/9/S2B_T32TPQ_20230905T101047_L2A/L2A_PVI.jpg""}"
S2B_T32TQP_20230905T101047_L2A,2023-09-05 10:18:43.889000+00:00,30.844727,,sentinel-2b,"{""red"": ""https://e84-earth-search-sentinel-data.s3.us-west-2.amazonaws.com/sentinel-2-c1-l2a/32/T/QP/2023/9/S2B_T32TQP_20230905T101047_L2A/B04.tif"", ""green"": ""https://e84-earth-search-sentinel-data.s3.us-west-2.amazonaws.com/sentinel-2-c1-l2a/32/T/QP/2023/9/S2B_T32TQP_20230905T101047_L2A/B03.tif"", ""blue"": ""https://e84-earth-search-sentinel-data.s3.us-west-2.amazonaws.com/sentinel-2-c1-l2a/32/T/QP/2023/9/S2B_T32TQP_20230905T101047_L2A/B02.tif"", ""visual"": ""https://e84-earth-search-sentinel-data.s3.us-west-2.amazonaws.com/sentinel-2-c1-l2a/32/T/QP/2023/9/S2B_T32TQP_20230905T101047_L2A/TCI.tif"", ""nir"": ""https://e84-earth-search-sentinel-data.s3.us-west-2.amazonaws.com/sentinel-2-c1-l2a/32/T/QP/2023/9/S2B_T32TQP_20230905T101047_L2A/B08.tif"", ""swir22"": ""https://e84-earth-search-sentinel-data.s3.us-west-2.amazonaws.com/sentinel-2-c1-l2a/32/T/QP/2023/9/S2B_T32TQP_20230905T101047_L2A/B12.tif"", ""rededge2"": ""https://e84-earth-search-sentinel-data.s3.us-west-2.amazonaws.com/sentinel-2-c1-l2a/32/T/QP/2023/9/S2B_T32TQP_20230905T101047_L2A/B06.tif"", ""rededge3"": ""https://e84-earth-search-sentinel-data.s3.us-west-2.amazonaws.com/sentinel-2-c1-l2a/32/T/QP/2023/9/S2B_T32TQP_20230905T101047_L2A/B07.tif"", ""rededge1"": ""https://e84-earth-search-sentinel-data.s3.us-west-2.amazonaws.com/sentinel-2-c1-l2a/32/T/QP/2023/9/S2B_T32TQP_20230905T101047_L2A/B05.tif"", ""swir16"": ""https://e84-earth-search-sentinel-data.s3.us-west-2.amazonaws.com/sentinel-2-c1-l2a/32/T/QP/2023/9/S2B_T32TQP_20230905T101047_L2A/B11.tif"", ""wvp"": ""https://e84-earth-search-sentinel-data.s3.us-west-2.amazonaws.com/sentinel-2-c1-l2a/32/T/QP/2023/9/S2B_T32TQP_20230905T101047_L2A/WVP.tif"", ""nir08"": ""https://e84-earth-search-sentinel-data.s3.us-west-2.amazonaws.com/sentinel-2-c1-l2a/32/T/QP/2023/9/S2B_T32TQP_20230905T101047_L2A/B8A.tif"", ""scl"": ""https://e84-earth-search-sentinel-data.s3.us-west-2.amazonaws.com/sentinel-2-c1-l2a/32/T/QP/2023/9/S2B_T32TQP_20230905T101047_L2A/SCL.tif"", ""aot"": ""https://e84-earth-search-sentinel-data.s3.us-west-2.amazonaws.com/sentinel-2-c1-l2a/32/T/QP/2023/9/S2B_T32TQP_20230905T101047_L2A/AOT.tif"", ""coastal"": ""https://e84-earth-search-sentinel-data.s3.us-west-2.amazonaws.com/sentinel-2-c1-l2a/32/T/QP/2023/9/S2B_T32TQP_20230905T101047_L2A/B01.tif"", ""nir09"": ""https://e84-earth-search-sentinel-data.s3.us-west-2.amazonaws.com/sentinel-2-c1-l2a/32/T/QP/2023/9/S2B_T32TQP_20230905T101047_L2A/B09.tif"", ""cloud"": ""https://e84-earth-search-sentinel-data.s3.us-west-2.amazonaws.com/sentinel-2-c1-l2a/32/T/QP/2023/9/S2B_T32TQP_20230905T101047_L2A/CLD_20m.tif"", ""snow"": ""https://e84-earth-search-sentinel-data.s3.us-west-2.amazonaws.com/sentinel-2-c1-l2a/32/T/QP/2023/9/S2B_T32TQP_20230905T101047_L2A/SNW_20m.tif"", ""preview"": ""https://e84-earth-search-sentinel-data.s3.us-west-2.amazonaws.com/sentinel-2-c1-l2a/32/T/QP/2023/9/S2B_T32TQP_20230905T101047_L2A/L2A_PVI.tif"", ""granule_metadata"": ""https://e84-earth-search-sentinel-data.s3.us-west-2.amazonaws.com/sentinel-2-c1-l2a/32/T/QP/2023/9/S2B_T32TQP_20230905T101047_L2A/metadata.xml"", ""tileinfo_metadata"": ""https://e84-earth-search-sentinel-data.s3.us-west-2.amazonaws.com/sentinel-2-c1-l2a/32/T/QP/2023/9/S2B_T32TQP_20230905T101047_L2A/tileInfo.json"", ""product_metadata"": ""https://e84-earth-search-sentinel-data.s3.us-west-2.amazonaws.com/sentinel-2-c1-l2a/32/T/QP/2023/9/S2B_T32TQP_20230905T101047_L2A/product_metadata.xml"", ""thumbnail"": ""https://e84-earth-search-sentinel-data.s3.us-west-2.amazonaws.com/sentinel-2-c1-l2a/32/T/QP/2023/9/S2B_T32TQP_20230905T101047_L2A/L2A_PVI.jpg""}"
S2B_T32TPP_20230905T101047_L2A,2023-09-05 10:18:47.501000+00:00,5.372703,,sentinel-2b,"{""red"": ""https://e84-earth-search-sentinel-data.s3.us-west-2.amazonaws.com/sentinel-2-c1-l2a/32/T/PP/2023/9/S2B_T32TPP_20230905T101047_L2A/B04.tif"", ""green"": ""https://e84-earth-search-sentinel-data.s3.us-west-2.amazonaws.com/sentinel-2-c1-l2a/32/T/PP/2023/9/S2B_T32TPP_20230905T101047_L2A/B03.tif"", ""blue"": ""https://e84-earth-search-sentinel-data.s3.us-west-2.amazonaws.com/sentinel-2-c1-l2a/32/T/PP/2023/9/S2B_T32TPP_20230905T101047_L2A/B02.tif"", ""visual"": ""https://e84-earth-search-sentinel-data.s3.us-west-2.amazonaws.com/sentinel-2-c1-l2a/32/T/PP/2023/9/S2B_T32TPP_20230905T101047_L2A/TCI.tif"", ""nir"": ""https://e84-earth-search-sentinel-data.s3.us-west-2.amazonaws.com/sentinel-2-c1-l2a/32/T/PP/2023/9/S2B_T32TPP_20230905T101047_L2A/B08.tif"", ""swir22"": ""https://e84-earth-search-sentinel-data.s3.us-west-2.amazonaws.com/sentinel-2-c1-l2a/32/T/PP/2023/9/S2B_T32TPP_20230905T101047_L2A/B12.tif"", ""rededge2"": ""https://e84-earth-search-sentinel-data.s3.us-west-2.amazonaws.com/sentinel-2-c1-l2a/32/T/PP/2023/9/S2B_T32TPP_20230905T101047_L2A/B06.tif"", ""rededge3"": ""https://e84-earth-search-sentinel-data.s3.us-west-2.amazonaws.com/sentinel-2-c1-l2a/32/T/PP/2023/9/S2B_T32TPP_20230905T101047_L2A/B07.tif"", ""rededge1"": ""https://e84-earth-search-sentinel-data.s3.us-west-2.amazonaws.com/sentinel-2-c1-l2a/32/T/PP/2023/9/S2B_T32TPP_20230905T101047_L2A/B05.tif"", ""swir16"": ""https://e84-earth-search-sentinel-data.s3.us-west-2.amazonaws.com/sentinel-2-c1-l2a/32/T/PP/2023/9/S2B_T32TPP_20230905T101047_L2A/B11.tif"", ""wvp"": ""https://e84-earth-search-sentinel-data.s3.us-west-2.amazonaws.com/sentinel-2-c1-l2a/32/T/PP/2023/9/S2B_T32TPP_20230905T101047_L2A/WVP.tif"", ""nir08"": ""https://e84-earth-search-sentinel-data.s3.us-west-2.amazonaws.com/sentinel-2-c1-l2a/32/T/PP/2023/9/S2B_T32TPP_20230905T101047_L2A/B8A.tif"", ""scl"": ""https://e84-earth-search-sentinel-data.s3.us-west-2.amazonaws.com/sentinel-2-c1-l2a/32/T/PP/2023/9/S2B_T32TPP_20230905T101047_L2A/SCL.tif"", ""aot"": ""https://e84-earth-search-sentinel-data.s3.us-west-2.amazonaws.com/sentinel-2-c1-l2a/32/T/PP/2023/9/S2B_T32TPP_20230905T101047_L2A/AOT.tif"", ""coastal"": ""https://e84-earth-search-sentinel-data.s3.us-west-2.amazonaws.com/sentinel-2-c1-l2a/32/T/PP/2023/9/S2B_T32TPP_20230905T101047_L2A/B01.tif"", ""nir09"": ""https://e84-earth-search-sentinel-data.s3.us-west-2.amazonaws.com/sentinel-2-c1-l2a/32/T/PP/2023/9/S2B_T32TPP_20230905T101047_L2A/B09.tif"", ""cloud"": ""https://e84-earth-search-sentinel-data.s3.us-west-2.amazonaws.com/sentinel-2-c1-l2a/32/T/PP/2023/9/S2B_T32TPP_20230905T101047_L2A/CLD_20m.tif"", ""snow"": ""https://e84-earth-search-sentinel-data.s3.us-west-2.amazonaws.com/sentinel-2-c1-l2a/32/T/PP/2023/9/S2B_T32TPP_20230905T101047_L2A/SNW_20m.tif"", ""preview"": ""https://e84-earth-search-sentinel-data.s3.us-west-2.amazonaws.com/sentinel-2-c1-l2a/32/T/PP/2023/9/S2B_T32TPP_20230905T101047_L2A/L2A_PVI.tif"", ""granule_metadata"": ""https://e84-earth-search-sentinel-data.s3.us-west-2.amazonaws.com/sentinel-2-c1-l2a/32/T/PP/2023/9/S2B_T32TPP_20230905T101047_L2A/metadata.xml"", ""tileinfo_metadata"": ""https://e84-earth-search-sentinel-data.s3.us-west-2.amazonaws.com/sentinel-2-c1-l2a/32/T/PP/2023/9/S2B_T32TPP_20230905T101047_L2A/tileInfo.json"", ""product_metadata"": ""https://e84-earth-search-sentinel-data.s3.us-west-2.amazonaws.com/sentinel-2-c1-l2a/32/T/PP/2023/9/S2B_T32TPP_20230905T101047_L2A/product_metadata.xml"", ""thumbnail"": ""https://e84-earth-search-sentinel-data.s3.us-west-2.amazonaws.com/sentinel-2-c1-l2a/32/T/PP/2023/9/S2B_T32TPP_20230905T101047_L2A/L2A_PVI.jpg""}"
S2A_T32TQQ_20230907T100606_L2A,2023-09-07 10:08:33.458000+00:00,0.298984,,sentinel-2a,"{""red"": ""https://e84-earth-search-sentinel-data.s3.us-west-2.amazonaws.com/sentinel-2-c1-l2a/32/T/QQ/2023/9/S2A_T32TQQ_20230907T100606_L2A/B04.tif"", ""green"": ""https://e84-earth-search-sentinel-data.s3.us-west-2.amazonaws.com/sentinel-2-c1-l2a/32/T/QQ/2023/9/S2A_T32TQQ_20230907T100606_L2A/B03.tif"", ""blue"": ""https://e84-earth-search-sentinel-data.s3.us-west-2.amazonaws.com/sentinel-2-c1-l2a/32/T/QQ/2023/9/S2A_T32TQQ_20230907T100606_L2A/B02.tif"", ""visual"": ""https://e84-earth-search-sentinel-data.s3.us-west-2.amazonaws.com/sentinel-2-c1-l2a/32/T/QQ/2023/9/S2A_T32TQQ_20230907T100606_L2A/TCI.tif"", ""nir"": ""https://e84-earth-search-sentinel-data.s3.us-west-2.amazonaws.com/sentinel-2-c1-l2a/32/T/QQ/2023/9/S2A_T32TQQ_20230907T100606_L2A/B08.tif"", ""swir22"": ""https://e84-earth-search-sentinel-data.s3.us-west-2.amazonaws.com/sentinel-2-c1-l2a/32/T/QQ/2023/9/S2A_T32TQQ_20230907T100606_L2A/B12.tif"", ""rededge2"": ""https://e84-earth-search-sentinel-data.s3.us-west-2.amazonaws.com/sentinel-2-c1-l2a/32/T/QQ/2023/9/S2A_T32TQQ_20230907T100606_L2A/B06.tif"", ""rededge3"": ""https://e84-earth-search-sentinel-data.s3.us-west-2.amazonaws.com/sentinel-2-c1-l2a/32/T/QQ/2023/9/S2A_T32TQQ_20230907T100606_L2A/B07.tif"", ""rededge1"": ""https://e84-earth-search-sentinel-data.s3.us-west-2.amazonaws.com/sentinel-2-c1-l2a/32/T/QQ/2023/9/S2A_T32TQQ_20230907T100606_L2A/B05.tif"", ""swir16"": ""https://e84-earth-search-sentinel-data.s3.us-west-2.amazonaws.com/sentinel-2-c1-l2a/32/T/QQ/2023/9/S2A_T32TQQ_20230907T100606_L2A/B11.tif"", ""wvp"": ""https://e84-earth-search-sentinel-data.s3.us-west-2.amazonaws.com/sentinel-2-c1-l2a/32/T/QQ/2023/9/S2A_T32TQQ_20230907T100606_L2A/WVP.tif"", ""nir08"": ""https://e84-earth-search-sentinel-data.s3.us-west-2.amazonaws.com/sentinel-2-c1-l2a/32/T/QQ/2023/9/S2A_T32TQQ_20230907T100606_L2A/B8A.tif"", ""scl"": ""https://e84-earth-search-sentinel-data.s3.us-west-2.amazonaws.com/sentinel-2-c1-l2a/32/T/QQ/2023/9/S2A_T32TQQ_20230907T100606_L2A/SCL.tif"", ""aot"": ""https://e84-earth-search-sentinel-data.s3.us-west-2.amazonaws.com/sentinel-2-c1-l2a/32/T/QQ/2023/9/S2A_T32TQQ_20230907T100606_L2A/AOT.tif"", ""coastal"": ""https://e84-earth-search-sentinel-data.s3.us-west-2.amazonaws.com/sentinel-2-c1-l2a/32/T/QQ/2023/9/S2A_T32TQQ_20230907T100606_L2A/B01.tif"", ""nir09"": ""https://e84-earth-search-sentinel-data.s3.us-west-2.amazonaws.com/sentinel-2-c1-l2a/32/T/QQ/2023/9/S2A_T32TQQ_20230907T100606_L2A/B09.tif"", ""cloud"": ""https://e84-earth-search-sentinel-data.s3.us-west-2.amazonaws.com/sentinel-2-c1-l2a/32/T/QQ/2023/9/S2A_T32TQQ_20230907T100606_L2A/CLD_20m.tif"", ""snow"": ""https://e84-earth-search-sentinel-data.s3.us-west-2.amazonaws.com/sentinel-2-c1-l2a/32/T/QQ/2023/9/S2A_T32TQQ_20230907T100606_L2A/SNW_20m.tif"", ""preview"": ""https://e84-earth-search-sentinel-data.s3.us-west-2.amazonaws.com/sentinel-2-c1-l2a/32/T/QQ/2023/9/S2A_T32TQQ_20230907T100606_L2A/L2A_PVI.tif"", ""granule_metadata"": ""https://e84-earth-search-sentinel-data.s3.us-west-2.amazonaws.com/sentinel-2-c1-l2a/32/T/QQ/2023/9/S2A_T32TQQ_20230907T100606_L2A/metadata.xml"", ""tileinfo_metadata"": ""https://e84-earth-search-sentinel-data.s3.us-west-2.amazonaws.com/sentinel-2-c1-l2a/32/T/QQ/2023/9/S2A_T32TQQ_20230907T100606_L2A/tileInfo.json"", ""product_metadata"": ""https://e84-earth-search-sentinel-data.s3.us-west-2.amazonaws.com/sentinel-2-c1-l2a/32/T/QQ/2023/9/S2A_T32TQQ_20230907T100606_L2A/product_metadata.xml"", ""thumbnail"": ""https://e84-earth-search-sentinel-data.s3.us-west-2.amazonaws.com/sentinel-2-c1-l2a/32/T/QQ/2023/9/S2A_T32TQQ_20230907T100606_L2A/L2A_PVI.jpg""}"
S2A_T32TQP_20230907T100606_L2A,2023-09-07 10:08:48.175000+00:00,8.193075,,sentinel-2a,"{""red"": ""https://e84-earth-search-sentinel-data.s3.us-west-2.amazonaws.com/sentinel-2-c1-l2a/32/T/QP/2023/9/S2A_T32TQP_20230907T100606_L2A/B04.tif"", ""green"": ""https://e84-earth-search-sentinel-data.s3.us-west-2.amazonaws.com/sentinel-2-c1-l2a/32/T/QP/2023/9/S2A_T32TQP_20230907T100606_L2A/B03.tif"", ""blue"": ""https://e84-earth-search-sentinel-data.s3.us-west-2.amazonaws.com/sentinel-2-c1-l2a/32/T/QP/2023/9/S2A_T32TQP_20230907T100606_L2A/B02.tif"", ""visual"": ""https://e84-earth-search-sentinel-data.s3.us-west-2.amazonaws.com/sentinel-2-c1-l2a/32/T/QP/2023/9/S2A_T32TQP_20230907T100606_L2A/TCI.tif"", ""nir"": ""https://e84-earth-search-sentinel-data.s3.us-west-2.amazonaws.com/sentinel-2-c1-l2a/32/T/QP/2023/9/S2A_T32TQP_20230907T100606_L2A/B08.tif"", ""swir22"": ""https://e84-earth-search-sentinel-data.s3.us-west-2.amazonaws.com/sentinel-2-c1-l2a/32/T/QP/2023/9/S2A_T32TQP_20230907T100606_L2A/B12.tif"", ""rededge2"": ""https://e84-earth-search-sentinel-data.s3.us-west-2.amazonaws.com/sentinel-2-c1-l2a/32/T/QP/2023/9/S2A_T32TQP_20230907T100606_L2A/B06.tif"", ""rededge3"": ""https://e84-earth-search-sentinel-data.s3.us-west-2.amazonaws.com/sentinel-2-c1-l2a/32/T/QP/2023/9/S2A_T32TQP_20230907T100606_L2A/B07.tif"", ""rededge1"": ""https://e84-earth-search-sentinel-data.s3.us-west-2.amazonaws.com/sentinel-2-c1-l2a/32/T/QP/2023/9/S2A_T32TQP_20230907T100606_L2A/B05.tif"", ""swir16"": ""https://e84-earth-search-sentinel-data.s3.us-west-2.amazonaws.com/sentinel-2-c1-l2a/32/T/QP/2023/9/S2A_T32TQP_20230907T100606_L2A/B11.tif"", ""wvp"": ""https://e84-earth-search-sentinel-data.s3.us-west-2.amazonaws.com/sentinel-2-c1-l2a/32/T/QP/2023/9/S2A_T32TQP_20230907T100606_L2A/WVP.tif"", ""nir08"": ""https://e84-earth-search-sentinel-data.s3.us-west-2.amazonaws.com/sentinel-2-c1-l2a/32/T/QP/2023/9/S2A_T32TQP_20230907T100606_L2A/B8A.tif"", ""scl"": ""https://e84-earth-search-sentinel-data.s3.us-west-2.amazonaws.com/sentinel-2-c1-l2a/32/T/QP/2023/9/S2A_T32TQP_20230907T100606_L2A/SCL.tif"", ""aot"": ""https://e84-earth-search-sentinel-data.s3.us-west-2.amazonaws.com/sentinel-2-c1-l2a/32/T/QP/2023/9/S2A_T32TQP_20230907T100606_L2A/AOT.tif"", ""coastal"": ""https://e84-earth-search-sentinel-data.s3.us-west-2.amazonaws.com/sentinel-2-c1-l2a/32/T/QP/2023/9/S2A_T32TQP_20230907T100606_L2A/B01.tif"", ""nir09"": ""https://e84-earth-search-sentinel-data.s3.us-west-2.amazonaws.com/sentinel-2-c1-l2a/32/T/QP/2023/9/S2A_T32TQP_20230907T100606_L2A/B09.tif"", ""cloud"": ""https://e84-earth-search-sentinel-data.s3.us-west-2.amazonaws.com/sentinel-2-c1-l2a/32/T/QP/2023/9/S2A_T32TQP_20230907T100606_L2A/CLD_20m.tif"", ""snow"": ""https://e84-earth-search-sentinel-data.s3.us-west-2.amazonaws.com/sentinel-2-c1-l2a/32/T/QP/2023/9/S2A_T32TQP_20230907T100606_L2A/SNW_20m.tif"", ""preview"": ""https://e84-earth-search-sentinel-data.s3.us-west-2.amazonaws.com/sentinel-2-c1-l2a/32/T/QP/2023/9/S2A_T32TQP_20230907T100606_L2A/L2A_PVI.tif"", ""granule_metadata"": ""https://e84-earth-search-sentinel-data.s3.us-west-2.amazonaws.com/sentinel-2-c1-l2a/32/T/QP/2023/9/S2A_T32TQP_20230907T100606_L2A/metadata.xml"", ""tileinfo_metadata"": ""https://e84-earth-search-sentinel-data.s3.us-west-2.amazonaws.com/sentinel-2-c1-l2a/32/T/QP/2023/9/S2A_T32TQP_20230907T100606_L2A/tileInfo.json"", ""product_metadata"": ""https://e84-earth-search-sentinel-data.s3.us-west-2.amazonaws.com/sentinel-2-c1-l2a/32/T/QP/2023/9/S2A_T32TQP_20230907T100606_L2A/product_metadata.xml"", ""thumbnail"": ""https://e84-earth-search-sentinel-data.s3.us-west-2.amazonaws.com/sentinel-2-c1-l2a/32/T/QP/2023/9/S2A_T32TQP_20230907T100606_L2A/L2A_PVI.jpg""}"
S2A_T32TQQ_20230910T101420_L2A,2023-09-10 10:18:30.052000+00:00,0.001911,,sentinel-2a,"{""red"": ""https://e84-earth-search-sentinel-data.s3.us-west-2.amazonaws.com/sentinel-2-c1-l2a/32/T/QQ/2023/9/S2A_T32TQQ_20230910T101420_L2A/B04.tif"", ""green"": ""https://e84-earth-search-sentinel-data.s3.us-west-2.amazonaws.com/sentinel-2-c1-l2a/32/T/QQ/2023/9/S2A_T32TQQ_20230910T101420_L2A/B03.tif"", ""blue"": ""https://e84-earth-search-sentinel-data.s3.us-west-2.amazonaws.com/sentinel-2-c1-l2a/32/T/QQ/2023/9/S2A_T32TQQ_20230910T101420_L2A/B02.tif"", ""visual"": ""https://e84-earth-search-sentinel-data.s3.us-west-2.amazonaws.com/sentinel-2-c1-l2a/32/T/QQ/2023/9/S2A_T32TQQ_20230910T101420_L2A/TCI.tif"", ""nir"": ""https://e84-earth-search-sentinel-data.s3.us-west-2.amazonaws.com/sentinel-2-c1-l2a/32/T/QQ/2023/9/S2A_T32TQQ_20230910T101420_L2A/B08.tif"", ""swir22"": ""https://e84-earth-search-sentinel-data.s3.us-west-2.amazonaws.com/sentinel-2-c1-l2a/32/T/QQ/2023/9/S2A_T32TQQ_20230910T101420_L2A/B12.tif"", ""rededge2"": ""https://e84-earth-search-sentinel-data.s3.us-west-2.amazonaws.com/sentinel-2-c1-l2a/32/T/QQ/2023/9/S2A_T32TQQ_20230910T101420_L2A/B06.tif"", ""rededge3"": ""https://e84-earth-search-sentinel-data.s3.us-west-2.amazonaws.com/sentinel-2-c1-l2a/32/T/QQ/2023/9/S2A_T32TQQ_20230910T101420_L2A/B07.tif"", ""rededge1"": ""https://e84-earth-search-sentinel-data.s3.us-west-2.amazonaws.com/sentinel-2-c1-l2a/32/T/QQ/2023/9/S2A_T32TQQ_20230910T101420_L2A/B05.tif"", ""swir16"": ""https://e84-earth-search-sentinel-data.s3.us-west-2.amazonaws.com/sentinel-2-c1-l2a/32/T/QQ/2023/9/S2A_T32TQQ_20230910T101420_L2A/B11.tif"", ""wvp"": ""https://e84-earth-search-sentinel-data.s3.us-west-2.amazonaws.com/sentinel-2-c1-l2a/32/T/QQ/2023/9/S2A_T32TQQ_20230910T101420_L2A/WVP.tif"", ""nir08"": ""https://e84-earth-search-sentinel-data.s3.us-west-2.amazonaws.com/sentinel-2-c1-l2a/32/T/QQ/2023/9/S2A_T32TQQ_20230910T101420_L2A/B8A.tif"", ""scl"": ""https://e84-earth-search-sentinel-data.s3.us-west-2.amazonaws.com/sentinel-2-c1-l2a/32/T/QQ/2023/9/S2A_T32TQQ_20230910T101420_L2A/SCL.tif"", ""aot"": ""https://e84-earth-search-sentinel-data.s3.us-west-2.amazonaws.com/sentinel-2-c1-l2a/32/T/QQ/2023/9/S2A_T32TQQ_20230910T101420_L2A/AOT.tif"", ""coastal"": ""https://e84-earth-search-sentinel-data.s3.us-west-2.amazonaws.com/sentinel-2-c1-l2a/32/T/QQ/2023/9/S2A_T32TQQ_20230910T101420_L2A/B01.tif"", ""nir09"": ""https://e84-earth-search-sentinel-data.s3.us-west-2.amazonaws.com/sentinel-2-c1-l2a/32/T/QQ/2023/9/S2A_T32TQQ_20230910T101420_L2A/B09.tif"", ""cloud"": ""https://e84-earth-search-sentinel-data.s3.us-west-2.amazonaws.com/sentinel-2-c1-l2a/32/T/QQ/2023/9/S2A_T32TQQ_20230910T101420_L2A/CLD_20m.tif"", ""snow"": ""https://e84-earth-search-sentinel-data.s3.us-west-2.amazonaws.com/sentinel-2-c1-l2a/32/T/QQ/2023/9/S2A_T32TQQ_20230910T101420_L2A/SNW_20m.tif"", ""preview"": ""https://e84-earth-search-sentinel-data.s3.us-west-2.amazonaws.com/sentinel-2-c1-l2a/32/T/QQ/2023/9/S2A_T32TQQ_20230910T101420_L2A/L2A_PVI.tif"", ""granule_metadata"": ""https://e84-earth-search-sentinel-data.s3.us-west-2.amazonaws.com/sentinel-2-c1-l2a/32/T/QQ/2023/9/S2A_T32TQQ_20230910T101420_L2A/metadata.xml"", ""tileinfo_metadata"": ""https://e84-earth-search-sentinel-data.s3.us-west-2.amazonaws.com/sentinel-2-c1-l2a/32/T/QQ/2023/9/S2A_T32TQQ_20230910T101420_L2A/tileInfo.json"", ""product_metadata"": ""https://e84-earth-search-sentinel-data.s3.us-west-2.amazonaws.com/sentinel-2-c1-l2a/32/T/QQ/2023/9/S2A_T32TQQ_20230910T101420_L2A/product_metadata.xml"", ""thumbnail"": ""https://e84-earth-search-sentinel-data.s3.us-west-2.amazonaws.com/sentinel-2-c1-l2a/32/T/QQ/2023/9/S2A_T32TQQ_20230910T101420_L2A/L2A_PVI.jpg""}"
S2A_T32TPQ_20230910T101420_L2A,2023-09-10 10:18:33.514000+00:00,0.000946,,sentinel-2a,"{""red"": ""https://e84-earth-search-sentinel-data.s3.us-west-2.amazonaws.com/sentinel-2-c1-l2a/32/T/PQ/2023/9/S2A_T32TPQ_20230910T101420_L2A/B04.tif"", ""green"": ""https://e84-earth-search-sentinel-data.s3.us-west-2.amazonaws.com/sentinel-2-c1-l2a/32/T/PQ/2023/9/S2A_T32TPQ_20230910T101420_L2A/B03.tif"", ""blue"": ""https://e84-earth-search-sentinel-data.s3.us-west-2.amazonaws.com/sentinel-2-c1-l2a/32/T/PQ/2023/9/S2A_T32TPQ_20230910T101420_L2A/B02.tif"", ""visual"": ""https://e84-earth-search-sentinel-data.s3.us-west-2.amazonaws.com/sentinel-2-c1-l2a/32/T/PQ/2023/9/S2A_T32TPQ_20230910T101420_L2A/TCI.tif"", ""nir"": ""https://e84-earth-search-sentinel-data.s3.us-west-2.amazonaws.com/sentinel-2-c1-l2a/32/T/PQ/2023/9/S2A_T32TPQ_20230910T101420_L2A/B08.tif"", ""swir22"": ""https://e84-earth-search-sentinel-data.s3.us-west-2.amazonaws.com/sentinel-2-c1-l2a/32/T/PQ/2023/9/S2A_T32TPQ_20230910T101420_L2A/B12.tif"", ""rededge2"": ""https://e84-earth-search-sentinel-data.s3.us-west-2.amazonaws.com/sentinel-2-c1-l2a/32/T/PQ/2023/9/S2A_T32TPQ_20230910T101420_L2A/B06.tif"", ""rededge3"": ""https://e84-earth-search-sentinel-data.s3.us-west-2.amazonaws.com/sentinel-2-c1-l2a/32/T/PQ/2023/9/S2A_T32TPQ_20230910T101420_L2A/B07.tif"", ""rededge1"": ""https://e84-earth-search-sentinel-data.s3.us-west-2.amazonaws.com/sentinel-2-c1-l2a/32/T/PQ/2023/9/S2A_T32TPQ_20230910T101420_L2A/B05.tif"", ""swir16"": ""https://e84-earth-search-sentinel-data.s3.us-west-2.amazonaws.com/sentinel-2-c1-l2a/32/T/PQ/2023/9/S2A_T32TPQ_20230910T101420_L2A/B11.tif"", ""wvp"": ""https://e84-earth-search-sentinel-data.s3.us-west-2.amazonaws.com/sentinel-2-c1-l2a/32/T/PQ/2023/9/S2A_T32TPQ_20230910T101420_L2A/WVP.tif"", ""nir08"": ""https://e84-earth-search-sentinel-data.s3.us-west-2.amazonaws.com/sentinel-2-c1-l2a/32/T/PQ/2023/9/S2A_T32TPQ_20230910T101420_L2A/B8A.tif"", ""scl"": ""https://e84-earth-search-sentinel-data.s3.us-west-2.amazonaws.com/sentinel-2-c1-l2a/32/T/PQ/2023/9/S2A_T32TPQ_20230910T101420_L2A/SCL.tif"", ""aot"": ""https://e84-earth-search-sentinel-data.s3.us-west-2.amazonaws.com/sentinel-2-c1-l2a/32/T/PQ/2023/9/S2A_T32TPQ_20230910T101420_L2A/AOT.tif"", ""coastal"": ""https://e84-earth-search-sentinel-data.s3.us-west-2.amazonaws.com/sentinel-2-c1-l2a/32/T/PQ/2023/9/S2A_T32TPQ_20230910T101420_L2A/B01.tif"", ""nir09"": ""https://e84-earth-search-sentinel-data.s3.us-west-2.amazonaws.com/sentinel-2-c1-l2a/32/T/PQ/2023/9/S2A_T32TPQ_20230910T101420_L2A/B09.tif"", ""cloud"": ""https://e84-earth-search-sentinel-data.s3.us-west-2.amazonaws.com/sentinel-2-c1-l2a/32/T/PQ/2023/9/S2A_T32TPQ_20230910T101420_L2A/CLD_20m.tif"", ""snow"": ""https://e84-earth-search-sentinel-data.s3.us-west-2.amazonaws.com/sentinel-2-c1-l2a/32/T/PQ/2023/9/S2A_T32TPQ_20230910T101420_L2A/SNW_20m.tif"", ""preview"": ""https://e84-earth-search-sentinel-data.s3.us-west-2.amazonaws.com/sentinel-2-c1-l2a/32/T/PQ/2023/9/S2A_T32TPQ_20230910T101420_L2A/L2A_PVI.tif"", ""granule_metadata"": ""https://e84-earth-search-sentinel-data.s3.us-west-2.amazonaws.com/sentinel-2-c1-l2a/32/T/PQ/2023/9/S2A_T32TPQ_20230910T101420_L2A/metadata.xml"", ""tileinfo_metadata"": ""https://e84-earth-search-sentinel-data.s3.us-west-2.amazonaws.com/sentinel-2-c1-l2a/32/T/PQ/2023/9/S2A_T32TPQ_20230910T101420_L2A/tileInfo.json"", ""product_metadata"": ""https://e84-earth-search-sentinel-data.s3.us-west-2.amazonaws.com/sentinel-2-c1-l2a/32/T/PQ/2023/9/S2A_T32TPQ_20230910T101420_L2A/product_metadata.xml"", ""thumbnail"": ""https://e84-earth-search-sentinel-data.s3.us-west-2.amazonaws.com/sentinel-2-c1-l2a/32/T/PQ/2023/9/S2A_T32TPQ_20230910T101420_L2A/L2A_PVI.jpg""}"
S2A_T32TQP_20230910T101420_L2A,2023-09-10 10:18:44.087000+00:00,0.000306,,sentinel-2a,"{""red"": ""https://e84-earth-search-sentinel-data.s3.us-west-2.amazonaws.com/sentinel-2-c1-l2a/32/T/QP/2023/9/S2A_T32TQP_20230910T101420_L2A/B04.tif"", ""green"": ""https://e84-earth-search-sentinel-data.s3.us-west-2.amazonaws.com/sentinel-2-c1-l2a/32/T/QP/2023/9/S2A_T32TQP_20230910T101420_L2A/B03.tif"", ""blue"": ""https://e84-earth-search-sentinel-data.s3.us-west-2.amazonaws.com/sentinel-2-c1-l2a/32/T/QP/2023/9/S2A_T32TQP_20230910T101420_L2A/B02.tif"", ""visual"": ""https://e84-earth-search-sentinel-data.s3.us-west-2.amazonaws.com/sentinel-2-c1-l2a/32/T/QP/2023/9/S2A_T32TQP_20230910T101420_L2A/TCI.tif"", ""nir"": ""https://e84-earth-search-sentinel-data.s3.us-west-2.amazonaws.com/sentinel-2-c1-l2a/32/T/QP/2023/9/S2A_T32TQP_20230910T101420_L2A/B08.tif"", ""swir22"": ""https://e84-earth-search-sentinel-data.s3.us-west-2.amazonaws.com/sentinel-2-c1-l2a/32/T/QP/2023/9/S2A_T32TQP_20230910T101420_L2A/B12.tif"", ""rededge2"": ""https://e84-earth-search-sentinel-data.s3.us-west-2.amazonaws.com/sentinel-2-c1-l2a/32/T/QP/2023/9/S2A_T32TQP_20230910T101420_L2A/B06.tif"", ""rededge3"": ""https://e84-earth-search-sentinel-data.s3.us-west-2.amazonaws.com/sentinel-2-c1-l2a/32/T/QP/2023/9/S2A_T32TQP_20230910T101420_L2A/B07.tif"", ""rededge1"": ""https://e84-earth-search-sentinel-data.s3.us-west-2.amazonaws.com/sentinel-2-c1-l2a/32/T/QP/2023/9/S2A_T32TQP_20230910T101420_L2A/B05.tif"", ""swir16"": ""https://e84-earth-search-sentinel-data.s3.us-west-2.amazonaws.com/sentinel-2-c1-l2a/32/T/QP/2023/9/S2A_T32TQP_20230910T101420_L2A/B11.tif"", ""wvp"": ""https://e84-earth-search-sentinel-data.s3.us-west-2.amazonaws.com/sentinel-2-c1-l2a/32/T/QP/2023/9/S2A_T32TQP_20230910T101420_L2A/WVP.tif"", ""nir08"": ""https://e84-earth-search-sentinel-data.s3.us-west-2.amazonaws.com/sentinel-2-c1-l2a/32/T/QP/2023/9/S2A_T32TQP_20230910T101420_L2A/B8A.tif"", ""scl"": ""https://e84-earth-search-sentinel-data.s3.us-west-2.amazonaws.com/sentinel-2-c1-l2a/32/T/QP/2023/9/S2A_T32TQP_20230910T101420_L2A/SCL.tif"", ""aot"": ""https://e84-earth-search-sentinel-data.s3.us-west-2.amazonaws.com/sentinel-2-c1-l2a/32/T/QP/2023/9/S2A_T32TQP_20230910T101420_L2A/AOT.tif"", ""coastal"": ""https://e84-earth-search-sentinel-data.s3.us-west-2.amazonaws.com/sentinel-2-c1-l2a/32/T/QP/2023/9/S2A_T32TQP_20230910T101420_L2A/B01.tif"", ""nir09"": ""https://e84-earth-search-sentinel-data.s3.us-west-2.amazonaws.com/sentinel-2-c1-l2a/32/T/QP/2023/9/S2A_T32TQP_20230910T101420_L2A/B09.tif"", ""cloud"": ""https://e84-earth-search-sentinel-data.s3.us-west-2.amazonaws.com/sentinel-2-c1-l2a/32/T/QP/2023/9/S2A_T32TQP_20230910T101420_L2A/CLD_20m.tif"", ""snow"": ""https://e84-earth-search-sentinel-data.s3.us-west-2.amazonaws.com/sentinel-2-c1-l2a/32/T/QP/2023/9/S2A_T32TQP_20230910T101420_L2A/SNW_20m.tif"", ""preview"": ""https://e84-earth-search-sentinel-data.s3.us-west-2.amazonaws.com/sentinel-2-c1-l2a/32/T/QP/2023/9/S2A_T32TQP_20230910T101420_L2A/L2A_PVI.tif"", ""granule_metadata"": ""https://e84-earth-search-sentinel-data.s3.us-west-2.amazonaws.com/sentinel-2-c1-l2a/32/T/QP/2023/9/S2A_T32TQP_20230910T101420_L2A/metadata.xml"", ""tileinfo_metadata"": ""https://e84-earth-search-sentinel-data.s3.us-west-2.amazonaws.com/sentinel-2-c1-l2a/32/T/QP/2023/9/S2A_T32TQP_20230910T101420_L2A/tileInfo.json"", ""product_metadata"": ""https://e84-earth-search-sentinel-data.s3.us-west-2.amazonaws.com/sentinel-2-c1-l2a/32/T/QP/2023/9/S2A_T32TQP_20230910T101420_L2A/product_metadata.xml"", ""thumbnail"": ""https://e84-earth-search-sentinel-data.s3.us-west-2.amazonaws.com/sentinel-2-c1-l2a/32/T/QP/2023/9/S2A_T32TQP_20230910T101420_L2A/L2A_PVI.jpg""}"
S2A_T32TPP_20230910T101420_L2A,2023-09-10 10:18:47.916000+00:00,0.000295,,sentinel-2a,"{""red"": ""https://e84-earth-search-sentinel-data.s3.us-west-2.amazonaws.com/sentinel-2-c1-l2a/32/T/PP/2023/9/S2A_T32TPP_20230910T101420_L2A/B04.tif"", ""green"": ""https://e84-earth-search-sentinel-data.s3.us-west-2.amazonaws.com/sentinel-2-c1-l2a/32/T/PP/2023/9/S2A_T32TPP_20230910T101420_L2A/B03.tif"", ""blue"": ""https://e84-earth-search-sentinel-data.s3.us-west-2.amazonaws.com/sentinel-2-c1-l2a/32/T/PP/2023/9/S2A_T32TPP_20230910T101420_L2A/B02.tif"", ""visual"": ""https://e84-earth-search-sentinel-data.s3.us-west-2.amazonaws.com/sentinel-2-c1-l2a/32/T/PP/2023/9/S2A_T32TPP_20230910T101420_L2A/TCI.tif"", ""nir"": ""https://e84-earth-search-sentinel-data.s3.us-west-2.amazonaws.com/sentinel-2-c1-l2a/32/T/PP/2023/9/S2A_T32TPP_20230910T101420_L2A/B08.tif"", ""swir22"": ""https://e84-earth-search-sentinel-data.s3.us-west-2.amazonaws.com/sentinel-2-c1-l2a/32/T/PP/2023/9/S2A_T32TPP_20230910T101420_L2A/B12.tif"", ""rededge2"": ""https://e84-earth-search-sentinel-data.s3.us-west-2.amazonaws.com/sentinel-2-c1-l2a/32/T/PP/2023/9/S2A_T32TPP_20230910T101420_L2A/B06.tif"", ""rededge3"": ""https://e84-earth-search-sentinel-data.s3.us-west-2.amazonaws.com/sentinel-2-c1-l2a/32/T/PP/2023/9/S2A_T32TPP_20230910T101420_L2A/B07.tif"", ""rededge1"": ""https://e84-earth-search-sentinel-data.s3.us-west-2.amazonaws.com/sentinel-2-c1-l2a/32/T/PP/2023/9/S2A_T32TPP_20230910T101420_L2A/B05.tif"", ""swir16"": ""https://e84-earth-search-sentinel-data.s3.us-west-2.amazonaws.com/sentinel-2-c1-l2a/32/T/PP/2023/9/S2A_T32TPP_20230910T101420_L2A/B11.tif"", ""wvp"": ""https://e84-earth-search-sentinel-data.s3.us-west-2.amazonaws.com/sentinel-2-c1-l2a/32/T/PP/2023/9/S2A_T32TPP_20230910T101420_L2A/WVP.tif"", ""nir08"": ""https://e84-earth-search-sentinel-data.s3.us-west-2.amazonaws.com/sentinel-2-c1-l2a/32/T/PP/2023/9/S2A_T32TPP_20230910T101420_L2A/B8A.tif"", ""scl"": ""https://e84-earth-search-sentinel-data.s3.us-west-2.amazonaws.com/sentinel-2-c1-l2a/32/T/PP/2023/9/S2A_T32TPP_20230910T101420_L2A/SCL.tif"", ""aot"": ""https://e84-earth-search-sentinel-data.s3.us-west-2.amazonaws.com/sentinel-2-c1-l2a/32/T/PP/2023/9/S2A_T32TPP_20230910T101420_L2A/AOT.tif"", ""coastal"": ""https://e84-earth-search-sentinel-data.s3.us-west-2.amazonaws.com/sentinel-2-c1-l2a/32/T/PP/2023/9/S2A_T32TPP_20230910T101420_L2A/B01.tif"", ""nir09"": ""https://e84-earth-search-sentinel-data.s3.us-west-2.amazonaws.com/sentinel-2-c1-l2a/32/T/PP/2023/9/S2A_T32TPP_20230910T101420_L2A/B09.tif"", ""cloud"": ""https://e84-earth-search-sentinel-data.s3.us-west-2.amazonaws.com/sentinel-2-c1-l2a/32/T/PP/2023/9/S2A_T32TPP_20230910T101420_L2A/CLD_20m.tif"", ""snow"": ""https://e84-earth-search-sentinel-data.s3.us-west-2.amazonaws.com/sentinel-2-c1-l2a/32/T/PP/2023/9/S2A_T32TPP_20230910T101420_L2A/SNW_20m.tif"", ""preview"": ""https://e84-earth-search-sentinel-data.s3.us-west-2.amazonaws.com/sentinel-2-c1-l2a/32/T/PP/2023/9/S2A_T32TPP_20230910T101420_L2A/L2A_PVI.tif"", ""granule_metadata"": ""https://e84-earth-search-sentinel-data.s3.us-west-2.amazonaws.com/sentinel-2-c1-l2a/32/T/PP/2023/9/S2A_T32TPP_20230910T101420_L2A/metadata.xml"", ""tileinfo_metadata"": ""https://e84-earth-search-sentinel-data.s3.us-west-2.amazonaws.com/sentinel-2-c1-l2a/32/T/PP/2023/9/S2A_T32TPP_20230910T101420_L2A/tileInfo.json"", ""product_metadata"": ""https://e84-earth-search-sentinel-data.s3.us-west-2.amazonaws.com/sentinel-2-c1-l2a/32/T/PP/2023/9/S2A_T32TPP_20230910T101420_L2A/product_metadata.xml"", ""thumbnail"": ""https://e84-earth-search-sentinel-data.s3.us-west-2.amazonaws.com/sentinel-2-c1-l2a/32/T/PP/2023/9/S2A_T32TPP_20230910T101420_L2A/L2A_PVI.jpg""}"
S2B_T32TQQ_20230912T095812_L2A,2023-09-12 10:08:30.154000+00:00,43.83665,,sentinel-2b,"{""red"": ""https://e84-earth-search-sentinel-data.s3.us-west-2.amazonaws.com/sentinel-2-c1-l2a/32/T/QQ/2023/9/S2B_T32TQQ_20230912T095812_L2A/B04.tif"", ""green"": ""https://e84-earth-search-sentinel-data.s3.us-west-2.amazonaws.com/sentinel-2-c1-l2a/32/T/QQ/2023/9/S2B_T32TQQ_20230912T095812_L2A/B03.tif"", ""blue"": ""https://e84-earth-search-sentinel-data.s3.us-west-2.amazonaws.com/sentinel-2-c1-l2a/32/T/QQ/2023/9/S2B_T32TQQ_20230912T095812_L2A/B02.tif"", ""visual"": ""https://e84-earth-search-sentinel-data.s3.us-west-2.amazonaws.com/sentinel-2-c1-l2a/32/T/QQ/2023/9/S2B_T32TQQ_20230912T095812_L2A/TCI.tif"", ""nir"": ""https://e84-earth-search-sentinel-data.s3.us-west-2.amazonaws.com/sentinel-2-c1-l2a/32/T/QQ/2023/9/S2B_T32TQQ_20230912T095812_L2A/B08.tif"", ""swir22"": ""https://e84-earth-search-sentinel-data.s3.us-west-2.amazonaws.com/sentinel-2-c1-l2a/32/T/QQ/2023/9/S2B_T32TQQ_20230912T095812_L2A/B12.tif"", ""rededge2"": ""https://e84-earth-search-sentinel-data.s3.us-west-2.amazonaws.com/sentinel-2-c1-l2a/32/T/QQ/2023/9/S2B_T32TQQ_20230912T095812_L2A/B06.tif"", ""rededge3"": ""https://e84-earth-search-sentinel-data.s3.us-west-2.amazonaws.com/sentinel-2-c1-l2a/32/T/QQ/2023/9/S2B_T32TQQ_20230912T095812_L2A/B07.tif"", ""rededge1"": ""https://e84-earth-search-sentinel-data.s3.us-west-2.amazonaws.com/sentinel-2-c1-l2a/32/T/QQ/2023/9/S2B_T32TQQ_20230912T095812_L2A/B05.tif"", ""swir16"": ""https://e84-earth-search-sentinel-data.s3.us-west-2.amazonaws.com/sentinel-2-c1-l2a/32/T/QQ/2023/9/S2B_T32TQQ_20230912T095812_L2A/B11.tif"", ""wvp"": ""https://e84-earth-search-sentinel-data.s3.us-west-2.amazonaws.com/sentinel-2-c1-l2a/32/T/QQ/2023/9/S2B_T32TQQ_20230912T095812_L2A/WVP.tif"", ""nir08"": ""https://e84-earth-search-sentinel-data.s3.us-west-2.amazonaws.com/sentinel-2-c1-l2a/32/T/QQ/2023/9/S2B_T32TQQ_20230912T095812_L2A/B8A.tif"", ""scl"": ""https://e84-earth-search-sentinel-data.s3.us-west-2.amazonaws.com/sentinel-2-c1-l2a/32/T/QQ/2023/9/S2B_T32TQQ_20230912T095812_L2A/SCL.tif"", ""aot"": ""https://e84-earth-search-sentinel-data.s3.us-west-2.amazonaws.com/sentinel-2-c1-l2a/32/T/QQ/2023/9/S2B_T32TQQ_20230912T095812_L2A/AOT.tif"", ""coastal"": ""https://e84-earth-search-sentinel-data.s3.us-west-2.amazonaws.com/sentinel-2-c1-l2a/32/T/QQ/2023/9/S2B_T32TQQ_20230912T095812_L2A/B01.tif"", ""nir09"": ""https://e84-earth-search-sentinel-data.s3.us-west-2.amazonaws.com/sentinel-2-c1-l2a/32/T/QQ/2023/9/S2B_T32TQQ_20230912T095812_L2A/B09.tif"", ""cloud"": ""https://e84-earth-search-sentinel-data.s3.us-west-2.amazonaws.com/sentinel-2-c1-l2a/32/T/QQ/2023/9/S2B_T32TQQ_20230912T095812_L2A/CLD_20m.tif"", ""snow"": ""https://e84-earth-search-sentinel-data.s3.us-west-2.amazonaws.com/sentinel-2-c1-l2a/32/T/QQ/2023/9/S2B_T32TQQ_20230912T095812_L2A/SNW_20m.tif"", ""preview"": ""https://e84-earth-search-sentinel-data.s3.us-west-2.amazonaws.com/sentinel-2-c1-l2a/32/T/QQ/2023/9/S2B_T32TQQ_20230912T095812_L2A/L2A_PVI.tif"", ""granule_metadata"": ""https://e84-earth-search-sentinel-data.s3.us-west-2.amazonaws.com/sentinel-2-c1-l2a/32/T/QQ/2023/9/S2B_T32TQQ_20230912T095812_L2A/metadata.xml"", ""tileinfo_metadata"": ""https://e84-earth-search-sentinel-data.s3.us-west-2.amazonaws.com/sentinel-2-c1-l2a/32/T/QQ/2023/9/S2B_T32TQQ_20230912T095812_L2A/tileInfo.json"", ""product_metadata"": ""https://e84-earth-search-sentinel-data.s3.us-west-2.amazonaws.com/sentinel-2-c1-l2a/32/T/QQ/2023/9/S2B_T32TQQ_20230912T095812_L2A/product_metadata.xml"", ""thumbnail"": ""https://e84-earth-search-sentinel-data.s3.us-west-2.amazonaws.com/sentinel-2-c1-l2a/32/T/QQ/2023/9/S2B_T32TQQ_20230912T095812_L2A/L2A_PVI.jpg""}"
S2B_T32TQQ_20230912T100829_L2A,2023-09-12 10:08:36.711000+00:00,16.01589,,sentinel-2b,"{""red"": ""https://e84-earth-search-sentinel-data.s3.us-west-2.amazonaws.com/sentinel-2-c1-l2a/32/T/QQ/2023/9/S2B_T32TQQ_20230912T100829_L2A/B04.tif"", ""green"": ""https://e84-earth-search-sentinel-data.s3.us-west-2.amazonaws.com/sentinel-2-c1-l2a/32/T/QQ/2023/9/S2B_T32TQQ_20230912T100829_L2A/B03.tif"", ""blue"": ""https://e84-earth-search-sentinel-data.s3.us-west-2.amazonaws.com/sentinel-2-c1-l2a/32/T/QQ/2023/9/S2B_T32TQQ_20230912T100829_L2A/B02.tif"", ""visual"": ""https://e84-earth-search-sentinel-data.s3.us-west-2.amazonaws.com/sentinel-2-c1-l2a/32/T/QQ/2023/9/S2B_T32TQQ_20230912T100829_L2A/TCI.tif"", ""nir"": ""https://e84-earth-search-sentinel-data.s3.us-west-2.amazonaws.com/sentinel-2-c1-l2a/32/T/QQ/2023/9/S2B_T32TQQ_20230912T100829_L2A/B08.tif"", ""swir22"": ""https://e84-earth-search-sentinel-data.s3.us-west-2.amazonaws.com/sentinel-2-c1-l2a/32/T/QQ/2023/9/S2B_T32TQQ_20230912T100829_L2A/B12.tif"", ""rededge2"": ""https://e84-earth-search-sentinel-data.s3.us-west-2.amazonaws.com/sentinel-2-c1-l2a/32/T/QQ/2023/9/S2B_T32TQQ_20230912T100829_L2A/B06.tif"", ""rededge3"": ""https://e84-earth-search-sentinel-data.s3.us-west-2.amazonaws.com/sentinel-2-c1-l2a/32/T/QQ/2023/9/S2B_T32TQQ_20230912T100829_L2A/B07.tif"", ""rededge1"": ""https://e84-earth-search-sentinel-data.s3.us-west-2.amazonaws.com/sentinel-2-c1-l2a/32/T/QQ/2023/9/S2B_T32TQQ_20230912T100829_L2A/B05.tif"", ""swir16"": ""https://e84-earth-search-sentinel-data.s3.us-west-2.amazonaws.com/sentinel-2-c1-l2a/32/T/QQ/2023/9/S2B_T32TQQ_20230912T100829_L2A/B11.tif"", ""wvp"": ""https://e84-earth-search-sentinel-data.s3.us-west-2.amazonaws.com/sentinel-2-c1-l2a/32/T/QQ/2023/9/S2B_T32TQQ_20230912T100829_L2A/WVP.tif"", ""nir08"": ""https://e84-earth-search-sentinel-data.s3.us-west-2.amazonaws.com/sentinel-2-c1-l2a/32/T/QQ/2023/9/S2B_T32TQQ_20230912T100829_L2A/B8A.tif"", ""scl"": ""https://e84-earth-search-sentinel-data.s3.us-west-2.amazonaws.com/sentinel-2-c1-l2a/32/T/QQ/2023/9/S2B_T32TQQ_20230912T100829_L2A/SCL.tif"", ""aot"": ""https://e84-earth-search-sentinel-data.s3.us-west-2.amazonaws.com/sentinel-2-c1-l2a/32/T/QQ/2023/9/S2B_T32TQQ_20230912T100829_L2A/AOT.tif"", ""coastal"": ""https://e84-earth-search-sentinel-data.s3.us-west-2.amazonaws.com/sentinel-2-c1-l2a/32/T/QQ/2023/9/S2B_T32TQQ_20230912T100829_L2A/B01.tif"", ""nir09"": ""https://e84-earth-search-sentinel-data.s3.us-west-2.amazonaws.com/sentinel-2-c1-l2a/32/T/QQ/2023/9/S2B_T32TQQ_20230912T100829_L2A/B09.tif"", ""cloud"": ""https://e84-earth-search-sentinel-data.s3.us-west-2.amazonaws.com/sentinel-2-c1-l2a/32/T/QQ/2023/9/S2B_T32TQQ_20230912T100829_L2A/CLD_20m.tif"", ""snow"": ""https://e84-earth-search-sentinel-data.s3.us-west-2.amazonaws.com/sentinel-2-c1-l2a/32/T/QQ/2023/9/S2B_T32TQQ_20230912T100829_L2A/SNW_20m.tif"", ""preview"": ""https://e84-earth-search-sentinel-data.s3.us-west-2.amazonaws.com/sentinel-2-c1-l2a/32/T/QQ/2023/9/S2B_T32TQQ_20230912T100829_L2A/L2A_PVI.tif"", ""granule_metadata"": ""https://e84-earth-search-sentinel-data.s3.us-west-2.amazonaws.com/sentinel-2-c1-l2a/32/T/QQ/2023/9/S2B_T32TQQ_20230912T100829_L2A/metadata.xml"", ""tileinfo_metadata"": ""https://e84-earth-search-sentinel-data.s3.us-west-2.amazonaws.com/sentinel-2-c1-l2a/32/T/QQ/2023/9/S2B_T32TQQ_20230912T100829_L2A/tileInfo.json"", ""product_metadata"": ""https://e84-earth-search-sentinel-data.s3.us-west-2.amazonaws.com/sentinel-2-c1-l2a/32/T/QQ/2023/9/S2B_T32TQQ_20230912T100829_L2A/product_metadata.xml"", ""thumbnail"": ""https://e84-earth-search-sentinel-data.s3.us-west-2.amazonaws.com/sentinel-2-c1-l2a/32/T/QQ/2023/9/S2B_T32TQQ_20230912T100829_L2A/L2A_PVI.jpg""}"
S2B_T32TQP_20230912T100829_L2A,2023-09-12 10:08:46.294000+00:00,12.855472,,sentinel-2b,"{""red"": ""https://e84-earth-search-sentinel-data.s3.us-west-2.amazonaws.com/sentinel-2-c1-l2a/32/T/QP/2023/9/S2B_T32TQP_20230912T100829_L2A/B04.tif"", ""green"": ""https://e84-earth-search-sentinel-data.s3.us-west-2.amazonaws.com/sentinel-2-c1-l2a/32/T/QP/2023/9/S2B_T32TQP_20230912T100829_L2A/B03.tif"", ""blue"": ""https://e84-earth-search-sentinel-data.s3.us-west-2.amazonaws.com/sentinel-2-c1-l2a/32/T/QP/2023/9/S2B_T32TQP_20230912T100829_L2A/B02.tif"", ""visual"": ""https://e84-earth-search-sentinel-data.s3.us-west-2.amazonaws.com/sentinel-2-c1-l2a/32/T/QP/2023/9/S2B_T32TQP_20230912T100829_L2A/TCI.tif"", ""nir"": ""https://e84-earth-search-sentinel-data.s3.us-west-2.amazonaws.com/sentinel-2-c1-l2a/32/T/QP/2023/9/S2B_T32TQP_20230912T100829_L2A/B08.tif"", ""swir22"": ""https://e84-earth-search-sentinel-data.s3.us-west-2.amazonaws.com/sentinel-2-c1-l2a/32/T/QP/2023/9/S2B_T32TQP_20230912T100829_L2A/B12.tif"", ""rededge2"": ""https://e84-earth-search-sentinel-data.s3.us-west-2.amazonaws.com/sentinel-2-c1-l2a/32/T/QP/2023/9/S2B_T32TQP_20230912T100829_L2A/B06.tif"", ""rededge3"": ""https://e84-earth-search-sentinel-data.s3.us-west-2.amazonaws.com/sentinel-2-c1-l2a/32/T/QP/2023/9/S2B_T32TQP_20230912T100829_L2A/B07.tif"", ""rededge1"": ""https://e84-earth-search-sentinel-data.s3.us-west-2.amazonaws.com/sentinel-2-c1-l2a/32/T/QP/2023/9/S2B_T32TQP_20230912T100829_L2A/B05.tif"", ""swir16"": ""https://e84-earth-search-sentinel-data.s3.us-west-2.amazonaws.com/sentinel-2-c1-l2a/32/T/QP/2023/9/S2B_T32TQP_20230912T100829_L2A/B11.tif"", ""wvp"": ""https://e84-earth-search-sentinel-data.s3.us-west-2.amazonaws.com/sentinel-2-c1-l2a/32/T/QP/2023/9/S2B_T32TQP_20230912T100829_L2A/WVP.tif"", ""nir08"": ""https://e84-earth-search-sentinel-data.s3.us-west-2.amazonaws.com/sentinel-2-c1-l2a/32/T/QP/2023/9/S2B_T32TQP_20230912T100829_L2A/B8A.tif"", ""scl"": ""https://e84-earth-search-sentinel-data.s3.us-west-2.amazonaws.com/sentinel-2-c1-l2a/32/T/QP/2023/9/S2B_T32TQP_20230912T100829_L2A/SCL.tif"", ""aot"": ""https://e84-earth-search-sentinel-data.s3.us-west-2.amazonaws.com/sentinel-2-c1-l2a/32/T/QP/2023/9/S2B_T32TQP_20230912T100829_L2A/AOT.tif"", ""coastal"": ""https://e84-earth-search-sentinel-data.s3.us-west-2.amazonaws.com/sentinel-2-c1-l2a/32/T/QP/2023/9/S2B_T32TQP_20230912T100829_L2A/B01.tif"", ""nir09"": ""https://e84-earth-search-sentinel-data.s3.us-west-2.amazonaws.com/sentinel-2-c1-l2a/32/T/QP/2023/9/S2B_T32TQP_20230912T100829_L2A/B09.tif"", ""cloud"": ""https://e84-earth-search-sentinel-data.s3.us-west-2.amazonaws.com/sentinel-2-c1-l2a/32/T/QP/2023/9/S2B_T32TQP_20230912T100829_L2A/CLD_20m.tif"", ""snow"": ""https://e84-earth-search-sentinel-data.s3.us-west-2.amazonaws.com/sentinel-2-c1-l2a/32/T/QP/2023/9/S2B_T32TQP_20230912T100829_L2A/SNW_20m.tif"", ""preview"": ""https://e84-earth-search-sentinel-data.s3.us-west-2.amazonaws.com/sentinel-2-c1-l2a/32/T/QP/2023/9/S2B_T32TQP_20230912T100829_L2A/L2A_PVI.tif"", ""granule_metadata"": ""https://e84-earth-search-sentinel-data.s3.us-west-2.amazonaws.com/sentinel-2-c1-l2a/32/T/QP/2023/9/S2B_T32TQP_20230912T100829_L2A/metadata.xml"", ""tileinfo_metadata"": ""https://e84-earth-search-sentinel-data.s3.us-west-2.amazonaws.com/sentinel-2-c1-l2a/32/T/QP/2023/9/S2B_T32TQP_20230912T100829_L2A/tileInfo.json"", ""product_metadata"": ""https://e84-earth-search-sentinel-data.s3.us-west-2.amazonaws.com/sentinel-2-c1-l2a/32/T/QP/2023/9/S2B_T32TQP_20230912T100829_L2A/product_metadata.xml"", ""thumbnail"": ""https://e84-earth-search-sentinel-data.s3.us-west-2.amazonaws.com/sentinel-2-c1-l2a/32/T/QP/2023/9/S2B_T32TQP_20230912T100829_L2A/L2A_PVI.jpg""}"
S2B_T32TPQ_20230915T100745_L2A,2023-09-15 10:18:31.428000+00:00,63.383627,,sentinel-2b,"{""red"": ""https://e84-earth-search-sentinel-data.s3.us-west-2.amazonaws.com/sentinel-2-c1-l2a/32/T/PQ/2023/9/S2B_T32TPQ_20230915T100745_L2A/B04.tif"", ""green"": ""https://e84-earth-search-sentinel-data.s3.us-west-2.amazonaws.com/sentinel-2-c1-l2a/32/T/PQ/2023/9/S2B_T32TPQ_20230915T100745_L2A/B03.tif"", ""blue"": ""https://e84-earth-search-sentinel-data.s3.us-west-2.amazonaws.com/sentinel-2-c1-l2a/32/T/PQ/2023/9/S2B_T32TPQ_20230915T100745_L2A/B02.tif"", ""visual"": ""https://e84-earth-search-sentinel-data.s3.us-west-2.amazonaws.com/sentinel-2-c1-l2a/32/T/PQ/2023/9/S2B_T32TPQ_20230915T100745_L2A/TCI.tif"", ""nir"": ""https://e84-earth-search-sentinel-data.s3.us-west-2.amazonaws.com/sentinel-2-c1-l2a/32/T/PQ/2023/9/S2B_T32TPQ_20230915T100745_L2A/B08.tif"", ""swir22"": ""https://e84-earth-search-sentinel-data.s3.us-west-2.amazonaws.com/sentinel-2-c1-l2a/32/T/PQ/2023/9/S2B_T32TPQ_20230915T100745_L2A/B12.tif"", ""rededge2"": ""https://e84-earth-search-sentinel-data.s3.us-west-2.amazonaws.com/sentinel-2-c1-l2a/32/T/PQ/2023/9/S2B_T32TPQ_20230915T100745_L2A/B06.tif"", ""rededge3"": ""https://e84-earth-search-sentinel-data.s3.us-west-2.amazonaws.com/sentinel-2-c1-l2a/32/T/PQ/2023/9/S2B_T32TPQ_20230915T100745_L2A/B07.tif"", ""rededge1"": ""https://e84-earth-search-sentinel-data.s3.us-west-2.amazonaws.com/sentinel-2-c1-l2a/32/T/PQ/2023/9/S2B_T32TPQ_20230915T100745_L2A/B05.tif"", ""swir16"": ""https://e84-earth-search-sentinel-data.s3.us-west-2.amazonaws.com/sentinel-2-c1-l2a/32/T/PQ/2023/9/S2B_T32TPQ_20230915T100745_L2A/B11.tif"", ""wvp"": ""https://e84-earth-search-sentinel-data.s3.us-west-2.amazonaws.com/sentinel-2-c1-l2a/32/T/PQ/2023/9/S2B_T32TPQ_20230915T100745_L2A/WVP.tif"", ""nir08"": ""https://e84-earth-search-sentinel-data.s3.us-west-2.amazonaws.com/sentinel-2-c1-l2a/32/T/PQ/2023/9/S2B_T32TPQ_20230915T100745_L2A/B8A.tif"", ""scl"": ""https://e84-earth-search-sentinel-data.s3.us-west-2.amazonaws.com/sentinel-2-c1-l2a/32/T/PQ/2023/9/S2B_T32TPQ_20230915T100745_L2A/SCL.tif"", ""aot"": ""https://e84-earth-search-sentinel-data.s3.us-west-2.amazonaws.com/sentinel-2-c1-l2a/32/T/PQ/2023/9/S2B_T32TPQ_20230915T100745_L2A/AOT.tif"", ""coastal"": ""https://e84-earth-search-sentinel-data.s3.us-west-2.amazonaws.com/sentinel-2-c1-l2a/32/T/PQ/2023/9/S2B_T32TPQ_20230915T100745_L2A/B01.tif"", ""nir09"": ""https://e84-earth-search-sentinel-data.s3.us-west-2.amazonaws.com/sentinel-2-c1-l2a/32/T/PQ/2023/9/S2B_T32TPQ_20230915T100745_L2A/B09.tif"", ""cloud"": ""https://e84-earth-search-sentinel-data.s3.us-west-2.amazonaws.com/sentinel-2-c1-l2a/32/T/PQ/2023/9/S2B_T32TPQ_20230915T100745_L2A/CLD_20m.tif"", ""snow"": ""https://e84-earth-search-sentinel-data.s3.us-west-2.amazonaws.com/sentinel-2-c1-l2a/32/T/PQ/2023/9/S2B_T32TPQ_20230915T100745_L2A/SNW_20m.tif"", ""preview"": ""https://e84-earth-search-sentinel-data.s3.us-west-2.amazonaws.com/sentinel-2-c1-l2a/32/T/PQ/2023/9/S2B_T32TPQ_20230915T100745_L2A/L2A_PVI.tif"", ""granule_metadata"": ""https://e84-earth-search-sentinel-data.s3.us-west-2.amazonaws.com/sentinel-2-c1-l2a/32/T/PQ/2023/9/S2B_T32TPQ_20230915T100745_L2A/metadata.xml"", ""tileinfo_metadata"": ""https://e84-earth-search-sentinel-data.s3.us-west-2.amazonaws.com/sentinel-2-c1-l2a/32/T/PQ/2023/9/S2B_T32TPQ_20230915T100745_L2A/tileInfo.json"", ""product_metadata"": ""https://e84-earth-search-sentinel-data.s3.us-west-2.amazonaws.com/sentinel-2-c1-l2a/32/T/PQ/2023/9/S2B_T32TPQ_20230915T100745_L2A/product_metadata.xml"", ""thumbnail"": ""https://e84-earth-search-sentinel-data.s3.us-west-2.amazonaws.com/sentinel-2-c1-l2a/32/T/PQ/2023/9/S2B_T32TPQ_20230915T100745_L2A/L2A_PVI.jpg""}"
S2B_T32TQP_20230915T100745_L2A,2023-09-15 10:18:42.045000+00:00,33.682111,,sentinel-2b,"{""red"": ""https://e84-earth-search-sentinel-data.s3.us-west-2.amazonaws.com/sentinel-2-c1-l2a/32/T/QP/2023/9/S2B_T32TQP_20230915T100745_L2A/B04.tif"", ""green"": ""https://e84-earth-search-sentinel-data.s3.us-west-2.amazonaws.com/sentinel-2-c1-l2a/32/T/QP/2023/9/S2B_T32TQP_20230915T100745_L2A/B03.tif"", ""blue"": ""https://e84-earth-search-sentinel-data.s3.us-west-2.amazonaws.com/sentinel-2-c1-l2a/32/T/QP/2023/9/S2B_T32TQP_20230915T100745_L2A/B02.tif"", ""visual"": ""https://e84-earth-search-sentinel-data.s3.us-west-2.amazonaws.com/sentinel-2-c1-l2a/32/T/QP/2023/9/S2B_T32TQP_20230915T100745_L2A/TCI.tif"", ""nir"": ""https://e84-earth-search-sentinel-data.s3.us-west-2.amazonaws.com/sentinel-2-c1-l2a/32/T/QP/2023/9/S2B_T32TQP_20230915T100745_L2A/B08.tif"", ""swir22"": ""https://e84-earth-search-sentinel-data.s3.us-west-2.amazonaws.com/sentinel-2-c1-l2a/32/T/QP/2023/9/S2B_T32TQP_20230915T100745_L2A/B12.tif"", ""rededge2"": ""https://e84-earth-search-sentinel-data.s3.us-west-2.amazonaws.com/sentinel-2-c1-l2a/32/T/QP/2023/9/S2B_T32TQP_20230915T100745_L2A/B06.tif"", ""rededge3"": ""https://e84-earth-search-sentinel-data.s3.us-west-2.amazonaws.com/sentinel-2-c1-l2a/32/T/QP/2023/9/S2B_T32TQP_20230915T100745_L2A/B07.tif"", ""rededge1"": ""https://e84-earth-search-sentinel-data.s3.us-west-2.amazonaws.com/sentinel-2-c1-l2a/32/T/QP/2023/9/S2B_T32TQP_20230915T100745_L2A/B05.tif"", ""swir16"": ""https://e84-earth-search-sentinel-data.s3.us-west-2.amazonaws.com/sentinel-2-c1-l2a/32/T/QP/2023/9/S2B_T32TQP_20230915T100745_L2A/B11.tif"", ""wvp"": ""https://e84-earth-search-sentinel-data.s3.us-west-2.amazonaws.com/sentinel-2-c1-l2a/32/T/QP/2023/9/S2B_T32TQP_20230915T100745_L2A/WVP.tif"", ""nir08"": ""https://e84-earth-search-sentinel-data.s3.us-west-2.amazonaws.com/sentinel-2-c1-l2a/32/T/QP/2023/9/S2B_T32TQP_20230915T100745_L2A/B8A.tif"", ""scl"": ""https://e84-earth-search-sentinel-data.s3.us-west-2.amazonaws.com/sentinel-2-c1-l2a/32/T/QP/2023/9/S2B_T32TQP_20230915T100745_L2A/SCL.tif"", ""aot"": ""https://e84-earth-search-sentinel-data.s3.us-west-2.amazonaws.com/sentinel-2-c1-l2a/32/T/QP/2023/9/S2B_T32TQP_20230915T100745_L2A/AOT.tif"", ""coastal"": ""https://e84-earth-search-sentinel-data.s3.us-west-2.amazonaws.com/sentinel-2-c1-l2a/32/T/QP/2023/9/S2B_T32TQP_20230915T100745_L2A/B01.tif"", ""nir09"": ""https://e84-earth-search-sentinel-data.s3.us-west-2.amazonaws.com/sentinel-2-c1-l2a/32/T/QP/2023/9/S2B_T32TQP_20230915T100745_L2A/B09.tif"", ""cloud"": ""https://e84-earth-search-sentinel-data.s3.us-west-2.amazonaws.com/sentinel-2-c1-l2a/32/T/QP/2023/9/S2B_T32TQP_20230915T100745_L2A/CLD_20m.tif"", ""snow"": ""https://e84-earth-search-sentinel-data.s3.us-west-2.amazonaws.com/sentinel-2-c1-l2a/32/T/QP/2023/9/S2B_T32TQP_20230915T100745_L2A/SNW_20m.tif"", ""preview"": ""https://e84-earth-search-sentinel-data.s3.us-west-2.amazonaws.com/sentinel-2-c1-l2a/32/T/QP/2023/9/S2B_T32TQP_20230915T100745_L2A/L2A_PVI.tif"", ""granule_metadata"": ""https://e84-earth-search-sentinel-data.s3.us-west-2.amazonaws.com/sentinel-2-c1-l2a/32/T/QP/2023/9/S2B_T32TQP_20230915T100745_L2A/metadata.xml"", ""tileinfo_metadata"": ""https://e84-earth-search-sentinel-data.s3.us-west-2.amazonaws.com/sentinel-2-c1-l2a/32/T/QP/2023/9/S2B_T32TQP_20230915T100745_L2A/tileInfo.json"", ""product_metadata"": ""https://e84-earth-search-sentinel-data.s3.us-west-2.amazonaws.com/sentinel-2-c1-l2a/32/T/QP/2023/9/S2B_T32TQP_20230915T100745_L2A/product_metadata.xml"", ""thumbnail"": ""https://e84-earth-search-sentinel-data.s3.us-west-2.amazonaws.com/sentinel-2-c1-l2a/32/T/QP/2023/9/S2B_T32TQP_20230915T100745_L2A/L2A_PVI.jpg""}"
S2B_T32TPP_20230915T100745_L2A,2023-09-15 10:18:45.824000+00:00,19.438131,,sentinel-2b,"{""red"": ""https://e84-earth-search-sentinel-data.s3.us-west-2.amazonaws.com/sentinel-2-c1-l2a/32/T/PP/2023/9/S2B_T32TPP_20230915T100745_L2A/B04.tif"", ""green"": ""https://e84-earth-search-sentinel-data.s3.us-west-2.amazonaws.com/sentinel-2-c1-l2a/32/T/PP/2023/9/S2B_T32TPP_20230915T100745_L2A/B03.tif"", ""blue"": ""https://e84-earth-search-sentinel-data.s3.us-west-2.amazonaws.com/sentinel-2-c1-l2a/32/T/PP/2023/9/S2B_T32TPP_20230915T100745_L2A/B02.tif"", ""visual"": ""https://e84-earth-search-sentinel-data.s3.us-west-2.amazonaws.com/sentinel-2-c1-l2a/32/T/PP/2023/9/S2B_T32TPP_20230915T100745_L2A/TCI.tif"", ""nir"": ""https://e84-earth-search-sentinel-data.s3.us-west-2.amazonaws.com/sentinel-2-c1-l2a/32/T/PP/2023/9/S2B_T32TPP_20230915T100745_L2A/B08.tif"", ""swir22"": ""https://e84-earth-search-sentinel-data.s3.us-west-2.amazonaws.com/sentinel-2-c1-l2a/32/T/PP/2023/9/S2B_T32TPP_20230915T100745_L2A/B12.tif"", ""rededge2"": ""https://e84-earth-search-sentinel-data.s3.us-west-2.amazonaws.com/sentinel-2-c1-l2a/32/T/PP/2023/9/S2B_T32TPP_20230915T100745_L2A/B06.tif"", ""rededge3"": ""https://e84-earth-search-sentinel-data.s3.us-west-2.amazonaws.com/sentinel-2-c1-l2a/32/T/PP/2023/9/S2B_T32TPP_20230915T100745_L2A/B07.tif"", ""rededge1"": ""https://e84-earth-search-sentinel-data.s3.us-west-2.amazonaws.com/sentinel-2-c1-l2a/32/T/PP/2023/9/S2B_T32TPP_20230915T100745_L2A/B05.tif"", ""swir16"": ""https://e84-earth-search-sentinel-data.s3.us-west-2.amazonaws.com/sentinel-2-c1-l2a/32/T/PP/2023/9/S2B_T32TPP_20230915T100745_L2A/B11.tif"", ""wvp"": ""https://e84-earth-search-sentinel-data.s3.us-west-2.amazonaws.com/sentinel-2-c1-l2a/32/T/PP/2023/9/S2B_T32TPP_20230915T100745_L2A/WVP.tif"", ""nir08"": ""https://e84-earth-search-sentinel-data.s3.us-west-2.amazonaws.com/sentinel-2-c1-l2a/32/T/PP/2023/9/S2B_T32TPP_20230915T100745_L2A/B8A.tif"", ""scl"": ""https://e84-earth-search-sentinel-data.s3.us-west-2.amazonaws.com/sentinel-2-c1-l2a/32/T/PP/2023/9/S2B_T32TPP_20230915T100745_L2A/SCL.tif"", ""aot"": ""https://e84-earth-search-sentinel-data.s3.us-west-2.amazonaws.com/sentinel-2-c1-l2a/32/T/PP/2023/9/S2B_T32TPP_20230915T100745_L2A/AOT.tif"", ""coastal"": ""https://e84-earth-search-sentinel-data.s3.us-west-2.amazonaws.com/sentinel-2-c1-l2a/32/T/PP/2023/9/S2B_T32TPP_20230915T100745_L2A/B01.tif"", ""nir09"": ""https://e84-earth-search-sentinel-data.s3.us-west-2.amazonaws.com/sentinel-2-c1-l2a/32/T/PP/2023/9/S2B_T32TPP_20230915T100745_L2A/B09.tif"", ""cloud"": ""https://e84-earth-search-sentinel-data.s3.us-west-2.amazonaws.com/sentinel-2-c1-l2a/32/T/PP/2023/9/S2B_T32TPP_20230915T100745_L2A/CLD_20m.tif"", ""snow"": ""https://e84-earth-search-sentinel-data.s3.us-west-2.amazonaws.com/sentinel-2-c1-l2a/32/T/PP/2023/9/S2B_T32TPP_20230915T100745_L2A/SNW_20m.tif"", ""preview"": ""https://e84-earth-search-sentinel-data.s3.us-west-2.amazonaws.com/sentinel-2-c1-l2a/32/T/PP/2023/9/S2B_T32TPP_20230915T100745_L2A/L2A_PVI.tif"", ""granule_metadata"": ""https://e84-earth-search-sentinel-data.s3.us-west-2.amazonaws.com/sentinel-2-c1-l2a/32/T/PP/2023/9/S2B_T32TPP_20230915T100745_L2A/metadata.xml"", ""tileinfo_metadata"": ""https://e84-earth-search-sentinel-data.s3.us-west-2.amazonaws.com/sentinel-2-c1-l2a/32/T/PP/2023/9/S2B_T32TPP_20230915T100745_L2A/tileInfo.json"", ""product_metadata"": ""https://e84-earth-search-sentinel-data.s3.us-west-2.amazonaws.com/sentinel-2-c1-l2a/32/T/PP/2023/9/S2B_T32TPP_20230915T100745_L2A/product_metadata.xml"", ""thumbnail"": ""https://e84-earth-search-sentinel-data.s3.us-west-2.amazonaws.com/sentinel-2-c1-l2a/32/T/PP/2023/9/S2B_T32TPP_20230915T100745_L2A/L2A_PVI.jpg""}"
S2B_T32TQQ_20230925T101451_L2A,2023-09-25 10:18:28.387000+00:00,35.290888,,sentinel-2b,"{""red"": ""https://e84-earth-search-sentinel-data.s3.us-west-2.amazonaws.com/sentinel-2-c1-l2a/32/T/QQ/2023/9/S2B_T32TQQ_20230925T101451_L2A/B04.tif"", ""green"": ""https://e84-earth-search-sentinel-data.s3.us-west-2.amazonaws.com/sentinel-2-c1-l2a/32/T/QQ/2023/9/S2B_T32TQQ_20230925T101451_L2A/B03.tif"", ""blue"": ""https://e84-earth-search-sentinel-data.s3.us-west-2.amazonaws.com/sentinel-2-c1-l2a/32/T/QQ/2023/9/S2B_T32TQQ_20230925T101451_L2A/B02.tif"", ""visual"": ""https://e84-earth-search-sentinel-data.s3.us-west-2.amazonaws.com/sentinel-2-c1-l2a/32/T/QQ/2023/9/S2B_T32TQQ_20230925T101451_L2A/TCI.tif"", ""nir"": ""https://e84-earth-search-sentinel-data.s3.us-west-2.amazonaws.com/sentinel-2-c1-l2a/32/T/QQ/2023/9/S2B_T32TQQ_20230925T101451_L2A/B08.tif"", ""swir22"": ""https://e84-earth-search-sentinel-data.s3.us-west-2.amazonaws.com/sentinel-2-c1-l2a/32/T/QQ/2023/9/S2B_T32TQQ_20230925T101451_L2A/B12.tif"", ""rededge2"": ""https://e84-earth-search-sentinel-data.s3.us-west-2.amazonaws.com/sentinel-2-c1-l2a/32/T/QQ/2023/9/S2B_T32TQQ_20230925T101451_L2A/B06.tif"", ""rededge3"": ""https://e84-earth-search-sentinel-data.s3.us-west-2.amazonaws.com/sentinel-2-c1-l2a/32/T/QQ/2023/9/S2B_T32TQQ_20230925T101451_L2A/B07.tif"", ""rededge1"": ""https://e84-earth-search-sentinel-data.s3.us-west-2.amazonaws.com/sentinel-2-c1-l2a/32/T/QQ/2023/9/S2B_T32TQQ_20230925T101451_L2A/B05.tif"", ""swir16"": ""https://e84-earth-search-sentinel-data.s3.us-west-2.amazonaws.com/sentinel-2-c1-l2a/32/T/QQ/2023/9/S2B_T32TQQ_20230925T101451_L2A/B11.tif"", ""wvp"": ""https://e84-earth-search-sentinel-data.s3.us-west-2.amazonaws.com/sentinel-2-c1-l2a/32/T/QQ/2023/9/S2B_T32TQQ_20230925T101451_L2A/WVP.tif"", ""nir08"": ""https://e84-earth-search-sentinel-data.s3.us-west-2.amazonaws.com/sentinel-2-c1-l2a/32/T/QQ/2023/9/S2B_T32TQQ_20230925T101451_L2A/B8A.tif"", ""scl"": ""https://e84-earth-search-sentinel-data.s3.us-west-2.amazonaws.com/sentinel-2-c1-l2a/32/T/QQ/2023/9/S2B_T32TQQ_20230925T101451_L2A/SCL.tif"", ""aot"": ""https://e84-earth-search-sentinel-data.s3.us-west-2.amazonaws.com/sentinel-2-c1-l2a/32/T/QQ/2023/9/S2B_T32TQQ_20230925T101451_L2A/AOT.tif"", ""coastal"": ""https://e84-earth-search-sentinel-data.s3.us-west-2.amazonaws.com/sentinel-2-c1-l2a/32/T/QQ/2023/9/S2B_T32TQQ_20230925T101451_L2A/B01.tif"", ""nir09"": ""https://e84-earth-search-sentinel-data.s3.us-west-2.amazonaws.com/sentinel-2-c1-l2a/32/T/QQ/2023/9/S2B_T32TQQ_20230925T101451_L2A/B09.tif"", ""cloud"": ""https://e84-earth-search-sentinel-data.s3.us-west-2.amazonaws.com/sentinel-2-c1-l2a/32/T/QQ/2023/9/S2B_T32TQQ_20230925T101451_L2A/CLD_20m.tif"", ""snow"": ""https://e84-earth-search-sentinel-data.s3.us-west-2.amazonaws.com/sentinel-2-c1-l2a/32/T/QQ/2023/9/S2B_T32TQQ_20230925T101451_L2A/SNW_20m.tif"", ""preview"": ""https://e84-earth-search-sentinel-data.s3.us-west-2.amazonaws.com/sentinel-2-c1-l2a/32/T/QQ/2023/9/S2B_T32TQQ_20230925T101451_L2A/L2A_PVI.tif"", ""granule_metadata"": ""https://e84-earth-search-sentinel-data.s3.us-west-2.amazonaws.com/sentinel-2-c1-l2a/32/T/QQ/2023/9/S2B_T32TQQ_20230925T101451_L2A/metadata.xml"", ""tileinfo_metadata"": ""https://e84-earth-search-sentinel-data.s3.us-west-2.amazonaws.com/sentinel-2-c1-l2a/32/T/QQ/2023/9/S2B_T32TQQ_20230925T101451_L2A/tileInfo.json"", ""product_metadata"": ""https://e84-earth-search-sentinel-data.s3.us-west-2.amazonaws.com/sentinel-2-c1-l2a/32/T/QQ/2023/9/S2B_T32TQQ_20230925T101451_L2A/product_metadata.xml"", ""thumbnail"": ""https://e84-earth-search-sentinel-data.s3.us-west-2.amazonaws.com/sentinel-2-c1-l2a/32/T/QQ/2023/9/S2B_T32TQQ_20230925T101451_L2A/L2A_PVI.jpg""}"
S2B_T32TPQ_20230925T101451_L2A,2023-09-25 10:18:31.839000+00:00,6.472052,,sentinel-2b,"{""red"": ""https://e84-earth-search-sentinel-data.s3.us-west-2.amazonaws.com/sentinel-2-c1-l2a/32/T/PQ/2023/9/S2B_T32TPQ_20230925T101451_L2A/B04.tif"", ""green"": ""https://e84-earth-search-sentinel-data.s3.us-west-2.amazonaws.com/sentinel-2-c1-l2a/32/T/PQ/2023/9/S2B_T32TPQ_20230925T101451_L2A/B03.tif"", ""blue"": ""https://e84-earth-search-sentinel-data.s3.us-west-2.amazonaws.com/sentinel-2-c1-l2a/32/T/PQ/2023/9/S2B_T32TPQ_20230925T101451_L2A/B02.tif"", ""visual"": ""https://e84-earth-search-sentinel-data.s3.us-west-2.amazonaws.com/sentinel-2-c1-l2a/32/T/PQ/2023/9/S2B_T32TPQ_20230925T101451_L2A/TCI.tif"", ""nir"": ""https://e84-earth-search-sentinel-data.s3.us-west-2.amazonaws.com/sentinel-2-c1-l2a/32/T/PQ/2023/9/S2B_T32TPQ_20230925T101451_L2A/B08.tif"", ""swir22"": ""https://e84-earth-search-sentinel-data.s3.us-west-2.amazonaws.com/sentinel-2-c1-l2a/32/T/PQ/2023/9/S2B_T32TPQ_20230925T101451_L2A/B12.tif"", ""rededge2"": ""https://e84-earth-search-sentinel-data.s3.us-west-2.amazonaws.com/sentinel-2-c1-l2a/32/T/PQ/2023/9/S2B_T32TPQ_20230925T101451_L2A/B06.tif"", ""rededge3"": ""https://e84-earth-search-sentinel-data.s3.us-west-2.amazonaws.com/sentinel-2-c1-l2a/32/T/PQ/2023/9/S2B_T32TPQ_20230925T101451_L2A/B07.tif"", ""rededge1"": ""https://e84-earth-search-sentinel-data.s3.us-west-2.amazonaws.com/sentinel-2-c1-l2a/32/T/PQ/2023/9/S2B_T32TPQ_20230925T101451_L2A/B05.tif"", ""swir16"": ""https://e84-earth-search-sentinel-data.s3.us-west-2.amazonaws.com/sentinel-2-c1-l2a/32/T/PQ/2023/9/S2B_T32TPQ_20230925T101451_L2A/B11.tif"", ""wvp"": ""https://e84-earth-search-sentinel-data.s3.us-west-2.amazonaws.com/sentinel-2-c1-l2a/32/T/PQ/2023/9/S2B_T32TPQ_20230925T101451_L2A/WVP.tif"", ""nir08"": ""https://e84-earth-search-sentinel-data.s3.us-west-2.amazonaws.com/sentinel-2-c1-l2a/32/T/PQ/2023/9/S2B_T32TPQ_20230925T101451_L2A/B8A.tif"", ""scl"": ""https://e84-earth-search-sentinel-data.s3.us-west-2.amazonaws.com/sentinel-2-c1-l2a/32/T/PQ/2023/9/S2B_T32TPQ_20230925T101451_L2A/SCL.tif"", ""aot"": ""https://e84-earth-search-sentinel-data.s3.us-west-2.amazonaws.com/sentinel-2-c1-l2a/32/T/PQ/2023/9/S2B_T32TPQ_20230925T101451_L2A/AOT.tif"", ""coastal"": ""https://e84-earth-search-sentinel-data.s3.us-west-2.amazonaws.com/sentinel-2-c1-l2a/32/T/PQ/2023/9/S2B_T32TPQ_20230925T101451_L2A/B01.tif"", ""nir09"": ""https://e84-earth-search-sentinel-data.s3.us-west-2.amazonaws.com/sentinel-2-c1-l2a/32/T/PQ/2023/9/S2B_T32TPQ_20230925T101451_L2A/B09.tif"", ""cloud"": ""https://e84-earth-search-sentinel-data.s3.us-west-2.amazonaws.com/sentinel-2-c1-l2a/32/T/PQ/2023/9/S2B_T32TPQ_20230925T101451_L2A/CLD_20m.tif"", ""snow"": ""https://e84-earth-search-sentinel-data.s3.us-west-2.amazonaws.com/sentinel-2-c1-l2a/32/T/PQ/2023/9/S2B_T32TPQ_20230925T101451_L2A/SNW_20m.tif"", ""preview"": ""https://e84-earth-search-sentinel-data.s3.us-west-2.amazonaws.com/sentinel-2-c1-l2a/32/T/PQ/2023/9/S2B_T32TPQ_20230925T101451_L2A/L2A_PVI.tif"", ""granule_metadata"": ""https://e84-earth-search-sentinel-data.s3.us-west-2.amazonaws.com/sentinel-2-c1-l2a/32/T/PQ/2023/9/S2B_T32TPQ_20230925T101451_L2A/metadata.xml"", ""tileinfo_metadata"": ""https://e84-earth-search-sentinel-data.s3.us-west-2.amazonaws.com/sentinel-2-c1-l2a/32/T/PQ/2023/9/S2B_T32TPQ_20230925T101451_L2A/tileInfo.json"", ""product_metadata"": ""https://e84-earth-search-sentinel-data.s3.us-west-2.amazonaws.com/sentinel-2-c1-l2a/32/T/PQ/2023/9/S2B_T32TPQ_20230925T101451_L2A/product_metadata.xml"", ""thumbnail"": ""https://e84-earth-search-sentinel-data.s3.us-west-2.amazonaws.com/sentinel-2-c1-l2a/32/T/PQ/2023/9/S2B_T32TPQ_20230925T101451_L2A/L2A_PVI.jpg""}"
S2B_T32TPP_20230925T101451_L2A,2023-09-25 10:18:46.239000+00:00,15.41253,,sentinel-2b,"{""red"": ""https://e84-earth-search-sentinel-data.s3.us-west-2.amazonaws.com/sentinel-2-c1-l2a/32/T/PP/2023/9/S2B_T32TPP_20230925T101451_L2A/B04.tif"", ""green"": ""https://e84-earth-search-sentinel-data.s3.us-west-2.amazonaws.com/sentinel-2-c1-l2a/32/T/PP/2023/9/S2B_T32TPP_20230925T101451_L2A/B03.tif"", ""blue"": ""https://e84-earth-search-sentinel-data.s3.us-west-2.amazonaws.com/sentinel-2-c1-l2a/32/T/PP/2023/9/S2B_T32TPP_20230925T101451_L2A/B02.tif"", ""visual"": ""https://e84-earth-search-sentinel-data.s3.us-west-2.amazonaws.com/sentinel-2-c1-l2a/32/T/PP/2023/9/S2B_T32TPP_20230925T101451_L2A/TCI.tif"", ""nir"": ""https://e84-earth-search-sentinel-data.s3.us-west-2.amazonaws.com/sentinel-2-c1-l2a/32/T/PP/2023/9/S2B_T32TPP_20230925T101451_L2A/B08.tif"", ""swir22"": ""https://e84-earth-search-sentinel-data.s3.us-west-2.amazonaws.com/sentinel-2-c1-l2a/32/T/PP/2023/9/S2B_T32TPP_20230925T101451_L2A/B12.tif"", ""rededge2"": ""https://e84-earth-search-sentinel-data.s3.us-west-2.amazonaws.com/sentinel-2-c1-l2a/32/T/PP/2023/9/S2B_T32TPP_20230925T101451_L2A/B06.tif"", ""rededge3"": ""https://e84-earth-search-sentinel-data.s3.us-west-2.amazonaws.com/sentinel-2-c1-l2a/32/T/PP/2023/9/S2B_T32TPP_20230925T101451_L2A/B07.tif"", ""rededge1"": ""https://e84-earth-search-sentinel-data.s3.us-west-2.amazonaws.com/sentinel-2-c1-l2a/32/T/PP/2023/9/S2B_T32TPP_20230925T101451_L2A/B05.tif"", ""swir16"": ""https://e84-earth-search-sentinel-data.s3.us-west-2.amazonaws.com/sentinel-2-c1-l2a/32/T/PP/2023/9/S2B_T32TPP_20230925T101451_L2A/B11.tif"", ""wvp"": ""https://e84-earth-search-sentinel-data.s3.us-west-2.amazonaws.com/sentinel-2-c1-l2a/32/T/PP/2023/9/S2B_T32TPP_20230925T101451_L2A/WVP.tif"", ""nir08"": ""https://e84-earth-search-sentinel-data.s3.us-west-2.amazonaws.com/sentinel-2-c1-l2a/32/T/PP/2023/9/S2B_T32TPP_20230925T101451_L2A/B8A.tif"", ""scl"": ""https://e84-earth-search-sentinel-data.s3.us-west-2.amazonaws.com/sentinel-2-c1-l2a/32/T/PP/2023/9/S2B_T32TPP_20230925T101451_L2A/SCL.tif"", ""aot"": ""https://e84-earth-search-sentinel-data.s3.us-west-2.amazonaws.com/sentinel-2-c1-l2a/32/T/PP/2023/9/S2B_T32TPP_20230925T101451_L2A/AOT.tif"", ""coastal"": ""https://e84-earth-search-sentinel-data.s3.us-west-2.amazonaws.com/sentinel-2-c1-l2a/32/T/PP/2023/9/S2B_T32TPP_20230925T101451_L2A/B01.tif"", ""nir09"": ""https://e84-earth-search-sentinel-data.s3.us-west-2.amazonaws.com/sentinel-2-c1-l2a/32/T/PP/2023/9/S2B_T32TPP_20230925T101451_L2A/B09.tif"", ""cloud"": ""https://e84-earth-search-sentinel-data.s3.us-west-2.amazonaws.com/sentinel-2-c1-l2a/32/T/PP/2023/9/S2B_T32TPP_20230925T101451_L2A/CLD_20m.tif"", ""snow"": ""https://e84-earth-search-sentinel-data.s3.us-west-2.amazonaws.com/sentinel-2-c1-l2a/32/T/PP/2023/9/S2B_T32TPP_20230925T101451_L2A/SNW_20m.tif"", ""preview"": ""https://e84-earth-search-sentinel-data.s3.us-west-2.amazonaws.com/sentinel-2-c1-l2a/32/T/PP/2023/9/S2B_T32TPP_20230925T101451_L2A/L2A_PVI.tif"", ""granule_metadata"": ""https://e84-earth-search-sentinel-data.s3.us-west-2.amazonaws.com/sentinel-2-c1-l2a/32/T/PP/2023/9/S2B_T32TPP_20230925T101451_L2A/metadata.xml"", ""tileinfo_metadata"": ""https://e84-earth-search-sentinel-data.s3.us-west-2.amazonaws.com/sentinel-2-c1-l2a/32/T/PP/2023/9/S2B_T32TPP_20230925T101451_L2A/tileInfo.json"", ""product_metadata"": ""https://e84-earth-search-sentinel-data.s3.us-west-2.amazonaws.com/sentinel-2-c1-l2a/32/T/PP/2023/9/S2B_T32TPP_20230925T101451_L2A/product_metadata.xml"", ""thumbnail"": ""https://e84-earth-search-sentinel-data.s3.us-west-2.amazonaws.com/sentinel-2-c1-l2a/32/T/PP/2023/9/S2B_T32TPP_20230925T101451_L2A/L2A_PVI.jpg""}"
S2A_T32TQQ_20230927T100028_L2A,2023-09-27 10:08:30.432000+00:00,6.684057,,sentinel-2a,"{""red"": ""https://e84-earth-search-sentinel-data.s3.us-west-2.amazonaws.com/sentinel-2-c1-l2a/32/T/QQ/2023/9/S2A_T32TQQ_20230927T100028_L2A/B04.tif"", ""green"": ""https://e84-earth-search-sentinel-data.s3.us-west-2.amazonaws.com/sentinel-2-c1-l2a/32/T/QQ/2023/9/S2A_T32TQQ_20230927T100028_L2A/B03.tif"", ""blue"": ""https://e84-earth-search-sentinel-data.s3.us-west-2.amazonaws.com/sentinel-2-c1-l2a/32/T/QQ/2023/9/S2A_T32TQQ_20230927T100028_L2A/B02.tif"", ""visual"": ""https://e84-earth-search-sentinel-data.s3.us-west-2.amazonaws.com/sentinel-2-c1-l2a/32/T/QQ/2023/9/S2A_T32TQQ_20230927T100028_L2A/TCI.tif"", ""nir"": ""https://e84-earth-search-sentinel-data.s3.us-west-2.amazonaws.com/sentinel-2-c1-l2a/32/T/QQ/2023/9/S2A_T32TQQ_20230927T100028_L2A/B08.tif"", ""swir22"": ""https://e84-earth-search-sentinel-data.s3.us-west-2.amazonaws.com/sentinel-2-c1-l2a/32/T/QQ/2023/9/S2A_T32TQQ_20230927T100028_L2A/B12.tif"", ""rededge2"": ""https://e84-earth-search-sentinel-data.s3.us-west-2.amazonaws.com/sentinel-2-c1-l2a/32/T/QQ/2023/9/S2A_T32TQQ_20230927T100028_L2A/B06.tif"", ""rededge3"": ""https://e84-earth-search-sentinel-data.s3.us-west-2.amazonaws.com/sentinel-2-c1-l2a/32/T/QQ/2023/9/S2A_T32TQQ_20230927T100028_L2A/B07.tif"", ""rededge1"": ""https://e84-earth-search-sentinel-data.s3.us-west-2.amazonaws.com/sentinel-2-c1-l2a/32/T/QQ/2023/9/S2A_T32TQQ_20230927T100028_L2A/B05.tif"", ""swir16"": ""https://e84-earth-search-sentinel-data.s3.us-west-2.amazonaws.com/sentinel-2-c1-l2a/32/T/QQ/2023/9/S2A_T32TQQ_20230927T100028_L2A/B11.tif"", ""wvp"": ""https://e84-earth-search-sentinel-data.s3.us-west-2.amazonaws.com/sentinel-2-c1-l2a/32/T/QQ/2023/9/S2A_T32TQQ_20230927T100028_L2A/WVP.tif"", ""nir08"": ""https://e84-earth-search-sentinel-data.s3.us-west-2.amazonaws.com/sentinel-2-c1-l2a/32/T/QQ/2023/9/S2A_T32TQQ_20230927T100028_L2A/B8A.tif"", ""scl"": ""https://e84-earth-search-sentinel-data.s3.us-west-2.amazonaws.com/sentinel-2-c1-l2a/32/T/QQ/2023/9/S2A_T32TQQ_20230927T100028_L2A/SCL.tif"", ""aot"": ""https://e84-earth-search-sentinel-data.s3.us-west-2.amazonaws.com/sentinel-2-c1-l2a/32/T/QQ/2023/9/S2A_T32TQQ_20230927T100028_L2A/AOT.tif"", ""coastal"": ""https://e84-earth-search-sentinel-data.s3.us-west-2.amazonaws.com/sentinel-2-c1-l2a/32/T/QQ/2023/9/S2A_T32TQQ_20230927T100028_L2A/B01.tif"", ""nir09"": ""https://e84-earth-search-sentinel-data.s3.us-west-2.amazonaws.com/sentinel-2-c1-l2a/32/T/QQ/2023/9/S2A_T32TQQ_20230927T100028_L2A/B09.tif"", ""cloud"": ""https://e84-earth-search-sentinel-data.s3.us-west-2.amazonaws.com/sentinel-2-c1-l2a/32/T/QQ/2023/9/S2A_T32TQQ_20230927T100028_L2A/CLD_20m.tif"", ""snow"": ""https://e84-earth-search-sentinel-data.s3.us-west-2.amazonaws.com/sentinel-2-c1-l2a/32/T/QQ/2023/9/S2A_T32TQQ_20230927T100028_L2A/SNW_20m.tif"", ""preview"": ""https://e84-earth-search-sentinel-data.s3.us-west-2.amazonaws.com/sentinel-2-c1-l2a/32/T/QQ/2023/9/S2A_T32TQQ_20230927T100028_L2A/L2A_PVI.tif"", ""granule_metadata"": ""https://e84-earth-search-sentinel-data.s3.us-west-2.amazonaws.com/sentinel-2-c1-l2a/32/T/QQ/2023/9/S2A_T32TQQ_20230927T100028_L2A/metadata.xml"", ""tileinfo_metadata"": ""https://e84-earth-search-sentinel-data.s3.us-west-2.amazonaws.com/sentinel-2-c1-l2a/32/T/QQ/2023/9/S2A_T32TQQ_20230927T100028_L2A/tileInfo.json"", ""product_metadata"": ""https://e84-earth-search-sentinel-data.s3.us-west-2.amazonaws.com/sentinel-2-c1-l2a/32/T/QQ/2023/9/S2A_T32TQQ_20230927T100028_L2A/product_metadata.xml"", ""thumbnail"": ""https://e84-earth-search-sentinel-data.s3.us-west-2.amazonaws.com/sentinel-2-c1-l2a/32/T/QQ/2023/9/S2A_T32TQQ_20230927T100028_L2A/L2A_PVI.jpg""}"
S2A_T32TQP_20230927T100028_L2A,2023-09-27 10:08:45.163000+00:00,2.415817,,sentinel-2a,"{""red"": ""https://e84-earth-search-sentinel-data.s3.us-west-2.amazonaws.com/sentinel-2-c1-l2a/32/T/QP/2023/9/S2A_T32TQP_20230927T100028_L2A/B04.tif"", ""green"": ""https://e84-earth-search-sentinel-data.s3.us-west-2.amazonaws.com/sentinel-2-c1-l2a/32/T/QP/2023/9/S2A_T32TQP_20230927T100028_L2A/B03.tif"", ""blue"": ""https://e84-earth-search-sentinel-data.s3.us-west-2.amazonaws.com/sentinel-2-c1-l2a/32/T/QP/2023/9/S2A_T32TQP_20230927T100028_L2A/B02.tif"", ""visual"": ""https://e84-earth-search-sentinel-data.s3.us-west-2.amazonaws.com/sentinel-2-c1-l2a/32/T/QP/2023/9/S2A_T32TQP_20230927T100028_L2A/TCI.tif"", ""nir"": ""https://e84-earth-search-sentinel-data.s3.us-west-2.amazonaws.com/sentinel-2-c1-l2a/32/T/QP/2023/9/S2A_T32TQP_20230927T100028_L2A/B08.tif"", ""swir22"": ""https://e84-earth-search-sentinel-data.s3.us-west-2.amazonaws.com/sentinel-2-c1-l2a/32/T/QP/2023/9/S2A_T32TQP_20230927T100028_L2A/B12.tif"", ""rededge2"": ""https://e84-earth-search-sentinel-data.s3.us-west-2.amazonaws.com/sentinel-2-c1-l2a/32/T/QP/2023/9/S2A_T32TQP_20230927T100028_L2A/B06.tif"", ""rededge3"": ""https://e84-earth-search-sentinel-data.s3.us-west-2.amazonaws.com/sentinel-2-c1-l2a/32/T/QP/2023/9/S2A_T32TQP_20230927T100028_L2A/B07.tif"", ""rededge1"": ""https://e84-earth-search-sentinel-data.s3.us-west-2.amazonaws.com/sentinel-2-c1-l2a/32/T/QP/2023/9/S2A_T32TQP_20230927T100028_L2A/B05.tif"", ""swir16"": ""https://e84-earth-search-sentinel-data.s3.us-west-2.amazonaws.com/sentinel-2-c1-l2a/32/T/QP/2023/9/S2A_T32TQP_20230927T100028_L2A/B11.tif"", ""wvp"": ""https://e84-earth-search-sentinel-data.s3.us-west-2.amazonaws.com/sentinel-2-c1-l2a/32/T/QP/2023/9/S2A_T32TQP_20230927T100028_L2A/WVP.tif"", ""nir08"": ""https://e84-earth-search-sentinel-data.s3.us-west-2.amazonaws.com/sentinel-2-c1-l2a/32/T/QP/2023/9/S2A_T32TQP_20230927T100028_L2A/B8A.tif"", ""scl"": ""https://e84-earth-search-sentinel-data.s3.us-west-2.amazonaws.com/sentinel-2-c1-l2a/32/T/QP/2023/9/S2A_T32TQP_20230927T100028_L2A/SCL.tif"", ""aot"": ""https://e84-earth-search-sentinel-data.s3.us-west-2.amazonaws.com/sentinel-2-c1-l2a/32/T/QP/2023/9/S2A_T32TQP_20230927T100028_L2A/AOT.tif"", ""coastal"": ""https://e84-earth-search-sentinel-data.s3.us-west-2.amazonaws.com/sentinel-2-c1-l2a/32/T/QP/2023/9/S2A_T32TQP_20230927T100028_L2A/B01.tif"", ""nir09"": ""https://e84-earth-search-sentinel-data.s3.us-west-2.amazonaws.com/sentinel-2-c1-l2a/32/T/QP/2023/9/S2A_T32TQP_20230927T100028_L2A/B09.tif"", ""cloud"": ""https://e84-earth-search-sentinel-data.s3.us-west-2.amazonaws.com/sentinel-2-c1-l2a/32/T/QP/2023/9/S2A_T32TQP_20230927T100028_L2A/CLD_20m.tif"", ""snow"": ""https://e84-earth-search-sentinel-data.s3.us-west-2.amazonaws.com/sentinel-2-c1-l2a/32/T/QP/2023/9/S2A_T32TQP_20230927T100028_L2A/SNW_20m.tif"", ""preview"": ""https://e84-earth-search-sentinel-data.s3.us-west-2.amazonaws.com/sentinel-2-c1-l2a/32/T/QP/2023/9/S2A_T32TQP_20230927T100028_L2A/L2A_PVI.tif"", ""granule_metadata"": ""https://e84-earth-search-sentinel-data.s3.us-west-2.amazonaws.com/sentinel-2-c1-l2a/32/T/QP/2023/9/S2A_T32TQP_20230927T100028_L2A/metadata.xml"", ""tileinfo_metadata"": ""https://e84-earth-search-sentinel-data.s3.us-west-2.amazonaws.com/sentinel-2-c1-l2a/32/T/QP/2023/9/S2A_T32TQP_20230927T100028_L2A/tileInfo.json"", ""product_metadata"": ""https://e84-earth-search-sentinel-data.s3.us-west-2.amazonaws.com/sentinel-2-c1-l2a/32/T/QP/2023/9/S2A_T32TQP_20230927T100028_L2A/product_metadata.xml"", ""thumbnail"": ""https://e84-earth-search-sentinel-data.s3.us-west-2.amazonaws.com/sentinel-2-c1-l2a/32/T/QP/2023/9/S2A_T32TQP_20230927T100028_L2A/L2A_PVI.jpg""}"
S2A_T32TQQ_20230930T101805_L2A,2023-09-30 10:18:27.229000+00:00,20.481859,,sentinel-2a,"{""red"": ""https://e84-earth-search-sentinel-data.s3.us-west-2.amazonaws.com/sentinel-2-c1-l2a/32/T/QQ/2023/9/S2A_T32TQQ_20230930T101805_L2A/B04.tif"", ""green"": ""https://e84-earth-search-sentinel-data.s3.us-west-2.amazonaws.com/sentinel-2-c1-l2a/32/T/QQ/2023/9/S2A_T32TQQ_20230930T101805_L2A/B03.tif"", ""blue"": ""https://e84-earth-search-sentinel-data.s3.us-west-2.amazonaws.com/sentinel-2-c1-l2a/32/T/QQ/2023/9/S2A_T32TQQ_20230930T101805_L2A/B02.tif"", ""visual"": ""https://e84-earth-search-sentinel-data.s3.us-west-2.amazonaws.com/sentinel-2-c1-l2a/32/T/QQ/2023/9/S2A_T32TQQ_20230930T101805_L2A/TCI.tif"", ""nir"": ""https://e84-earth-search-sentinel-data.s3.us-west-2.amazonaws.com/sentinel-2-c1-l2a/32/T/QQ/2023/9/S2A_T32TQQ_20230930T101805_L2A/B08.tif"", ""swir22"": ""https://e84-earth-search-sentinel-data.s3.us-west-2.amazonaws.com/sentinel-2-c1-l2a/32/T/QQ/2023/9/S2A_T32TQQ_20230930T101805_L2A/B12.tif"", ""rededge2"": ""https://e84-earth-search-sentinel-data.s3.us-west-2.amazonaws.com/sentinel-2-c1-l2a/32/T/QQ/2023/9/S2A_T32TQQ_20230930T101805_L2A/B06.tif"", ""rededge3"": ""https://e84-earth-search-sentinel-data.s3.us-west-2.amazonaws.com/sentinel-2-c1-l2a/32/T/QQ/2023/9/S2A_T32TQQ_20230930T101805_L2A/B07.tif"", ""rededge1"": ""https://e84-earth-search-sentinel-data.s3.us-west-2.amazonaws.com/sentinel-2-c1-l2a/32/T/QQ/2023/9/S2A_T32TQQ_20230930T101805_L2A/B05.tif"", ""swir16"": ""https://e84-earth-search-sentinel-data.s3.us-west-2.amazonaws.com/sentinel-2-c1-l2a/32/T/QQ/2023/9/S2A_T32TQQ_20230930T101805_L2A/B11.tif"", ""wvp"": ""https://e84-earth-search-sentinel-data.s3.us-west-2.amazonaws.com/sentinel-2-c1-l2a/32/T/QQ/2023/9/S2A_T32TQQ_20230930T101805_L2A/WVP.tif"", ""nir08"": ""https://e84-earth-search-sentinel-data.s3.us-west-2.amazonaws.com/sentinel-2-c1-l2a/32/T/QQ/2023/9/S2A_T32TQQ_20230930T101805_L2A/B8A.tif"", ""scl"": ""https://e84-earth-search-sentinel-data.s3.us-west-2.amazonaws.com/sentinel-2-c1-l2a/32/T/QQ/2023/9/S2A_T32TQQ_20230930T101805_L2A/SCL.tif"", ""aot"": ""https://e84-earth-search-sentinel-data.s3.us-west-2.amazonaws.com/sentinel-2-c1-l2a/32/T/QQ/2023/9/S2A_T32TQQ_20230930T101805_L2A/AOT.tif"", ""coastal"": ""https://e84-earth-search-sentinel-data.s3.us-west-2.amazonaws.com/sentinel-2-c1-l2a/32/T/QQ/2023/9/S2A_T32TQQ_20230930T101805_L2A/B01.tif"", ""nir09"": ""https://e84-earth-search-sentinel-data.s3.us-west-2.amazonaws.com/sentinel-2-c1-l2a/32/T/QQ/2023/9/S2A_T32TQQ_20230930T101805_L2A/B09.tif"", ""cloud"": ""https://e84-earth-search-sentinel-data.s3.us-west-2.amazonaws.com/sentinel-2-c1-l2a/32/T/QQ/2023/9/S2A_T32TQQ_20230930T101805_L2A/CLD_20m.tif"", ""snow"": ""https://e84-earth-search-sentinel-data.s3.us-west-2.amazonaws.com/sentinel-2-c1-l2a/32/T/QQ/2023/9/S2A_T32TQQ_20230930T101805_L2A/SNW_20m.tif"", ""preview"": ""https://e84-earth-search-sentinel-data.s3.us-west-2.amazonaws.com/sentinel-2-c1-l2a/32/T/QQ/2023/9/S2A_T32TQQ_20230930T101805_L2A/L2A_PVI.tif"", ""granule_metadata"": ""https://e84-earth-search-sentinel-data.s3.us-west-2.amazonaws.com/sentinel-2-c1-l2a/32/T/QQ/2023/9/S2A_T32TQQ_20230930T101805_L2A/metadata.xml"", ""tileinfo_metadata"": ""https://e84-earth-search-sentinel-data.s3.us-west-2.amazonaws.com/sentinel-2-c1-l2a/32/T/QQ/2023/9/S2A_T32TQQ_20230930T101805_L2A/tileInfo.json"", ""product_metadata"": ""https://e84-earth-search-sentinel-data.s3.us-west-2.amazonaws.com/sentinel-2-c1-l2a/32/T/QQ/2023/9/S2A_T32TQQ_20230930T101805_L2A/product_metadata.xml"", ""thumbnail"": ""https://e84-earth-search-sentinel-data.s3.us-west-2.amazonaws.com/sentinel-2-c1-l2a/32/T/QQ/2023/9/S2A_T32TQQ_20230930T101805_L2A/L2A_PVI.jpg""}"
S2A_T32TPQ_20230930T101805_L2A,2023-09-30 10:18:30.684000+00:00,16.573778,,sentinel-2a,"{""red"": ""https://e84-earth-search-sentinel-data.s3.us-west-2.amazonaws.com/sentinel-2-c1-l2a/32/T/PQ/2023/9/S2A_T32TPQ_20230930T101805_L2A/B04.tif"", ""green"": ""https://e84-earth-search-sentinel-data.s3.us-west-2.amazonaws.com/sentinel-2-c1-l2a/32/T/PQ/2023/9/S2A_T32TPQ_20230930T101805_L2A/B03.tif"", ""blue"": ""https://e84-earth-search-sentinel-data.s3.us-west-2.amazonaws.com/sentinel-2-c1-l2a/32/T/PQ/2023/9/S2A_T32TPQ_20230930T101805_L2A/B02.tif"", ""visual"": ""https://e84-earth-search-sentinel-data.s3.us-west-2.amazonaws.com/sentinel-2-c1-l2a/32/T/PQ/2023/9/S2A_T32TPQ_20230930T101805_L2A/TCI.tif"", ""nir"": ""https://e84-earth-search-sentinel-data.s3.us-west-2.amazonaws.com/sentinel-2-c1-l2a/32/T/PQ/2023/9/S2A_T32TPQ_20230930T101805_L2A/B08.tif"", ""swir22"": ""https://e84-earth-search-sentinel-data.s3.us-west-2.amazonaws.com/sentinel-2-c1-l2a/32/T/PQ/2023/9/S2A_T32TPQ_20230930T101805_L2A/B12.tif"", ""rededge2"": ""https://e84-earth-search-sentinel-data.s3.us-west-2.amazonaws.com/sentinel-2-c1-l2a/32/T/PQ/2023/9/S2A_T32TPQ_20230930T101805_L2A/B06.tif"", ""rededge3"": ""https://e84-earth-search-sentinel-data.s3.us-west-2.amazonaws.com/sentinel-2-c1-l2a/32/T/PQ/2023/9/S2A_T32TPQ_20230930T101805_L2A/B07.tif"", ""rededge1"": ""https://e84-earth-search-sentinel-data.s3.us-west-2.amazonaws.com/sentinel-2-c1-l2a/32/T/PQ/2023/9/S2A_T32TPQ_20230930T101805_L2A/B05.tif"", ""swir16"": ""https://e84-earth-search-sentinel-data.s3.us-west-2.amazonaws.com/sentinel-2-c1-l2a/32/T/PQ/2023/9/S2A_T32TPQ_20230930T101805_L2A/B11.tif"", ""wvp"": ""https://e84-earth-search-sentinel-data.s3.us-west-2.amazonaws.com/sentinel-2-c1-l2a/32/T/PQ/2023/9/S2A_T32TPQ_20230930T101805_L2A/WVP.tif"", ""nir08"": ""https://e84-earth-search-sentinel-data.s3.us-west-2.amazonaws.com/sentinel-2-c1-l2a/32/T/PQ/2023/9/S2A_T32TPQ_20230930T101805_L2A/B8A.tif"", ""scl"": ""https://e84-earth-search-sentinel-data.s3.us-west-2.amazonaws.com/sentinel-2-c1-l2a/32/T/PQ/2023/9/S2A_T32TPQ_20230930T101805_L2A/SCL.tif"", ""aot"": ""https://e84-earth-search-sentinel-data.s3.us-west-2.amazonaws.com/sentinel-2-c1-l2a/32/T/PQ/2023/9/S2A_T32TPQ_20230930T101805_L2A/AOT.tif"", ""coastal"": ""https://e84-earth-search-sentinel-data.s3.us-west-2.amazonaws.com/sentinel-2-c1-l2a/32/T/PQ/2023/9/S2A_T32TPQ_20230930T101805_L2A/B01.tif"", ""nir09"": ""https://e84-earth-search-sentinel-data.s3.us-west-2.amazonaws.com/sentinel-2-c1-l2a/32/T/PQ/2023/9/S2A_T32TPQ_20230930T101805_L2A/B09.tif"", ""cloud"": ""https://e84-earth-search-sentinel-data.s3.us-west-2.amazonaws.com/sentinel-2-c1-l2a/32/T/PQ/2023/9/S2A_T32TPQ_20230930T101805_L2A/CLD_20m.tif"", ""snow"": ""https://e84-earth-search-sentinel-data.s3.us-west-2.amazonaws.com/sentinel-2-c1-l2a/32/T/PQ/2023/9/S2A_T32TPQ_20230930T101805_L2A/SNW_20m.tif"", ""preview"": ""https://e84-earth-search-sentinel-data.s3.us-west-2.amazonaws.com/sentinel-2-c1-l2a/32/T/PQ/2023/9/S2A_T32TPQ_20230930T101805_L2A/L2A_PVI.tif"", ""granule_metadata"": ""https://e84-earth-search-sentinel-data.s3.us-west-2.amazonaws.com/sentinel-2-c1-l2a/32/T/PQ/2023/9/S2A_T32TPQ_20230930T101805_L2A/metadata.xml"", ""tileinfo_metadata"": ""https://e84-earth-search-sentinel-data.s3.us-west-2.amazonaws.com/sentinel-2-c1-l2a/32/T/PQ/2023/9/S2A_T32TPQ_20230930T101805_L2A/tileInfo.json"", ""product_metadata"": ""https://e84-earth-search-sentinel-data.s3.us-west-2.amazonaws.com/sentinel-2-c1-l2a/32/T/PQ/2023/9/S2A_T32TPQ_20230930T101805_L2A/product_metadata.xml"", ""thumbnail"": ""https://e84-earth-search-sentinel-data.s3.us-west-2.amazonaws.com/sentinel-2-c1-l2a/32/T/PQ/2023/9/S2A_T32TPQ_20230930T101805_L2A/L2A_PVI.jpg""}"
S2A_T32TQP_20230930T101805_L2A,2023-09-30 10:18:41.468000+00:00,2.964768,,sentinel-2a,"{""red"": ""https://e84-earth-search-sentinel-data.s3.us-west-2.amazonaws.com/sentinel-2-c1-l2a/32/T/QP/2023/9/S2A_T32TQP_20230930T101805_L2A/B04.tif"", ""green"": ""https://e84-earth-search-sentinel-data.s3.us-west-2.amazonaws.com/sentinel-2-c1-l2a/32/T/QP/2023/9/S2A_T32TQP_20230930T101805_L2A/B03.tif"", ""blue"": ""https://e84-earth-search-sentinel-data.s3.us-west-2.amazonaws.com/sentinel-2-c1-l2a/32/T/QP/2023/9/S2A_T32TQP_20230930T101805_L2A/B02.tif"", ""visual"": ""https://e84-earth-search-sentinel-data.s3.us-west-2.amazonaws.com/sentinel-2-c1-l2a/32/T/QP/2023/9/S2A_T32TQP_20230930T101805_L2A/TCI.tif"", ""nir"": ""https://e84-earth-search-sentinel-data.s3.us-west-2.amazonaws.com/sentinel-2-c1-l2a/32/T/QP/2023/9/S2A_T32TQP_20230930T101805_L2A/B08.tif"", ""swir22"": ""https://e84-earth-search-sentinel-data.s3.us-west-2.amazonaws.com/sentinel-2-c1-l2a/32/T/QP/2023/9/S2A_T32TQP_20230930T101805_L2A/B12.tif"", ""rededge2"": ""https://e84-earth-search-sentinel-data.s3.us-west-2.amazonaws.com/sentinel-2-c1-l2a/32/T/QP/2023/9/S2A_T32TQP_20230930T101805_L2A/B06.tif"", ""rededge3"": ""https://e84-earth-search-sentinel-data.s3.us-west-2.amazonaws.com/sentinel-2-c1-l2a/32/T/QP/2023/9/S2A_T32TQP_20230930T101805_L2A/B07.tif"", ""rededge1"": ""https://e84-earth-search-sentinel-data.s3.us-west-2.amazonaws.com/sentinel-2-c1-l2a/32/T/QP/2023/9/S2A_T32TQP_20230930T101805_L2A/B05.tif"", ""swir16"": ""https://e84-earth-search-sentinel-data.s3.us-west-2.amazonaws.com/sentinel-2-c1-l2a/32/T/QP/2023/9/S2A_T32TQP_20230930T101805_L2A/B11.tif"", ""wvp"": ""https://e84-earth-search-sentinel-data.s3.us-west-2.amazonaws.com/sentinel-2-c1-l2a/32/T/QP/2023/9/S2A_T32TQP_20230930T101805_L2A/WVP.tif"", ""nir08"": ""https://e84-earth-search-sentinel-data.s3.us-west-2.amazonaws.com/sentinel-2-c1-l2a/32/T/QP/2023/9/S2A_T32TQP_20230930T101805_L2A/B8A.tif"", ""scl"": ""https://e84-earth-search-sentinel-data.s3.us-west-2.amazonaws.com/sentinel-2-c1-l2a/32/T/QP/2023/9/S2A_T32TQP_20230930T101805_L2A/SCL.tif"", ""aot"": ""https://e84-earth-search-sentinel-data.s3.us-west-2.amazonaws.com/sentinel-2-c1-l2a/32/T/QP/2023/9/S2A_T32TQP_20230930T101805_L2A/AOT.tif"", ""coastal"": ""https://e84-earth-search-sentinel-data.s3.us-west-2.amazonaws.com/sentinel-2-c1-l2a/32/T/QP/2023/9/S2A_T32TQP_20230930T101805_L2A/B01.tif"", ""nir09"": ""https://e84-earth-search-sentinel-data.s3.us-west-2.amazonaws.com/sentinel-2-c1-l2a/32/T/QP/2023/9/S2A_T32TQP_20230930T101805_L2A/B09.tif"", ""cloud"": ""https://e84-earth-search-sentinel-data.s3.us-west-2.amazonaws.com/sentinel-2-c1-l2a/32/T/QP/2023/9/S2A_T32TQP_20230930T101805_L2A/CLD_20m.tif"", ""snow"": ""https://e84-earth-search-sentinel-data.s3.us-west-2.amazonaws.com/sentinel-2-c1-l2a/32/T/QP/2023/9/S2A_T32TQP_20230930T101805_L2A/SNW_20m.tif"", ""preview"": ""https://e84-earth-search-sentinel-data.s3.us-west-2.amazonaws.com/sentinel-2-c1-l2a/32/T/QP/2023/9/S2A_T32TQP_20230930T101805_L2A/L2A_PVI.tif"", ""granule_metadata"": ""https://e84-earth-search-sentinel-data.s3.us-west-2.amazonaws.com/sentinel-2-c1-l2a/32/T/QP/2023/9/S2A_T32TQP_20230930T101805_L2A/metadata.xml"", ""tileinfo_metadata"": ""https://e84-earth-search-sentinel-data.s3.us-west-2.amazonaws.com/sentinel-2-c1-l2a/32/T/QP/2023/9/S2A_T32TQP_20230930T101805_L2A/tileInfo.json"", ""product_metadata"": ""https://e84-earth-search-sentinel-data.s3.us-west-2.amazonaws.com/sentinel-2-c1-l2a/32/T/QP/2023/9/S2A_T32TQP_20230930T101805_L2A/product_metadata.xml"", ""thumbnail"": ""https://e84-earth-search-sentinel-data.s3.us-west-2.amazonaws.com/sentinel-2-c1-l2a/32/T/QP/2023/9/S2A_T32TQP_20230930T101805_L2A/L2A_PVI.jpg""}"
S2A_T32TPP_20230930T101805_L2A,2023-09-30 10:18:45.074000+00:00,24.594322,,sentinel-2a,"{""red"": ""https://e84-earth-search-sentinel-data.s3.us-west-2.amazonaws.com/sentinel-2-c1-l2a/32/T/PP/2023/9/S2A_T32TPP_20230930T101805_L2A/B04.tif"", ""green"": ""https://e84-earth-search-sentinel-data.s3.us-west-2.amazonaws.com/sentinel-2-c1-l2a/32/T/PP/2023/9/S2A_T32TPP_20230930T101805_L2A/B03.tif"", ""blue"": ""https://e84-earth-search-sentinel-data.s3.us-west-2.amazonaws.com/sentinel-2-c1-l2a/32/T/PP/2023/9/S2A_T32TPP_20230930T101805_L2A/B02.tif"", ""visual"": ""https://e84-earth-search-sentinel-data.s3.us-west-2.amazonaws.com/sentinel-2-c1-l2a/32/T/PP/2023/9/S2A_T32TPP_20230930T101805_L2A/TCI.tif"", ""nir"": ""https://e84-earth-search-sentinel-data.s3.us-west-2.amazonaws.com/sentinel-2-c1-l2a/32/T/PP/2023/9/S2A_T32TPP_20230930T101805_L2A/B08.tif"", ""swir22"": ""https://e84-earth-search-sentinel-data.s3.us-west-2.amazonaws.com/sentinel-2-c1-l2a/32/T/PP/2023/9/S2A_T32TPP_20230930T101805_L2A/B12.tif"", ""rededge2"": ""https://e84-earth-search-sentinel-data.s3.us-west-2.amazonaws.com/sentinel-2-c1-l2a/32/T/PP/2023/9/S2A_T32TPP_20230930T101805_L2A/B06.tif"", ""rededge3"": ""https://e84-earth-search-sentinel-data.s3.us-west-2.amazonaws.com/sentinel-2-c1-l2a/32/T/PP/2023/9/S2A_T32TPP_20230930T101805_L2A/B07.tif"", ""rededge1"": ""https://e84-earth-search-sentinel-data.s3.us-west-2.amazonaws.com/sentinel-2-c1-l2a/32/T/PP/2023/9/S2A_T32TPP_20230930T101805_L2A/B05.tif"", ""swir16"": ""https://e84-earth-search-sentinel-data.s3.us-west-2.amazonaws.com/sentinel-2-c1-l2a/32/T/PP/2023/9/S2A_T32TPP_20230930T101805_L2A/B11.tif"", ""wvp"": ""https://e84-earth-search-sentinel-data.s3.us-west-2.amazonaws.com/sentinel-2-c1-l2a/32/T/PP/2023/9/S2A_T32TPP_20230930T101805_L2A/WVP.tif"", ""nir08"": ""https://e84-earth-search-sentinel-data.s3.us-west-2.amazonaws.com/sentinel-2-c1-l2a/32/T/PP/2023/9/S2A_T32TPP_20230930T101805_L2A/B8A.tif"", ""scl"": ""https://e84-earth-search-sentinel-data.s3.us-west-2.amazonaws.com/sentinel-2-c1-l2a/32/T/PP/2023/9/S2A_T32TPP_20230930T101805_L2A/SCL.tif"", ""aot"": ""https://e84-earth-search-sentinel-data.s3.us-west-2.amazonaws.com/sentinel-2-c1-l2a/32/T/PP/2023/9/S2A_T32TPP_20230930T101805_L2A/AOT.tif"", ""coastal"": ""https://e84-earth-search-sentinel-data.s3.us-west-2.amazonaws.com/sentinel-2-c1-l2a/32/T/PP/2023/9/S2A_T32TPP_20230930T101805_L2A/B01.tif"", ""nir09"": ""https://e84-earth-search-sentinel-data.s3.us-west-2.amazonaws.com/sentinel-2-c1-l2a/32/T/PP/2023/9/S2A_T32TPP_20230930T101805_L2A/B09.tif"", ""cloud"": ""https://e84-earth-search-sentinel-data.s3.us-west-2.amazonaws.com/sentinel-2-c1-l2a/32/T/PP/2023/9/S2A_T32TPP_20230930T101805_L2A/CLD_20m.tif"", ""snow"": ""https://e84-earth-search-sentinel-data.s3.us-west-2.amazonaws.com/sentinel-2-c1-l2a/32/T/PP/2023/9/S2A_T32TPP_20230930T101805_L2A/SNW_20m.tif"", ""preview"": ""https://e84-earth-search-sentinel-data.s3.us-west-2.amazonaws.com/sentinel-2-c1-l2a/32/T/PP/2023/9/S2A_T32TPP_20230930T101805_L2A/L2A_PVI.tif"", ""granule_metadata"": ""https://e84-earth-search-sentinel-data.s3.us-west-2.amazonaws.com/sentinel-2-c1-l2a/32/T/PP/2023/9/S2A_T32TPP_20230930T101805_L2A/metadata.xml"", ""tileinfo_metadata"": ""https://e84-earth-search-sentinel-data.s3.us-west-2.amazonaws.com/sentinel-2-c1-l2a/32/T/PP/2023/9/S2A_T32TPP_20230930T101805_L2A/tileInfo.json"", ""product_metadata"": ""https://e84-earth-search-sentinel-data.s3.us-west-2.amazonaws.com/sentinel-2-c1-l2a/32/T/PP/2023/9/S2A_T32TPP_20230930T101805_L2A/product_metadata.xml"", ""thumbnail"": ""https://e84-earth-search-sentinel-data.s3.us-west-2.amazonaws.com/sentinel-2-c1-l2a/32/T/PP/2023/9/S2A_T32TPP_20230930T101805_L2A/L2A_PVI.jpg""}"
S2B_T32TQQ_20231002T100024_L2A,2023-10-02 10:08:29.451000+00:00,0.531268,,sentinel-2b,"{""red"": ""https://e84-earth-search-sentinel-data.s3.us-west-2.amazonaws.com/sentinel-2-c1-l2a/32/T/QQ/2023/10/S2B_T32TQQ_20231002T100024_L2A/B04.tif"", ""green"": ""https://e84-earth-search-sentinel-data.s3.us-west-2.amazonaws.com/sentinel-2-c1-l2a/32/T/QQ/2023/10/S2B_T32TQQ_20231002T100024_L2A/B03.tif"", ""blue"": ""https://e84-earth-search-sentinel-data.s3.us-west-2.amazonaws.com/sentinel-2-c1-l2a/32/T/QQ/2023/10/S2B_T32TQQ_20231002T100024_L2A/B02.tif"", ""visual"": ""https://e84-earth-search-sentinel-data.s3.us-west-2.amazonaws.com/sentinel-2-c1-l2a/32/T/QQ/2023/10/S2B_T32TQQ_20231002T100024_L2A/TCI.tif"", ""nir"": ""https://e84-earth-search-sentinel-data.s3.us-west-2.amazonaws.com/sentinel-2-c1-l2a/32/T/QQ/2023/10/S2B_T32TQQ_20231002T100024_L2A/B08.tif"", ""swir22"": ""https://e84-earth-search-sentinel-data.s3.us-west-2.amazonaws.com/sentinel-2-c1-l2a/32/T/QQ/2023/10/S2B_T32TQQ_20231002T100024_L2A/B12.tif"", ""rededge2"": ""https://e84-earth-search-sentinel-data.s3.us-west-2.amazonaws.com/sentinel-2-c1-l2a/32/T/QQ/2023/10/S2B_T32TQQ_20231002T100024_L2A/B06.tif"", ""rededge3"": ""https://e84-earth-search-sentinel-data.s3.us-west-2.amazonaws.com/sentinel-2-c1-l2a/32/T/QQ/2023/10/S2B_T32TQQ_20231002T100024_L2A/B07.tif"", ""rededge1"": ""https://e84-earth-search-sentinel-data.s3.us-west-2.amazonaws.com/sentinel-2-c1-l2a/32/T/QQ/2023/10/S2B_T32TQQ_20231002T100024_L2A/B05.tif"", ""swir16"": ""https://e84-earth-search-sentinel-data.s3.us-west-2.amazonaws.com/sentinel-2-c1-l2a/32/T/QQ/2023/10/S2B_T32TQQ_20231002T100024_L2A/B11.tif"", ""wvp"": ""https://e84-earth-search-sentinel-data.s3.us-west-2.amazonaws.com/sentinel-2-c1-l2a/32/T/QQ/2023/10/S2B_T32TQQ_20231002T100024_L2A/WVP.tif"", ""nir08"": ""https://e84-earth-search-sentinel-data.s3.us-west-2.amazonaws.com/sentinel-2-c1-l2a/32/T/QQ/2023/10/S2B_T32TQQ_20231002T100024_L2A/B8A.tif"", ""scl"": ""https://e84-earth-search-sentinel-data.s3.us-west-2.amazonaws.com/sentinel-2-c1-l2a/32/T/QQ/2023/10/S2B_T32TQQ_20231002T100024_L2A/SCL.tif"", ""aot"": ""https://e84-earth-search-sentinel-data.s3.us-west-2.amazonaws.com/sentinel-2-c1-l2a/32/T/QQ/2023/10/S2B_T32TQQ_20231002T100024_L2A/AOT.tif"", ""coastal"": ""https://e84-earth-search-sentinel-data.s3.us-west-2.amazonaws.com/sentinel-2-c1-l2a/32/T/QQ/2023/10/S2B_T32TQQ_20231002T100024_L2A/B01.tif"", ""nir09"": ""https://e84-earth-search-sentinel-data.s3.us-west-2.amazonaws.com/sentinel-2-c1-l2a/32/T/QQ/2023/10/S2B_T32TQQ_20231002T100024_L2A/B09.tif"", ""cloud"": ""https://e84-earth-search-sentinel-data.s3.us-west-2.amazonaws.com/sentinel-2-c1-l2a/32/T/QQ/2023/10/S2B_T32TQQ_20231002T100024_L2A/CLD_20m.tif"", ""snow"": ""https://e84-earth-search-sentinel-data.s3.us-west-2.amazonaws.com/sentinel-2-c1-l2a/32/T/QQ/2023/10/S2B_T32TQQ_20231002T100024_L2A/SNW_20m.tif"", ""preview"": ""https://e84-earth-search-sentinel-data.s3.us-west-2.amazonaws.com/sentinel-2-c1-l2a/32/T/QQ/2023/10/S2B_T32TQQ_20231002T100024_L2A/L2A_PVI.tif"", ""granule_metadata"": ""https://e84-earth-search-sentinel-data.s3.us-west-2.amazonaws.com/sentinel-2-c1-l2a/32/T/QQ/2023/10/S2B_T32TQQ_20231002T100024_L2A/metadata.xml"", ""tileinfo_metadata"": ""https://e84-earth-search-sentinel-data.s3.us-west-2.amazonaws.com/sentinel-2-c1-l2a/32/T/QQ/2023/10/S2B_T32TQQ_20231002T100024_L2A/tileInfo.json"", ""product_metadata"": ""https://e84-earth-search-sentinel-data.s3.us-west-2.amazonaws.com/sentinel-2-c1-l2a/32/T/QQ/2023/10/S2B_T32TQQ_20231002T100024_L2A/product_metadata.xml"", ""thumbnail"": ""https://e84-earth-search-sentinel-data.s3.us-west-2.amazonaws.com/sentinel-2-c1-l2a/32/T/QQ/2023/10/S2B_T32TQQ_20231002T100024_L2A/L2A_PVI.jpg""}"
S2B_T32TQP_20231002T100024_L2A,2023-10-02 10:08:44.174000+00:00,0.00064,,sentinel-2b,"{""red"": ""https://e84-earth-search-sentinel-data.s3.us-west-2.amazonaws.com/sentinel-2-c1-l2a/32/T/QP/2023/10/S2B_T32TQP_20231002T100024_L2A/B04.tif"", ""green"": ""https://e84-earth-search-sentinel-data.s3.us-west-2.amazonaws.com/sentinel-2-c1-l2a/32/T/QP/2023/10/S2B_T32TQP_20231002T100024_L2A/B03.tif"", ""blue"": ""https://e84-earth-search-sentinel-data.s3.us-west-2.amazonaws.com/sentinel-2-c1-l2a/32/T/QP/2023/10/S2B_T32TQP_20231002T100024_L2A/B02.tif"", ""visual"": ""https://e84-earth-search-sentinel-data.s3.us-west-2.amazonaws.com/sentinel-2-c1-l2a/32/T/QP/2023/10/S2B_T32TQP_20231002T100024_L2A/TCI.tif"", ""nir"": ""https://e84-earth-search-sentinel-data.s3.us-west-2.amazonaws.com/sentinel-2-c1-l2a/32/T/QP/2023/10/S2B_T32TQP_20231002T100024_L2A/B08.tif"", ""swir22"": ""https://e84-earth-search-sentinel-data.s3.us-west-2.amazonaws.com/sentinel-2-c1-l2a/32/T/QP/2023/10/S2B_T32TQP_20231002T100024_L2A/B12.tif"", ""rededge2"": ""https://e84-earth-search-sentinel-data.s3.us-west-2.amazonaws.com/sentinel-2-c1-l2a/32/T/QP/2023/10/S2B_T32TQP_20231002T100024_L2A/B06.tif"", ""rededge3"": ""https://e84-earth-search-sentinel-data.s3.us-west-2.amazonaws.com/sentinel-2-c1-l2a/32/T/QP/2023/10/S2B_T32TQP_20231002T100024_L2A/B07.tif"", ""rededge1"": ""https://e84-earth-search-sentinel-data.s3.us-west-2.amazonaws.com/sentinel-2-c1-l2a/32/T/QP/2023/10/S2B_T32TQP_20231002T100024_L2A/B05.tif"", ""swir16"": ""https://e84-earth-search-sentinel-data.s3.us-west-2.amazonaws.com/sentinel-2-c1-l2a/32/T/QP/2023/10/S2B_T32TQP_20231002T100024_L2A/B11.tif"", ""wvp"": ""https://e84-earth-search-sentinel-data.s3.us-west-2.amazonaws.com/sentinel-2-c1-l2a/32/T/QP/2023/10/S2B_T32TQP_20231002T100024_L2A/WVP.tif"", ""nir08"": ""https://e84-earth-search-sentinel-data.s3.us-west-2.amazonaws.com/sentinel-2-c1-l2a/32/T/QP/2023/10/S2B_T32TQP_20231002T100024_L2A/B8A.tif"", ""scl"": ""https://e84-earth-search-sentinel-data.s3.us-west-2.amazonaws.com/sentinel-2-c1-l2a/32/T/QP/2023/10/S2B_T32TQP_20231002T100024_L2A/SCL.tif"", ""aot"": ""https://e84-earth-search-sentinel-data.s3.us-west-2.amazonaws.com/sentinel-2-c1-l2a/32/T/QP/2023/10/S2B_T32TQP_20231002T100024_L2A/AOT.tif"", ""coastal"": ""https://e84-earth-search-sentinel-data.s3.us-west-2.amazonaws.com/sentinel-2-c1-l2a/32/T/QP/2023/10/S2B_T32TQP_20231002T100024_L2A/B01.tif"", ""nir09"": ""https://e84-earth-search-sentinel-data.s3.us-west-2.amazonaws.com/sentinel-2-c1-l2a/32/T/QP/2023/10/S2B_T32TQP_20231002T100024_L2A/B09.tif"", ""cloud"": ""https://e84-earth-search-sentinel-data.s3.us-west-2.amazonaws.com/sentinel-2-c1-l2a/32/T/QP/2023/10/S2B_T32TQP_20231002T100024_L2A/CLD_20m.tif"", ""snow"": ""https://e84-earth-search-sentinel-data.s3.us-west-2.amazonaws.com/sentinel-2-c1-l2a/32/T/QP/2023/10/S2B_T32TQP_20231002T100024_L2A/SNW_20m.tif"", ""preview"": ""https://e84-earth-search-sentinel-data.s3.us-west-2.amazonaws.com/sentinel-2-c1-l2a/32/T/QP/2023/10/S2B_T32TQP_20231002T100024_L2A/L2A_PVI.tif"", ""granule_metadata"": ""https://e84-earth-search-sentinel-data.s3.us-west-2.amazonaws.com/sentinel-2-c1-l2a/32/T/QP/2023/10/S2B_T32TQP_20231002T100024_L2A/metadata.xml"", ""tileinfo_metadata"": ""https://e84-earth-search-sentinel-data.s3.us-west-2.amazonaws.com/sentinel-2-c1-l2a/32/T/QP/2023/10/S2B_T32TQP_20231002T100024_L2A/tileInfo.json"", ""product_metadata"": ""https://e84-earth-search-sentinel-data.s3.us-west-2.amazonaws.com/sentinel-2-c1-l2a/32/T/QP/2023/10/S2B_T32TQP_20231002T100024_L2A/product_metadata.xml"", ""thumbnail"": ""https://e84-earth-search-sentinel-data.s3.us-west-2.amazonaws.com/sentinel-2-c1-l2a/32/T/QP/2023/10/S2B_T32TQP_20231002T100024_L2A/L2A_PVI.jpg""}"
S2A_T32TQQ_20231007T100026_L2A,2023-10-07 10:08:28.530000+00:00,2.21833,,sentinel-2a,"{""red"": ""https://e84-earth-search-sentinel-data.s3.us-west-2.amazonaws.com/sentinel-2-c1-l2a/32/T/QQ/2023/10/S2A_T32TQQ_20231007T100026_L2A/B04.tif"", ""green"": ""https://e84-earth-search-sentinel-data.s3.us-west-2.amazonaws.com/sentinel-2-c1-l2a/32/T/QQ/2023/10/S2A_T32TQQ_20231007T100026_L2A/B03.tif"", ""blue"": ""https://e84-earth-search-sentinel-data.s3.us-west-2.amazonaws.com/sentinel-2-c1-l2a/32/T/QQ/2023/10/S2A_T32TQQ_20231007T100026_L2A/B02.tif"", ""visual"": ""https://e84-earth-search-sentinel-data.s3.us-west-2.amazonaws.com/sentinel-2-c1-l2a/32/T/QQ/2023/10/S2A_T32TQQ_20231007T100026_L2A/TCI.tif"", ""nir"": ""https://e84-earth-search-sentinel-data.s3.us-west-2.amazonaws.com/sentinel-2-c1-l2a/32/T/QQ/2023/10/S2A_T32TQQ_20231007T100026_L2A/B08.tif"", ""swir22"": ""https://e84-earth-search-sentinel-data.s3.us-west-2.amazonaws.com/sentinel-2-c1-l2a/32/T/QQ/2023/10/S2A_T32TQQ_20231007T100026_L2A/B12.tif"", ""rededge2"": ""https://e84-earth-search-sentinel-data.s3.us-west-2.amazonaws.com/sentinel-2-c1-l2a/32/T/QQ/2023/10/S2A_T32TQQ_20231007T100026_L2A/B06.tif"", ""rededge3"": ""https://e84-earth-search-sentinel-data.s3.us-west-2.amazonaws.com/sentinel-2-c1-l2a/32/T/QQ/2023/10/S2A_T32TQQ_20231007T100026_L2A/B07.tif"", ""rededge1"": ""https://e84-earth-search-sentinel-data.s3.us-west-2.amazonaws.com/sentinel-2-c1-l2a/32/T/QQ/2023/10/S2A_T32TQQ_20231007T100026_L2A/B05.tif"", ""swir16"": ""https://e84-earth-search-sentinel-data.s3.us-west-2.amazonaws.com/sentinel-2-c1-l2a/32/T/QQ/2023/10/S2A_T32TQQ_20231007T100026_L2A/B11.tif"", ""wvp"": ""https://e84-earth-search-sentinel-data.s3.us-west-2.amazonaws.com/sentinel-2-c1-l2a/32/T/QQ/2023/10/S2A_T32TQQ_20231007T100026_L2A/WVP.tif"", ""nir08"": ""https://e84-earth-search-sentinel-data.s3.us-west-2.amazonaws.com/sentinel-2-c1-l2a/32/T/QQ/2023/10/S2A_T32TQQ_20231007T100026_L2A/B8A.tif"", ""scl"": ""https://e84-earth-search-sentinel-data.s3.us-west-2.amazonaws.com/sentinel-2-c1-l2a/32/T/QQ/2023/10/S2A_T32TQQ_20231007T100026_L2A/SCL.tif"", ""aot"": ""https://e84-earth-search-sentinel-data.s3.us-west-2.amazonaws.com/sentinel-2-c1-l2a/32/T/QQ/2023/10/S2A_T32TQQ_20231007T100026_L2A/AOT.tif"", ""coastal"": ""https://e84-earth-search-sentinel-data.s3.us-west-2.amazonaws.com/sentinel-2-c1-l2a/32/T/QQ/2023/10/S2A_T32TQQ_20231007T100026_L2A/B01.tif"", ""nir09"": ""https://e84-earth-search-sentinel-data.s3.us-west-2.amazonaws.com/sentinel-2-c1-l2a/32/T/QQ/2023/10/S2A_T32TQQ_20231007T100026_L2A/B09.tif"", ""cloud"": ""https://e84-earth-search-sentinel-data.s3.us-west-2.amazonaws.com/sentinel-2-c1-l2a/32/T/QQ/2023/10/S2A_T32TQQ_20231007T100026_L2A/CLD_20m.tif"", ""snow"": ""https://e84-earth-search-sentinel-data.s3.us-west-2.amazonaws.com/sentinel-2-c1-l2a/32/T/QQ/2023/10/S2A_T32TQQ_20231007T100026_L2A/SNW_20m.tif"", ""preview"": ""https://e84-earth-search-sentinel-data.s3.us-west-2.amazonaws.com/sentinel-2-c1-l2a/32/T/QQ/2023/10/S2A_T32TQQ_20231007T100026_L2A/L2A_PVI.tif"", ""granule_metadata"": ""https://e84-earth-search-sentinel-data.s3.us-west-2.amazonaws.com/sentinel-2-c1-l2a/32/T/QQ/2023/10/S2A_T32TQQ_20231007T100026_L2A/metadata.xml"", ""tileinfo_metadata"": ""https://e84-earth-search-sentinel-data.s3.us-west-2.amazonaws.com/sentinel-2-c1-l2a/32/T/QQ/2023/10/S2A_T32TQQ_20231007T100026_L2A/tileInfo.json"", ""product_metadata"": ""https://e84-earth-search-sentinel-data.s3.us-west-2.amazonaws.com/sentinel-2-c1-l2a/32/T/QQ/2023/10/S2A_T32TQQ_20231007T100026_L2A/product_metadata.xml"", ""thumbnail"": ""https://e84-earth-search-sentinel-data.s3.us-west-2.amazonaws.com/sentinel-2-c1-l2a/32/T/QQ/2023/10/S2A_T32TQQ_20231007T100026_L2A/L2A_PVI.jpg""}"
S2A_T32TQP_20231007T100026_L2A,2023-10-07 10:08:43.261000+00:00,1.998249,,sentinel-2a,"{""red"": ""https://e84-earth-search-sentinel-data.s3.us-west-2.amazonaws.com/sentinel-2-c1-l2a/32/T/QP/2023/10/S2A_T32TQP_20231007T100026_L2A/B04.tif"", ""green"": ""https://e84-earth-search-sentinel-data.s3.us-west-2.amazonaws.com/sentinel-2-c1-l2a/32/T/QP/2023/10/S2A_T32TQP_20231007T100026_L2A/B03.tif"", ""blue"": ""https://e84-earth-search-sentinel-data.s3.us-west-2.amazonaws.com/sentinel-2-c1-l2a/32/T/QP/2023/10/S2A_T32TQP_20231007T100026_L2A/B02.tif"", ""visual"": ""https://e84-earth-search-sentinel-data.s3.us-west-2.amazonaws.com/sentinel-2-c1-l2a/32/T/QP/2023/10/S2A_T32TQP_20231007T100026_L2A/TCI.tif"", ""nir"": ""https://e84-earth-search-sentinel-data.s3.us-west-2.amazonaws.com/sentinel-2-c1-l2a/32/T/QP/2023/10/S2A_T32TQP_20231007T100026_L2A/B08.tif"", ""swir22"": ""https://e84-earth-search-sentinel-data.s3.us-west-2.amazonaws.com/sentinel-2-c1-l2a/32/T/QP/2023/10/S2A_T32TQP_20231007T100026_L2A/B12.tif"", ""rededge2"": ""https://e84-earth-search-sentinel-data.s3.us-west-2.amazonaws.com/sentinel-2-c1-l2a/32/T/QP/2023/10/S2A_T32TQP_20231007T100026_L2A/B06.tif"", ""rededge3"": ""https://e84-earth-search-sentinel-data.s3.us-west-2.amazonaws.com/sentinel-2-c1-l2a/32/T/QP/2023/10/S2A_T32TQP_20231007T100026_L2A/B07.tif"", ""rededge1"": ""https://e84-earth-search-sentinel-data.s3.us-west-2.amazonaws.com/sentinel-2-c1-l2a/32/T/QP/2023/10/S2A_T32TQP_20231007T100026_L2A/B05.tif"", ""swir16"": ""https://e84-earth-search-sentinel-data.s3.us-west-2.amazonaws.com/sentinel-2-c1-l2a/32/T/QP/2023/10/S2A_T32TQP_20231007T100026_L2A/B11.tif"", ""wvp"": ""https://e84-earth-search-sentinel-data.s3.us-west-2.amazonaws.com/sentinel-2-c1-l2a/32/T/QP/2023/10/S2A_T32TQP_20231007T100026_L2A/WVP.tif"", ""nir08"": ""https://e84-earth-search-sentinel-data.s3.us-west-2.amazonaws.com/sentinel-2-c1-l2a/32/T/QP/2023/10/S2A_T32TQP_20231007T100026_L2A/B8A.tif"", ""scl"": ""https://e84-earth-search-sentinel-data.s3.us-west-2.amazonaws.com/sentinel-2-c1-l2a/32/T/QP/2023/10/S2A_T32TQP_20231007T100026_L2A/SCL.tif"", ""aot"": ""https://e84-earth-search-sentinel-data.s3.us-west-2.amazonaws.com/sentinel-2-c1-l2a/32/T/QP/2023/10/S2A_T32TQP_20231007T100026_L2A/AOT.tif"", ""coastal"": ""https://e84-earth-search-sentinel-data.s3.us-west-2.amazonaws.com/sentinel-2-c1-l2a/32/T/QP/2023/10/S2A_T32TQP_20231007T100026_L2A/B01.tif"", ""nir09"": ""https://e84-earth-search-sentinel-data.s3.us-west-2.amazonaws.com/sentinel-2-c1-l2a/32/T/QP/2023/10/S2A_T32TQP_20231007T100026_L2A/B09.tif"", ""cloud"": ""https://e84-earth-search-sentinel-data.s3.us-west-2.amazonaws.com/sentinel-2-c1-l2a/32/T/QP/2023/10/S2A_T32TQP_20231007T100026_L2A/CLD_20m.tif"", ""snow"": ""https://e84-earth-search-sentinel-data.s3.us-west-2.amazonaws.com/sentinel-2-c1-l2a/32/T/QP/2023/10/S2A_T32TQP_20231007T100026_L2A/SNW_20m.tif"", ""preview"": ""https://e84-earth-search-sentinel-data.s3.us-west-2.amazonaws.com/sentinel-2-c1-l2a/32/T/QP/2023/10/S2A_T32TQP_20231007T100026_L2A/L2A_PVI.tif"", ""granule_metadata"": ""https://e84-earth-search-sentinel-data.s3.us-west-2.amazonaws.com/sentinel-2-c1-l2a/32/T/QP/2023/10/S2A_T32TQP_20231007T100026_L2A/metadata.xml"", ""tileinfo_metadata"": ""https://e84-earth-search-sentinel-data.s3.us-west-2.amazonaws.com/sentinel-2-c1-l2a/32/T/QP/2023/10/S2A_T32TQP_20231007T100026_L2A/tileInfo.json"", ""product_metadata"": ""https://e84-earth-search-sentinel-data.s3.us-west-2.amazonaws.com/sentinel-2-c1-l2a/32/T/QP/2023/10/S2A_T32TQP_20231007T100026_L2A/product_metadata.xml"", ""thumbnail"": ""https://e84-earth-search-sentinel-data.s3.us-west-2.amazonaws.com/sentinel-2-c1-l2a/32/T/QP/2023/10/S2A_T32TQP_20231007T100026_L2A/L2A_PVI.jpg""}"
S2A_T32TQQ_20231010T100926_L2A,2023-10-10 10:18:23.962000+00:00,43.244535,,sentinel-2a,"{""red"": ""https://e84-earth-search-sentinel-data.s3.us-west-2.amazonaws.com/sentinel-2-c1-l2a/32/T/QQ/2023/10/S2A_T32TQQ_20231010T100926_L2A/B04.tif"", ""green"": ""https://e84-earth-search-sentinel-data.s3.us-west-2.amazonaws.com/sentinel-2-c1-l2a/32/T/QQ/2023/10/S2A_T32TQQ_20231010T100926_L2A/B03.tif"", ""blue"": ""https://e84-earth-search-sentinel-data.s3.us-west-2.amazonaws.com/sentinel-2-c1-l2a/32/T/QQ/2023/10/S2A_T32TQQ_20231010T100926_L2A/B02.tif"", ""visual"": ""https://e84-earth-search-sentinel-data.s3.us-west-2.amazonaws.com/sentinel-2-c1-l2a/32/T/QQ/2023/10/S2A_T32TQQ_20231010T100926_L2A/TCI.tif"", ""nir"": ""https://e84-earth-search-sentinel-data.s3.us-west-2.amazonaws.com/sentinel-2-c1-l2a/32/T/QQ/2023/10/S2A_T32TQQ_20231010T100926_L2A/B08.tif"", ""swir22"": ""https://e84-earth-search-sentinel-data.s3.us-west-2.amazonaws.com/sentinel-2-c1-l2a/32/T/QQ/2023/10/S2A_T32TQQ_20231010T100926_L2A/B12.tif"", ""rededge2"": ""https://e84-earth-search-sentinel-data.s3.us-west-2.amazonaws.com/sentinel-2-c1-l2a/32/T/QQ/2023/10/S2A_T32TQQ_20231010T100926_L2A/B06.tif"", ""rededge3"": ""https://e84-earth-search-sentinel-data.s3.us-west-2.amazonaws.com/sentinel-2-c1-l2a/32/T/QQ/2023/10/S2A_T32TQQ_20231010T100926_L2A/B07.tif"", ""rededge1"": ""https://e84-earth-search-sentinel-data.s3.us-west-2.amazonaws.com/sentinel-2-c1-l2a/32/T/QQ/2023/10/S2A_T32TQQ_20231010T100926_L2A/B05.tif"", ""swir16"": ""https://e84-earth-search-sentinel-data.s3.us-west-2.amazonaws.com/sentinel-2-c1-l2a/32/T/QQ/2023/10/S2A_T32TQQ_20231010T100926_L2A/B11.tif"", ""wvp"": ""https://e84-earth-search-sentinel-data.s3.us-west-2.amazonaws.com/sentinel-2-c1-l2a/32/T/QQ/2023/10/S2A_T32TQQ_20231010T100926_L2A/WVP.tif"", ""nir08"": ""https://e84-earth-search-sentinel-data.s3.us-west-2.amazonaws.com/sentinel-2-c1-l2a/32/T/QQ/2023/10/S2A_T32TQQ_20231010T100926_L2A/B8A.tif"", ""scl"": ""https://e84-earth-search-sentinel-data.s3.us-west-2.amazonaws.com/sentinel-2-c1-l2a/32/T/QQ/2023/10/S2A_T32TQQ_20231010T100926_L2A/SCL.tif"", ""aot"": ""https://e84-earth-search-sentinel-data.s3.us-west-2.amazonaws.com/sentinel-2-c1-l2a/32/T/QQ/2023/10/S2A_T32TQQ_20231010T100926_L2A/AOT.tif"", ""coastal"": ""https://e84-earth-search-sentinel-data.s3.us-west-2.amazonaws.com/sentinel-2-c1-l2a/32/T/QQ/2023/10/S2A_T32TQQ_20231010T100926_L2A/B01.tif"", ""nir09"": ""https://e84-earth-search-sentinel-data.s3.us-west-2.amazonaws.com/sentinel-2-c1-l2a/32/T/QQ/2023/10/S2A_T32TQQ_20231010T100926_L2A/B09.tif"", ""cloud"": ""https://e84-earth-search-sentinel-data.s3.us-west-2.amazonaws.com/sentinel-2-c1-l2a/32/T/QQ/2023/10/S2A_T32TQQ_20231010T100926_L2A/CLD_20m.tif"", ""snow"": ""https://e84-earth-search-sentinel-data.s3.us-west-2.amazonaws.com/sentinel-2-c1-l2a/32/T/QQ/2023/10/S2A_T32TQQ_20231010T100926_L2A/SNW_20m.tif"", ""preview"": ""https://e84-earth-search-sentinel-data.s3.us-west-2.amazonaws.com/sentinel-2-c1-l2a/32/T/QQ/2023/10/S2A_T32TQQ_20231010T100926_L2A/L2A_PVI.tif"", ""granule_metadata"": ""https://e84-earth-search-sentinel-data.s3.us-west-2.amazonaws.com/sentinel-2-c1-l2a/32/T/QQ/2023/10/S2A_T32TQQ_20231010T100926_L2A/metadata.xml"", ""tileinfo_metadata"": ""https://e84-earth-search-sentinel-data.s3.us-west-2.amazonaws.com/sentinel-2-c1-l2a/32/T/QQ/2023/10/S2A_T32TQQ_20231010T100926_L2A/tileInfo.json"", ""product_metadata"": ""https://e84-earth-search-sentinel-data.s3.us-west-2.amazonaws.com/sentinel-2-c1-l2a/32/T/QQ/2023/10/S2A_T32TQQ_20231010T100926_L2A/product_metadata.xml"", ""thumbnail"": ""https://e84-earth-search-sentinel-data.s3.us-west-2.amazonaws.com/sentinel-2-c1-l2a/32/T/QQ/2023/10/S2A_T32TQQ_20231010T100926_L2A/L2A_PVI.jpg""}"
S2A_T32TPQ_20231010T100926_L2A,2023-10-10 10:18:27.411000+00:00,2.985405,,sentinel-2a,"{""red"": ""https://e84-earth-search-sentinel-data.s3.us-west-2.amazonaws.com/sentinel-2-c1-l2a/32/T/PQ/2023/10/S2A_T32TPQ_20231010T100926_L2A/B04.tif"", ""green"": ""https://e84-earth-search-sentinel-data.s3.us-west-2.amazonaws.com/sentinel-2-c1-l2a/32/T/PQ/2023/10/S2A_T32TPQ_20231010T100926_L2A/B03.tif"", ""blue"": ""https://e84-earth-search-sentinel-data.s3.us-west-2.amazonaws.com/sentinel-2-c1-l2a/32/T/PQ/2023/10/S2A_T32TPQ_20231010T100926_L2A/B02.tif"", ""visual"": ""https://e84-earth-search-sentinel-data.s3.us-west-2.amazonaws.com/sentinel-2-c1-l2a/32/T/PQ/2023/10/S2A_T32TPQ_20231010T100926_L2A/TCI.tif"", ""nir"": ""https://e84-earth-search-sentinel-data.s3.us-west-2.amazonaws.com/sentinel-2-c1-l2a/32/T/PQ/2023/10/S2A_T32TPQ_20231010T100926_L2A/B08.tif"", ""swir22"": ""https://e84-earth-search-sentinel-data.s3.us-west-2.amazonaws.com/sentinel-2-c1-l2a/32/T/PQ/2023/10/S2A_T32TPQ_20231010T100926_L2A/B12.tif"", ""rededge2"": ""https://e84-earth-search-sentinel-data.s3.us-west-2.amazonaws.com/sentinel-2-c1-l2a/32/T/PQ/2023/10/S2A_T32TPQ_20231010T100926_L2A/B06.tif"", ""rededge3"": ""https://e84-earth-search-sentinel-data.s3.us-west-2.amazonaws.com/sentinel-2-c1-l2a/32/T/PQ/2023/10/S2A_T32TPQ_20231010T100926_L2A/B07.tif"", ""rededge1"": ""https://e84-earth-search-sentinel-data.s3.us-west-2.amazonaws.com/sentinel-2-c1-l2a/32/T/PQ/2023/10/S2A_T32TPQ_20231010T100926_L2A/B05.tif"", ""swir16"": ""https://e84-earth-search-sentinel-data.s3.us-west-2.amazonaws.com/sentinel-2-c1-l2a/32/T/PQ/2023/10/S2A_T32TPQ_20231010T100926_L2A/B11.tif"", ""wvp"": ""https://e84-earth-search-sentinel-data.s3.us-west-2.amazonaws.com/sentinel-2-c1-l2a/32/T/PQ/2023/10/S2A_T32TPQ_20231010T100926_L2A/WVP.tif"", ""nir08"": ""https://e84-earth-search-sentinel-data.s3.us-west-2.amazonaws.com/sentinel-2-c1-l2a/32/T/PQ/2023/10/S2A_T32TPQ_20231010T100926_L2A/B8A.tif"", ""scl"": ""https://e84-earth-search-sentinel-data.s3.us-west-2.amazonaws.com/sentinel-2-c1-l2a/32/T/PQ/2023/10/S2A_T32TPQ_20231010T100926_L2A/SCL.tif"", ""aot"": ""https://e84-earth-search-sentinel-data.s3.us-west-2.amazonaws.com/sentinel-2-c1-l2a/32/T/PQ/2023/10/S2A_T32TPQ_20231010T100926_L2A/AOT.tif"", ""coastal"": ""https://e84-earth-search-sentinel-data.s3.us-west-2.amazonaws.com/sentinel-2-c1-l2a/32/T/PQ/2023/10/S2A_T32TPQ_20231010T100926_L2A/B01.tif"", ""nir09"": ""https://e84-earth-search-sentinel-data.s3.us-west-2.amazonaws.com/sentinel-2-c1-l2a/32/T/PQ/2023/10/S2A_T32TPQ_20231010T100926_L2A/B09.tif"", ""cloud"": ""https://e84-earth-search-sentinel-data.s3.us-west-2.amazonaws.com/sentinel-2-c1-l2a/32/T/PQ/2023/10/S2A_T32TPQ_20231010T100926_L2A/CLD_20m.tif"", ""snow"": ""https://e84-earth-search-sentinel-data.s3.us-west-2.amazonaws.com/sentinel-2-c1-l2a/32/T/PQ/2023/10/S2A_T32TPQ_20231010T100926_L2A/SNW_20m.tif"", ""preview"": ""https://e84-earth-search-sentinel-data.s3.us-west-2.amazonaws.com/sentinel-2-c1-l2a/32/T/PQ/2023/10/S2A_T32TPQ_20231010T100926_L2A/L2A_PVI.tif"", ""granule_metadata"": ""https://e84-earth-search-sentinel-data.s3.us-west-2.amazonaws.com/sentinel-2-c1-l2a/32/T/PQ/2023/10/S2A_T32TPQ_20231010T100926_L2A/metadata.xml"", ""tileinfo_metadata"": ""https://e84-earth-search-sentinel-data.s3.us-west-2.amazonaws.com/sentinel-2-c1-l2a/32/T/PQ/2023/10/S2A_T32TPQ_20231010T100926_L2A/tileInfo.json"", ""product_metadata"": ""https://e84-earth-search-sentinel-data.s3.us-west-2.amazonaws.com/sentinel-2-c1-l2a/32/T/PQ/2023/10/S2A_T32TPQ_20231010T100926_L2A/product_metadata.xml"", ""thumbnail"": ""https://e84-earth-search-sentinel-data.s3.us-west-2.amazonaws.com/sentinel-2-c1-l2a/32/T/PQ/2023/10/S2A_T32TPQ_20231010T100926_L2A/L2A_PVI.jpg""}"
S2A_T32TQP_20231010T100926_L2A,2023-10-10 10:18:38.219000+00:00,0.449484,,sentinel-2a,"{""red"": ""https://e84-earth-search-sentinel-data.s3.us-west-2.amazonaws.com/sentinel-2-c1-l2a/32/T/QP/2023/10/S2A_T32TQP_20231010T100926_L2A/B04.tif"", ""green"": ""https://e84-earth-search-sentinel-data.s3.us-west-2.amazonaws.com/sentinel-2-c1-l2a/32/T/QP/2023/10/S2A_T32TQP_20231010T100926_L2A/B03.tif"", ""blue"": ""https://e84-earth-search-sentinel-data.s3.us-west-2.amazonaws.com/sentinel-2-c1-l2a/32/T/QP/2023/10/S2A_T32TQP_20231010T100926_L2A/B02.tif"", ""visual"": ""https://e84-earth-search-sentinel-data.s3.us-west-2.amazonaws.com/sentinel-2-c1-l2a/32/T/QP/2023/10/S2A_T32TQP_20231010T100926_L2A/TCI.tif"", ""nir"": ""https://e84-earth-search-sentinel-data.s3.us-west-2.amazonaws.com/sentinel-2-c1-l2a/32/T/QP/2023/10/S2A_T32TQP_20231010T100926_L2A/B08.tif"", ""swir22"": ""https://e84-earth-search-sentinel-data.s3.us-west-2.amazonaws.com/sentinel-2-c1-l2a/32/T/QP/2023/10/S2A_T32TQP_20231010T100926_L2A/B12.tif"", ""rededge2"": ""https://e84-earth-search-sentinel-data.s3.us-west-2.amazonaws.com/sentinel-2-c1-l2a/32/T/QP/2023/10/S2A_T32TQP_20231010T100926_L2A/B06.tif"", ""rededge3"": ""https://e84-earth-search-sentinel-data.s3.us-west-2.amazonaws.com/sentinel-2-c1-l2a/32/T/QP/2023/10/S2A_T32TQP_20231010T100926_L2A/B07.tif"", ""rededge1"": ""https://e84-earth-search-sentinel-data.s3.us-west-2.amazonaws.com/sentinel-2-c1-l2a/32/T/QP/2023/10/S2A_T32TQP_20231010T100926_L2A/B05.tif"", ""swir16"": ""https://e84-earth-search-sentinel-data.s3.us-west-2.amazonaws.com/sentinel-2-c1-l2a/32/T/QP/2023/10/S2A_T32TQP_20231010T100926_L2A/B11.tif"", ""wvp"": ""https://e84-earth-search-sentinel-data.s3.us-west-2.amazonaws.com/sentinel-2-c1-l2a/32/T/QP/2023/10/S2A_T32TQP_20231010T100926_L2A/WVP.tif"", ""nir08"": ""https://e84-earth-search-sentinel-data.s3.us-west-2.amazonaws.com/sentinel-2-c1-l2a/32/T/QP/2023/10/S2A_T32TQP_20231010T100926_L2A/B8A.tif"", ""scl"": ""https://e84-earth-search-sentinel-data.s3.us-west-2.amazonaws.com/sentinel-2-c1-l2a/32/T/QP/2023/10/S2A_T32TQP_20231010T100926_L2A/SCL.tif"", ""aot"": ""https://e84-earth-search-sentinel-data.s3.us-west-2.amazonaws.com/sentinel-2-c1-l2a/32/T/QP/2023/10/S2A_T32TQP_20231010T100926_L2A/AOT.tif"", ""coastal"": ""https://e84-earth-search-sentinel-data.s3.us-west-2.amazonaws.com/sentinel-2-c1-l2a/32/T/QP/2023/10/S2A_T32TQP_20231010T100926_L2A/B01.tif"", ""nir09"": ""https://e84-earth-search-sentinel-data.s3.us-west-2.amazonaws.com/sentinel-2-c1-l2a/32/T/QP/2023/10/S2A_T32TQP_20231010T100926_L2A/B09.tif"", ""cloud"": ""https://e84-earth-search-sentinel-data.s3.us-west-2.amazonaws.com/sentinel-2-c1-l2a/32/T/QP/2023/10/S2A_T32TQP_20231010T100926_L2A/CLD_20m.tif"", ""snow"": ""https://e84-earth-search-sentinel-data.s3.us-west-2.amazonaws.com/sentinel-2-c1-l2a/32/T/QP/2023/10/S2A_T32TQP_20231010T100926_L2A/SNW_20m.tif"", ""preview"": ""https://e84-earth-search-sentinel-data.s3.us-west-2.amazonaws.com/sentinel-2-c1-l2a/32/T/QP/2023/10/S2A_T32TQP_20231010T100926_L2A/L2A_PVI.tif"", ""granule_metadata"": ""https://e84-earth-search-sentinel-data.s3.us-west-2.amazonaws.com/sentinel-2-c1-l2a/32/T/QP/2023/10/S2A_T32TQP_20231010T100926_L2A/metadata.xml"", ""tileinfo_metadata"": ""https://e84-earth-search-sentinel-data.s3.us-west-2.amazonaws.com/sentinel-2-c1-l2a/32/T/QP/2023/10/S2A_T32TQP_20231010T100926_L2A/tileInfo.json"", ""product_metadata"": ""https://e84-earth-search-sentinel-data.s3.us-west-2.amazonaws.com/sentinel-2-c1-l2a/32/T/QP/2023/10/S2A_T32TQP_20231010T100926_L2A/product_metadata.xml"", ""thumbnail"": ""https://e84-earth-search-sentinel-data.s3.us-west-2.amazonaws.com/sentinel-2-c1-l2a/32/T/QP/2023/10/S2A_T32TQP_20231010T100926_L2A/L2A_PVI.jpg""}"
S2A_T32TPP_20231010T100926_L2A,2023-10-10 10:18:41.812000+00:00,18.366386,,sentinel-2a,"{""red"": ""https://e84-earth-search-sentinel-data.s3.us-west-2.amazonaws.com/sentinel-2-c1-l2a/32/T/PP/2023/10/S2A_T32TPP_20231010T100926_L2A/B04.tif"", ""green"": ""https://e84-earth-search-sentinel-data.s3.us-west-2.amazonaws.com/sentinel-2-c1-l2a/32/T/PP/2023/10/S2A_T32TPP_20231010T100926_L2A/B03.tif"", ""blue"": ""https://e84-earth-search-sentinel-data.s3.us-west-2.amazonaws.com/sentinel-2-c1-l2a/32/T/PP/2023/10/S2A_T32TPP_20231010T100926_L2A/B02.tif"", ""visual"": ""https://e84-earth-search-sentinel-data.s3.us-west-2.amazonaws.com/sentinel-2-c1-l2a/32/T/PP/2023/10/S2A_T32TPP_20231010T100926_L2A/TCI.tif"", ""nir"": ""https://e84-earth-search-sentinel-data.s3.us-west-2.amazonaws.com/sentinel-2-c1-l2a/32/T/PP/2023/10/S2A_T32TPP_20231010T100926_L2A/B08.tif"", ""swir22"": ""https://e84-earth-search-sentinel-data.s3.us-west-2.amazonaws.com/sentinel-2-c1-l2a/32/T/PP/2023/10/S2A_T32TPP_20231010T100926_L2A/B12.tif"", ""rededge2"": ""https://e84-earth-search-sentinel-data.s3.us-west-2.amazonaws.com/sentinel-2-c1-l2a/32/T/PP/2023/10/S2A_T32TPP_20231010T100926_L2A/B06.tif"", ""rededge3"": ""https://e84-earth-search-sentinel-data.s3.us-west-2.amazonaws.com/sentinel-2-c1-l2a/32/T/PP/2023/10/S2A_T32TPP_20231010T100926_L2A/B07.tif"", ""rededge1"": ""https://e84-earth-search-sentinel-data.s3.us-west-2.amazonaws.com/sentinel-2-c1-l2a/32/T/PP/2023/10/S2A_T32TPP_20231010T100926_L2A/B05.tif"", ""swir16"": ""https://e84-earth-search-sentinel-data.s3.us-west-2.amazonaws.com/sentinel-2-c1-l2a/32/T/PP/2023/10/S2A_T32TPP_20231010T100926_L2A/B11.tif"", ""wvp"": ""https://e84-earth-search-sentinel-data.s3.us-west-2.amazonaws.com/sentinel-2-c1-l2a/32/T/PP/2023/10/S2A_T32TPP_20231010T100926_L2A/WVP.tif"", ""nir08"": ""https://e84-earth-search-sentinel-data.s3.us-west-2.amazonaws.com/sentinel-2-c1-l2a/32/T/PP/2023/10/S2A_T32TPP_20231010T100926_L2A/B8A.tif"", ""scl"": ""https://e84-earth-search-sentinel-data.s3.us-west-2.amazonaws.com/sentinel-2-c1-l2a/32/T/PP/2023/10/S2A_T32TPP_20231010T100926_L2A/SCL.tif"", ""aot"": ""https://e84-earth-search-sentinel-data.s3.us-west-2.amazonaws.com/sentinel-2-c1-l2a/32/T/PP/2023/10/S2A_T32TPP_20231010T100926_L2A/AOT.tif"", ""coastal"": ""https://e84-earth-search-sentinel-data.s3.us-west-2.amazonaws.com/sentinel-2-c1-l2a/32/T/PP/2023/10/S2A_T32TPP_20231010T100926_L2A/B01.tif"", ""nir09"": ""https://e84-earth-search-sentinel-data.s3.us-west-2.amazonaws.com/sentinel-2-c1-l2a/32/T/PP/2023/10/S2A_T32TPP_20231010T100926_L2A/B09.tif"", ""cloud"": ""https://e84-earth-search-sentinel-data.s3.us-west-2.amazonaws.com/sentinel-2-c1-l2a/32/T/PP/2023/10/S2A_T32TPP_20231010T100926_L2A/CLD_20m.tif"", ""snow"": ""https://e84-earth-search-sentinel-data.s3.us-west-2.amazonaws.com/sentinel-2-c1-l2a/32/T/PP/2023/10/S2A_T32TPP_20231010T100926_L2A/SNW_20m.tif"", ""preview"": ""https://e84-earth-search-sentinel-data.s3.us-west-2.amazonaws.com/sentinel-2-c1-l2a/32/T/PP/2023/10/S2A_T32TPP_20231010T100926_L2A/L2A_PVI.tif"", ""granule_metadata"": ""https://e84-earth-search-sentinel-data.s3.us-west-2.amazonaws.com/sentinel-2-c1-l2a/32/T/PP/2023/10/S2A_T32TPP_20231010T100926_L2A/metadata.xml"", ""tileinfo_metadata"": ""https://e84-earth-search-sentinel-data.s3.us-west-2.amazonaws.com/sentinel-2-c1-l2a/32/T/PP/2023/10/S2A_T32TPP_20231010T100926_L2A/tileInfo.json"", ""product_metadata"": ""https://e84-earth-search-sentinel-data.s3.us-west-2.amazonaws.com/sentinel-2-c1-l2a/32/T/PP/2023/10/S2A_T32TPP_20231010T100926_L2A/product_metadata.xml"", ""thumbnail"": ""https://e84-earth-search-sentinel-data.s3.us-west-2.amazonaws.com/sentinel-2-c1-l2a/32/T/PP/2023/10/S2A_T32TPP_20231010T100926_L2A/L2A_PVI.jpg""}"
S2B_T32TQQ_20231012T100036_L2A,2023-10-12 10:08:30.132000+00:00,11.555494,,sentinel-2b,"{""red"": ""https://e84-earth-search-sentinel-data.s3.us-west-2.amazonaws.com/sentinel-2-c1-l2a/32/T/QQ/2023/10/S2B_T32TQQ_20231012T100036_L2A/B04.tif"", ""green"": ""https://e84-earth-search-sentinel-data.s3.us-west-2.amazonaws.com/sentinel-2-c1-l2a/32/T/QQ/2023/10/S2B_T32TQQ_20231012T100036_L2A/B03.tif"", ""blue"": ""https://e84-earth-search-sentinel-data.s3.us-west-2.amazonaws.com/sentinel-2-c1-l2a/32/T/QQ/2023/10/S2B_T32TQQ_20231012T100036_L2A/B02.tif"", ""visual"": ""https://e84-earth-search-sentinel-data.s3.us-west-2.amazonaws.com/sentinel-2-c1-l2a/32/T/QQ/2023/10/S2B_T32TQQ_20231012T100036_L2A/TCI.tif"", ""nir"": ""https://e84-earth-search-sentinel-data.s3.us-west-2.amazonaws.com/sentinel-2-c1-l2a/32/T/QQ/2023/10/S2B_T32TQQ_20231012T100036_L2A/B08.tif"", ""swir22"": ""https://e84-earth-search-sentinel-data.s3.us-west-2.amazonaws.com/sentinel-2-c1-l2a/32/T/QQ/2023/10/S2B_T32TQQ_20231012T100036_L2A/B12.tif"", ""rededge2"": ""https://e84-earth-search-sentinel-data.s3.us-west-2.amazonaws.com/sentinel-2-c1-l2a/32/T/QQ/2023/10/S2B_T32TQQ_20231012T100036_L2A/B06.tif"", ""rededge3"": ""https://e84-earth-search-sentinel-data.s3.us-west-2.amazonaws.com/sentinel-2-c1-l2a/32/T/QQ/2023/10/S2B_T32TQQ_20231012T100036_L2A/B07.tif"", ""rededge1"": ""https://e84-earth-search-sentinel-data.s3.us-west-2.amazonaws.com/sentinel-2-c1-l2a/32/T/QQ/2023/10/S2B_T32TQQ_20231012T100036_L2A/B05.tif"", ""swir16"": ""https://e84-earth-search-sentinel-data.s3.us-west-2.amazonaws.com/sentinel-2-c1-l2a/32/T/QQ/2023/10/S2B_T32TQQ_20231012T100036_L2A/B11.tif"", ""wvp"": ""https://e84-earth-search-sentinel-data.s3.us-west-2.amazonaws.com/sentinel-2-c1-l2a/32/T/QQ/2023/10/S2B_T32TQQ_20231012T100036_L2A/WVP.tif"", ""nir08"": ""https://e84-earth-search-sentinel-data.s3.us-west-2.amazonaws.com/sentinel-2-c1-l2a/32/T/QQ/2023/10/S2B_T32TQQ_20231012T100036_L2A/B8A.tif"", ""scl"": ""https://e84-earth-search-sentinel-data.s3.us-west-2.amazonaws.com/sentinel-2-c1-l2a/32/T/QQ/2023/10/S2B_T32TQQ_20231012T100036_L2A/SCL.tif"", ""aot"": ""https://e84-earth-search-sentinel-data.s3.us-west-2.amazonaws.com/sentinel-2-c1-l2a/32/T/QQ/2023/10/S2B_T32TQQ_20231012T100036_L2A/AOT.tif"", ""coastal"": ""https://e84-earth-search-sentinel-data.s3.us-west-2.amazonaws.com/sentinel-2-c1-l2a/32/T/QQ/2023/10/S2B_T32TQQ_20231012T100036_L2A/B01.tif"", ""nir09"": ""https://e84-earth-search-sentinel-data.s3.us-west-2.amazonaws.com/sentinel-2-c1-l2a/32/T/QQ/2023/10/S2B_T32TQQ_20231012T100036_L2A/B09.tif"", ""cloud"": ""https://e84-earth-search-sentinel-data.s3.us-west-2.amazonaws.com/sentinel-2-c1-l2a/32/T/QQ/2023/10/S2B_T32TQQ_20231012T100036_L2A/CLD_20m.tif"", ""snow"": ""https://e84-earth-search-sentinel-data.s3.us-west-2.amazonaws.com/sentinel-2-c1-l2a/32/T/QQ/2023/10/S2B_T32TQQ_20231012T100036_L2A/SNW_20m.tif"", ""preview"": ""https://e84-earth-search-sentinel-data.s3.us-west-2.amazonaws.com/sentinel-2-c1-l2a/32/T/QQ/2023/10/S2B_T32TQQ_20231012T100036_L2A/L2A_PVI.tif"", ""granule_metadata"": ""https://e84-earth-search-sentinel-data.s3.us-west-2.amazonaws.com/sentinel-2-c1-l2a/32/T/QQ/2023/10/S2B_T32TQQ_20231012T100036_L2A/metadata.xml"", ""tileinfo_metadata"": ""https://e84-earth-search-sentinel-data.s3.us-west-2.amazonaws.com/sentinel-2-c1-l2a/32/T/QQ/2023/10/S2B_T32TQQ_20231012T100036_L2A/tileInfo.json"", ""product_metadata"": ""https://e84-earth-search-sentinel-data.s3.us-west-2.amazonaws.com/sentinel-2-c1-l2a/32/T/QQ/2023/10/S2B_T32TQQ_20231012T100036_L2A/product_metadata.xml"", ""thumbnail"": ""https://e84-earth-search-sentinel-data.s3.us-west-2.amazonaws.com/sentinel-2-c1-l2a/32/T/QQ/2023/10/S2B_T32TQQ_20231012T100036_L2A/L2A_PVI.jpg""}"
S2B_T32TQP_20231012T100036_L2A,2023-10-12 10:08:44.858000+00:00,0.073564,,sentinel-2b,"{""red"": ""https://e84-earth-search-sentinel-data.s3.us-west-2.amazonaws.com/sentinel-2-c1-l2a/32/T/QP/2023/10/S2B_T32TQP_20231012T100036_L2A/B04.tif"", ""green"": ""https://e84-earth-search-sentinel-data.s3.us-west-2.amazonaws.com/sentinel-2-c1-l2a/32/T/QP/2023/10/S2B_T32TQP_20231012T100036_L2A/B03.tif"", ""blue"": ""https://e84-earth-search-sentinel-data.s3.us-west-2.amazonaws.com/sentinel-2-c1-l2a/32/T/QP/2023/10/S2B_T32TQP_20231012T100036_L2A/B02.tif"", ""visual"": ""https://e84-earth-search-sentinel-data.s3.us-west-2.amazonaws.com/sentinel-2-c1-l2a/32/T/QP/2023/10/S2B_T32TQP_20231012T100036_L2A/TCI.tif"", ""nir"": ""https://e84-earth-search-sentinel-data.s3.us-west-2.amazonaws.com/sentinel-2-c1-l2a/32/T/QP/2023/10/S2B_T32TQP_20231012T100036_L2A/B08.tif"", ""swir22"": ""https://e84-earth-search-sentinel-data.s3.us-west-2.amazonaws.com/sentinel-2-c1-l2a/32/T/QP/2023/10/S2B_T32TQP_20231012T100036_L2A/B12.tif"", ""rededge2"": ""https://e84-earth-search-sentinel-data.s3.us-west-2.amazonaws.com/sentinel-2-c1-l2a/32/T/QP/2023/10/S2B_T32TQP_20231012T100036_L2A/B06.tif"", ""rededge3"": ""https://e84-earth-search-sentinel-data.s3.us-west-2.amazonaws.com/sentinel-2-c1-l2a/32/T/QP/2023/10/S2B_T32TQP_20231012T100036_L2A/B07.tif"", ""rededge1"": ""https://e84-earth-search-sentinel-data.s3.us-west-2.amazonaws.com/sentinel-2-c1-l2a/32/T/QP/2023/10/S2B_T32TQP_20231012T100036_L2A/B05.tif"", ""swir16"": ""https://e84-earth-search-sentinel-data.s3.us-west-2.amazonaws.com/sentinel-2-c1-l2a/32/T/QP/2023/10/S2B_T32TQP_20231012T100036_L2A/B11.tif"", ""wvp"": ""https://e84-earth-search-sentinel-data.s3.us-west-2.amazonaws.com/sentinel-2-c1-l2a/32/T/QP/2023/10/S2B_T32TQP_20231012T100036_L2A/WVP.tif"", ""nir08"": ""https://e84-earth-search-sentinel-data.s3.us-west-2.amazonaws.com/sentinel-2-c1-l2a/32/T/QP/2023/10/S2B_T32TQP_20231012T100036_L2A/B8A.tif"", ""scl"": ""https://e84-earth-search-sentinel-data.s3.us-west-2.amazonaws.com/sentinel-2-c1-l2a/32/T/QP/2023/10/S2B_T32TQP_20231012T100036_L2A/SCL.tif"", ""aot"": ""https://e84-earth-search-sentinel-data.s3.us-west-2.amazonaws.com/sentinel-2-c1-l2a/32/T/QP/2023/10/S2B_T32TQP_20231012T100036_L2A/AOT.tif"", ""coastal"": ""https://e84-earth-search-sentinel-data.s3.us-west-2.amazonaws.com/sentinel-2-c1-l2a/32/T/QP/2023/10/S2B_T32TQP_20231012T100036_L2A/B01.tif"", ""nir09"": ""https://e84-earth-search-sentinel-data.s3.us-west-2.amazonaws.com/sentinel-2-c1-l2a/32/T/QP/2023/10/S2B_T32TQP_20231012T100036_L2A/B09.tif"", ""cloud"": ""https://e84-earth-search-sentinel-data.s3.us-west-2.amazonaws.com/sentinel-2-c1-l2a/32/T/QP/2023/10/S2B_T32TQP_20231012T100036_L2A/CLD_20m.tif"", ""snow"": ""https://e84-earth-search-sentinel-data.s3.us-west-2.amazonaws.com/sentinel-2-c1-l2a/32/T/QP/2023/10/S2B_T32TQP_20231012T100036_L2A/SNW_20m.tif"", ""preview"": ""https://e84-earth-search-sentinel-data.s3.us-west-2.amazonaws.com/sentinel-2-c1-l2a/32/T/QP/2023/10/S2B_T32TQP_20231012T100036_L2A/L2A_PVI.tif"", ""granule_metadata"": ""https://e84-earth-search-sentinel-data.s3.us-west-2.amazonaws.com/sentinel-2-c1-l2a/32/T/QP/2023/10/S2B_T32TQP_20231012T100036_L2A/metadata.xml"", ""tileinfo_metadata"": ""https://e84-earth-search-sentinel-data.s3.us-west-2.amazonaws.com/sentinel-2-c1-l2a/32/T/QP/2023/10/S2B_T32TQP_20231012T100036_L2A/tileInfo.json"", ""product_metadata"": ""https://e84-earth-search-sentinel-data.s3.us-west-2.amazonaws.com/sentinel-2-c1-l2a/32/T/QP/2023/10/S2B_T32TQP_20231012T100036_L2A/product_metadata.xml"", ""thumbnail"": ""https://e84-earth-search-sentinel-data.s3.us-west-2.amazonaws.com/sentinel-2-c1-l2a/32/T/QP/2023/10/S2B_T32TQP_20231012T100036_L2A/L2A_PVI.jpg""}"
S2A_T32TQP_20231017T100036_L2A,2023-10-17 10:08:42.083000+00:00,58.632779,,sentinel-2a,"{""red"": ""https://e84-earth-search-sentinel-data.s3.us-west-2.amazonaws.com/sentinel-2-c1-l2a/32/T/QP/2023/10/S2A_T32TQP_20231017T100036_L2A/B04.tif"", ""green"": ""https://e84-earth-search-sentinel-data.s3.us-west-2.amazonaws.com/sentinel-2-c1-l2a/32/T/QP/2023/10/S2A_T32TQP_20231017T100036_L2A/B03.tif"", ""blue"": ""https://e84-earth-search-sentinel-data.s3.us-west-2.amazonaws.com/sentinel-2-c1-l2a/32/T/QP/2023/10/S2A_T32TQP_20231017T100036_L2A/B02.tif"", ""visual"": ""https://e84-earth-search-sentinel-data.s3.us-west-2.amazonaws.com/sentinel-2-c1-l2a/32/T/QP/2023/10/S2A_T32TQP_20231017T100036_L2A/TCI.tif"", ""nir"": ""https://e84-earth-search-sentinel-data.s3.us-west-2.amazonaws.com/sentinel-2-c1-l2a/32/T/QP/2023/10/S2A_T32TQP_20231017T100036_L2A/B08.tif"", ""swir22"": ""https://e84-earth-search-sentinel-data.s3.us-west-2.amazonaws.com/sentinel-2-c1-l2a/32/T/QP/2023/10/S2A_T32TQP_20231017T100036_L2A/B12.tif"", ""rededge2"": ""https://e84-earth-search-sentinel-data.s3.us-west-2.amazonaws.com/sentinel-2-c1-l2a/32/T/QP/2023/10/S2A_T32TQP_20231017T100036_L2A/B06.tif"", ""rededge3"": ""https://e84-earth-search-sentinel-data.s3.us-west-2.amazonaws.com/sentinel-2-c1-l2a/32/T/QP/2023/10/S2A_T32TQP_20231017T100036_L2A/B07.tif"", ""rededge1"": ""https://e84-earth-search-sentinel-data.s3.us-west-2.amazonaws.com/sentinel-2-c1-l2a/32/T/QP/2023/10/S2A_T32TQP_20231017T100036_L2A/B05.tif"", ""swir16"": ""https://e84-earth-search-sentinel-data.s3.us-west-2.amazonaws.com/sentinel-2-c1-l2a/32/T/QP/2023/10/S2A_T32TQP_20231017T100036_L2A/B11.tif"", ""wvp"": ""https://e84-earth-search-sentinel-data.s3.us-west-2.amazonaws.com/sentinel-2-c1-l2a/32/T/QP/2023/10/S2A_T32TQP_20231017T100036_L2A/WVP.tif"", ""nir08"": ""https://e84-earth-search-sentinel-data.s3.us-west-2.amazonaws.com/sentinel-2-c1-l2a/32/T/QP/2023/10/S2A_T32TQP_20231017T100036_L2A/B8A.tif"", ""scl"": ""https://e84-earth-search-sentinel-data.s3.us-west-2.amazonaws.com/sentinel-2-c1-l2a/32/T/QP/2023/10/S2A_T32TQP_20231017T100036_L2A/SCL.tif"", ""aot"": ""https://e84-earth-search-sentinel-data.s3.us-west-2.amazonaws.com/sentinel-2-c1-l2a/32/T/QP/2023/10/S2A_T32TQP_20231017T100036_L2A/AOT.tif"", ""coastal"": ""https://e84-earth-search-sentinel-data.s3.us-west-2.amazonaws.com/sentinel-2-c1-l2a/32/T/QP/2023/10/S2A_T32TQP_20231017T100036_L2A/B01.tif"", ""nir09"": ""https://e84-earth-search-sentinel-data.s3.us-west-2.amazonaws.com/sentinel-2-c1-l2a/32/T/QP/2023/10/S2A_T32TQP_20231017T100036_L2A/B09.tif"", ""cloud"": ""https://e84-earth-search-sentinel-data.s3.us-west-2.amazonaws.com/sentinel-2-c1-l2a/32/T/QP/2023/10/S2A_T32TQP_20231017T100036_L2A/CLD_20m.tif"", ""snow"": ""https://e84-earth-search-sentinel-data.s3.us-west-2.amazonaws.com/sentinel-2-c1-l2a/32/T/QP/2023/10/S2A_T32TQP_20231017T100036_L2A/SNW_20m.tif"", ""preview"": ""https://e84-earth-search-sentinel-data.s3.us-west-2.amazonaws.com/sentinel-2-c1-l2a/32/T/QP/2023/10/S2A_T32TQP_20231017T100036_L2A/L2A_PVI.tif"", ""granule_metadata"": ""https://e84-earth-search-sentinel-data.s3.us-west-2.amazonaws.com/sentinel-2-c1-l2a/32/T/QP/2023/10/S2A_T32TQP_20231017T100036_L2A/metadata.xml"", ""tileinfo_metadata"": ""https://e84-earth-search-sentinel-data.s3.us-west-2.amazonaws.com/sentinel-2-c1-l2a/32/T/QP/2023/10/S2A_T32TQP_20231017T100036_L2A/tileInfo.json"", ""product_metadata"": ""https://e84-earth-search-sentinel-data.s3.us-west-2.amazonaws.com/sentinel-2-c1-l2a/32/T/QP/2023/10/S2A_T32TQP_20231017T100036_L2A/product_metadata.xml"", ""thumbnail"": ""https://e84-earth-search-sentinel-data.s3.us-west-2.amazonaws.com/sentinel-2-c1-l2a/32/T/QP/2023/10/S2A_T32TQP_20231017T100036_L2A/L2A_PVI.jpg""}"
S2B_T32TQQ_20231022T100652_L2A,2023-10-22 10:08:29.732000+00:00,1.543686,,sentinel-2b,"{""red"": ""https://e84-earth-search-sentinel-data.s3.us-west-2.amazonaws.com/sentinel-2-c1-l2a/32/T/QQ/2023/10/S2B_T32TQQ_20231022T100652_L2A/B04.tif"", ""green"": ""https://e84-earth-search-sentinel-data.s3.us-west-2.amazonaws.com/sentinel-2-c1-l2a/32/T/QQ/2023/10/S2B_T32TQQ_20231022T100652_L2A/B03.tif"", ""blue"": ""https://e84-earth-search-sentinel-data.s3.us-west-2.amazonaws.com/sentinel-2-c1-l2a/32/T/QQ/2023/10/S2B_T32TQQ_20231022T100652_L2A/B02.tif"", ""visual"": ""https://e84-earth-search-sentinel-data.s3.us-west-2.amazonaws.com/sentinel-2-c1-l2a/32/T/QQ/2023/10/S2B_T32TQQ_20231022T100652_L2A/TCI.tif"", ""nir"": ""https://e84-earth-search-sentinel-data.s3.us-west-2.amazonaws.com/sentinel-2-c1-l2a/32/T/QQ/2023/10/S2B_T32TQQ_20231022T100652_L2A/B08.tif"", ""swir22"": ""https://e84-earth-search-sentinel-data.s3.us-west-2.amazonaws.com/sentinel-2-c1-l2a/32/T/QQ/2023/10/S2B_T32TQQ_20231022T100652_L2A/B12.tif"", ""rededge2"": ""https://e84-earth-search-sentinel-data.s3.us-west-2.amazonaws.com/sentinel-2-c1-l2a/32/T/QQ/2023/10/S2B_T32TQQ_20231022T100652_L2A/B06.tif"", ""rededge3"": ""https://e84-earth-search-sentinel-data.s3.us-west-2.amazonaws.com/sentinel-2-c1-l2a/32/T/QQ/2023/10/S2B_T32TQQ_20231022T100652_L2A/B07.tif"", ""rededge1"": ""https://e84-earth-search-sentinel-data.s3.us-west-2.amazonaws.com/sentinel-2-c1-l2a/32/T/QQ/2023/10/S2B_T32TQQ_20231022T100652_L2A/B05.tif"", ""swir16"": ""https://e84-earth-search-sentinel-data.s3.us-west-2.amazonaws.com/sentinel-2-c1-l2a/32/T/QQ/2023/10/S2B_T32TQQ_20231022T100652_L2A/B11.tif"", ""wvp"": ""https://e84-earth-search-sentinel-data.s3.us-west-2.amazonaws.com/sentinel-2-c1-l2a/32/T/QQ/2023/10/S2B_T32TQQ_20231022T100652_L2A/WVP.tif"", ""nir08"": ""https://e84-earth-search-sentinel-data.s3.us-west-2.amazonaws.com/sentinel-2-c1-l2a/32/T/QQ/2023/10/S2B_T32TQQ_20231022T100652_L2A/B8A.tif"", ""scl"": ""https://e84-earth-search-sentinel-data.s3.us-west-2.amazonaws.com/sentinel-2-c1-l2a/32/T/QQ/2023/10/S2B_T32TQQ_20231022T100652_L2A/SCL.tif"", ""aot"": ""https://e84-earth-search-sentinel-data.s3.us-west-2.amazonaws.com/sentinel-2-c1-l2a/32/T/QQ/2023/10/S2B_T32TQQ_20231022T100652_L2A/AOT.tif"", ""coastal"": ""https://e84-earth-search-sentinel-data.s3.us-west-2.amazonaws.com/sentinel-2-c1-l2a/32/T/QQ/2023/10/S2B_T32TQQ_20231022T100652_L2A/B01.tif"", ""nir09"": ""https://e84-earth-search-sentinel-data.s3.us-west-2.amazonaws.com/sentinel-2-c1-l2a/32/T/QQ/2023/10/S2B_T32TQQ_20231022T100652_L2A/B09.tif"", ""cloud"": ""https://e84-earth-search-sentinel-data.s3.us-west-2.amazonaws.com/sentinel-2-c1-l2a/32/T/QQ/2023/10/S2B_T32TQQ_20231022T100652_L2A/CLD_20m.tif"", ""snow"": ""https://e84-earth-search-sentinel-data.s3.us-west-2.amazonaws.com/sentinel-2-c1-l2a/32/T/QQ/2023/10/S2B_T32TQQ_20231022T100652_L2A/SNW_20m.tif"", ""preview"": ""https://e84-earth-search-sentinel-data.s3.us-west-2.amazonaws.com/sentinel-2-c1-l2a/32/T/QQ/2023/10/S2B_T32TQQ_20231022T100652_L2A/L2A_PVI.tif"", ""granule_metadata"": ""https://e84-earth-search-sentinel-data.s3.us-west-2.amazonaws.com/sentinel-2-c1-l2a/32/T/QQ/2023/10/S2B_T32TQQ_20231022T100652_L2A/metadata.xml"", ""tileinfo_metadata"": ""https://e84-earth-search-sentinel-data.s3.us-west-2.amazonaws.com/sentinel-2-c1-l2a/32/T/QQ/2023/10/S2B_T32TQQ_20231022T100652_L2A/tileInfo.json"", ""product_metadata"": ""https://e84-earth-search-sentinel-data.s3.us-west-2.amazonaws.com/sentinel-2-c1-l2a/32/T/QQ/2023/10/S2B_T32TQQ_20231022T100652_L2A/product_metadata.xml"", ""thumbnail"": ""https://e84-earth-search-sentinel-data.s3.us-west-2.amazonaws.com/sentinel-2-c1-l2a/32/T/QQ/2023/10/S2B_T32TQQ_20231022T100652_L2A/L2A_PVI.jpg""}"
S2B_T32TQP_20231022T100652_L2A,2023-10-22 10:08:44.458000+00:00,45.483297,,sentinel-2b,"{""nir08"": ""https://e84-earth-search-sentinel-data.s3.us-west-2.amazonaws.com/sentinel-2-c1-l2a/32/T/QP/2023/10/S2B_T32TQP_20231022T100652_L2A/B8A.tif"", ""preview"": ""https://e84-earth-search-sentinel-data.s3.us-west-2.amazonaws.com/sentinel-2-c1-l2a/32/T/QP/2023/10/S2B_T32TQP_20231022T100652_L2A/L2A_PVI.tif"", ""thumbnail"": ""https://e84-earth-search-sentinel-data.s3.us-west-2.amazonaws.com/sentinel-2-c1-l2a/32/T/QP/2023/10/S2B_T32TQP_20231022T100652_L2A/L2A_PVI.jpg"", ""green"": ""https://e84-earth-search-sentinel-data.s3.us-west-2.amazonaws.com/sentinel-2-c1-l2a/32/T/QP/2023/10/S2B_T32TQP_20231022T100652_L2A/B03.tif"", ""product_metadata"": ""https://e84-earth-search-sentinel-data.s3.us-west-2.amazonaws.com/sentinel-2-c1-l2a/32/T/QP/2023/10/S2B_T32TQP_20231022T100652_L2A/product_metadata.xml"", ""aot"": ""https://e84-earth-search-sentinel-data.s3.us-west-2.amazonaws.com/sentinel-2-c1-l2a/32/T/QP/2023/10/S2B_T32TQP_20231022T100652_L2A/AOT.tif"", ""tileinfo_metadata"": ""https://e84-earth-search-sentinel-data.s3.us-west-2.amazonaws.com/sentinel-2-c1-l2a/32/T/QP/2023/10/S2B_T32TQP_20231022T100652_L2A/tileInfo.json"", ""swir16"": ""https://e84-earth-search-sentinel-data.s3.us-west-2.amazonaws.com/sentinel-2-c1-l2a/32/T/QP/2023/10/S2B_T32TQP_20231022T100652_L2A/B11.tif"", ""granule_metadata"": ""https://e84-earth-search-sentinel-data.s3.us-west-2.amazonaws.com/sentinel-2-c1-l2a/32/T/QP/2023/10/S2B_T32TQP_20231022T100652_L2A/metadata.xml"", ""red"": ""https://e84-earth-search-sentinel-data.s3.us-west-2.amazonaws.com/sentinel-2-c1-l2a/32/T/QP/2023/10/S2B_T32TQP_20231022T100652_L2A/B04.tif"", ""wvp"": ""https://e84-earth-search-sentinel-data.s3.us-west-2.amazonaws.com/sentinel-2-c1-l2a/32/T/QP/2023/10/S2B_T32TQP_20231022T100652_L2A/WVP.tif"", ""cloud"": ""https://e84-earth-search-sentinel-data.s3.us-west-2.amazonaws.com/sentinel-2-c1-l2a/32/T/QP/2023/10/S2B_T32TQP_20231022T100652_L2A/CLD_20m.tif"", ""blue"": ""https://e84-earth-search-sentinel-data.s3.us-west-2.amazonaws.com/sentinel-2-c1-l2a/32/T/QP/2023/10/S2B_T32TQP_20231022T100652_L2A/B02.tif"", ""nir"": ""https://e84-earth-search-sentinel-data.s3.us-west-2.amazonaws.com/sentinel-2-c1-l2a/32/T/QP/2023/10/S2B_T32TQP_20231022T100652_L2A/B08.tif"", ""swir22"": ""https://e84-earth-search-sentinel-data.s3.us-west-2.amazonaws.com/sentinel-2-c1-l2a/32/T/QP/2023/10/S2B_T32TQP_20231022T100652_L2A/B12.tif"", ""snow"": ""https://e84-earth-search-sentinel-data.s3.us-west-2.amazonaws.com/sentinel-2-c1-l2a/32/T/QP/2023/10/S2B_T32TQP_20231022T100652_L2A/SNW_20m.tif"", ""visual"": ""https://e84-earth-search-sentinel-data.s3.us-west-2.amazonaws.com/sentinel-2-c1-l2a/32/T/QP/2023/10/S2B_T32TQP_20231022T100652_L2A/TCI.tif"", ""rededge2"": ""https://e84-earth-search-sentinel-data.s3.us-west-2.amazonaws.com/sentinel-2-c1-l2a/32/T/QP/2023/10/S2B_T32TQP_20231022T100652_L2A/B06.tif"", ""rededge3"": ""https://e84-earth-search-sentinel-data.s3.us-west-2.amazonaws.com/sentinel-2-c1-l2a/32/T/QP/2023/10/S2B_T32TQP_20231022T100652_L2A/B07.tif"", ""rededge1"": ""https://e84-earth-search-sentinel-data.s3.us-west-2.amazonaws.com/sentinel-2-c1-l2a/32/T/QP/2023/10/S2B_T32TQP_20231022T100652_L2A/B05.tif"", ""scl"": ""https://e84-earth-search-sentinel-data.s3.us-west-2.amazonaws.com/sentinel-2-c1-l2a/32/T/QP/2023/10/S2B_T32TQP_20231022T100652_L2A/SCL.tif"", ""coastal"": ""https://e84-earth-search-sentinel-data.s3.us-west-2.amazonaws.com/sentinel-2-c1-l2a/32/T/QP/2023/10/S2B_T32TQP_20231022T100652_L2A/B01.tif"", ""nir09"": ""https://e84-earth-search-sentinel-data.s3.us-west-2.amazonaws.com/sentinel-2-c1-l2a/32/T/QP/2023/10/S2B_T32TQP_20231022T100652_L2A/B09.tif""}"
S2A_T32TQQ_20231027T100124_L2A,2023-10-27 10:08:28.055000+00:00,65.90243,,sentinel-2a,"{""red"": ""https://e84-earth-search-sentinel-data.s3.us-west-2.amazonaws.com/sentinel-2-c1-l2a/32/T/QQ/2023/10/S2A_T32TQQ_20231027T100124_L2A/B04.tif"", ""green"": ""https://e84-earth-search-sentinel-data.s3.us-west-2.amazonaws.com/sentinel-2-c1-l2a/32/T/QQ/2023/10/S2A_T32TQQ_20231027T100124_L2A/B03.tif"", ""blue"": ""https://e84-earth-search-sentinel-data.s3.us-west-2.amazonaws.com/sentinel-2-c1-l2a/32/T/QQ/2023/10/S2A_T32TQQ_20231027T100124_L2A/B02.tif"", ""visual"": ""https://e84-earth-search-sentinel-data.s3.us-west-2.amazonaws.com/sentinel-2-c1-l2a/32/T/QQ/2023/10/S2A_T32TQQ_20231027T100124_L2A/TCI.tif"", ""nir"": ""https://e84-earth-search-sentinel-data.s3.us-west-2.amazonaws.com/sentinel-2-c1-l2a/32/T/QQ/2023/10/S2A_T32TQQ_20231027T100124_L2A/B08.tif"", ""swir22"": ""https://e84-earth-search-sentinel-data.s3.us-west-2.amazonaws.com/sentinel-2-c1-l2a/32/T/QQ/2023/10/S2A_T32TQQ_20231027T100124_L2A/B12.tif"", ""rededge2"": ""https://e84-earth-search-sentinel-data.s3.us-west-2.amazonaws.com/sentinel-2-c1-l2a/32/T/QQ/2023/10/S2A_T32TQQ_20231027T100124_L2A/B06.tif"", ""rededge3"": ""https://e84-earth-search-sentinel-data.s3.us-west-2.amazonaws.com/sentinel-2-c1-l2a/32/T/QQ/2023/10/S2A_T32TQQ_20231027T100124_L2A/B07.tif"", ""rededge1"": ""https://e84-earth-search-sentinel-data.s3.us-west-2.amazonaws.com/sentinel-2-c1-l2a/32/T/QQ/2023/10/S2A_T32TQQ_20231027T100124_L2A/B05.tif"", ""swir16"": ""https://e84-earth-search-sentinel-data.s3.us-west-2.amazonaws.com/sentinel-2-c1-l2a/32/T/QQ/2023/10/S2A_T32TQQ_20231027T100124_L2A/B11.tif"", ""wvp"": ""https://e84-earth-search-sentinel-data.s3.us-west-2.amazonaws.com/sentinel-2-c1-l2a/32/T/QQ/2023/10/S2A_T32TQQ_20231027T100124_L2A/WVP.tif"", ""nir08"": ""https://e84-earth-search-sentinel-data.s3.us-west-2.amazonaws.com/sentinel-2-c1-l2a/32/T/QQ/2023/10/S2A_T32TQQ_20231027T100124_L2A/B8A.tif"", ""scl"": ""https://e84-earth-search-sentinel-data.s3.us-west-2.amazonaws.com/sentinel-2-c1-l2a/32/T/QQ/2023/10/S2A_T32TQQ_20231027T100124_L2A/SCL.tif"", ""aot"": ""https://e84-earth-search-sentinel-data.s3.us-west-2.amazonaws.com/sentinel-2-c1-l2a/32/T/QQ/2023/10/S2A_T32TQQ_20231027T100124_L2A/AOT.tif"", ""coastal"": ""https://e84-earth-search-sentinel-data.s3.us-west-2.amazonaws.com/sentinel-2-c1-l2a/32/T/QQ/2023/10/S2A_T32TQQ_20231027T100124_L2A/B01.tif"", ""nir09"": ""https://e84-earth-search-sentinel-data.s3.us-west-2.amazonaws.com/sentinel-2-c1-l2a/32/T/QQ/2023/10/S2A_T32TQQ_20231027T100124_L2A/B09.tif"", ""cloud"": ""https://e84-earth-search-sentinel-data.s3.us-west-2.amazonaws.com/sentinel-2-c1-l2a/32/T/QQ/2023/10/S2A_T32TQQ_20231027T100124_L2A/CLD_20m.tif"", ""snow"": ""https://e84-earth-search-sentinel-data.s3.us-west-2.amazonaws.com/sentinel-2-c1-l2a/32/T/QQ/2023/10/S2A_T32TQQ_20231027T100124_L2A/SNW_20m.tif"", ""preview"": ""https://e84-earth-search-sentinel-data.s3.us-west-2.amazonaws.com/sentinel-2-c1-l2a/32/T/QQ/2023/10/S2A_T32TQQ_20231027T100124_L2A/L2A_PVI.tif"", ""granule_metadata"": ""https://e84-earth-search-sentinel-data.s3.us-west-2.amazonaws.com/sentinel-2-c1-l2a/32/T/QQ/2023/10/S2A_T32TQQ_20231027T100124_L2A/metadata.xml"", ""tileinfo_metadata"": ""https://e84-earth-search-sentinel-data.s3.us-west-2.amazonaws.com/sentinel-2-c1-l2a/32/T/QQ/2023/10/S2A_T32TQQ_20231027T100124_L2A/tileInfo.json"", ""product_metadata"": ""https://e84-earth-search-sentinel-data.s3.us-west-2.amazonaws.com/sentinel-2-c1-l2a/32/T/QQ/2023/10/S2A_T32TQQ_20231027T100124_L2A/product_metadata.xml"", ""thumbnail"": ""https://e84-earth-search-sentinel-data.s3.us-west-2.amazonaws.com/sentinel-2-c1-l2a/32/T/QQ/2023/10/S2A_T32TQQ_20231027T100124_L2A/L2A_PVI.jpg""}"
S2A_T32TQP_20231027T100124_L2A,2023-10-27 10:08:42.779000+00:00,48.624226,,sentinel-2a,"{""red"": ""https://e84-earth-search-sentinel-data.s3.us-west-2.amazonaws.com/sentinel-2-c1-l2a/32/T/QP/2023/10/S2A_T32TQP_20231027T100124_L2A/B04.tif"", ""green"": ""https://e84-earth-search-sentinel-data.s3.us-west-2.amazonaws.com/sentinel-2-c1-l2a/32/T/QP/2023/10/S2A_T32TQP_20231027T100124_L2A/B03.tif"", ""blue"": ""https://e84-earth-search-sentinel-data.s3.us-west-2.amazonaws.com/sentinel-2-c1-l2a/32/T/QP/2023/10/S2A_T32TQP_20231027T100124_L2A/B02.tif"", ""visual"": ""https://e84-earth-search-sentinel-data.s3.us-west-2.amazonaws.com/sentinel-2-c1-l2a/32/T/QP/2023/10/S2A_T32TQP_20231027T100124_L2A/TCI.tif"", ""nir"": ""https://e84-earth-search-sentinel-data.s3.us-west-2.amazonaws.com/sentinel-2-c1-l2a/32/T/QP/2023/10/S2A_T32TQP_20231027T100124_L2A/B08.tif"", ""swir22"": ""https://e84-earth-search-sentinel-data.s3.us-west-2.amazonaws.com/sentinel-2-c1-l2a/32/T/QP/2023/10/S2A_T32TQP_20231027T100124_L2A/B12.tif"", ""rededge2"": ""https://e84-earth-search-sentinel-data.s3.us-west-2.amazonaws.com/sentinel-2-c1-l2a/32/T/QP/2023/10/S2A_T32TQP_20231027T100124_L2A/B06.tif"", ""rededge3"": ""https://e84-earth-search-sentinel-data.s3.us-west-2.amazonaws.com/sentinel-2-c1-l2a/32/T/QP/2023/10/S2A_T32TQP_20231027T100124_L2A/B07.tif"", ""rededge1"": ""https://e84-earth-search-sentinel-data.s3.us-west-2.amazonaws.com/sentinel-2-c1-l2a/32/T/QP/2023/10/S2A_T32TQP_20231027T100124_L2A/B05.tif"", ""swir16"": ""https://e84-earth-search-sentinel-data.s3.us-west-2.amazonaws.com/sentinel-2-c1-l2a/32/T/QP/2023/10/S2A_T32TQP_20231027T100124_L2A/B11.tif"", ""wvp"": ""https://e84-earth-search-sentinel-data.s3.us-west-2.amazonaws.com/sentinel-2-c1-l2a/32/T/QP/2023/10/S2A_T32TQP_20231027T100124_L2A/WVP.tif"", ""nir08"": ""https://e84-earth-search-sentinel-data.s3.us-west-2.amazonaws.com/sentinel-2-c1-l2a/32/T/QP/2023/10/S2A_T32TQP_20231027T100124_L2A/B8A.tif"", ""scl"": ""https://e84-earth-search-sentinel-data.s3.us-west-2.amazonaws.com/sentinel-2-c1-l2a/32/T/QP/2023/10/S2A_T32TQP_20231027T100124_L2A/SCL.tif"", ""aot"": ""https://e84-earth-search-sentinel-data.s3.us-west-2.amazonaws.com/sentinel-2-c1-l2a/32/T/QP/2023/10/S2A_T32TQP_20231027T100124_L2A/AOT.tif"", ""coastal"": ""https://e84-earth-search-sentinel-data.s3.us-west-2.amazonaws.com/sentinel-2-c1-l2a/32/T/QP/2023/10/S2A_T32TQP_20231027T100124_L2A/B01.tif"", ""nir09"": ""https://e84-earth-search-sentinel-data.s3.us-west-2.amazonaws.com/sentinel-2-c1-l2a/32/T/QP/2023/10/S2A_T32TQP_20231027T100124_L2A/B09.tif"", ""cloud"": ""https://e84-earth-search-sentinel-data.s3.us-west-2.amazonaws.com/sentinel-2-c1-l2a/32/T/QP/2023/10/S2A_T32TQP_20231027T100124_L2A/CLD_20m.tif"", ""snow"": ""https://e84-earth-search-sentinel-data.s3.us-west-2.amazonaws.com/sentinel-2-c1-l2a/32/T/QP/2023/10/S2A_T32TQP_20231027T100124_L2A/SNW_20m.tif"", ""preview"": ""https://e84-earth-search-sentinel-data.s3.us-west-2.amazonaws.com/sentinel-2-c1-l2a/32/T/QP/2023/10/S2A_T32TQP_20231027T100124_L2A/L2A_PVI.tif"", ""granule_metadata"": ""https://e84-earth-search-sentinel-data.s3.us-west-2.amazonaws.com/sentinel-2-c1-l2a/32/T/QP/2023/10/S2A_T32TQP_20231027T100124_L2A/metadata.xml"", ""tileinfo_metadata"": ""https://e84-earth-search-sentinel-data.s3.us-west-2.amazonaws.com/sentinel-2-c1-l2a/32/T/QP/2023/10/S2A_T32TQP_20231027T100124_L2A/tileInfo.json"", ""product_metadata"": ""https://e84-earth-search-sentinel-data.s3.us-west-2.amazonaws.com/sentinel-2-c1-l2a/32/T/QP/2023/10/S2A_T32TQP_20231027T100124_L2A/product_metadata.xml"", ""thumbnail"": ""https://e84-earth-search-sentinel-data.s3.us-west-2.amazonaws.com/sentinel-2-c1-l2a/32/T/QP/2023/10/S2A_T32TQP_20231027T100124_L2A/L2A_PVI.jpg""}"
S2B_T32TQQ_20231104T101113_L2A,2023-11-04 10:18:27.815000+00:00,1.269999,,sentinel-2b,"{""red"": ""https://e84-earth-search-sentinel-data.s3.us-west-2.amazonaws.com/sentinel-2-c1-l2a/32/T/QQ/2023/11/S2B_T32TQQ_20231104T101113_L2A/B04.tif"", ""green"": ""https://e84-earth-search-sentinel-data.s3.us-west-2.amazonaws.com/sentinel-2-c1-l2a/32/T/QQ/2023/11/S2B_T32TQQ_20231104T101113_L2A/B03.tif"", ""blue"": ""https://e84-earth-search-sentinel-data.s3.us-west-2.amazonaws.com/sentinel-2-c1-l2a/32/T/QQ/2023/11/S2B_T32TQQ_20231104T101113_L2A/B02.tif"", ""visual"": ""https://e84-earth-search-sentinel-data.s3.us-west-2.amazonaws.com/sentinel-2-c1-l2a/32/T/QQ/2023/11/S2B_T32TQQ_20231104T101113_L2A/TCI.tif"", ""nir"": ""https://e84-earth-search-sentinel-data.s3.us-west-2.amazonaws.com/sentinel-2-c1-l2a/32/T/QQ/2023/11/S2B_T32TQQ_20231104T101113_L2A/B08.tif"", ""swir22"": ""https://e84-earth-search-sentinel-data.s3.us-west-2.amazonaws.com/sentinel-2-c1-l2a/32/T/QQ/2023/11/S2B_T32TQQ_20231104T101113_L2A/B12.tif"", ""rededge2"": ""https://e84-earth-search-sentinel-data.s3.us-west-2.amazonaws.com/sentinel-2-c1-l2a/32/T/QQ/2023/11/S2B_T32TQQ_20231104T101113_L2A/B06.tif"", ""rededge3"": ""https://e84-earth-search-sentinel-data.s3.us-west-2.amazonaws.com/sentinel-2-c1-l2a/32/T/QQ/2023/11/S2B_T32TQQ_20231104T101113_L2A/B07.tif"", ""rededge1"": ""https://e84-earth-search-sentinel-data.s3.us-west-2.amazonaws.com/sentinel-2-c1-l2a/32/T/QQ/2023/11/S2B_T32TQQ_20231104T101113_L2A/B05.tif"", ""swir16"": ""https://e84-earth-search-sentinel-data.s3.us-west-2.amazonaws.com/sentinel-2-c1-l2a/32/T/QQ/2023/11/S2B_T32TQQ_20231104T101113_L2A/B11.tif"", ""wvp"": ""https://e84-earth-search-sentinel-data.s3.us-west-2.amazonaws.com/sentinel-2-c1-l2a/32/T/QQ/2023/11/S2B_T32TQQ_20231104T101113_L2A/WVP.tif"", ""nir08"": ""https://e84-earth-search-sentinel-data.s3.us-west-2.amazonaws.com/sentinel-2-c1-l2a/32/T/QQ/2023/11/S2B_T32TQQ_20231104T101113_L2A/B8A.tif"", ""scl"": ""https://e84-earth-search-sentinel-data.s3.us-west-2.amazonaws.com/sentinel-2-c1-l2a/32/T/QQ/2023/11/S2B_T32TQQ_20231104T101113_L2A/SCL.tif"", ""aot"": ""https://e84-earth-search-sentinel-data.s3.us-west-2.amazonaws.com/sentinel-2-c1-l2a/32/T/QQ/2023/11/S2B_T32TQQ_20231104T101113_L2A/AOT.tif"", ""coastal"": ""https://e84-earth-search-sentinel-data.s3.us-west-2.amazonaws.com/sentinel-2-c1-l2a/32/T/QQ/2023/11/S2B_T32TQQ_20231104T101113_L2A/B01.tif"", ""nir09"": ""https://e84-earth-search-sentinel-data.s3.us-west-2.amazonaws.com/sentinel-2-c1-l2a/32/T/QQ/2023/11/S2B_T32TQQ_20231104T101113_L2A/B09.tif"", ""cloud"": ""https://e84-earth-search-sentinel-data.s3.us-west-2.amazonaws.com/sentinel-2-c1-l2a/32/T/QQ/2023/11/S2B_T32TQQ_20231104T101113_L2A/CLD_20m.tif"", ""snow"": ""https://e84-earth-search-sentinel-data.s3.us-west-2.amazonaws.com/sentinel-2-c1-l2a/32/T/QQ/2023/11/S2B_T32TQQ_20231104T101113_L2A/SNW_20m.tif"", ""preview"": ""https://e84-earth-search-sentinel-data.s3.us-west-2.amazonaws.com/sentinel-2-c1-l2a/32/T/QQ/2023/11/S2B_T32TQQ_20231104T101113_L2A/L2A_PVI.tif"", ""granule_metadata"": ""https://e84-earth-search-sentinel-data.s3.us-west-2.amazonaws.com/sentinel-2-c1-l2a/32/T/QQ/2023/11/S2B_T32TQQ_20231104T101113_L2A/metadata.xml"", ""tileinfo_metadata"": ""https://e84-earth-search-sentinel-data.s3.us-west-2.amazonaws.com/sentinel-2-c1-l2a/32/T/QQ/2023/11/S2B_T32TQQ_20231104T101113_L2A/tileInfo.json"", ""product_metadata"": ""https://e84-earth-search-sentinel-data.s3.us-west-2.amazonaws.com/sentinel-2-c1-l2a/32/T/QQ/2023/11/S2B_T32TQQ_20231104T101113_L2A/product_metadata.xml"", ""thumbnail"": ""https://e84-earth-search-sentinel-data.s3.us-west-2.amazonaws.com/sentinel-2-c1-l2a/32/T/QQ/2023/11/S2B_T32TQQ_20231104T101113_L2A/L2A_PVI.jpg""}"
S2B_T32TPQ_20231104T101113_L2A,2023-11-04 10:18:31.270000+00:00,48.507398,,sentinel-2b,"{""red"": ""https://e84-earth-search-sentinel-data.s3.us-west-2.amazonaws.com/sentinel-2-c1-l2a/32/T/PQ/2023/11/S2B_T32TPQ_20231104T101113_L2A/B04.tif"", ""green"": ""https://e84-earth-search-sentinel-data.s3.us-west-2.amazonaws.com/sentinel-2-c1-l2a/32/T/PQ/2023/11/S2B_T32TPQ_20231104T101113_L2A/B03.tif"", ""blue"": ""https://e84-earth-search-sentinel-data.s3.us-west-2.amazonaws.com/sentinel-2-c1-l2a/32/T/PQ/2023/11/S2B_T32TPQ_20231104T101113_L2A/B02.tif"", ""visual"": ""https://e84-earth-search-sentinel-data.s3.us-west-2.amazonaws.com/sentinel-2-c1-l2a/32/T/PQ/2023/11/S2B_T32TPQ_20231104T101113_L2A/TCI.tif"", ""nir"": ""https://e84-earth-search-sentinel-data.s3.us-west-2.amazonaws.com/sentinel-2-c1-l2a/32/T/PQ/2023/11/S2B_T32TPQ_20231104T101113_L2A/B08.tif"", ""swir22"": ""https://e84-earth-search-sentinel-data.s3.us-west-2.amazonaws.com/sentinel-2-c1-l2a/32/T/PQ/2023/11/S2B_T32TPQ_20231104T101113_L2A/B12.tif"", ""rededge2"": ""https://e84-earth-search-sentinel-data.s3.us-west-2.amazonaws.com/sentinel-2-c1-l2a/32/T/PQ/2023/11/S2B_T32TPQ_20231104T101113_L2A/B06.tif"", ""rededge3"": ""https://e84-earth-search-sentinel-data.s3.us-west-2.amazonaws.com/sentinel-2-c1-l2a/32/T/PQ/2023/11/S2B_T32TPQ_20231104T101113_L2A/B07.tif"", ""rededge1"": ""https://e84-earth-search-sentinel-data.s3.us-west-2.amazonaws.com/sentinel-2-c1-l2a/32/T/PQ/2023/11/S2B_T32TPQ_20231104T101113_L2A/B05.tif"", ""swir16"": ""https://e84-earth-search-sentinel-data.s3.us-west-2.amazonaws.com/sentinel-2-c1-l2a/32/T/PQ/2023/11/S2B_T32TPQ_20231104T101113_L2A/B11.tif"", ""wvp"": ""https://e84-earth-search-sentinel-data.s3.us-west-2.amazonaws.com/sentinel-2-c1-l2a/32/T/PQ/2023/11/S2B_T32TPQ_20231104T101113_L2A/WVP.tif"", ""nir08"": ""https://e84-earth-search-sentinel-data.s3.us-west-2.amazonaws.com/sentinel-2-c1-l2a/32/T/PQ/2023/11/S2B_T32TPQ_20231104T101113_L2A/B8A.tif"", ""scl"": ""https://e84-earth-search-sentinel-data.s3.us-west-2.amazonaws.com/sentinel-2-c1-l2a/32/T/PQ/2023/11/S2B_T32TPQ_20231104T101113_L2A/SCL.tif"", ""aot"": ""https://e84-earth-search-sentinel-data.s3.us-west-2.amazonaws.com/sentinel-2-c1-l2a/32/T/PQ/2023/11/S2B_T32TPQ_20231104T101113_L2A/AOT.tif"", ""coastal"": ""https://e84-earth-search-sentinel-data.s3.us-west-2.amazonaws.com/sentinel-2-c1-l2a/32/T/PQ/2023/11/S2B_T32TPQ_20231104T101113_L2A/B01.tif"", ""nir09"": ""https://e84-earth-search-sentinel-data.s3.us-west-2.amazonaws.com/sentinel-2-c1-l2a/32/T/PQ/2023/11/S2B_T32TPQ_20231104T101113_L2A/B09.tif"", ""cloud"": ""https://e84-earth-search-sentinel-data.s3.us-west-2.amazonaws.com/sentinel-2-c1-l2a/32/T/PQ/2023/11/S2B_T32TPQ_20231104T101113_L2A/CLD_20m.tif"", ""snow"": ""https://e84-earth-search-sentinel-data.s3.us-west-2.amazonaws.com/sentinel-2-c1-l2a/32/T/PQ/2023/11/S2B_T32TPQ_20231104T101113_L2A/SNW_20m.tif"", ""preview"": ""https://e84-earth-search-sentinel-data.s3.us-west-2.amazonaws.com/sentinel-2-c1-l2a/32/T/PQ/2023/11/S2B_T32TPQ_20231104T101113_L2A/L2A_PVI.tif"", ""granule_metadata"": ""https://e84-earth-search-sentinel-data.s3.us-west-2.amazonaws.com/sentinel-2-c1-l2a/32/T/PQ/2023/11/S2B_T32TPQ_20231104T101113_L2A/metadata.xml"", ""tileinfo_metadata"": ""https://e84-earth-search-sentinel-data.s3.us-west-2.amazonaws.com/sentinel-2-c1-l2a/32/T/PQ/2023/11/S2B_T32TPQ_20231104T101113_L2A/tileInfo.json"", ""product_metadata"": ""https://e84-earth-search-sentinel-data.s3.us-west-2.amazonaws.com/sentinel-2-c1-l2a/32/T/PQ/2023/11/S2B_T32TPQ_20231104T101113_L2A/product_metadata.xml"", ""thumbnail"": ""https://e84-earth-search-sentinel-data.s3.us-west-2.amazonaws.com/sentinel-2-c1-l2a/32/T/PQ/2023/11/S2B_T32TPQ_20231104T101113_L2A/L2A_PVI.jpg""}"
S2B_T32TQP_20231104T101113_L2A,2023-11-04 10:18:42.055000+00:00,42.781019,,sentinel-2b,"{""red"": ""https://e84-earth-search-sentinel-data.s3.us-west-2.amazonaws.com/sentinel-2-c1-l2a/32/T/QP/2023/11/S2B_T32TQP_20231104T101113_L2A/B04.tif"", ""green"": ""https://e84-earth-search-sentinel-data.s3.us-west-2.amazonaws.com/sentinel-2-c1-l2a/32/T/QP/2023/11/S2B_T32TQP_20231104T101113_L2A/B03.tif"", ""blue"": ""https://e84-earth-search-sentinel-data.s3.us-west-2.amazonaws.com/sentinel-2-c1-l2a/32/T/QP/2023/11/S2B_T32TQP_20231104T101113_L2A/B02.tif"", ""visual"": ""https://e84-earth-search-sentinel-data.s3.us-west-2.amazonaws.com/sentinel-2-c1-l2a/32/T/QP/2023/11/S2B_T32TQP_20231104T101113_L2A/TCI.tif"", ""nir"": ""https://e84-earth-search-sentinel-data.s3.us-west-2.amazonaws.com/sentinel-2-c1-l2a/32/T/QP/2023/11/S2B_T32TQP_20231104T101113_L2A/B08.tif"", ""swir22"": ""https://e84-earth-search-sentinel-data.s3.us-west-2.amazonaws.com/sentinel-2-c1-l2a/32/T/QP/2023/11/S2B_T32TQP_20231104T101113_L2A/B12.tif"", ""rededge2"": ""https://e84-earth-search-sentinel-data.s3.us-west-2.amazonaws.com/sentinel-2-c1-l2a/32/T/QP/2023/11/S2B_T32TQP_20231104T101113_L2A/B06.tif"", ""rededge3"": ""https://e84-earth-search-sentinel-data.s3.us-west-2.amazonaws.com/sentinel-2-c1-l2a/32/T/QP/2023/11/S2B_T32TQP_20231104T101113_L2A/B07.tif"", ""rededge1"": ""https://e84-earth-search-sentinel-data.s3.us-west-2.amazonaws.com/sentinel-2-c1-l2a/32/T/QP/2023/11/S2B_T32TQP_20231104T101113_L2A/B05.tif"", ""swir16"": ""https://e84-earth-search-sentinel-data.s3.us-west-2.amazonaws.com/sentinel-2-c1-l2a/32/T/QP/2023/11/S2B_T32TQP_20231104T101113_L2A/B11.tif"", ""wvp"": ""https://e84-earth-search-sentinel-data.s3.us-west-2.amazonaws.com/sentinel-2-c1-l2a/32/T/QP/2023/11/S2B_T32TQP_20231104T101113_L2A/WVP.tif"", ""nir08"": ""https://e84-earth-search-sentinel-data.s3.us-west-2.amazonaws.com/sentinel-2-c1-l2a/32/T/QP/2023/11/S2B_T32TQP_20231104T101113_L2A/B8A.tif"", ""scl"": ""https://e84-earth-search-sentinel-data.s3.us-west-2.amazonaws.com/sentinel-2-c1-l2a/32/T/QP/2023/11/S2B_T32TQP_20231104T101113_L2A/SCL.tif"", ""aot"": ""https://e84-earth-search-sentinel-data.s3.us-west-2.amazonaws.com/sentinel-2-c1-l2a/32/T/QP/2023/11/S2B_T32TQP_20231104T101113_L2A/AOT.tif"", ""coastal"": ""https://e84-earth-search-sentinel-data.s3.us-west-2.amazonaws.com/sentinel-2-c1-l2a/32/T/QP/2023/11/S2B_T32TQP_20231104T101113_L2A/B01.tif"", ""nir09"": ""https://e84-earth-search-sentinel-data.s3.us-west-2.amazonaws.com/sentinel-2-c1-l2a/32/T/QP/2023/11/S2B_T32TQP_20231104T101113_L2A/B09.tif"", ""cloud"": ""https://e84-earth-search-sentinel-data.s3.us-west-2.amazonaws.com/sentinel-2-c1-l2a/32/T/QP/2023/11/S2B_T32TQP_20231104T101113_L2A/CLD_20m.tif"", ""snow"": ""https://e84-earth-search-sentinel-data.s3.us-west-2.amazonaws.com/sentinel-2-c1-l2a/32/T/QP/2023/11/S2B_T32TQP_20231104T101113_L2A/SNW_20m.tif"", ""preview"": ""https://e84-earth-search-sentinel-data.s3.us-west-2.amazonaws.com/sentinel-2-c1-l2a/32/T/QP/2023/11/S2B_T32TQP_20231104T101113_L2A/L2A_PVI.tif"", ""granule_metadata"": ""https://e84-earth-search-sentinel-data.s3.us-west-2.amazonaws.com/sentinel-2-c1-l2a/32/T/QP/2023/11/S2B_T32TQP_20231104T101113_L2A/metadata.xml"", ""tileinfo_metadata"": ""https://e84-earth-search-sentinel-data.s3.us-west-2.amazonaws.com/sentinel-2-c1-l2a/32/T/QP/2023/11/S2B_T32TQP_20231104T101113_L2A/tileInfo.json"", ""product_metadata"": ""https://e84-earth-search-sentinel-data.s3.us-west-2.amazonaws.com/sentinel-2-c1-l2a/32/T/QP/2023/11/S2B_T32TQP_20231104T101113_L2A/product_metadata.xml"", ""thumbnail"": ""https://e84-earth-search-sentinel-data.s3.us-west-2.amazonaws.com/sentinel-2-c1-l2a/32/T/QP/2023/11/S2B_T32TQP_20231104T101113_L2A/L2A_PVI.jpg""}"
S2B_T32TPP_20231104T101113_L2A,2023-11-04 10:18:45.668000+00:00,59.729964,,sentinel-2b,"{""red"": ""https://e84-earth-search-sentinel-data.s3.us-west-2.amazonaws.com/sentinel-2-c1-l2a/32/T/PP/2023/11/S2B_T32TPP_20231104T101113_L2A/B04.tif"", ""green"": ""https://e84-earth-search-sentinel-data.s3.us-west-2.amazonaws.com/sentinel-2-c1-l2a/32/T/PP/2023/11/S2B_T32TPP_20231104T101113_L2A/B03.tif"", ""blue"": ""https://e84-earth-search-sentinel-data.s3.us-west-2.amazonaws.com/sentinel-2-c1-l2a/32/T/PP/2023/11/S2B_T32TPP_20231104T101113_L2A/B02.tif"", ""visual"": ""https://e84-earth-search-sentinel-data.s3.us-west-2.amazonaws.com/sentinel-2-c1-l2a/32/T/PP/2023/11/S2B_T32TPP_20231104T101113_L2A/TCI.tif"", ""nir"": ""https://e84-earth-search-sentinel-data.s3.us-west-2.amazonaws.com/sentinel-2-c1-l2a/32/T/PP/2023/11/S2B_T32TPP_20231104T101113_L2A/B08.tif"", ""swir22"": ""https://e84-earth-search-sentinel-data.s3.us-west-2.amazonaws.com/sentinel-2-c1-l2a/32/T/PP/2023/11/S2B_T32TPP_20231104T101113_L2A/B12.tif"", ""rededge2"": ""https://e84-earth-search-sentinel-data.s3.us-west-2.amazonaws.com/sentinel-2-c1-l2a/32/T/PP/2023/11/S2B_T32TPP_20231104T101113_L2A/B06.tif"", ""rededge3"": ""https://e84-earth-search-sentinel-data.s3.us-west-2.amazonaws.com/sentinel-2-c1-l2a/32/T/PP/2023/11/S2B_T32TPP_20231104T101113_L2A/B07.tif"", ""rededge1"": ""https://e84-earth-search-sentinel-data.s3.us-west-2.amazonaws.com/sentinel-2-c1-l2a/32/T/PP/2023/11/S2B_T32TPP_20231104T101113_L2A/B05.tif"", ""swir16"": ""https://e84-earth-search-sentinel-data.s3.us-west-2.amazonaws.com/sentinel-2-c1-l2a/32/T/PP/2023/11/S2B_T32TPP_20231104T101113_L2A/B11.tif"", ""wvp"": ""https://e84-earth-search-sentinel-data.s3.us-west-2.amazonaws.com/sentinel-2-c1-l2a/32/T/PP/2023/11/S2B_T32TPP_20231104T101113_L2A/WVP.tif"", ""nir08"": ""https://e84-earth-search-sentinel-data.s3.us-west-2.amazonaws.com/sentinel-2-c1-l2a/32/T/PP/2023/11/S2B_T32TPP_20231104T101113_L2A/B8A.tif"", ""scl"": ""https://e84-earth-search-sentinel-data.s3.us-west-2.amazonaws.com/sentinel-2-c1-l2a/32/T/PP/2023/11/S2B_T32TPP_20231104T101113_L2A/SCL.tif"", ""aot"": ""https://e84-earth-search-sentinel-data.s3.us-west-2.amazonaws.com/sentinel-2-c1-l2a/32/T/PP/2023/11/S2B_T32TPP_20231104T101113_L2A/AOT.tif"", ""coastal"": ""https://e84-earth-search-sentinel-data.s3.us-west-2.amazonaws.com/sentinel-2-c1-l2a/32/T/PP/2023/11/S2B_T32TPP_20231104T101113_L2A/B01.tif"", ""nir09"": ""https://e84-earth-search-sentinel-data.s3.us-west-2.amazonaws.com/sentinel-2-c1-l2a/32/T/PP/2023/11/S2B_T32TPP_20231104T101113_L2A/B09.tif"", ""cloud"": ""https://e84-earth-search-sentinel-data.s3.us-west-2.amazonaws.com/sentinel-2-c1-l2a/32/T/PP/2023/11/S2B_T32TPP_20231104T101113_L2A/CLD_20m.tif"", ""snow"": ""https://e84-earth-search-sentinel-data.s3.us-west-2.amazonaws.com/sentinel-2-c1-l2a/32/T/PP/2023/11/S2B_T32TPP_20231104T101113_L2A/SNW_20m.tif"", ""preview"": ""https://e84-earth-search-sentinel-data.s3.us-west-2.amazonaws.com/sentinel-2-c1-l2a/32/T/PP/2023/11/S2B_T32TPP_20231104T101113_L2A/L2A_PVI.tif"", ""granule_metadata"": ""https://e84-earth-search-sentinel-data.s3.us-west-2.amazonaws.com/sentinel-2-c1-l2a/32/T/PP/2023/11/S2B_T32TPP_20231104T101113_L2A/metadata.xml"", ""tileinfo_metadata"": ""https://e84-earth-search-sentinel-data.s3.us-west-2.amazonaws.com/sentinel-2-c1-l2a/32/T/PP/2023/11/S2B_T32TPP_20231104T101113_L2A/tileInfo.json"", ""product_metadata"": ""https://e84-earth-search-sentinel-data.s3.us-west-2.amazonaws.com/sentinel-2-c1-l2a/32/T/PP/2023/11/S2B_T32TPP_20231104T101113_L2A/product_metadata.xml"", ""thumbnail"": ""https://e84-earth-search-sentinel-data.s3.us-west-2.amazonaws.com/sentinel-2-c1-l2a/32/T/PP/2023/11/S2B_T32TPP_20231104T101113_L2A/L2A_PVI.jpg""}"
S2B_T32TQQ_20231111T100146_L2A,2023-11-11 10:08:29.492000+00:00,1.262381,,sentinel-2b,"{""red"": ""https://e84-earth-search-sentinel-data.s3.us-west-2.amazonaws.com/sentinel-2-c1-l2a/32/T/QQ/2023/11/S2B_T32TQQ_20231111T100146_L2A/B04.tif"", ""green"": ""https://e84-earth-search-sentinel-data.s3.us-west-2.amazonaws.com/sentinel-2-c1-l2a/32/T/QQ/2023/11/S2B_T32TQQ_20231111T100146_L2A/B03.tif"", ""blue"": ""https://e84-earth-search-sentinel-data.s3.us-west-2.amazonaws.com/sentinel-2-c1-l2a/32/T/QQ/2023/11/S2B_T32TQQ_20231111T100146_L2A/B02.tif"", ""visual"": ""https://e84-earth-search-sentinel-data.s3.us-west-2.amazonaws.com/sentinel-2-c1-l2a/32/T/QQ/2023/11/S2B_T32TQQ_20231111T100146_L2A/TCI.tif"", ""nir"": ""https://e84-earth-search-sentinel-data.s3.us-west-2.amazonaws.com/sentinel-2-c1-l2a/32/T/QQ/2023/11/S2B_T32TQQ_20231111T100146_L2A/B08.tif"", ""swir22"": ""https://e84-earth-search-sentinel-data.s3.us-west-2.amazonaws.com/sentinel-2-c1-l2a/32/T/QQ/2023/11/S2B_T32TQQ_20231111T100146_L2A/B12.tif"", ""rededge2"": ""https://e84-earth-search-sentinel-data.s3.us-west-2.amazonaws.com/sentinel-2-c1-l2a/32/T/QQ/2023/11/S2B_T32TQQ_20231111T100146_L2A/B06.tif"", ""rededge3"": ""https://e84-earth-search-sentinel-data.s3.us-west-2.amazonaws.com/sentinel-2-c1-l2a/32/T/QQ/2023/11/S2B_T32TQQ_20231111T100146_L2A/B07.tif"", ""rededge1"": ""https://e84-earth-search-sentinel-data.s3.us-west-2.amazonaws.com/sentinel-2-c1-l2a/32/T/QQ/2023/11/S2B_T32TQQ_20231111T100146_L2A/B05.tif"", ""swir16"": ""https://e84-earth-search-sentinel-data.s3.us-west-2.amazonaws.com/sentinel-2-c1-l2a/32/T/QQ/2023/11/S2B_T32TQQ_20231111T100146_L2A/B11.tif"", ""wvp"": ""https://e84-earth-search-sentinel-data.s3.us-west-2.amazonaws.com/sentinel-2-c1-l2a/32/T/QQ/2023/11/S2B_T32TQQ_20231111T100146_L2A/WVP.tif"", ""nir08"": ""https://e84-earth-search-sentinel-data.s3.us-west-2.amazonaws.com/sentinel-2-c1-l2a/32/T/QQ/2023/11/S2B_T32TQQ_20231111T100146_L2A/B8A.tif"", ""scl"": ""https://e84-earth-search-sentinel-data.s3.us-west-2.amazonaws.com/sentinel-2-c1-l2a/32/T/QQ/2023/11/S2B_T32TQQ_20231111T100146_L2A/SCL.tif"", ""aot"": ""https://e84-earth-search-sentinel-data.s3.us-west-2.amazonaws.com/sentinel-2-c1-l2a/32/T/QQ/2023/11/S2B_T32TQQ_20231111T100146_L2A/AOT.tif"", ""coastal"": ""https://e84-earth-search-sentinel-data.s3.us-west-2.amazonaws.com/sentinel-2-c1-l2a/32/T/QQ/2023/11/S2B_T32TQQ_20231111T100146_L2A/B01.tif"", ""nir09"": ""https://e84-earth-search-sentinel-data.s3.us-west-2.amazonaws.com/sentinel-2-c1-l2a/32/T/QQ/2023/11/S2B_T32TQQ_20231111T100146_L2A/B09.tif"", ""cloud"": ""https://e84-earth-search-sentinel-data.s3.us-west-2.amazonaws.com/sentinel-2-c1-l2a/32/T/QQ/2023/11/S2B_T32TQQ_20231111T100146_L2A/CLD_20m.tif"", ""snow"": ""https://e84-earth-search-sentinel-data.s3.us-west-2.amazonaws.com/sentinel-2-c1-l2a/32/T/QQ/2023/11/S2B_T32TQQ_20231111T100146_L2A/SNW_20m.tif"", ""preview"": ""https://e84-earth-search-sentinel-data.s3.us-west-2.amazonaws.com/sentinel-2-c1-l2a/32/T/QQ/2023/11/S2B_T32TQQ_20231111T100146_L2A/L2A_PVI.tif"", ""granule_metadata"": ""https://e84-earth-search-sentinel-data.s3.us-west-2.amazonaws.com/sentinel-2-c1-l2a/32/T/QQ/2023/11/S2B_T32TQQ_20231111T100146_L2A/metadata.xml"", ""tileinfo_metadata"": ""https://e84-earth-search-sentinel-data.s3.us-west-2.amazonaws.com/sentinel-2-c1-l2a/32/T/QQ/2023/11/S2B_T32TQQ_20231111T100146_L2A/tileInfo.json"", ""product_metadata"": ""https://e84-earth-search-sentinel-data.s3.us-west-2.amazonaws.com/sentinel-2-c1-l2a/32/T/QQ/2023/11/S2B_T32TQQ_20231111T100146_L2A/product_metadata.xml"", ""thumbnail"": ""https://e84-earth-search-sentinel-data.s3.us-west-2.amazonaws.com/sentinel-2-c1-l2a/32/T/QQ/2023/11/S2B_T32TQQ_20231111T100146_L2A/L2A_PVI.jpg""}"
S2B_T32TQP_20231111T100146_L2A,2023-11-11 10:08:44.211000+00:00,19.591159,,sentinel-2b,"{""red"": ""https://e84-earth-search-sentinel-data.s3.us-west-2.amazonaws.com/sentinel-2-c1-l2a/32/T/QP/2023/11/S2B_T32TQP_20231111T100146_L2A/B04.tif"", ""green"": ""https://e84-earth-search-sentinel-data.s3.us-west-2.amazonaws.com/sentinel-2-c1-l2a/32/T/QP/2023/11/S2B_T32TQP_20231111T100146_L2A/B03.tif"", ""blue"": ""https://e84-earth-search-sentinel-data.s3.us-west-2.amazonaws.com/sentinel-2-c1-l2a/32/T/QP/2023/11/S2B_T32TQP_20231111T100146_L2A/B02.tif"", ""visual"": ""https://e84-earth-search-sentinel-data.s3.us-west-2.amazonaws.com/sentinel-2-c1-l2a/32/T/QP/2023/11/S2B_T32TQP_20231111T100146_L2A/TCI.tif"", ""nir"": ""https://e84-earth-search-sentinel-data.s3.us-west-2.amazonaws.com/sentinel-2-c1-l2a/32/T/QP/2023/11/S2B_T32TQP_20231111T100146_L2A/B08.tif"", ""swir22"": ""https://e84-earth-search-sentinel-data.s3.us-west-2.amazonaws.com/sentinel-2-c1-l2a/32/T/QP/2023/11/S2B_T32TQP_20231111T100146_L2A/B12.tif"", ""rededge2"": ""https://e84-earth-search-sentinel-data.s3.us-west-2.amazonaws.com/sentinel-2-c1-l2a/32/T/QP/2023/11/S2B_T32TQP_20231111T100146_L2A/B06.tif"", ""rededge3"": ""https://e84-earth-search-sentinel-data.s3.us-west-2.amazonaws.com/sentinel-2-c1-l2a/32/T/QP/2023/11/S2B_T32TQP_20231111T100146_L2A/B07.tif"", ""rededge1"": ""https://e84-earth-search-sentinel-data.s3.us-west-2.amazonaws.com/sentinel-2-c1-l2a/32/T/QP/2023/11/S2B_T32TQP_20231111T100146_L2A/B05.tif"", ""swir16"": ""https://e84-earth-search-sentinel-data.s3.us-west-2.amazonaws.com/sentinel-2-c1-l2a/32/T/QP/2023/11/S2B_T32TQP_20231111T100146_L2A/B11.tif"", ""wvp"": ""https://e84-earth-search-sentinel-data.s3.us-west-2.amazonaws.com/sentinel-2-c1-l2a/32/T/QP/2023/11/S2B_T32TQP_20231111T100146_L2A/WVP.tif"", ""nir08"": ""https://e84-earth-search-sentinel-data.s3.us-west-2.amazonaws.com/sentinel-2-c1-l2a/32/T/QP/2023/11/S2B_T32TQP_20231111T100146_L2A/B8A.tif"", ""scl"": ""https://e84-earth-search-sentinel-data.s3.us-west-2.amazonaws.com/sentinel-2-c1-l2a/32/T/QP/2023/11/S2B_T32TQP_20231111T100146_L2A/SCL.tif"", ""aot"": ""https://e84-earth-search-sentinel-data.s3.us-west-2.amazonaws.com/sentinel-2-c1-l2a/32/T/QP/2023/11/S2B_T32TQP_20231111T100146_L2A/AOT.tif"", ""coastal"": ""https://e84-earth-search-sentinel-data.s3.us-west-2.amazonaws.com/sentinel-2-c1-l2a/32/T/QP/2023/11/S2B_T32TQP_20231111T100146_L2A/B01.tif"", ""nir09"": ""https://e84-earth-search-sentinel-data.s3.us-west-2.amazonaws.com/sentinel-2-c1-l2a/32/T/QP/2023/11/S2B_T32TQP_20231111T100146_L2A/B09.tif"", ""cloud"": ""https://e84-earth-search-sentinel-data.s3.us-west-2.amazonaws.com/sentinel-2-c1-l2a/32/T/QP/2023/11/S2B_T32TQP_20231111T100146_L2A/CLD_20m.tif"", ""snow"": ""https://e84-earth-search-sentinel-data.s3.us-west-2.amazonaws.com/sentinel-2-c1-l2a/32/T/QP/2023/11/S2B_T32TQP_20231111T100146_L2A/SNW_20m.tif"", ""preview"": ""https://e84-earth-search-sentinel-data.s3.us-west-2.amazonaws.com/sentinel-2-c1-l2a/32/T/QP/2023/11/S2B_T32TQP_20231111T100146_L2A/L2A_PVI.tif"", ""granule_metadata"": ""https://e84-earth-search-sentinel-data.s3.us-west-2.amazonaws.com/sentinel-2-c1-l2a/32/T/QP/2023/11/S2B_T32TQP_20231111T100146_L2A/metadata.xml"", ""tileinfo_metadata"": ""https://e84-earth-search-sentinel-data.s3.us-west-2.amazonaws.com/sentinel-2-c1-l2a/32/T/QP/2023/11/S2B_T32TQP_20231111T100146_L2A/tileInfo.json"", ""product_metadata"": ""https://e84-earth-search-sentinel-data.s3.us-west-2.amazonaws.com/sentinel-2-c1-l2a/32/T/QP/2023/11/S2B_T32TQP_20231111T100146_L2A/product_metadata.xml"", ""thumbnail"": ""https://e84-earth-search-sentinel-data.s3.us-west-2.amazonaws.com/sentinel-2-c1-l2a/32/T/QP/2023/11/S2B_T32TQP_20231111T100146_L2A/L2A_PVI.jpg""}"
S2A_T32TQQ_20231116T100310_L2A,2023-11-16 10:08:26.444000+00:00,56.468838,,sentinel-2a,"{""red"": ""https://e84-earth-search-sentinel-data.s3.us-west-2.amazonaws.com/sentinel-2-c1-l2a/32/T/QQ/2023/11/S2A_T32TQQ_20231116T100310_L2A/B04.tif"", ""green"": ""https://e84-earth-search-sentinel-data.s3.us-west-2.amazonaws.com/sentinel-2-c1-l2a/32/T/QQ/2023/11/S2A_T32TQQ_20231116T100310_L2A/B03.tif"", ""blue"": ""https://e84-earth-search-sentinel-data.s3.us-west-2.amazonaws.com/sentinel-2-c1-l2a/32/T/QQ/2023/11/S2A_T32TQQ_20231116T100310_L2A/B02.tif"", ""visual"": ""https://e84-earth-search-sentinel-data.s3.us-west-2.amazonaws.com/sentinel-2-c1-l2a/32/T/QQ/2023/11/S2A_T32TQQ_20231116T100310_L2A/TCI.tif"", ""nir"": ""https://e84-earth-search-sentinel-data.s3.us-west-2.amazonaws.com/sentinel-2-c1-l2a/32/T/QQ/2023/11/S2A_T32TQQ_20231116T100310_L2A/B08.tif"", ""swir22"": ""https://e84-earth-search-sentinel-data.s3.us-west-2.amazonaws.com/sentinel-2-c1-l2a/32/T/QQ/2023/11/S2A_T32TQQ_20231116T100310_L2A/B12.tif"", ""rededge2"": ""https://e84-earth-search-sentinel-data.s3.us-west-2.amazonaws.com/sentinel-2-c1-l2a/32/T/QQ/2023/11/S2A_T32TQQ_20231116T100310_L2A/B06.tif"", ""rededge3"": ""https://e84-earth-search-sentinel-data.s3.us-west-2.amazonaws.com/sentinel-2-c1-l2a/32/T/QQ/2023/11/S2A_T32TQQ_20231116T100310_L2A/B07.tif"", ""rededge1"": ""https://e84-earth-search-sentinel-data.s3.us-west-2.amazonaws.com/sentinel-2-c1-l2a/32/T/QQ/2023/11/S2A_T32TQQ_20231116T100310_L2A/B05.tif"", ""swir16"": ""https://e84-earth-search-sentinel-data.s3.us-west-2.amazonaws.com/sentinel-2-c1-l2a/32/T/QQ/2023/11/S2A_T32TQQ_20231116T100310_L2A/B11.tif"", ""wvp"": ""https://e84-earth-search-sentinel-data.s3.us-west-2.amazonaws.com/sentinel-2-c1-l2a/32/T/QQ/2023/11/S2A_T32TQQ_20231116T100310_L2A/WVP.tif"", ""nir08"": ""https://e84-earth-search-sentinel-data.s3.us-west-2.amazonaws.com/sentinel-2-c1-l2a/32/T/QQ/2023/11/S2A_T32TQQ_20231116T100310_L2A/B8A.tif"", ""scl"": ""https://e84-earth-search-sentinel-data.s3.us-west-2.amazonaws.com/sentinel-2-c1-l2a/32/T/QQ/2023/11/S2A_T32TQQ_20231116T100310_L2A/SCL.tif"", ""aot"": ""https://e84-earth-search-sentinel-data.s3.us-west-2.amazonaws.com/sentinel-2-c1-l2a/32/T/QQ/2023/11/S2A_T32TQQ_20231116T100310_L2A/AOT.tif"", ""coastal"": ""https://e84-earth-search-sentinel-data.s3.us-west-2.amazonaws.com/sentinel-2-c1-l2a/32/T/QQ/2023/11/S2A_T32TQQ_20231116T100310_L2A/B01.tif"", ""nir09"": ""https://e84-earth-search-sentinel-data.s3.us-west-2.amazonaws.com/sentinel-2-c1-l2a/32/T/QQ/2023/11/S2A_T32TQQ_20231116T100310_L2A/B09.tif"", ""cloud"": ""https://e84-earth-search-sentinel-data.s3.us-west-2.amazonaws.com/sentinel-2-c1-l2a/32/T/QQ/2023/11/S2A_T32TQQ_20231116T100310_L2A/CLD_20m.tif"", ""snow"": ""https://e84-earth-search-sentinel-data.s3.us-west-2.amazonaws.com/sentinel-2-c1-l2a/32/T/QQ/2023/11/S2A_T32TQQ_20231116T100310_L2A/SNW_20m.tif"", ""preview"": ""https://e84-earth-search-sentinel-data.s3.us-west-2.amazonaws.com/sentinel-2-c1-l2a/32/T/QQ/2023/11/S2A_T32TQQ_20231116T100310_L2A/L2A_PVI.tif"", ""granule_metadata"": ""https://e84-earth-search-sentinel-data.s3.us-west-2.amazonaws.com/sentinel-2-c1-l2a/32/T/QQ/2023/11/S2A_T32TQQ_20231116T100310_L2A/metadata.xml"", ""tileinfo_metadata"": ""https://e84-earth-search-sentinel-data.s3.us-west-2.amazonaws.com/sentinel-2-c1-l2a/32/T/QQ/2023/11/S2A_T32TQQ_20231116T100310_L2A/tileInfo.json"", ""product_metadata"": ""https://e84-earth-search-sentinel-data.s3.us-west-2.amazonaws.com/sentinel-2-c1-l2a/32/T/QQ/2023/11/S2A_T32TQQ_20231116T100310_L2A/product_metadata.xml"", ""thumbnail"": ""https://e84-earth-search-sentinel-data.s3.us-west-2.amazonaws.com/sentinel-2-c1-l2a/32/T/QQ/2023/11/S2A_T32TQQ_20231116T100310_L2A/L2A_PVI.jpg""}"
S2A_T32TQP_20231116T100310_L2A,2023-11-16 10:08:41.169000+00:00,62.289178,,sentinel-2a,"{""red"": ""https://e84-earth-search-sentinel-data.s3.us-west-2.amazonaws.com/sentinel-2-c1-l2a/32/T/QP/2023/11/S2A_T32TQP_20231116T100310_L2A/B04.tif"", ""green"": ""https://e84-earth-search-sentinel-data.s3.us-west-2.amazonaws.com/sentinel-2-c1-l2a/32/T/QP/2023/11/S2A_T32TQP_20231116T100310_L2A/B03.tif"", ""blue"": ""https://e84-earth-search-sentinel-data.s3.us-west-2.amazonaws.com/sentinel-2-c1-l2a/32/T/QP/2023/11/S2A_T32TQP_20231116T100310_L2A/B02.tif"", ""visual"": ""https://e84-earth-search-sentinel-data.s3.us-west-2.amazonaws.com/sentinel-2-c1-l2a/32/T/QP/2023/11/S2A_T32TQP_20231116T100310_L2A/TCI.tif"", ""nir"": ""https://e84-earth-search-sentinel-data.s3.us-west-2.amazonaws.com/sentinel-2-c1-l2a/32/T/QP/2023/11/S2A_T32TQP_20231116T100310_L2A/B08.tif"", ""swir22"": ""https://e84-earth-search-sentinel-data.s3.us-west-2.amazonaws.com/sentinel-2-c1-l2a/32/T/QP/2023/11/S2A_T32TQP_20231116T100310_L2A/B12.tif"", ""rededge2"": ""https://e84-earth-search-sentinel-data.s3.us-west-2.amazonaws.com/sentinel-2-c1-l2a/32/T/QP/2023/11/S2A_T32TQP_20231116T100310_L2A/B06.tif"", ""rededge3"": ""https://e84-earth-search-sentinel-data.s3.us-west-2.amazonaws.com/sentinel-2-c1-l2a/32/T/QP/2023/11/S2A_T32TQP_20231116T100310_L2A/B07.tif"", ""rededge1"": ""https://e84-earth-search-sentinel-data.s3.us-west-2.amazonaws.com/sentinel-2-c1-l2a/32/T/QP/2023/11/S2A_T32TQP_20231116T100310_L2A/B05.tif"", ""swir16"": ""https://e84-earth-search-sentinel-data.s3.us-west-2.amazonaws.com/sentinel-2-c1-l2a/32/T/QP/2023/11/S2A_T32TQP_20231116T100310_L2A/B11.tif"", ""wvp"": ""https://e84-earth-search-sentinel-data.s3.us-west-2.amazonaws.com/sentinel-2-c1-l2a/32/T/QP/2023/11/S2A_T32TQP_20231116T100310_L2A/WVP.tif"", ""nir08"": ""https://e84-earth-search-sentinel-data.s3.us-west-2.amazonaws.com/sentinel-2-c1-l2a/32/T/QP/2023/11/S2A_T32TQP_20231116T100310_L2A/B8A.tif"", ""scl"": ""https://e84-earth-search-sentinel-data.s3.us-west-2.amazonaws.com/sentinel-2-c1-l2a/32/T/QP/2023/11/S2A_T32TQP_20231116T100310_L2A/SCL.tif"", ""aot"": ""https://e84-earth-search-sentinel-data.s3.us-west-2.amazonaws.com/sentinel-2-c1-l2a/32/T/QP/2023/11/S2A_T32TQP_20231116T100310_L2A/AOT.tif"", ""coastal"": ""https://e84-earth-search-sentinel-data.s3.us-west-2.amazonaws.com/sentinel-2-c1-l2a/32/T/QP/2023/11/S2A_T32TQP_20231116T100310_L2A/B01.tif"", ""nir09"": ""https://e84-earth-search-sentinel-data.s3.us-west-2.amazonaws.com/sentinel-2-c1-l2a/32/T/QP/2023/11/S2A_T32TQP_20231116T100310_L2A/B09.tif"", ""cloud"": ""https://e84-earth-search-sentinel-data.s3.us-west-2.amazonaws.com/sentinel-2-c1-l2a/32/T/QP/2023/11/S2A_T32TQP_20231116T100310_L2A/CLD_20m.tif"", ""snow"": ""https://e84-earth-search-sentinel-data.s3.us-west-2.amazonaws.com/sentinel-2-c1-l2a/32/T/QP/2023/11/S2A_T32TQP_20231116T100310_L2A/SNW_20m.tif"", ""preview"": ""https://e84-earth-search-sentinel-data.s3.us-west-2.amazonaws.com/sentinel-2-c1-l2a/32/T/QP/2023/11/S2A_T32TQP_20231116T100310_L2A/L2A_PVI.tif"", ""granule_metadata"": ""https://e84-earth-search-sentinel-data.s3.us-west-2.amazonaws.com/sentinel-2-c1-l2a/32/T/QP/2023/11/S2A_T32TQP_20231116T100310_L2A/metadata.xml"", ""tileinfo_metadata"": ""https://e84-earth-search-sentinel-data.s3.us-west-2.amazonaws.com/sentinel-2-c1-l2a/32/T/QP/2023/11/S2A_T32TQP_20231116T100310_L2A/tileInfo.json"", ""product_metadata"": ""https://e84-earth-search-sentinel-data.s3.us-west-2.amazonaws.com/sentinel-2-c1-l2a/32/T/QP/2023/11/S2A_T32TQP_20231116T100310_L2A/product_metadata.xml"", ""thumbnail"": ""https://e84-earth-search-sentinel-data.s3.us-west-2.amazonaws.com/sentinel-2-c1-l2a/32/T/QP/2023/11/S2A_T32TQP_20231116T100310_L2A/L2A_PVI.jpg""}"
S2A_T32TQQ_20231119T101314_L2A,2023-11-19 10:18:22.291000+00:00,39.505771,,sentinel-2a,"{""red"": ""https://e84-earth-search-sentinel-data.s3.us-west-2.amazonaws.com/sentinel-2-c1-l2a/32/T/QQ/2023/11/S2A_T32TQQ_20231119T101314_L2A/B04.tif"", ""green"": ""https://e84-earth-search-sentinel-data.s3.us-west-2.amazonaws.com/sentinel-2-c1-l2a/32/T/QQ/2023/11/S2A_T32TQQ_20231119T101314_L2A/B03.tif"", ""blue"": ""https://e84-earth-search-sentinel-data.s3.us-west-2.amazonaws.com/sentinel-2-c1-l2a/32/T/QQ/2023/11/S2A_T32TQQ_20231119T101314_L2A/B02.tif"", ""visual"": ""https://e84-earth-search-sentinel-data.s3.us-west-2.amazonaws.com/sentinel-2-c1-l2a/32/T/QQ/2023/11/S2A_T32TQQ_20231119T101314_L2A/TCI.tif"", ""nir"": ""https://e84-earth-search-sentinel-data.s3.us-west-2.amazonaws.com/sentinel-2-c1-l2a/32/T/QQ/2023/11/S2A_T32TQQ_20231119T101314_L2A/B08.tif"", ""swir22"": ""https://e84-earth-search-sentinel-data.s3.us-west-2.amazonaws.com/sentinel-2-c1-l2a/32/T/QQ/2023/11/S2A_T32TQQ_20231119T101314_L2A/B12.tif"", ""rededge2"": ""https://e84-earth-search-sentinel-data.s3.us-west-2.amazonaws.com/sentinel-2-c1-l2a/32/T/QQ/2023/11/S2A_T32TQQ_20231119T101314_L2A/B06.tif"", ""rededge3"": ""https://e84-earth-search-sentinel-data.s3.us-west-2.amazonaws.com/sentinel-2-c1-l2a/32/T/QQ/2023/11/S2A_T32TQQ_20231119T101314_L2A/B07.tif"", ""rededge1"": ""https://e84-earth-search-sentinel-data.s3.us-west-2.amazonaws.com/sentinel-2-c1-l2a/32/T/QQ/2023/11/S2A_T32TQQ_20231119T101314_L2A/B05.tif"", ""swir16"": ""https://e84-earth-search-sentinel-data.s3.us-west-2.amazonaws.com/sentinel-2-c1-l2a/32/T/QQ/2023/11/S2A_T32TQQ_20231119T101314_L2A/B11.tif"", ""wvp"": ""https://e84-earth-search-sentinel-data.s3.us-west-2.amazonaws.com/sentinel-2-c1-l2a/32/T/QQ/2023/11/S2A_T32TQQ_20231119T101314_L2A/WVP.tif"", ""nir08"": ""https://e84-earth-search-sentinel-data.s3.us-west-2.amazonaws.com/sentinel-2-c1-l2a/32/T/QQ/2023/11/S2A_T32TQQ_20231119T101314_L2A/B8A.tif"", ""scl"": ""https://e84-earth-search-sentinel-data.s3.us-west-2.amazonaws.com/sentinel-2-c1-l2a/32/T/QQ/2023/11/S2A_T32TQQ_20231119T101314_L2A/SCL.tif"", ""aot"": ""https://e84-earth-search-sentinel-data.s3.us-west-2.amazonaws.com/sentinel-2-c1-l2a/32/T/QQ/2023/11/S2A_T32TQQ_20231119T101314_L2A/AOT.tif"", ""coastal"": ""https://e84-earth-search-sentinel-data.s3.us-west-2.amazonaws.com/sentinel-2-c1-l2a/32/T/QQ/2023/11/S2A_T32TQQ_20231119T101314_L2A/B01.tif"", ""nir09"": ""https://e84-earth-search-sentinel-data.s3.us-west-2.amazonaws.com/sentinel-2-c1-l2a/32/T/QQ/2023/11/S2A_T32TQQ_20231119T101314_L2A/B09.tif"", ""cloud"": ""https://e84-earth-search-sentinel-data.s3.us-west-2.amazonaws.com/sentinel-2-c1-l2a/32/T/QQ/2023/11/S2A_T32TQQ_20231119T101314_L2A/CLD_20m.tif"", ""snow"": ""https://e84-earth-search-sentinel-data.s3.us-west-2.amazonaws.com/sentinel-2-c1-l2a/32/T/QQ/2023/11/S2A_T32TQQ_20231119T101314_L2A/SNW_20m.tif"", ""preview"": ""https://e84-earth-search-sentinel-data.s3.us-west-2.amazonaws.com/sentinel-2-c1-l2a/32/T/QQ/2023/11/S2A_T32TQQ_20231119T101314_L2A/L2A_PVI.tif"", ""granule_metadata"": ""https://e84-earth-search-sentinel-data.s3.us-west-2.amazonaws.com/sentinel-2-c1-l2a/32/T/QQ/2023/11/S2A_T32TQQ_20231119T101314_L2A/metadata.xml"", ""tileinfo_metadata"": ""https://e84-earth-search-sentinel-data.s3.us-west-2.amazonaws.com/sentinel-2-c1-l2a/32/T/QQ/2023/11/S2A_T32TQQ_20231119T101314_L2A/tileInfo.json"", ""product_metadata"": ""https://e84-earth-search-sentinel-data.s3.us-west-2.amazonaws.com/sentinel-2-c1-l2a/32/T/QQ/2023/11/S2A_T32TQQ_20231119T101314_L2A/product_metadata.xml"", ""thumbnail"": ""https://e84-earth-search-sentinel-data.s3.us-west-2.amazonaws.com/sentinel-2-c1-l2a/32/T/QQ/2023/11/S2A_T32TQQ_20231119T101314_L2A/L2A_PVI.jpg""}"
S2A_T32TPQ_20231119T101314_L2A,2023-11-19 10:18:25.746000+00:00,52.890736,,sentinel-2a,"{""red"": ""https://e84-earth-search-sentinel-data.s3.us-west-2.amazonaws.com/sentinel-2-c1-l2a/32/T/PQ/2023/11/S2A_T32TPQ_20231119T101314_L2A/B04.tif"", ""green"": ""https://e84-earth-search-sentinel-data.s3.us-west-2.amazonaws.com/sentinel-2-c1-l2a/32/T/PQ/2023/11/S2A_T32TPQ_20231119T101314_L2A/B03.tif"", ""blue"": ""https://e84-earth-search-sentinel-data.s3.us-west-2.amazonaws.com/sentinel-2-c1-l2a/32/T/PQ/2023/11/S2A_T32TPQ_20231119T101314_L2A/B02.tif"", ""visual"": ""https://e84-earth-search-sentinel-data.s3.us-west-2.amazonaws.com/sentinel-2-c1-l2a/32/T/PQ/2023/11/S2A_T32TPQ_20231119T101314_L2A/TCI.tif"", ""nir"": ""https://e84-earth-search-sentinel-data.s3.us-west-2.amazonaws.com/sentinel-2-c1-l2a/32/T/PQ/2023/11/S2A_T32TPQ_20231119T101314_L2A/B08.tif"", ""swir22"": ""https://e84-earth-search-sentinel-data.s3.us-west-2.amazonaws.com/sentinel-2-c1-l2a/32/T/PQ/2023/11/S2A_T32TPQ_20231119T101314_L2A/B12.tif"", ""rededge2"": ""https://e84-earth-search-sentinel-data.s3.us-west-2.amazonaws.com/sentinel-2-c1-l2a/32/T/PQ/2023/11/S2A_T32TPQ_20231119T101314_L2A/B06.tif"", ""rededge3"": ""https://e84-earth-search-sentinel-data.s3.us-west-2.amazonaws.com/sentinel-2-c1-l2a/32/T/PQ/2023/11/S2A_T32TPQ_20231119T101314_L2A/B07.tif"", ""rededge1"": ""https://e84-earth-search-sentinel-data.s3.us-west-2.amazonaws.com/sentinel-2-c1-l2a/32/T/PQ/2023/11/S2A_T32TPQ_20231119T101314_L2A/B05.tif"", ""swir16"": ""https://e84-earth-search-sentinel-data.s3.us-west-2.amazonaws.com/sentinel-2-c1-l2a/32/T/PQ/2023/11/S2A_T32TPQ_20231119T101314_L2A/B11.tif"", ""wvp"": ""https://e84-earth-search-sentinel-data.s3.us-west-2.amazonaws.com/sentinel-2-c1-l2a/32/T/PQ/2023/11/S2A_T32TPQ_20231119T101314_L2A/WVP.tif"", ""nir08"": ""https://e84-earth-search-sentinel-data.s3.us-west-2.amazonaws.com/sentinel-2-c1-l2a/32/T/PQ/2023/11/S2A_T32TPQ_20231119T101314_L2A/B8A.tif"", ""scl"": ""https://e84-earth-search-sentinel-data.s3.us-west-2.amazonaws.com/sentinel-2-c1-l2a/32/T/PQ/2023/11/S2A_T32TPQ_20231119T101314_L2A/SCL.tif"", ""aot"": ""https://e84-earth-search-sentinel-data.s3.us-west-2.amazonaws.com/sentinel-2-c1-l2a/32/T/PQ/2023/11/S2A_T32TPQ_20231119T101314_L2A/AOT.tif"", ""coastal"": ""https://e84-earth-search-sentinel-data.s3.us-west-2.amazonaws.com/sentinel-2-c1-l2a/32/T/PQ/2023/11/S2A_T32TPQ_20231119T101314_L2A/B01.tif"", ""nir09"": ""https://e84-earth-search-sentinel-data.s3.us-west-2.amazonaws.com/sentinel-2-c1-l2a/32/T/PQ/2023/11/S2A_T32TPQ_20231119T101314_L2A/B09.tif"", ""cloud"": ""https://e84-earth-search-sentinel-data.s3.us-west-2.amazonaws.com/sentinel-2-c1-l2a/32/T/PQ/2023/11/S2A_T32TPQ_20231119T101314_L2A/CLD_20m.tif"", ""snow"": ""https://e84-earth-search-sentinel-data.s3.us-west-2.amazonaws.com/sentinel-2-c1-l2a/32/T/PQ/2023/11/S2A_T32TPQ_20231119T101314_L2A/SNW_20m.tif"", ""preview"": ""https://e84-earth-search-sentinel-data.s3.us-west-2.amazonaws.com/sentinel-2-c1-l2a/32/T/PQ/2023/11/S2A_T32TPQ_20231119T101314_L2A/L2A_PVI.tif"", ""granule_metadata"": ""https://e84-earth-search-sentinel-data.s3.us-west-2.amazonaws.com/sentinel-2-c1-l2a/32/T/PQ/2023/11/S2A_T32TPQ_20231119T101314_L2A/metadata.xml"", ""tileinfo_metadata"": ""https://e84-earth-search-sentinel-data.s3.us-west-2.amazonaws.com/sentinel-2-c1-l2a/32/T/PQ/2023/11/S2A_T32TPQ_20231119T101314_L2A/tileInfo.json"", ""product_metadata"": ""https://e84-earth-search-sentinel-data.s3.us-west-2.amazonaws.com/sentinel-2-c1-l2a/32/T/PQ/2023/11/S2A_T32TPQ_20231119T101314_L2A/product_metadata.xml"", ""thumbnail"": ""https://e84-earth-search-sentinel-data.s3.us-west-2.amazonaws.com/sentinel-2-c1-l2a/32/T/PQ/2023/11/S2A_T32TPQ_20231119T101314_L2A/L2A_PVI.jpg""}"
S2A_T32TQP_20231119T101314_L2A,2023-11-19 10:18:36.537000+00:00,46.44025,,sentinel-2a,"{""red"": ""https://e84-earth-search-sentinel-data.s3.us-west-2.amazonaws.com/sentinel-2-c1-l2a/32/T/QP/2023/11/S2A_T32TQP_20231119T101314_L2A/B04.tif"", ""green"": ""https://e84-earth-search-sentinel-data.s3.us-west-2.amazonaws.com/sentinel-2-c1-l2a/32/T/QP/2023/11/S2A_T32TQP_20231119T101314_L2A/B03.tif"", ""blue"": ""https://e84-earth-search-sentinel-data.s3.us-west-2.amazonaws.com/sentinel-2-c1-l2a/32/T/QP/2023/11/S2A_T32TQP_20231119T101314_L2A/B02.tif"", ""visual"": ""https://e84-earth-search-sentinel-data.s3.us-west-2.amazonaws.com/sentinel-2-c1-l2a/32/T/QP/2023/11/S2A_T32TQP_20231119T101314_L2A/TCI.tif"", ""nir"": ""https://e84-earth-search-sentinel-data.s3.us-west-2.amazonaws.com/sentinel-2-c1-l2a/32/T/QP/2023/11/S2A_T32TQP_20231119T101314_L2A/B08.tif"", ""swir22"": ""https://e84-earth-search-sentinel-data.s3.us-west-2.amazonaws.com/sentinel-2-c1-l2a/32/T/QP/2023/11/S2A_T32TQP_20231119T101314_L2A/B12.tif"", ""rededge2"": ""https://e84-earth-search-sentinel-data.s3.us-west-2.amazonaws.com/sentinel-2-c1-l2a/32/T/QP/2023/11/S2A_T32TQP_20231119T101314_L2A/B06.tif"", ""rededge3"": ""https://e84-earth-search-sentinel-data.s3.us-west-2.amazonaws.com/sentinel-2-c1-l2a/32/T/QP/2023/11/S2A_T32TQP_20231119T101314_L2A/B07.tif"", ""rededge1"": ""https://e84-earth-search-sentinel-data.s3.us-west-2.amazonaws.com/sentinel-2-c1-l2a/32/T/QP/2023/11/S2A_T32TQP_20231119T101314_L2A/B05.tif"", ""swir16"": ""https://e84-earth-search-sentinel-data.s3.us-west-2.amazonaws.com/sentinel-2-c1-l2a/32/T/QP/2023/11/S2A_T32TQP_20231119T101314_L2A/B11.tif"", ""wvp"": ""https://e84-earth-search-sentinel-data.s3.us-west-2.amazonaws.com/sentinel-2-c1-l2a/32/T/QP/2023/11/S2A_T32TQP_20231119T101314_L2A/WVP.tif"", ""nir08"": ""https://e84-earth-search-sentinel-data.s3.us-west-2.amazonaws.com/sentinel-2-c1-l2a/32/T/QP/2023/11/S2A_T32TQP_20231119T101314_L2A/B8A.tif"", ""scl"": ""https://e84-earth-search-sentinel-data.s3.us-west-2.amazonaws.com/sentinel-2-c1-l2a/32/T/QP/2023/11/S2A_T32TQP_20231119T101314_L2A/SCL.tif"", ""aot"": ""https://e84-earth-search-sentinel-data.s3.us-west-2.amazonaws.com/sentinel-2-c1-l2a/32/T/QP/2023/11/S2A_T32TQP_20231119T101314_L2A/AOT.tif"", ""coastal"": ""https://e84-earth-search-sentinel-data.s3.us-west-2.amazonaws.com/sentinel-2-c1-l2a/32/T/QP/2023/11/S2A_T32TQP_20231119T101314_L2A/B01.tif"", ""nir09"": ""https://e84-earth-search-sentinel-data.s3.us-west-2.amazonaws.com/sentinel-2-c1-l2a/32/T/QP/2023/11/S2A_T32TQP_20231119T101314_L2A/B09.tif"", ""cloud"": ""https://e84-earth-search-sentinel-data.s3.us-west-2.amazonaws.com/sentinel-2-c1-l2a/32/T/QP/2023/11/S2A_T32TQP_20231119T101314_L2A/CLD_20m.tif"", ""snow"": ""https://e84-earth-search-sentinel-data.s3.us-west-2.amazonaws.com/sentinel-2-c1-l2a/32/T/QP/2023/11/S2A_T32TQP_20231119T101314_L2A/SNW_20m.tif"", ""preview"": ""https://e84-earth-search-sentinel-data.s3.us-west-2.amazonaws.com/sentinel-2-c1-l2a/32/T/QP/2023/11/S2A_T32TQP_20231119T101314_L2A/L2A_PVI.tif"", ""granule_metadata"": ""https://e84-earth-search-sentinel-data.s3.us-west-2.amazonaws.com/sentinel-2-c1-l2a/32/T/QP/2023/11/S2A_T32TQP_20231119T101314_L2A/metadata.xml"", ""tileinfo_metadata"": ""https://e84-earth-search-sentinel-data.s3.us-west-2.amazonaws.com/sentinel-2-c1-l2a/32/T/QP/2023/11/S2A_T32TQP_20231119T101314_L2A/tileInfo.json"", ""product_metadata"": ""https://e84-earth-search-sentinel-data.s3.us-west-2.amazonaws.com/sentinel-2-c1-l2a/32/T/QP/2023/11/S2A_T32TQP_20231119T101314_L2A/product_metadata.xml"", ""thumbnail"": ""https://e84-earth-search-sentinel-data.s3.us-west-2.amazonaws.com/sentinel-2-c1-l2a/32/T/QP/2023/11/S2A_T32TQP_20231119T101314_L2A/L2A_PVI.jpg""}"
S2B_T32TQQ_20231124T101608_L2A,2023-11-24 10:18:20.197000+00:00,35.661304,,sentinel-2b,"{""red"": ""https://e84-earth-search-sentinel-data.s3.us-west-2.amazonaws.com/sentinel-2-c1-l2a/32/T/QQ/2023/11/S2B_T32TQQ_20231124T101608_L2A/B04.tif"", ""green"": ""https://e84-earth-search-sentinel-data.s3.us-west-2.amazonaws.com/sentinel-2-c1-l2a/32/T/QQ/2023/11/S2B_T32TQQ_20231124T101608_L2A/B03.tif"", ""blue"": ""https://e84-earth-search-sentinel-data.s3.us-west-2.amazonaws.com/sentinel-2-c1-l2a/32/T/QQ/2023/11/S2B_T32TQQ_20231124T101608_L2A/B02.tif"", ""visual"": ""https://e84-earth-search-sentinel-data.s3.us-west-2.amazonaws.com/sentinel-2-c1-l2a/32/T/QQ/2023/11/S2B_T32TQQ_20231124T101608_L2A/TCI.tif"", ""nir"": ""https://e84-earth-search-sentinel-data.s3.us-west-2.amazonaws.com/sentinel-2-c1-l2a/32/T/QQ/2023/11/S2B_T32TQQ_20231124T101608_L2A/B08.tif"", ""swir22"": ""https://e84-earth-search-sentinel-data.s3.us-west-2.amazonaws.com/sentinel-2-c1-l2a/32/T/QQ/2023/11/S2B_T32TQQ_20231124T101608_L2A/B12.tif"", ""rededge2"": ""https://e84-earth-search-sentinel-data.s3.us-west-2.amazonaws.com/sentinel-2-c1-l2a/32/T/QQ/2023/11/S2B_T32TQQ_20231124T101608_L2A/B06.tif"", ""rededge3"": ""https://e84-earth-search-sentinel-data.s3.us-west-2.amazonaws.com/sentinel-2-c1-l2a/32/T/QQ/2023/11/S2B_T32TQQ_20231124T101608_L2A/B07.tif"", ""rededge1"": ""https://e84-earth-search-sentinel-data.s3.us-west-2.amazonaws.com/sentinel-2-c1-l2a/32/T/QQ/2023/11/S2B_T32TQQ_20231124T101608_L2A/B05.tif"", ""swir16"": ""https://e84-earth-search-sentinel-data.s3.us-west-2.amazonaws.com/sentinel-2-c1-l2a/32/T/QQ/2023/11/S2B_T32TQQ_20231124T101608_L2A/B11.tif"", ""wvp"": ""https://e84-earth-search-sentinel-data.s3.us-west-2.amazonaws.com/sentinel-2-c1-l2a/32/T/QQ/2023/11/S2B_T32TQQ_20231124T101608_L2A/WVP.tif"", ""nir08"": ""https://e84-earth-search-sentinel-data.s3.us-west-2.amazonaws.com/sentinel-2-c1-l2a/32/T/QQ/2023/11/S2B_T32TQQ_20231124T101608_L2A/B8A.tif"", ""scl"": ""https://e84-earth-search-sentinel-data.s3.us-west-2.amazonaws.com/sentinel-2-c1-l2a/32/T/QQ/2023/11/S2B_T32TQQ_20231124T101608_L2A/SCL.tif"", ""aot"": ""https://e84-earth-search-sentinel-data.s3.us-west-2.amazonaws.com/sentinel-2-c1-l2a/32/T/QQ/2023/11/S2B_T32TQQ_20231124T101608_L2A/AOT.tif"", ""coastal"": ""https://e84-earth-search-sentinel-data.s3.us-west-2.amazonaws.com/sentinel-2-c1-l2a/32/T/QQ/2023/11/S2B_T32TQQ_20231124T101608_L2A/B01.tif"", ""nir09"": ""https://e84-earth-search-sentinel-data.s3.us-west-2.amazonaws.com/sentinel-2-c1-l2a/32/T/QQ/2023/11/S2B_T32TQQ_20231124T101608_L2A/B09.tif"", ""cloud"": ""https://e84-earth-search-sentinel-data.s3.us-west-2.amazonaws.com/sentinel-2-c1-l2a/32/T/QQ/2023/11/S2B_T32TQQ_20231124T101608_L2A/CLD_20m.tif"", ""snow"": ""https://e84-earth-search-sentinel-data.s3.us-west-2.amazonaws.com/sentinel-2-c1-l2a/32/T/QQ/2023/11/S2B_T32TQQ_20231124T101608_L2A/SNW_20m.tif"", ""preview"": ""https://e84-earth-search-sentinel-data.s3.us-west-2.amazonaws.com/sentinel-2-c1-l2a/32/T/QQ/2023/11/S2B_T32TQQ_20231124T101608_L2A/L2A_PVI.tif"", ""granule_metadata"": ""https://e84-earth-search-sentinel-data.s3.us-west-2.amazonaws.com/sentinel-2-c1-l2a/32/T/QQ/2023/11/S2B_T32TQQ_20231124T101608_L2A/metadata.xml"", ""tileinfo_metadata"": ""https://e84-earth-search-sentinel-data.s3.us-west-2.amazonaws.com/sentinel-2-c1-l2a/32/T/QQ/2023/11/S2B_T32TQQ_20231124T101608_L2A/tileInfo.json"", ""product_metadata"": ""https://e84-earth-search-sentinel-data.s3.us-west-2.amazonaws.com/sentinel-2-c1-l2a/32/T/QQ/2023/11/S2B_T32TQQ_20231124T101608_L2A/product_metadata.xml"", ""thumbnail"": ""https://e84-earth-search-sentinel-data.s3.us-west-2.amazonaws.com/sentinel-2-c1-l2a/32/T/QQ/2023/11/S2B_T32TQQ_20231124T101608_L2A/L2A_PVI.jpg""}"
S2B_T32TPQ_20231124T101608_L2A,2023-11-24 10:18:23.637000+00:00,14.744064,,sentinel-2b,"{""red"": ""https://e84-earth-search-sentinel-data.s3.us-west-2.amazonaws.com/sentinel-2-c1-l2a/32/T/PQ/2023/11/S2B_T32TPQ_20231124T101608_L2A/B04.tif"", ""green"": ""https://e84-earth-search-sentinel-data.s3.us-west-2.amazonaws.com/sentinel-2-c1-l2a/32/T/PQ/2023/11/S2B_T32TPQ_20231124T101608_L2A/B03.tif"", ""blue"": ""https://e84-earth-search-sentinel-data.s3.us-west-2.amazonaws.com/sentinel-2-c1-l2a/32/T/PQ/2023/11/S2B_T32TPQ_20231124T101608_L2A/B02.tif"", ""visual"": ""https://e84-earth-search-sentinel-data.s3.us-west-2.amazonaws.com/sentinel-2-c1-l2a/32/T/PQ/2023/11/S2B_T32TPQ_20231124T101608_L2A/TCI.tif"", ""nir"": ""https://e84-earth-search-sentinel-data.s3.us-west-2.amazonaws.com/sentinel-2-c1-l2a/32/T/PQ/2023/11/S2B_T32TPQ_20231124T101608_L2A/B08.tif"", ""swir22"": ""https://e84-earth-search-sentinel-data.s3.us-west-2.amazonaws.com/sentinel-2-c1-l2a/32/T/PQ/2023/11/S2B_T32TPQ_20231124T101608_L2A/B12.tif"", ""rededge2"": ""https://e84-earth-search-sentinel-data.s3.us-west-2.amazonaws.com/sentinel-2-c1-l2a/32/T/PQ/2023/11/S2B_T32TPQ_20231124T101608_L2A/B06.tif"", ""rededge3"": ""https://e84-earth-search-sentinel-data.s3.us-west-2.amazonaws.com/sentinel-2-c1-l2a/32/T/PQ/2023/11/S2B_T32TPQ_20231124T101608_L2A/B07.tif"", ""rededge1"": ""https://e84-earth-search-sentinel-data.s3.us-west-2.amazonaws.com/sentinel-2-c1-l2a/32/T/PQ/2023/11/S2B_T32TPQ_20231124T101608_L2A/B05.tif"", ""swir16"": ""https://e84-earth-search-sentinel-data.s3.us-west-2.amazonaws.com/sentinel-2-c1-l2a/32/T/PQ/2023/11/S2B_T32TPQ_20231124T101608_L2A/B11.tif"", ""wvp"": ""https://e84-earth-search-sentinel-data.s3.us-west-2.amazonaws.com/sentinel-2-c1-l2a/32/T/PQ/2023/11/S2B_T32TPQ_20231124T101608_L2A/WVP.tif"", ""nir08"": ""https://e84-earth-search-sentinel-data.s3.us-west-2.amazonaws.com/sentinel-2-c1-l2a/32/T/PQ/2023/11/S2B_T32TPQ_20231124T101608_L2A/B8A.tif"", ""scl"": ""https://e84-earth-search-sentinel-data.s3.us-west-2.amazonaws.com/sentinel-2-c1-l2a/32/T/PQ/2023/11/S2B_T32TPQ_20231124T101608_L2A/SCL.tif"", ""aot"": ""https://e84-earth-search-sentinel-data.s3.us-west-2.amazonaws.com/sentinel-2-c1-l2a/32/T/PQ/2023/11/S2B_T32TPQ_20231124T101608_L2A/AOT.tif"", ""coastal"": ""https://e84-earth-search-sentinel-data.s3.us-west-2.amazonaws.com/sentinel-2-c1-l2a/32/T/PQ/2023/11/S2B_T32TPQ_20231124T101608_L2A/B01.tif"", ""nir09"": ""https://e84-earth-search-sentinel-data.s3.us-west-2.amazonaws.com/sentinel-2-c1-l2a/32/T/PQ/2023/11/S2B_T32TPQ_20231124T101608_L2A/B09.tif"", ""cloud"": ""https://e84-earth-search-sentinel-data.s3.us-west-2.amazonaws.com/sentinel-2-c1-l2a/32/T/PQ/2023/11/S2B_T32TPQ_20231124T101608_L2A/CLD_20m.tif"", ""snow"": ""https://e84-earth-search-sentinel-data.s3.us-west-2.amazonaws.com/sentinel-2-c1-l2a/32/T/PQ/2023/11/S2B_T32TPQ_20231124T101608_L2A/SNW_20m.tif"", ""preview"": ""https://e84-earth-search-sentinel-data.s3.us-west-2.amazonaws.com/sentinel-2-c1-l2a/32/T/PQ/2023/11/S2B_T32TPQ_20231124T101608_L2A/L2A_PVI.tif"", ""granule_metadata"": ""https://e84-earth-search-sentinel-data.s3.us-west-2.amazonaws.com/sentinel-2-c1-l2a/32/T/PQ/2023/11/S2B_T32TPQ_20231124T101608_L2A/metadata.xml"", ""tileinfo_metadata"": ""https://e84-earth-search-sentinel-data.s3.us-west-2.amazonaws.com/sentinel-2-c1-l2a/32/T/PQ/2023/11/S2B_T32TPQ_20231124T101608_L2A/tileInfo.json"", ""product_metadata"": ""https://e84-earth-search-sentinel-data.s3.us-west-2.amazonaws.com/sentinel-2-c1-l2a/32/T/PQ/2023/11/S2B_T32TPQ_20231124T101608_L2A/product_metadata.xml"", ""thumbnail"": ""https://e84-earth-search-sentinel-data.s3.us-west-2.amazonaws.com/sentinel-2-c1-l2a/32/T/PQ/2023/11/S2B_T32TPQ_20231124T101608_L2A/L2A_PVI.jpg""}"
S2B_T32TQP_20231124T101608_L2A,2023-11-24 10:18:34.459000+00:00,3.121721,,sentinel-2b,"{""red"": ""https://e84-earth-search-sentinel-data.s3.us-west-2.amazonaws.com/sentinel-2-c1-l2a/32/T/QP/2023/11/S2B_T32TQP_20231124T101608_L2A/B04.tif"", ""green"": ""https://e84-earth-search-sentinel-data.s3.us-west-2.amazonaws.com/sentinel-2-c1-l2a/32/T/QP/2023/11/S2B_T32TQP_20231124T101608_L2A/B03.tif"", ""blue"": ""https://e84-earth-search-sentinel-data.s3.us-west-2.amazonaws.com/sentinel-2-c1-l2a/32/T/QP/2023/11/S2B_T32TQP_20231124T101608_L2A/B02.tif"", ""visual"": ""https://e84-earth-search-sentinel-data.s3.us-west-2.amazonaws.com/sentinel-2-c1-l2a/32/T/QP/2023/11/S2B_T32TQP_20231124T101608_L2A/TCI.tif"", ""nir"": ""https://e84-earth-search-sentinel-data.s3.us-west-2.amazonaws.com/sentinel-2-c1-l2a/32/T/QP/2023/11/S2B_T32TQP_20231124T101608_L2A/B08.tif"", ""swir22"": ""https://e84-earth-search-sentinel-data.s3.us-west-2.amazonaws.com/sentinel-2-c1-l2a/32/T/QP/2023/11/S2B_T32TQP_20231124T101608_L2A/B12.tif"", ""rededge2"": ""https://e84-earth-search-sentinel-data.s3.us-west-2.amazonaws.com/sentinel-2-c1-l2a/32/T/QP/2023/11/S2B_T32TQP_20231124T101608_L2A/B06.tif"", ""rededge3"": ""https://e84-earth-search-sentinel-data.s3.us-west-2.amazonaws.com/sentinel-2-c1-l2a/32/T/QP/2023/11/S2B_T32TQP_20231124T101608_L2A/B07.tif"", ""rededge1"": ""https://e84-earth-search-sentinel-data.s3.us-west-2.amazonaws.com/sentinel-2-c1-l2a/32/T/QP/2023/11/S2B_T32TQP_20231124T101608_L2A/B05.tif"", ""swir16"": ""https://e84-earth-search-sentinel-data.s3.us-west-2.amazonaws.com/sentinel-2-c1-l2a/32/T/QP/2023/11/S2B_T32TQP_20231124T101608_L2A/B11.tif"", ""wvp"": ""https://e84-earth-search-sentinel-data.s3.us-west-2.amazonaws.com/sentinel-2-c1-l2a/32/T/QP/2023/11/S2B_T32TQP_20231124T101608_L2A/WVP.tif"", ""nir08"": ""https://e84-earth-search-sentinel-data.s3.us-west-2.amazonaws.com/sentinel-2-c1-l2a/32/T/QP/2023/11/S2B_T32TQP_20231124T101608_L2A/B8A.tif"", ""scl"": ""https://e84-earth-search-sentinel-data.s3.us-west-2.amazonaws.com/sentinel-2-c1-l2a/32/T/QP/2023/11/S2B_T32TQP_20231124T101608_L2A/SCL.tif"", ""aot"": ""https://e84-earth-search-sentinel-data.s3.us-west-2.amazonaws.com/sentinel-2-c1-l2a/32/T/QP/2023/11/S2B_T32TQP_20231124T101608_L2A/AOT.tif"", ""coastal"": ""https://e84-earth-search-sentinel-data.s3.us-west-2.amazonaws.com/sentinel-2-c1-l2a/32/T/QP/2023/11/S2B_T32TQP_20231124T101608_L2A/B01.tif"", ""nir09"": ""https://e84-earth-search-sentinel-data.s3.us-west-2.amazonaws.com/sentinel-2-c1-l2a/32/T/QP/2023/11/S2B_T32TQP_20231124T101608_L2A/B09.tif"", ""cloud"": ""https://e84-earth-search-sentinel-data.s3.us-west-2.amazonaws.com/sentinel-2-c1-l2a/32/T/QP/2023/11/S2B_T32TQP_20231124T101608_L2A/CLD_20m.tif"", ""snow"": ""https://e84-earth-search-sentinel-data.s3.us-west-2.amazonaws.com/sentinel-2-c1-l2a/32/T/QP/2023/11/S2B_T32TQP_20231124T101608_L2A/SNW_20m.tif"", ""preview"": ""https://e84-earth-search-sentinel-data.s3.us-west-2.amazonaws.com/sentinel-2-c1-l2a/32/T/QP/2023/11/S2B_T32TQP_20231124T101608_L2A/L2A_PVI.tif"", ""granule_metadata"": ""https://e84-earth-search-sentinel-data.s3.us-west-2.amazonaws.com/sentinel-2-c1-l2a/32/T/QP/2023/11/S2B_T32TQP_20231124T101608_L2A/metadata.xml"", ""tileinfo_metadata"": ""https://e84-earth-search-sentinel-data.s3.us-west-2.amazonaws.com/sentinel-2-c1-l2a/32/T/QP/2023/11/S2B_T32TQP_20231124T101608_L2A/tileInfo.json"", ""product_metadata"": ""https://e84-earth-search-sentinel-data.s3.us-west-2.amazonaws.com/sentinel-2-c1-l2a/32/T/QP/2023/11/S2B_T32TQP_20231124T101608_L2A/product_metadata.xml"", ""thumbnail"": ""https://e84-earth-search-sentinel-data.s3.us-west-2.amazonaws.com/sentinel-2-c1-l2a/32/T/QP/2023/11/S2B_T32TQP_20231124T101608_L2A/L2A_PVI.jpg""}"
S2B_T32TPP_20231124T101608_L2A,2023-11-24 10:18:38.036000+00:00,1.327139,,sentinel-2b,"{""red"": ""https://e84-earth-search-sentinel-data.s3.us-west-2.amazonaws.com/sentinel-2-c1-l2a/32/T/PP/2023/11/S2B_T32TPP_20231124T101608_L2A/B04.tif"", ""green"": ""https://e84-earth-search-sentinel-data.s3.us-west-2.amazonaws.com/sentinel-2-c1-l2a/32/T/PP/2023/11/S2B_T32TPP_20231124T101608_L2A/B03.tif"", ""blue"": ""https://e84-earth-search-sentinel-data.s3.us-west-2.amazonaws.com/sentinel-2-c1-l2a/32/T/PP/2023/11/S2B_T32TPP_20231124T101608_L2A/B02.tif"", ""visual"": ""https://e84-earth-search-sentinel-data.s3.us-west-2.amazonaws.com/sentinel-2-c1-l2a/32/T/PP/2023/11/S2B_T32TPP_20231124T101608_L2A/TCI.tif"", ""nir"": ""https://e84-earth-search-sentinel-data.s3.us-west-2.amazonaws.com/sentinel-2-c1-l2a/32/T/PP/2023/11/S2B_T32TPP_20231124T101608_L2A/B08.tif"", ""swir22"": ""https://e84-earth-search-sentinel-data.s3.us-west-2.amazonaws.com/sentinel-2-c1-l2a/32/T/PP/2023/11/S2B_T32TPP_20231124T101608_L2A/B12.tif"", ""rededge2"": ""https://e84-earth-search-sentinel-data.s3.us-west-2.amazonaws.com/sentinel-2-c1-l2a/32/T/PP/2023/11/S2B_T32TPP_20231124T101608_L2A/B06.tif"", ""rededge3"": ""https://e84-earth-search-sentinel-data.s3.us-west-2.amazonaws.com/sentinel-2-c1-l2a/32/T/PP/2023/11/S2B_T32TPP_20231124T101608_L2A/B07.tif"", ""rededge1"": ""https://e84-earth-search-sentinel-data.s3.us-west-2.amazonaws.com/sentinel-2-c1-l2a/32/T/PP/2023/11/S2B_T32TPP_20231124T101608_L2A/B05.tif"", ""swir16"": ""https://e84-earth-search-sentinel-data.s3.us-west-2.amazonaws.com/sentinel-2-c1-l2a/32/T/PP/2023/11/S2B_T32TPP_20231124T101608_L2A/B11.tif"", ""wvp"": ""https://e84-earth-search-sentinel-data.s3.us-west-2.amazonaws.com/sentinel-2-c1-l2a/32/T/PP/2023/11/S2B_T32TPP_20231124T101608_L2A/WVP.tif"", ""nir08"": ""https://e84-earth-search-sentinel-data.s3.us-west-2.amazonaws.com/sentinel-2-c1-l2a/32/T/PP/2023/11/S2B_T32TPP_20231124T101608_L2A/B8A.tif"", ""scl"": ""https://e84-earth-search-sentinel-data.s3.us-west-2.amazonaws.com/sentinel-2-c1-l2a/32/T/PP/2023/11/S2B_T32TPP_20231124T101608_L2A/SCL.tif"", ""aot"": ""https://e84-earth-search-sentinel-data.s3.us-west-2.amazonaws.com/sentinel-2-c1-l2a/32/T/PP/2023/11/S2B_T32TPP_20231124T101608_L2A/AOT.tif"", ""coastal"": ""https://e84-earth-search-sentinel-data.s3.us-west-2.amazonaws.com/sentinel-2-c1-l2a/32/T/PP/2023/11/S2B_T32TPP_20231124T101608_L2A/B01.tif"", ""nir09"": ""https://e84-earth-search-sentinel-data.s3.us-west-2.amazonaws.com/sentinel-2-c1-l2a/32/T/PP/2023/11/S2B_T32TPP_20231124T101608_L2A/B09.tif"", ""cloud"": ""https://e84-earth-search-sentinel-data.s3.us-west-2.amazonaws.com/sentinel-2-c1-l2a/32/T/PP/2023/11/S2B_T32TPP_20231124T101608_L2A/CLD_20m.tif"", ""snow"": ""https://e84-earth-search-sentinel-data.s3.us-west-2.amazonaws.com/sentinel-2-c1-l2a/32/T/PP/2023/11/S2B_T32TPP_20231124T101608_L2A/SNW_20m.tif"", ""preview"": ""https://e84-earth-search-sentinel-data.s3.us-west-2.amazonaws.com/sentinel-2-c1-l2a/32/T/PP/2023/11/S2B_T32TPP_20231124T101608_L2A/L2A_PVI.tif"", ""granule_metadata"": ""https://e84-earth-search-sentinel-data.s3.us-west-2.amazonaws.com/sentinel-2-c1-l2a/32/T/PP/2023/11/S2B_T32TPP_20231124T101608_L2A/metadata.xml"", ""tileinfo_metadata"": ""https://e84-earth-search-sentinel-data.s3.us-west-2.amazonaws.com/sentinel-2-c1-l2a/32/T/PP/2023/11/S2B_T32TPP_20231124T101608_L2A/tileInfo.json"", ""product_metadata"": ""https://e84-earth-search-sentinel-data.s3.us-west-2.amazonaws.com/sentinel-2-c1-l2a/32/T/PP/2023/11/S2B_T32TPP_20231124T101608_L2A/product_metadata.xml"", ""thumbnail"": ""https://e84-earth-search-sentinel-data.s3.us-west-2.amazonaws.com/sentinel-2-c1-l2a/32/T/PP/2023/11/S2B_T32TPP_20231124T101608_L2A/L2A_PVI.jpg""}"
S2A_T32TQQ_20231126T100348_L2A,2023-11-26 10:08:22.132000+00:00,0.00909,,sentinel-2a,"{""red"": ""https://e84-earth-search-sentinel-data.s3.us-west-2.amazonaws.com/sentinel-2-c1-l2a/32/T/QQ/2023/11/S2A_T32TQQ_20231126T100348_L2A/B04.tif"", ""green"": ""https://e84-earth-search-sentinel-data.s3.us-west-2.amazonaws.com/sentinel-2-c1-l2a/32/T/QQ/2023/11/S2A_T32TQQ_20231126T100348_L2A/B03.tif"", ""blue"": ""https://e84-earth-search-sentinel-data.s3.us-west-2.amazonaws.com/sentinel-2-c1-l2a/32/T/QQ/2023/11/S2A_T32TQQ_20231126T100348_L2A/B02.tif"", ""visual"": ""https://e84-earth-search-sentinel-data.s3.us-west-2.amazonaws.com/sentinel-2-c1-l2a/32/T/QQ/2023/11/S2A_T32TQQ_20231126T100348_L2A/TCI.tif"", ""nir"": ""https://e84-earth-search-sentinel-data.s3.us-west-2.amazonaws.com/sentinel-2-c1-l2a/32/T/QQ/2023/11/S2A_T32TQQ_20231126T100348_L2A/B08.tif"", ""swir22"": ""https://e84-earth-search-sentinel-data.s3.us-west-2.amazonaws.com/sentinel-2-c1-l2a/32/T/QQ/2023/11/S2A_T32TQQ_20231126T100348_L2A/B12.tif"", ""rededge2"": ""https://e84-earth-search-sentinel-data.s3.us-west-2.amazonaws.com/sentinel-2-c1-l2a/32/T/QQ/2023/11/S2A_T32TQQ_20231126T100348_L2A/B06.tif"", ""rededge3"": ""https://e84-earth-search-sentinel-data.s3.us-west-2.amazonaws.com/sentinel-2-c1-l2a/32/T/QQ/2023/11/S2A_T32TQQ_20231126T100348_L2A/B07.tif"", ""rededge1"": ""https://e84-earth-search-sentinel-data.s3.us-west-2.amazonaws.com/sentinel-2-c1-l2a/32/T/QQ/2023/11/S2A_T32TQQ_20231126T100348_L2A/B05.tif"", ""swir16"": ""https://e84-earth-search-sentinel-data.s3.us-west-2.amazonaws.com/sentinel-2-c1-l2a/32/T/QQ/2023/11/S2A_T32TQQ_20231126T100348_L2A/B11.tif"", ""wvp"": ""https://e84-earth-search-sentinel-data.s3.us-west-2.amazonaws.com/sentinel-2-c1-l2a/32/T/QQ/2023/11/S2A_T32TQQ_20231126T100348_L2A/WVP.tif"", ""nir08"": ""https://e84-earth-search-sentinel-data.s3.us-west-2.amazonaws.com/sentinel-2-c1-l2a/32/T/QQ/2023/11/S2A_T32TQQ_20231126T100348_L2A/B8A.tif"", ""scl"": ""https://e84-earth-search-sentinel-data.s3.us-west-2.amazonaws.com/sentinel-2-c1-l2a/32/T/QQ/2023/11/S2A_T32TQQ_20231126T100348_L2A/SCL.tif"", ""aot"": ""https://e84-earth-search-sentinel-data.s3.us-west-2.amazonaws.com/sentinel-2-c1-l2a/32/T/QQ/2023/11/S2A_T32TQQ_20231126T100348_L2A/AOT.tif"", ""coastal"": ""https://e84-earth-search-sentinel-data.s3.us-west-2.amazonaws.com/sentinel-2-c1-l2a/32/T/QQ/2023/11/S2A_T32TQQ_20231126T100348_L2A/B01.tif"", ""nir09"": ""https://e84-earth-search-sentinel-data.s3.us-west-2.amazonaws.com/sentinel-2-c1-l2a/32/T/QQ/2023/11/S2A_T32TQQ_20231126T100348_L2A/B09.tif"", ""cloud"": ""https://e84-earth-search-sentinel-data.s3.us-west-2.amazonaws.com/sentinel-2-c1-l2a/32/T/QQ/2023/11/S2A_T32TQQ_20231126T100348_L2A/CLD_20m.tif"", ""snow"": ""https://e84-earth-search-sentinel-data.s3.us-west-2.amazonaws.com/sentinel-2-c1-l2a/32/T/QQ/2023/11/S2A_T32TQQ_20231126T100348_L2A/SNW_20m.tif"", ""preview"": ""https://e84-earth-search-sentinel-data.s3.us-west-2.amazonaws.com/sentinel-2-c1-l2a/32/T/QQ/2023/11/S2A_T32TQQ_20231126T100348_L2A/L2A_PVI.tif"", ""granule_metadata"": ""https://e84-earth-search-sentinel-data.s3.us-west-2.amazonaws.com/sentinel-2-c1-l2a/32/T/QQ/2023/11/S2A_T32TQQ_20231126T100348_L2A/metadata.xml"", ""tileinfo_metadata"": ""https://e84-earth-search-sentinel-data.s3.us-west-2.amazonaws.com/sentinel-2-c1-l2a/32/T/QQ/2023/11/S2A_T32TQQ_20231126T100348_L2A/tileInfo.json"", ""product_metadata"": ""https://e84-earth-search-sentinel-data.s3.us-west-2.amazonaws.com/sentinel-2-c1-l2a/32/T/QQ/2023/11/S2A_T32TQQ_20231126T100348_L2A/product_metadata.xml"", ""thumbnail"": ""https://e84-earth-search-sentinel-data.s3.us-west-2.amazonaws.com/sentinel-2-c1-l2a/32/T/QQ/2023/11/S2A_T32TQQ_20231126T100348_L2A/L2A_PVI.jpg""}"
S2A_T32TQP_20231126T100348_L2A,2023-11-26 10:08:36.861000+00:00,0.156843,,sentinel-2a,"{""red"": ""https://e84-earth-search-sentinel-data.s3.us-west-2.amazonaws.com/sentinel-2-c1-l2a/32/T/QP/2023/11/S2A_T32TQP_20231126T100348_L2A/B04.tif"", ""green"": ""https://e84-earth-search-sentinel-data.s3.us-west-2.amazonaws.com/sentinel-2-c1-l2a/32/T/QP/2023/11/S2A_T32TQP_20231126T100348_L2A/B03.tif"", ""blue"": ""https://e84-earth-search-sentinel-data.s3.us-west-2.amazonaws.com/sentinel-2-c1-l2a/32/T/QP/2023/11/S2A_T32TQP_20231126T100348_L2A/B02.tif"", ""visual"": ""https://e84-earth-search-sentinel-data.s3.us-west-2.amazonaws.com/sentinel-2-c1-l2a/32/T/QP/2023/11/S2A_T32TQP_20231126T100348_L2A/TCI.tif"", ""nir"": ""https://e84-earth-search-sentinel-data.s3.us-west-2.amazonaws.com/sentinel-2-c1-l2a/32/T/QP/2023/11/S2A_T32TQP_20231126T100348_L2A/B08.tif"", ""swir22"": ""https://e84-earth-search-sentinel-data.s3.us-west-2.amazonaws.com/sentinel-2-c1-l2a/32/T/QP/2023/11/S2A_T32TQP_20231126T100348_L2A/B12.tif"", ""rededge2"": ""https://e84-earth-search-sentinel-data.s3.us-west-2.amazonaws.com/sentinel-2-c1-l2a/32/T/QP/2023/11/S2A_T32TQP_20231126T100348_L2A/B06.tif"", ""rededge3"": ""https://e84-earth-search-sentinel-data.s3.us-west-2.amazonaws.com/sentinel-2-c1-l2a/32/T/QP/2023/11/S2A_T32TQP_20231126T100348_L2A/B07.tif"", ""rededge1"": ""https://e84-earth-search-sentinel-data.s3.us-west-2.amazonaws.com/sentinel-2-c1-l2a/32/T/QP/2023/11/S2A_T32TQP_20231126T100348_L2A/B05.tif"", ""swir16"": ""https://e84-earth-search-sentinel-data.s3.us-west-2.amazonaws.com/sentinel-2-c1-l2a/32/T/QP/2023/11/S2A_T32TQP_20231126T100348_L2A/B11.tif"", ""wvp"": ""https://e84-earth-search-sentinel-data.s3.us-west-2.amazonaws.com/sentinel-2-c1-l2a/32/T/QP/2023/11/S2A_T32TQP_20231126T100348_L2A/WVP.tif"", ""nir08"": ""https://e84-earth-search-sentinel-data.s3.us-west-2.amazonaws.com/sentinel-2-c1-l2a/32/T/QP/2023/11/S2A_T32TQP_20231126T100348_L2A/B8A.tif"", ""scl"": ""https://e84-earth-search-sentinel-data.s3.us-west-2.amazonaws.com/sentinel-2-c1-l2a/32/T/QP/2023/11/S2A_T32TQP_20231126T100348_L2A/SCL.tif"", ""aot"": ""https://e84-earth-search-sentinel-data.s3.us-west-2.amazonaws.com/sentinel-2-c1-l2a/32/T/QP/2023/11/S2A_T32TQP_20231126T100348_L2A/AOT.tif"", ""coastal"": ""https://e84-earth-search-sentinel-data.s3.us-west-2.amazonaws.com/sentinel-2-c1-l2a/32/T/QP/2023/11/S2A_T32TQP_20231126T100348_L2A/B01.tif"", ""nir09"": ""https://e84-earth-search-sentinel-data.s3.us-west-2.amazonaws.com/sentinel-2-c1-l2a/32/T/QP/2023/11/S2A_T32TQP_20231126T100348_L2A/B09.tif"", ""cloud"": ""https://e84-earth-search-sentinel-data.s3.us-west-2.amazonaws.com/sentinel-2-c1-l2a/32/T/QP/2023/11/S2A_T32TQP_20231126T100348_L2A/CLD_20m.tif"", ""snow"": ""https://e84-earth-search-sentinel-data.s3.us-west-2.amazonaws.com/sentinel-2-c1-l2a/32/T/QP/2023/11/S2A_T32TQP_20231126T100348_L2A/SNW_20m.tif"", ""preview"": ""https://e84-earth-search-sentinel-data.s3.us-west-2.amazonaws.com/sentinel-2-c1-l2a/32/T/QP/2023/11/S2A_T32TQP_20231126T100348_L2A/L2A_PVI.tif"", ""granule_metadata"": ""https://e84-earth-search-sentinel-data.s3.us-west-2.amazonaws.com/sentinel-2-c1-l2a/32/T/QP/2023/11/S2A_T32TQP_20231126T100348_L2A/metadata.xml"", ""tileinfo_metadata"": ""https://e84-earth-search-sentinel-data.s3.us-west-2.amazonaws.com/sentinel-2-c1-l2a/32/T/QP/2023/11/S2A_T32TQP_20231126T100348_L2A/tileInfo.json"", ""product_metadata"": ""https://e84-earth-search-sentinel-data.s3.us-west-2.amazonaws.com/sentinel-2-c1-l2a/32/T/QP/2023/11/S2A_T32TQP_20231126T100348_L2A/product_metadata.xml"", ""thumbnail"": ""https://e84-earth-search-sentinel-data.s3.us-west-2.amazonaws.com/sentinel-2-c1-l2a/32/T/QP/2023/11/S2A_T32TQP_20231126T100348_L2A/L2A_PVI.jpg""}"
S2A_T32TQQ_20231129T101346_L2A,2023-11-29 10:18:16.994000+00:00,16.646756,,sentinel-2a,"{""red"": ""https://e84-earth-search-sentinel-data.s3.us-west-2.amazonaws.com/sentinel-2-c1-l2a/32/T/QQ/2023/11/S2A_T32TQQ_20231129T101346_L2A/B04.tif"", ""green"": ""https://e84-earth-search-sentinel-data.s3.us-west-2.amazonaws.com/sentinel-2-c1-l2a/32/T/QQ/2023/11/S2A_T32TQQ_20231129T101346_L2A/B03.tif"", ""blue"": ""https://e84-earth-search-sentinel-data.s3.us-west-2.amazonaws.com/sentinel-2-c1-l2a/32/T/QQ/2023/11/S2A_T32TQQ_20231129T101346_L2A/B02.tif"", ""visual"": ""https://e84-earth-search-sentinel-data.s3.us-west-2.amazonaws.com/sentinel-2-c1-l2a/32/T/QQ/2023/11/S2A_T32TQQ_20231129T101346_L2A/TCI.tif"", ""nir"": ""https://e84-earth-search-sentinel-data.s3.us-west-2.amazonaws.com/sentinel-2-c1-l2a/32/T/QQ/2023/11/S2A_T32TQQ_20231129T101346_L2A/B08.tif"", ""swir22"": ""https://e84-earth-search-sentinel-data.s3.us-west-2.amazonaws.com/sentinel-2-c1-l2a/32/T/QQ/2023/11/S2A_T32TQQ_20231129T101346_L2A/B12.tif"", ""rededge2"": ""https://e84-earth-search-sentinel-data.s3.us-west-2.amazonaws.com/sentinel-2-c1-l2a/32/T/QQ/2023/11/S2A_T32TQQ_20231129T101346_L2A/B06.tif"", ""rededge3"": ""https://e84-earth-search-sentinel-data.s3.us-west-2.amazonaws.com/sentinel-2-c1-l2a/32/T/QQ/2023/11/S2A_T32TQQ_20231129T101346_L2A/B07.tif"", ""rededge1"": ""https://e84-earth-search-sentinel-data.s3.us-west-2.amazonaws.com/sentinel-2-c1-l2a/32/T/QQ/2023/11/S2A_T32TQQ_20231129T101346_L2A/B05.tif"", ""swir16"": ""https://e84-earth-search-sentinel-data.s3.us-west-2.amazonaws.com/sentinel-2-c1-l2a/32/T/QQ/2023/11/S2A_T32TQQ_20231129T101346_L2A/B11.tif"", ""wvp"": ""https://e84-earth-search-sentinel-data.s3.us-west-2.amazonaws.com/sentinel-2-c1-l2a/32/T/QQ/2023/11/S2A_T32TQQ_20231129T101346_L2A/WVP.tif"", ""nir08"": ""https://e84-earth-search-sentinel-data.s3.us-west-2.amazonaws.com/sentinel-2-c1-l2a/32/T/QQ/2023/11/S2A_T32TQQ_20231129T101346_L2A/B8A.tif"", ""scl"": ""https://e84-earth-search-sentinel-data.s3.us-west-2.amazonaws.com/sentinel-2-c1-l2a/32/T/QQ/2023/11/S2A_T32TQQ_20231129T101346_L2A/SCL.tif"", ""aot"": ""https://e84-earth-search-sentinel-data.s3.us-west-2.amazonaws.com/sentinel-2-c1-l2a/32/T/QQ/2023/11/S2A_T32TQQ_20231129T101346_L2A/AOT.tif"", ""coastal"": ""https://e84-earth-search-sentinel-data.s3.us-west-2.amazonaws.com/sentinel-2-c1-l2a/32/T/QQ/2023/11/S2A_T32TQQ_20231129T101346_L2A/B01.tif"", ""nir09"": ""https://e84-earth-search-sentinel-data.s3.us-west-2.amazonaws.com/sentinel-2-c1-l2a/32/T/QQ/2023/11/S2A_T32TQQ_20231129T101346_L2A/B09.tif"", ""cloud"": ""https://e84-earth-search-sentinel-data.s3.us-west-2.amazonaws.com/sentinel-2-c1-l2a/32/T/QQ/2023/11/S2A_T32TQQ_20231129T101346_L2A/CLD_20m.tif"", ""snow"": ""https://e84-earth-search-sentinel-data.s3.us-west-2.amazonaws.com/sentinel-2-c1-l2a/32/T/QQ/2023/11/S2A_T32TQQ_20231129T101346_L2A/SNW_20m.tif"", ""preview"": ""https://e84-earth-search-sentinel-data.s3.us-west-2.amazonaws.com/sentinel-2-c1-l2a/32/T/QQ/2023/11/S2A_T32TQQ_20231129T101346_L2A/L2A_PVI.tif"", ""granule_metadata"": ""https://e84-earth-search-sentinel-data.s3.us-west-2.amazonaws.com/sentinel-2-c1-l2a/32/T/QQ/2023/11/S2A_T32TQQ_20231129T101346_L2A/metadata.xml"", ""tileinfo_metadata"": ""https://e84-earth-search-sentinel-data.s3.us-west-2.amazonaws.com/sentinel-2-c1-l2a/32/T/QQ/2023/11/S2A_T32TQQ_20231129T101346_L2A/tileInfo.json"", ""product_metadata"": ""https://e84-earth-search-sentinel-data.s3.us-west-2.amazonaws.com/sentinel-2-c1-l2a/32/T/QQ/2023/11/S2A_T32TQQ_20231129T101346_L2A/product_metadata.xml"", ""thumbnail"": ""https://e84-earth-search-sentinel-data.s3.us-west-2.amazonaws.com/sentinel-2-c1-l2a/32/T/QQ/2023/11/S2A_T32TQQ_20231129T101346_L2A/L2A_PVI.jpg""}"
S2A_T32TPQ_20231129T101346_L2A,2023-11-29 10:18:20.439000+00:00,2.320132,,sentinel-2a,"{""red"": ""https://e84-earth-search-sentinel-data.s3.us-west-2.amazonaws.com/sentinel-2-c1-l2a/32/T/PQ/2023/11/S2A_T32TPQ_20231129T101346_L2A/B04.tif"", ""green"": ""https://e84-earth-search-sentinel-data.s3.us-west-2.amazonaws.com/sentinel-2-c1-l2a/32/T/PQ/2023/11/S2A_T32TPQ_20231129T101346_L2A/B03.tif"", ""blue"": ""https://e84-earth-search-sentinel-data.s3.us-west-2.amazonaws.com/sentinel-2-c1-l2a/32/T/PQ/2023/11/S2A_T32TPQ_20231129T101346_L2A/B02.tif"", ""visual"": ""https://e84-earth-search-sentinel-data.s3.us-west-2.amazonaws.com/sentinel-2-c1-l2a/32/T/PQ/2023/11/S2A_T32TPQ_20231129T101346_L2A/TCI.tif"", ""nir"": ""https://e84-earth-search-sentinel-data.s3.us-west-2.amazonaws.com/sentinel-2-c1-l2a/32/T/PQ/2023/11/S2A_T32TPQ_20231129T101346_L2A/B08.tif"", ""swir22"": ""https://e84-earth-search-sentinel-data.s3.us-west-2.amazonaws.com/sentinel-2-c1-l2a/32/T/PQ/2023/11/S2A_T32TPQ_20231129T101346_L2A/B12.tif"", ""rededge2"": ""https://e84-earth-search-sentinel-data.s3.us-west-2.amazonaws.com/sentinel-2-c1-l2a/32/T/PQ/2023/11/S2A_T32TPQ_20231129T101346_L2A/B06.tif"", ""rededge3"": ""https://e84-earth-search-sentinel-data.s3.us-west-2.amazonaws.com/sentinel-2-c1-l2a/32/T/PQ/2023/11/S2A_T32TPQ_20231129T101346_L2A/B07.tif"", ""rededge1"": ""https://e84-earth-search-sentinel-data.s3.us-west-2.amazonaws.com/sentinel-2-c1-l2a/32/T/PQ/2023/11/S2A_T32TPQ_20231129T101346_L2A/B05.tif"", ""swir16"": ""https://e84-earth-search-sentinel-data.s3.us-west-2.amazonaws.com/sentinel-2-c1-l2a/32/T/PQ/2023/11/S2A_T32TPQ_20231129T101346_L2A/B11.tif"", ""wvp"": ""https://e84-earth-search-sentinel-data.s3.us-west-2.amazonaws.com/sentinel-2-c1-l2a/32/T/PQ/2023/11/S2A_T32TPQ_20231129T101346_L2A/WVP.tif"", ""nir08"": ""https://e84-earth-search-sentinel-data.s3.us-west-2.amazonaws.com/sentinel-2-c1-l2a/32/T/PQ/2023/11/S2A_T32TPQ_20231129T101346_L2A/B8A.tif"", ""scl"": ""https://e84-earth-search-sentinel-data.s3.us-west-2.amazonaws.com/sentinel-2-c1-l2a/32/T/PQ/2023/11/S2A_T32TPQ_20231129T101346_L2A/SCL.tif"", ""aot"": ""https://e84-earth-search-sentinel-data.s3.us-west-2.amazonaws.com/sentinel-2-c1-l2a/32/T/PQ/2023/11/S2A_T32TPQ_20231129T101346_L2A/AOT.tif"", ""coastal"": ""https://e84-earth-search-sentinel-data.s3.us-west-2.amazonaws.com/sentinel-2-c1-l2a/32/T/PQ/2023/11/S2A_T32TPQ_20231129T101346_L2A/B01.tif"", ""nir09"": ""https://e84-earth-search-sentinel-data.s3.us-west-2.amazonaws.com/sentinel-2-c1-l2a/32/T/PQ/2023/11/S2A_T32TPQ_20231129T101346_L2A/B09.tif"", ""cloud"": ""https://e84-earth-search-sentinel-data.s3.us-west-2.amazonaws.com/sentinel-2-c1-l2a/32/T/PQ/2023/11/S2A_T32TPQ_20231129T101346_L2A/CLD_20m.tif"", ""snow"": ""https://e84-earth-search-sentinel-data.s3.us-west-2.amazonaws.com/sentinel-2-c1-l2a/32/T/PQ/2023/11/S2A_T32TPQ_20231129T101346_L2A/SNW_20m.tif"", ""preview"": ""https://e84-earth-search-sentinel-data.s3.us-west-2.amazonaws.com/sentinel-2-c1-l2a/32/T/PQ/2023/11/S2A_T32TPQ_20231129T101346_L2A/L2A_PVI.tif"", ""granule_metadata"": ""https://e84-earth-search-sentinel-data.s3.us-west-2.amazonaws.com/sentinel-2-c1-l2a/32/T/PQ/2023/11/S2A_T32TPQ_20231129T101346_L2A/metadata.xml"", ""tileinfo_metadata"": ""https://e84-earth-search-sentinel-data.s3.us-west-2.amazonaws.com/sentinel-2-c1-l2a/32/T/PQ/2023/11/S2A_T32TPQ_20231129T101346_L2A/tileInfo.json"", ""product_metadata"": ""https://e84-earth-search-sentinel-data.s3.us-west-2.amazonaws.com/sentinel-2-c1-l2a/32/T/PQ/2023/11/S2A_T32TPQ_20231129T101346_L2A/product_metadata.xml"", ""thumbnail"": ""https://e84-earth-search-sentinel-data.s3.us-west-2.amazonaws.com/sentinel-2-c1-l2a/32/T/PQ/2023/11/S2A_T32TPQ_20231129T101346_L2A/L2A_PVI.jpg""}"
S2A_T32TQP_20231129T101346_L2A,2023-11-29 10:18:31.252000+00:00,5.133301,,sentinel-2a,"{""red"": ""https://e84-earth-search-sentinel-data.s3.us-west-2.amazonaws.com/sentinel-2-c1-l2a/32/T/QP/2023/11/S2A_T32TQP_20231129T101346_L2A/B04.tif"", ""green"": ""https://e84-earth-search-sentinel-data.s3.us-west-2.amazonaws.com/sentinel-2-c1-l2a/32/T/QP/2023/11/S2A_T32TQP_20231129T101346_L2A/B03.tif"", ""blue"": ""https://e84-earth-search-sentinel-data.s3.us-west-2.amazonaws.com/sentinel-2-c1-l2a/32/T/QP/2023/11/S2A_T32TQP_20231129T101346_L2A/B02.tif"", ""visual"": ""https://e84-earth-search-sentinel-data.s3.us-west-2.amazonaws.com/sentinel-2-c1-l2a/32/T/QP/2023/11/S2A_T32TQP_20231129T101346_L2A/TCI.tif"", ""nir"": ""https://e84-earth-search-sentinel-data.s3.us-west-2.amazonaws.com/sentinel-2-c1-l2a/32/T/QP/2023/11/S2A_T32TQP_20231129T101346_L2A/B08.tif"", ""swir22"": ""https://e84-earth-search-sentinel-data.s3.us-west-2.amazonaws.com/sentinel-2-c1-l2a/32/T/QP/2023/11/S2A_T32TQP_20231129T101346_L2A/B12.tif"", ""rededge2"": ""https://e84-earth-search-sentinel-data.s3.us-west-2.amazonaws.com/sentinel-2-c1-l2a/32/T/QP/2023/11/S2A_T32TQP_20231129T101346_L2A/B06.tif"", ""rededge3"": ""https://e84-earth-search-sentinel-data.s3.us-west-2.amazonaws.com/sentinel-2-c1-l2a/32/T/QP/2023/11/S2A_T32TQP_20231129T101346_L2A/B07.tif"", ""rededge1"": ""https://e84-earth-search-sentinel-data.s3.us-west-2.amazonaws.com/sentinel-2-c1-l2a/32/T/QP/2023/11/S2A_T32TQP_20231129T101346_L2A/B05.tif"", ""swir16"": ""https://e84-earth-search-sentinel-data.s3.us-west-2.amazonaws.com/sentinel-2-c1-l2a/32/T/QP/2023/11/S2A_T32TQP_20231129T101346_L2A/B11.tif"", ""wvp"": ""https://e84-earth-search-sentinel-data.s3.us-west-2.amazonaws.com/sentinel-2-c1-l2a/32/T/QP/2023/11/S2A_T32TQP_20231129T101346_L2A/WVP.tif"", ""nir08"": ""https://e84-earth-search-sentinel-data.s3.us-west-2.amazonaws.com/sentinel-2-c1-l2a/32/T/QP/2023/11/S2A_T32TQP_20231129T101346_L2A/B8A.tif"", ""scl"": ""https://e84-earth-search-sentinel-data.s3.us-west-2.amazonaws.com/sentinel-2-c1-l2a/32/T/QP/2023/11/S2A_T32TQP_20231129T101346_L2A/SCL.tif"", ""aot"": ""https://e84-earth-search-sentinel-data.s3.us-west-2.amazonaws.com/sentinel-2-c1-l2a/32/T/QP/2023/11/S2A_T32TQP_20231129T101346_L2A/AOT.tif"", ""coastal"": ""https://e84-earth-search-sentinel-data.s3.us-west-2.amazonaws.com/sentinel-2-c1-l2a/32/T/QP/2023/11/S2A_T32TQP_20231129T101346_L2A/B01.tif"", ""nir09"": ""https://e84-earth-search-sentinel-data.s3.us-west-2.amazonaws.com/sentinel-2-c1-l2a/32/T/QP/2023/11/S2A_T32TQP_20231129T101346_L2A/B09.tif"", ""cloud"": ""https://e84-earth-search-sentinel-data.s3.us-west-2.amazonaws.com/sentinel-2-c1-l2a/32/T/QP/2023/11/S2A_T32TQP_20231129T101346_L2A/CLD_20m.tif"", ""snow"": ""https://e84-earth-search-sentinel-data.s3.us-west-2.amazonaws.com/sentinel-2-c1-l2a/32/T/QP/2023/11/S2A_T32TQP_20231129T101346_L2A/SNW_20m.tif"", ""preview"": ""https://e84-earth-search-sentinel-data.s3.us-west-2.amazonaws.com/sentinel-2-c1-l2a/32/T/QP/2023/11/S2A_T32TQP_20231129T101346_L2A/L2A_PVI.tif"", ""granule_metadata"": ""https://e84-earth-search-sentinel-data.s3.us-west-2.amazonaws.com/sentinel-2-c1-l2a/32/T/QP/2023/11/S2A_T32TQP_20231129T101346_L2A/metadata.xml"", ""tileinfo_metadata"": ""https://e84-earth-search-sentinel-data.s3.us-west-2.amazonaws.com/sentinel-2-c1-l2a/32/T/QP/2023/11/S2A_T32TQP_20231129T101346_L2A/tileInfo.json"", ""product_metadata"": ""https://e84-earth-search-sentinel-data.s3.us-west-2.amazonaws.com/sentinel-2-c1-l2a/32/T/QP/2023/11/S2A_T32TQP_20231129T101346_L2A/product_metadata.xml"", ""thumbnail"": ""https://e84-earth-search-sentinel-data.s3.us-west-2.amazonaws.com/sentinel-2-c1-l2a/32/T/QP/2023/11/S2A_T32TQP_20231129T101346_L2A/L2A_PVI.jpg""}"
S2A_T32TPP_20231129T101346_L2A,2023-11-29 10:18:34.837000+00:00,5.763591,,sentinel-2a,"{""red"": ""https://e84-earth-search-sentinel-data.s3.us-west-2.amazonaws.com/sentinel-2-c1-l2a/32/T/PP/2023/11/S2A_T32TPP_20231129T101346_L2A/B04.tif"", ""green"": ""https://e84-earth-search-sentinel-data.s3.us-west-2.amazonaws.com/sentinel-2-c1-l2a/32/T/PP/2023/11/S2A_T32TPP_20231129T101346_L2A/B03.tif"", ""blue"": ""https://e84-earth-search-sentinel-data.s3.us-west-2.amazonaws.com/sentinel-2-c1-l2a/32/T/PP/2023/11/S2A_T32TPP_20231129T101346_L2A/B02.tif"", ""visual"": ""https://e84-earth-search-sentinel-data.s3.us-west-2.amazonaws.com/sentinel-2-c1-l2a/32/T/PP/2023/11/S2A_T32TPP_20231129T101346_L2A/TCI.tif"", ""nir"": ""https://e84-earth-search-sentinel-data.s3.us-west-2.amazonaws.com/sentinel-2-c1-l2a/32/T/PP/2023/11/S2A_T32TPP_20231129T101346_L2A/B08.tif"", ""swir22"": ""https://e84-earth-search-sentinel-data.s3.us-west-2.amazonaws.com/sentinel-2-c1-l2a/32/T/PP/2023/11/S2A_T32TPP_20231129T101346_L2A/B12.tif"", ""rededge2"": ""https://e84-earth-search-sentinel-data.s3.us-west-2.amazonaws.com/sentinel-2-c1-l2a/32/T/PP/2023/11/S2A_T32TPP_20231129T101346_L2A/B06.tif"", ""rededge3"": ""https://e84-earth-search-sentinel-data.s3.us-west-2.amazonaws.com/sentinel-2-c1-l2a/32/T/PP/2023/11/S2A_T32TPP_20231129T101346_L2A/B07.tif"", ""rededge1"": ""https://e84-earth-search-sentinel-data.s3.us-west-2.amazonaws.com/sentinel-2-c1-l2a/32/T/PP/2023/11/S2A_T32TPP_20231129T101346_L2A/B05.tif"", ""swir16"": ""https://e84-earth-search-sentinel-data.s3.us-west-2.amazonaws.com/sentinel-2-c1-l2a/32/T/PP/2023/11/S2A_T32TPP_20231129T101346_L2A/B11.tif"", ""wvp"": ""https://e84-earth-search-sentinel-data.s3.us-west-2.amazonaws.com/sentinel-2-c1-l2a/32/T/PP/2023/11/S2A_T32TPP_20231129T101346_L2A/WVP.tif"", ""nir08"": ""https://e84-earth-search-sentinel-data.s3.us-west-2.amazonaws.com/sentinel-2-c1-l2a/32/T/PP/2023/11/S2A_T32TPP_20231129T101346_L2A/B8A.tif"", ""scl"": ""https://e84-earth-search-sentinel-data.s3.us-west-2.amazonaws.com/sentinel-2-c1-l2a/32/T/PP/2023/11/S2A_T32TPP_20231129T101346_L2A/SCL.tif"", ""aot"": ""https://e84-earth-search-sentinel-data.s3.us-west-2.amazonaws.com/sentinel-2-c1-l2a/32/T/PP/2023/11/S2A_T32TPP_20231129T101346_L2A/AOT.tif"", ""coastal"": ""https://e84-earth-search-sentinel-data.s3.us-west-2.amazonaws.com/sentinel-2-c1-l2a/32/T/PP/2023/11/S2A_T32TPP_20231129T101346_L2A/B01.tif"", ""nir09"": ""https://e84-earth-search-sentinel-data.s3.us-west-2.amazonaws.com/sentinel-2-c1-l2a/32/T/PP/2023/11/S2A_T32TPP_20231129T101346_L2A/B09.tif"", ""cloud"": ""https://e84-earth-search-sentinel-data.s3.us-west-2.amazonaws.com/sentinel-2-c1-l2a/32/T/PP/2023/11/S2A_T32TPP_20231129T101346_L2A/CLD_20m.tif"", ""snow"": ""https://e84-earth-search-sentinel-data.s3.us-west-2.amazonaws.com/sentinel-2-c1-l2a/32/T/PP/2023/11/S2A_T32TPP_20231129T101346_L2A/SNW_20m.tif"", ""preview"": ""https://e84-earth-search-sentinel-data.s3.us-west-2.amazonaws.com/sentinel-2-c1-l2a/32/T/PP/2023/11/S2A_T32TPP_20231129T101346_L2A/L2A_PVI.tif"", ""granule_metadata"": ""https://e84-earth-search-sentinel-data.s3.us-west-2.amazonaws.com/sentinel-2-c1-l2a/32/T/PP/2023/11/S2A_T32TPP_20231129T101346_L2A/metadata.xml"", ""tileinfo_metadata"": ""https://e84-earth-search-sentinel-data.s3.us-west-2.amazonaws.com/sentinel-2-c1-l2a/32/T/PP/2023/11/S2A_T32TPP_20231129T101346_L2A/tileInfo.json"", ""product_metadata"": ""https://e84-earth-search-sentinel-data.s3.us-west-2.amazonaws.com/sentinel-2-c1-l2a/32/T/PP/2023/11/S2A_T32TPP_20231129T101346_L2A/product_metadata.xml"", ""thumbnail"": ""https://e84-earth-search-sentinel-data.s3.us-west-2.amazonaws.com/sentinel-2-c1-l2a/32/T/PP/2023/11/S2A_T32TPP_20231129T101346_L2A/L2A_PVI.jpg""}"
S2A_T32TQQ_20231209T101406_L2A,2023-12-09 10:18:19.621000+00:00,44.636044,,sentinel-2a,"{""red"": ""https://e84-earth-search-sentinel-data.s3.us-west-2.amazonaws.com/sentinel-2-c1-l2a/32/T/QQ/2023/12/S2A_T32TQQ_20231209T101406_L2A/B04.tif"", ""green"": ""https://e84-earth-search-sentinel-data.s3.us-west-2.amazonaws.com/sentinel-2-c1-l2a/32/T/QQ/2023/12/S2A_T32TQQ_20231209T101406_L2A/B03.tif"", ""blue"": ""https://e84-earth-search-sentinel-data.s3.us-west-2.amazonaws.com/sentinel-2-c1-l2a/32/T/QQ/2023/12/S2A_T32TQQ_20231209T101406_L2A/B02.tif"", ""visual"": ""https://e84-earth-search-sentinel-data.s3.us-west-2.amazonaws.com/sentinel-2-c1-l2a/32/T/QQ/2023/12/S2A_T32TQQ_20231209T101406_L2A/TCI.tif"", ""nir"": ""https://e84-earth-search-sentinel-data.s3.us-west-2.amazonaws.com/sentinel-2-c1-l2a/32/T/QQ/2023/12/S2A_T32TQQ_20231209T101406_L2A/B08.tif"", ""swir22"": ""https://e84-earth-search-sentinel-data.s3.us-west-2.amazonaws.com/sentinel-2-c1-l2a/32/T/QQ/2023/12/S2A_T32TQQ_20231209T101406_L2A/B12.tif"", ""rededge2"": ""https://e84-earth-search-sentinel-data.s3.us-west-2.amazonaws.com/sentinel-2-c1-l2a/32/T/QQ/2023/12/S2A_T32TQQ_20231209T101406_L2A/B06.tif"", ""rededge3"": ""https://e84-earth-search-sentinel-data.s3.us-west-2.amazonaws.com/sentinel-2-c1-l2a/32/T/QQ/2023/12/S2A_T32TQQ_20231209T101406_L2A/B07.tif"", ""rededge1"": ""https://e84-earth-search-sentinel-data.s3.us-west-2.amazonaws.com/sentinel-2-c1-l2a/32/T/QQ/2023/12/S2A_T32TQQ_20231209T101406_L2A/B05.tif"", ""swir16"": ""https://e84-earth-search-sentinel-data.s3.us-west-2.amazonaws.com/sentinel-2-c1-l2a/32/T/QQ/2023/12/S2A_T32TQQ_20231209T101406_L2A/B11.tif"", ""wvp"": ""https://e84-earth-search-sentinel-data.s3.us-west-2.amazonaws.com/sentinel-2-c1-l2a/32/T/QQ/2023/12/S2A_T32TQQ_20231209T101406_L2A/WVP.tif"", ""nir08"": ""https://e84-earth-search-sentinel-data.s3.us-west-2.amazonaws.com/sentinel-2-c1-l2a/32/T/QQ/2023/12/S2A_T32TQQ_20231209T101406_L2A/B8A.tif"", ""scl"": ""https://e84-earth-search-sentinel-data.s3.us-west-2.amazonaws.com/sentinel-2-c1-l2a/32/T/QQ/2023/12/S2A_T32TQQ_20231209T101406_L2A/SCL.tif"", ""aot"": ""https://e84-earth-search-sentinel-data.s3.us-west-2.amazonaws.com/sentinel-2-c1-l2a/32/T/QQ/2023/12/S2A_T32TQQ_20231209T101406_L2A/AOT.tif"", ""coastal"": ""https://e84-earth-search-sentinel-data.s3.us-west-2.amazonaws.com/sentinel-2-c1-l2a/32/T/QQ/2023/12/S2A_T32TQQ_20231209T101406_L2A/B01.tif"", ""nir09"": ""https://e84-earth-search-sentinel-data.s3.us-west-2.amazonaws.com/sentinel-2-c1-l2a/32/T/QQ/2023/12/S2A_T32TQQ_20231209T101406_L2A/B09.tif"", ""cloud"": ""https://e84-earth-search-sentinel-data.s3.us-west-2.amazonaws.com/sentinel-2-c1-l2a/32/T/QQ/2023/12/S2A_T32TQQ_20231209T101406_L2A/CLD_20m.tif"", ""snow"": ""https://e84-earth-search-sentinel-data.s3.us-west-2.amazonaws.com/sentinel-2-c1-l2a/32/T/QQ/2023/12/S2A_T32TQQ_20231209T101406_L2A/SNW_20m.tif"", ""preview"": ""https://e84-earth-search-sentinel-data.s3.us-west-2.amazonaws.com/sentinel-2-c1-l2a/32/T/QQ/2023/12/S2A_T32TQQ_20231209T101406_L2A/L2A_PVI.tif"", ""granule_metadata"": ""https://e84-earth-search-sentinel-data.s3.us-west-2.amazonaws.com/sentinel-2-c1-l2a/32/T/QQ/2023/12/S2A_T32TQQ_20231209T101406_L2A/metadata.xml"", ""tileinfo_metadata"": ""https://e84-earth-search-sentinel-data.s3.us-west-2.amazonaws.com/sentinel-2-c1-l2a/32/T/QQ/2023/12/S2A_T32TQQ_20231209T101406_L2A/tileInfo.json"", ""product_metadata"": ""https://e84-earth-search-sentinel-data.s3.us-west-2.amazonaws.com/sentinel-2-c1-l2a/32/T/QQ/2023/12/S2A_T32TQQ_20231209T101406_L2A/product_metadata.xml"", ""thumbnail"": ""https://e84-earth-search-sentinel-data.s3.us-west-2.amazonaws.com/sentinel-2-c1-l2a/32/T/QQ/2023/12/S2A_T32TQQ_20231209T101406_L2A/L2A_PVI.jpg""}"
S2A_T32TPQ_20231209T101406_L2A,2023-12-09 10:18:23.069000+00:00,63.605028,,sentinel-2a,"{""red"": ""https://e84-earth-search-sentinel-data.s3.us-west-2.amazonaws.com/sentinel-2-c1-l2a/32/T/PQ/2023/12/S2A_T32TPQ_20231209T101406_L2A/B04.tif"", ""green"": ""https://e84-earth-search-sentinel-data.s3.us-west-2.amazonaws.com/sentinel-2-c1-l2a/32/T/PQ/2023/12/S2A_T32TPQ_20231209T101406_L2A/B03.tif"", ""blue"": ""https://e84-earth-search-sentinel-data.s3.us-west-2.amazonaws.com/sentinel-2-c1-l2a/32/T/PQ/2023/12/S2A_T32TPQ_20231209T101406_L2A/B02.tif"", ""visual"": ""https://e84-earth-search-sentinel-data.s3.us-west-2.amazonaws.com/sentinel-2-c1-l2a/32/T/PQ/2023/12/S2A_T32TPQ_20231209T101406_L2A/TCI.tif"", ""nir"": ""https://e84-earth-search-sentinel-data.s3.us-west-2.amazonaws.com/sentinel-2-c1-l2a/32/T/PQ/2023/12/S2A_T32TPQ_20231209T101406_L2A/B08.tif"", ""swir22"": ""https://e84-earth-search-sentinel-data.s3.us-west-2.amazonaws.com/sentinel-2-c1-l2a/32/T/PQ/2023/12/S2A_T32TPQ_20231209T101406_L2A/B12.tif"", ""rededge2"": ""https://e84-earth-search-sentinel-data.s3.us-west-2.amazonaws.com/sentinel-2-c1-l2a/32/T/PQ/2023/12/S2A_T32TPQ_20231209T101406_L2A/B06.tif"", ""rededge3"": ""https://e84-earth-search-sentinel-data.s3.us-west-2.amazonaws.com/sentinel-2-c1-l2a/32/T/PQ/2023/12/S2A_T32TPQ_20231209T101406_L2A/B07.tif"", ""rededge1"": ""https://e84-earth-search-sentinel-data.s3.us-west-2.amazonaws.com/sentinel-2-c1-l2a/32/T/PQ/2023/12/S2A_T32TPQ_20231209T101406_L2A/B05.tif"", ""swir16"": ""https://e84-earth-search-sentinel-data.s3.us-west-2.amazonaws.com/sentinel-2-c1-l2a/32/T/PQ/2023/12/S2A_T32TPQ_20231209T101406_L2A/B11.tif"", ""wvp"": ""https://e84-earth-search-sentinel-data.s3.us-west-2.amazonaws.com/sentinel-2-c1-l2a/32/T/PQ/2023/12/S2A_T32TPQ_20231209T101406_L2A/WVP.tif"", ""nir08"": ""https://e84-earth-search-sentinel-data.s3.us-west-2.amazonaws.com/sentinel-2-c1-l2a/32/T/PQ/2023/12/S2A_T32TPQ_20231209T101406_L2A/B8A.tif"", ""scl"": ""https://e84-earth-search-sentinel-data.s3.us-west-2.amazonaws.com/sentinel-2-c1-l2a/32/T/PQ/2023/12/S2A_T32TPQ_20231209T101406_L2A/SCL.tif"", ""aot"": ""https://e84-earth-search-sentinel-data.s3.us-west-2.amazonaws.com/sentinel-2-c1-l2a/32/T/PQ/2023/12/S2A_T32TPQ_20231209T101406_L2A/AOT.tif"", ""coastal"": ""https://e84-earth-search-sentinel-data.s3.us-west-2.amazonaws.com/sentinel-2-c1-l2a/32/T/PQ/2023/12/S2A_T32TPQ_20231209T101406_L2A/B01.tif"", ""nir09"": ""https://e84-earth-search-sentinel-data.s3.us-west-2.amazonaws.com/sentinel-2-c1-l2a/32/T/PQ/2023/12/S2A_T32TPQ_20231209T101406_L2A/B09.tif"", ""cloud"": ""https://e84-earth-search-sentinel-data.s3.us-west-2.amazonaws.com/sentinel-2-c1-l2a/32/T/PQ/2023/12/S2A_T32TPQ_20231209T101406_L2A/CLD_20m.tif"", ""snow"": ""https://e84-earth-search-sentinel-data.s3.us-west-2.amazonaws.com/sentinel-2-c1-l2a/32/T/PQ/2023/12/S2A_T32TPQ_20231209T101406_L2A/SNW_20m.tif"", ""preview"": ""https://e84-earth-search-sentinel-data.s3.us-west-2.amazonaws.com/sentinel-2-c1-l2a/32/T/PQ/2023/12/S2A_T32TPQ_20231209T101406_L2A/L2A_PVI.tif"", ""granule_metadata"": ""https://e84-earth-search-sentinel-data.s3.us-west-2.amazonaws.com/sentinel-2-c1-l2a/32/T/PQ/2023/12/S2A_T32TPQ_20231209T101406_L2A/metadata.xml"", ""tileinfo_metadata"": ""https://e84-earth-search-sentinel-data.s3.us-west-2.amazonaws.com/sentinel-2-c1-l2a/32/T/PQ/2023/12/S2A_T32TPQ_20231209T101406_L2A/tileInfo.json"", ""product_metadata"": ""https://e84-earth-search-sentinel-data.s3.us-west-2.amazonaws.com/sentinel-2-c1-l2a/32/T/PQ/2023/12/S2A_T32TPQ_20231209T101406_L2A/product_metadata.xml"", ""thumbnail"": ""https://e84-earth-search-sentinel-data.s3.us-west-2.amazonaws.com/sentinel-2-c1-l2a/32/T/PQ/2023/12/S2A_T32TPQ_20231209T101406_L2A/L2A_PVI.jpg""}"
S2A_T32TQP_20231209T101406_L2A,2023-12-09 10:18:33.874000+00:00,17.37562,,sentinel-2a,"{""red"": ""https://e84-earth-search-sentinel-data.s3.us-west-2.amazonaws.com/sentinel-2-c1-l2a/32/T/QP/2023/12/S2A_T32TQP_20231209T101406_L2A/B04.tif"", ""green"": ""https://e84-earth-search-sentinel-data.s3.us-west-2.amazonaws.com/sentinel-2-c1-l2a/32/T/QP/2023/12/S2A_T32TQP_20231209T101406_L2A/B03.tif"", ""blue"": ""https://e84-earth-search-sentinel-data.s3.us-west-2.amazonaws.com/sentinel-2-c1-l2a/32/T/QP/2023/12/S2A_T32TQP_20231209T101406_L2A/B02.tif"", ""visual"": ""https://e84-earth-search-sentinel-data.s3.us-west-2.amazonaws.com/sentinel-2-c1-l2a/32/T/QP/2023/12/S2A_T32TQP_20231209T101406_L2A/TCI.tif"", ""nir"": ""https://e84-earth-search-sentinel-data.s3.us-west-2.amazonaws.com/sentinel-2-c1-l2a/32/T/QP/2023/12/S2A_T32TQP_20231209T101406_L2A/B08.tif"", ""swir22"": ""https://e84-earth-search-sentinel-data.s3.us-west-2.amazonaws.com/sentinel-2-c1-l2a/32/T/QP/2023/12/S2A_T32TQP_20231209T101406_L2A/B12.tif"", ""rededge2"": ""https://e84-earth-search-sentinel-data.s3.us-west-2.amazonaws.com/sentinel-2-c1-l2a/32/T/QP/2023/12/S2A_T32TQP_20231209T101406_L2A/B06.tif"", ""rededge3"": ""https://e84-earth-search-sentinel-data.s3.us-west-2.amazonaws.com/sentinel-2-c1-l2a/32/T/QP/2023/12/S2A_T32TQP_20231209T101406_L2A/B07.tif"", ""rededge1"": ""https://e84-earth-search-sentinel-data.s3.us-west-2.amazonaws.com/sentinel-2-c1-l2a/32/T/QP/2023/12/S2A_T32TQP_20231209T101406_L2A/B05.tif"", ""swir16"": ""https://e84-earth-search-sentinel-data.s3.us-west-2.amazonaws.com/sentinel-2-c1-l2a/32/T/QP/2023/12/S2A_T32TQP_20231209T101406_L2A/B11.tif"", ""wvp"": ""https://e84-earth-search-sentinel-data.s3.us-west-2.amazonaws.com/sentinel-2-c1-l2a/32/T/QP/2023/12/S2A_T32TQP_20231209T101406_L2A/WVP.tif"", ""nir08"": ""https://e84-earth-search-sentinel-data.s3.us-west-2.amazonaws.com/sentinel-2-c1-l2a/32/T/QP/2023/12/S2A_T32TQP_20231209T101406_L2A/B8A.tif"", ""scl"": ""https://e84-earth-search-sentinel-data.s3.us-west-2.amazonaws.com/sentinel-2-c1-l2a/32/T/QP/2023/12/S2A_T32TQP_20231209T101406_L2A/SCL.tif"", ""aot"": ""https://e84-earth-search-sentinel-data.s3.us-west-2.amazonaws.com/sentinel-2-c1-l2a/32/T/QP/2023/12/S2A_T32TQP_20231209T101406_L2A/AOT.tif"", ""coastal"": ""https://e84-earth-search-sentinel-data.s3.us-west-2.amazonaws.com/sentinel-2-c1-l2a/32/T/QP/2023/12/S2A_T32TQP_20231209T101406_L2A/B01.tif"", ""nir09"": ""https://e84-earth-search-sentinel-data.s3.us-west-2.amazonaws.com/sentinel-2-c1-l2a/32/T/QP/2023/12/S2A_T32TQP_20231209T101406_L2A/B09.tif"", ""cloud"": ""https://e84-earth-search-sentinel-data.s3.us-west-2.amazonaws.com/sentinel-2-c1-l2a/32/T/QP/2023/12/S2A_T32TQP_20231209T101406_L2A/CLD_20m.tif"", ""snow"": ""https://e84-earth-search-sentinel-data.s3.us-west-2.amazonaws.com/sentinel-2-c1-l2a/32/T/QP/2023/12/S2A_T32TQP_20231209T101406_L2A/SNW_20m.tif"", ""preview"": ""https://e84-earth-search-sentinel-data.s3.us-west-2.amazonaws.com/sentinel-2-c1-l2a/32/T/QP/2023/12/S2A_T32TQP_20231209T101406_L2A/L2A_PVI.tif"", ""granule_metadata"": ""https://e84-earth-search-sentinel-data.s3.us-west-2.amazonaws.com/sentinel-2-c1-l2a/32/T/QP/2023/12/S2A_T32TQP_20231209T101406_L2A/metadata.xml"", ""tileinfo_metadata"": ""https://e84-earth-search-sentinel-data.s3.us-west-2.amazonaws.com/sentinel-2-c1-l2a/32/T/QP/2023/12/S2A_T32TQP_20231209T101406_L2A/tileInfo.json"", ""product_metadata"": ""https://e84-earth-search-sentinel-data.s3.us-west-2.amazonaws.com/sentinel-2-c1-l2a/32/T/QP/2023/12/S2A_T32TQP_20231209T101406_L2A/product_metadata.xml"", ""thumbnail"": ""https://e84-earth-search-sentinel-data.s3.us-west-2.amazonaws.com/sentinel-2-c1-l2a/32/T/QP/2023/12/S2A_T32TQP_20231209T101406_L2A/L2A_PVI.jpg""}"
S2A_T32TPP_20231209T101406_L2A,2023-12-09 10:18:37.464000+00:00,5.047286,,sentinel-2a,"{""red"": ""https://e84-earth-search-sentinel-data.s3.us-west-2.amazonaws.com/sentinel-2-c1-l2a/32/T/PP/2023/12/S2A_T32TPP_20231209T101406_L2A/B04.tif"", ""green"": ""https://e84-earth-search-sentinel-data.s3.us-west-2.amazonaws.com/sentinel-2-c1-l2a/32/T/PP/2023/12/S2A_T32TPP_20231209T101406_L2A/B03.tif"", ""blue"": ""https://e84-earth-search-sentinel-data.s3.us-west-2.amazonaws.com/sentinel-2-c1-l2a/32/T/PP/2023/12/S2A_T32TPP_20231209T101406_L2A/B02.tif"", ""visual"": ""https://e84-earth-search-sentinel-data.s3.us-west-2.amazonaws.com/sentinel-2-c1-l2a/32/T/PP/2023/12/S2A_T32TPP_20231209T101406_L2A/TCI.tif"", ""nir"": ""https://e84-earth-search-sentinel-data.s3.us-west-2.amazonaws.com/sentinel-2-c1-l2a/32/T/PP/2023/12/S2A_T32TPP_20231209T101406_L2A/B08.tif"", ""swir22"": ""https://e84-earth-search-sentinel-data.s3.us-west-2.amazonaws.com/sentinel-2-c1-l2a/32/T/PP/2023/12/S2A_T32TPP_20231209T101406_L2A/B12.tif"", ""rededge2"": ""https://e84-earth-search-sentinel-data.s3.us-west-2.amazonaws.com/sentinel-2-c1-l2a/32/T/PP/2023/12/S2A_T32TPP_20231209T101406_L2A/B06.tif"", ""rededge3"": ""https://e84-earth-search-sentinel-data.s3.us-west-2.amazonaws.com/sentinel-2-c1-l2a/32/T/PP/2023/12/S2A_T32TPP_20231209T101406_L2A/B07.tif"", ""rededge1"": ""https://e84-earth-search-sentinel-data.s3.us-west-2.amazonaws.com/sentinel-2-c1-l2a/32/T/PP/2023/12/S2A_T32TPP_20231209T101406_L2A/B05.tif"", ""swir16"": ""https://e84-earth-search-sentinel-data.s3.us-west-2.amazonaws.com/sentinel-2-c1-l2a/32/T/PP/2023/12/S2A_T32TPP_20231209T101406_L2A/B11.tif"", ""wvp"": ""https://e84-earth-search-sentinel-data.s3.us-west-2.amazonaws.com/sentinel-2-c1-l2a/32/T/PP/2023/12/S2A_T32TPP_20231209T101406_L2A/WVP.tif"", ""nir08"": ""https://e84-earth-search-sentinel-data.s3.us-west-2.amazonaws.com/sentinel-2-c1-l2a/32/T/PP/2023/12/S2A_T32TPP_20231209T101406_L2A/B8A.tif"", ""scl"": ""https://e84-earth-search-sentinel-data.s3.us-west-2.amazonaws.com/sentinel-2-c1-l2a/32/T/PP/2023/12/S2A_T32TPP_20231209T101406_L2A/SCL.tif"", ""aot"": ""https://e84-earth-search-sentinel-data.s3.us-west-2.amazonaws.com/sentinel-2-c1-l2a/32/T/PP/2023/12/S2A_T32TPP_20231209T101406_L2A/AOT.tif"", ""coastal"": ""https://e84-earth-search-sentinel-data.s3.us-west-2.amazonaws.com/sentinel-2-c1-l2a/32/T/PP/2023/12/S2A_T32TPP_20231209T101406_L2A/B01.tif"", ""nir09"": ""https://e84-earth-search-sentinel-data.s3.us-west-2.amazonaws.com/sentinel-2-c1-l2a/32/T/PP/2023/12/S2A_T32TPP_20231209T101406_L2A/B09.tif"", ""cloud"": ""https://e84-earth-search-sentinel-data.s3.us-west-2.amazonaws.com/sentinel-2-c1-l2a/32/T/PP/2023/12/S2A_T32TPP_20231209T101406_L2A/CLD_20m.tif"", ""snow"": ""https://e84-earth-search-sentinel-data.s3.us-west-2.amazonaws.com/sentinel-2-c1-l2a/32/T/PP/2023/12/S2A_T32TPP_20231209T101406_L2A/SNW_20m.tif"", ""preview"": ""https://e84-earth-search-sentinel-data.s3.us-west-2.amazonaws.com/sentinel-2-c1-l2a/32/T/PP/2023/12/S2A_T32TPP_20231209T101406_L2A/L2A_PVI.tif"", ""granule_metadata"": ""https://e84-earth-search-sentinel-data.s3.us-west-2.amazonaws.com/sentinel-2-c1-l2a/32/T/PP/2023/12/S2A_T32TPP_20231209T101406_L2A/metadata.xml"", ""tileinfo_metadata"": ""https://e84-earth-search-sentinel-data.s3.us-west-2.amazonaws.com/sentinel-2-c1-l2a/32/T/PP/2023/12/S2A_T32TPP_20231209T101406_L2A/tileInfo.json"", ""product_metadata"": ""https://e84-earth-search-sentinel-data.s3.us-west-2.amazonaws.com/sentinel-2-c1-l2a/32/T/PP/2023/12/S2A_T32TPP_20231209T101406_L2A/product_metadata.xml"", ""thumbnail"": ""https://e84-earth-search-sentinel-data.s3.us-west-2.amazonaws.com/sentinel-2-c1-l2a/32/T/PP/2023/12/S2A_T32TPP_20231209T101406_L2A/L2A_PVI.jpg""}"
S2B_T32TQP_20231211T100322_L2A,2023-12-11 10:08:39.732000+00:00,54.22436,,sentinel-2b,"{""red"": ""https://e84-earth-search-sentinel-data.s3.us-west-2.amazonaws.com/sentinel-2-c1-l2a/32/T/QP/2023/12/S2B_T32TQP_20231211T100322_L2A/B04.tif"", ""green"": ""https://e84-earth-search-sentinel-data.s3.us-west-2.amazonaws.com/sentinel-2-c1-l2a/32/T/QP/2023/12/S2B_T32TQP_20231211T100322_L2A/B03.tif"", ""blue"": ""https://e84-earth-search-sentinel-data.s3.us-west-2.amazonaws.com/sentinel-2-c1-l2a/32/T/QP/2023/12/S2B_T32TQP_20231211T100322_L2A/B02.tif"", ""visual"": ""https://e84-earth-search-sentinel-data.s3.us-west-2.amazonaws.com/sentinel-2-c1-l2a/32/T/QP/2023/12/S2B_T32TQP_20231211T100322_L2A/TCI.tif"", ""nir"": ""https://e84-earth-search-sentinel-data.s3.us-west-2.amazonaws.com/sentinel-2-c1-l2a/32/T/QP/2023/12/S2B_T32TQP_20231211T100322_L2A/B08.tif"", ""swir22"": ""https://e84-earth-search-sentinel-data.s3.us-west-2.amazonaws.com/sentinel-2-c1-l2a/32/T/QP/2023/12/S2B_T32TQP_20231211T100322_L2A/B12.tif"", ""rededge2"": ""https://e84-earth-search-sentinel-data.s3.us-west-2.amazonaws.com/sentinel-2-c1-l2a/32/T/QP/2023/12/S2B_T32TQP_20231211T100322_L2A/B06.tif"", ""rededge3"": ""https://e84-earth-search-sentinel-data.s3.us-west-2.amazonaws.com/sentinel-2-c1-l2a/32/T/QP/2023/12/S2B_T32TQP_20231211T100322_L2A/B07.tif"", ""rededge1"": ""https://e84-earth-search-sentinel-data.s3.us-west-2.amazonaws.com/sentinel-2-c1-l2a/32/T/QP/2023/12/S2B_T32TQP_20231211T100322_L2A/B05.tif"", ""swir16"": ""https://e84-earth-search-sentinel-data.s3.us-west-2.amazonaws.com/sentinel-2-c1-l2a/32/T/QP/2023/12/S2B_T32TQP_20231211T100322_L2A/B11.tif"", ""wvp"": ""https://e84-earth-search-sentinel-data.s3.us-west-2.amazonaws.com/sentinel-2-c1-l2a/32/T/QP/2023/12/S2B_T32TQP_20231211T100322_L2A/WVP.tif"", ""nir08"": ""https://e84-earth-search-sentinel-data.s3.us-west-2.amazonaws.com/sentinel-2-c1-l2a/32/T/QP/2023/12/S2B_T32TQP_20231211T100322_L2A/B8A.tif"", ""scl"": ""https://e84-earth-search-sentinel-data.s3.us-west-2.amazonaws.com/sentinel-2-c1-l2a/32/T/QP/2023/12/S2B_T32TQP_20231211T100322_L2A/SCL.tif"", ""aot"": ""https://e84-earth-search-sentinel-data.s3.us-west-2.amazonaws.com/sentinel-2-c1-l2a/32/T/QP/2023/12/S2B_T32TQP_20231211T100322_L2A/AOT.tif"", ""coastal"": ""https://e84-earth-search-sentinel-data.s3.us-west-2.amazonaws.com/sentinel-2-c1-l2a/32/T/QP/2023/12/S2B_T32TQP_20231211T100322_L2A/B01.tif"", ""nir09"": ""https://e84-earth-search-sentinel-data.s3.us-west-2.amazonaws.com/sentinel-2-c1-l2a/32/T/QP/2023/12/S2B_T32TQP_20231211T100322_L2A/B09.tif"", ""cloud"": ""https://e84-earth-search-sentinel-data.s3.us-west-2.amazonaws.com/sentinel-2-c1-l2a/32/T/QP/2023/12/S2B_T32TQP_20231211T100322_L2A/CLD_20m.tif"", ""snow"": ""https://e84-earth-search-sentinel-data.s3.us-west-2.amazonaws.com/sentinel-2-c1-l2a/32/T/QP/2023/12/S2B_T32TQP_20231211T100322_L2A/SNW_20m.tif"", ""preview"": ""https://e84-earth-search-sentinel-data.s3.us-west-2.amazonaws.com/sentinel-2-c1-l2a/32/T/QP/2023/12/S2B_T32TQP_20231211T100322_L2A/L2A_PVI.tif"", ""granule_metadata"": ""https://e84-earth-search-sentinel-data.s3.us-west-2.amazonaws.com/sentinel-2-c1-l2a/32/T/QP/2023/12/S2B_T32TQP_20231211T100322_L2A/metadata.xml"", ""tileinfo_metadata"": ""https://e84-earth-search-sentinel-data.s3.us-west-2.amazonaws.com/sentinel-2-c1-l2a/32/T/QP/2023/12/S2B_T32TQP_20231211T100322_L2A/tileInfo.json"", ""product_metadata"": ""https://e84-earth-search-sentinel-data.s3.us-west-2.amazonaws.com/sentinel-2-c1-l2a/32/T/QP/2023/12/S2B_T32TQP_20231211T100322_L2A/product_metadata.xml"", ""thumbnail"": ""https://e84-earth-search-sentinel-data.s3.us-west-2.amazonaws.com/sentinel-2-c1-l2a/32/T/QP/2023/12/S2B_T32TQP_20231211T100322_L2A/L2A_PVI.jpg""}"
S2A_T32TQQ_20231216T100412_L2A,2023-12-16 10:08:24.114000+00:00,1.766906,,sentinel-2a,"{""red"": ""https://e84-earth-search-sentinel-data.s3.us-west-2.amazonaws.com/sentinel-2-c1-l2a/32/T/QQ/2023/12/S2A_T32TQQ_20231216T100412_L2A/B04.tif"", ""green"": ""https://e84-earth-search-sentinel-data.s3.us-west-2.amazonaws.com/sentinel-2-c1-l2a/32/T/QQ/2023/12/S2A_T32TQQ_20231216T100412_L2A/B03.tif"", ""blue"": ""https://e84-earth-search-sentinel-data.s3.us-west-2.amazonaws.com/sentinel-2-c1-l2a/32/T/QQ/2023/12/S2A_T32TQQ_20231216T100412_L2A/B02.tif"", ""visual"": ""https://e84-earth-search-sentinel-data.s3.us-west-2.amazonaws.com/sentinel-2-c1-l2a/32/T/QQ/2023/12/S2A_T32TQQ_20231216T100412_L2A/TCI.tif"", ""nir"": ""https://e84-earth-search-sentinel-data.s3.us-west-2.amazonaws.com/sentinel-2-c1-l2a/32/T/QQ/2023/12/S2A_T32TQQ_20231216T100412_L2A/B08.tif"", ""swir22"": ""https://e84-earth-search-sentinel-data.s3.us-west-2.amazonaws.com/sentinel-2-c1-l2a/32/T/QQ/2023/12/S2A_T32TQQ_20231216T100412_L2A/B12.tif"", ""rededge2"": ""https://e84-earth-search-sentinel-data.s3.us-west-2.amazonaws.com/sentinel-2-c1-l2a/32/T/QQ/2023/12/S2A_T32TQQ_20231216T100412_L2A/B06.tif"", ""rededge3"": ""https://e84-earth-search-sentinel-data.s3.us-west-2.amazonaws.com/sentinel-2-c1-l2a/32/T/QQ/2023/12/S2A_T32TQQ_20231216T100412_L2A/B07.tif"", ""rededge1"": ""https://e84-earth-search-sentinel-data.s3.us-west-2.amazonaws.com/sentinel-2-c1-l2a/32/T/QQ/2023/12/S2A_T32TQQ_20231216T100412_L2A/B05.tif"", ""swir16"": ""https://e84-earth-search-sentinel-data.s3.us-west-2.amazonaws.com/sentinel-2-c1-l2a/32/T/QQ/2023/12/S2A_T32TQQ_20231216T100412_L2A/B11.tif"", ""wvp"": ""https://e84-earth-search-sentinel-data.s3.us-west-2.amazonaws.com/sentinel-2-c1-l2a/32/T/QQ/2023/12/S2A_T32TQQ_20231216T100412_L2A/WVP.tif"", ""nir08"": ""https://e84-earth-search-sentinel-data.s3.us-west-2.amazonaws.com/sentinel-2-c1-l2a/32/T/QQ/2023/12/S2A_T32TQQ_20231216T100412_L2A/B8A.tif"", ""scl"": ""https://e84-earth-search-sentinel-data.s3.us-west-2.amazonaws.com/sentinel-2-c1-l2a/32/T/QQ/2023/12/S2A_T32TQQ_20231216T100412_L2A/SCL.tif"", ""aot"": ""https://e84-earth-search-sentinel-data.s3.us-west-2.amazonaws.com/sentinel-2-c1-l2a/32/T/QQ/2023/12/S2A_T32TQQ_20231216T100412_L2A/AOT.tif"", ""coastal"": ""https://e84-earth-search-sentinel-data.s3.us-west-2.amazonaws.com/sentinel-2-c1-l2a/32/T/QQ/2023/12/S2A_T32TQQ_20231216T100412_L2A/B01.tif"", ""nir09"": ""https://e84-earth-search-sentinel-data.s3.us-west-2.amazonaws.com/sentinel-2-c1-l2a/32/T/QQ/2023/12/S2A_T32TQQ_20231216T100412_L2A/B09.tif"", ""cloud"": ""https://e84-earth-search-sentinel-data.s3.us-west-2.amazonaws.com/sentinel-2-c1-l2a/32/T/QQ/2023/12/S2A_T32TQQ_20231216T100412_L2A/CLD_20m.tif"", ""snow"": ""https://e84-earth-search-sentinel-data.s3.us-west-2.amazonaws.com/sentinel-2-c1-l2a/32/T/QQ/2023/12/S2A_T32TQQ_20231216T100412_L2A/SNW_20m.tif"", ""preview"": ""https://e84-earth-search-sentinel-data.s3.us-west-2.amazonaws.com/sentinel-2-c1-l2a/32/T/QQ/2023/12/S2A_T32TQQ_20231216T100412_L2A/L2A_PVI.tif"", ""granule_metadata"": ""https://e84-earth-search-sentinel-data.s3.us-west-2.amazonaws.com/sentinel-2-c1-l2a/32/T/QQ/2023/12/S2A_T32TQQ_20231216T100412_L2A/metadata.xml"", ""tileinfo_metadata"": ""https://e84-earth-search-sentinel-data.s3.us-west-2.amazonaws.com/sentinel-2-c1-l2a/32/T/QQ/2023/12/S2A_T32TQQ_20231216T100412_L2A/tileInfo.json"", ""product_metadata"": ""https://e84-earth-search-sentinel-data.s3.us-west-2.amazonaws.com/sentinel-2-c1-l2a/32/T/QQ/2023/12/S2A_T32TQQ_20231216T100412_L2A/product_metadata.xml"", ""thumbnail"": ""https://e84-earth-search-sentinel-data.s3.us-west-2.amazonaws.com/sentinel-2-c1-l2a/32/T/QQ/2023/12/S2A_T32TQQ_20231216T100412_L2A/L2A_PVI.jpg""}"
S2A_T32TQP_20231216T100412_L2A,2023-12-16 10:08:38.844000+00:00,31.572336,,sentinel-2a,"{""red"": ""https://e84-earth-search-sentinel-data.s3.us-west-2.amazonaws.com/sentinel-2-c1-l2a/32/T/QP/2023/12/S2A_T32TQP_20231216T100412_L2A/B04.tif"", ""green"": ""https://e84-earth-search-sentinel-data.s3.us-west-2.amazonaws.com/sentinel-2-c1-l2a/32/T/QP/2023/12/S2A_T32TQP_20231216T100412_L2A/B03.tif"", ""blue"": ""https://e84-earth-search-sentinel-data.s3.us-west-2.amazonaws.com/sentinel-2-c1-l2a/32/T/QP/2023/12/S2A_T32TQP_20231216T100412_L2A/B02.tif"", ""visual"": ""https://e84-earth-search-sentinel-data.s3.us-west-2.amazonaws.com/sentinel-2-c1-l2a/32/T/QP/2023/12/S2A_T32TQP_20231216T100412_L2A/TCI.tif"", ""nir"": ""https://e84-earth-search-sentinel-data.s3.us-west-2.amazonaws.com/sentinel-2-c1-l2a/32/T/QP/2023/12/S2A_T32TQP_20231216T100412_L2A/B08.tif"", ""swir22"": ""https://e84-earth-search-sentinel-data.s3.us-west-2.amazonaws.com/sentinel-2-c1-l2a/32/T/QP/2023/12/S2A_T32TQP_20231216T100412_L2A/B12.tif"", ""rededge2"": ""https://e84-earth-search-sentinel-data.s3.us-west-2.amazonaws.com/sentinel-2-c1-l2a/32/T/QP/2023/12/S2A_T32TQP_20231216T100412_L2A/B06.tif"", ""rededge3"": ""https://e84-earth-search-sentinel-data.s3.us-west-2.amazonaws.com/sentinel-2-c1-l2a/32/T/QP/2023/12/S2A_T32TQP_20231216T100412_L2A/B07.tif"", ""rededge1"": ""https://e84-earth-search-sentinel-data.s3.us-west-2.amazonaws.com/sentinel-2-c1-l2a/32/T/QP/2023/12/S2A_T32TQP_20231216T100412_L2A/B05.tif"", ""swir16"": ""https://e84-earth-search-sentinel-data.s3.us-west-2.amazonaws.com/sentinel-2-c1-l2a/32/T/QP/2023/12/S2A_T32TQP_20231216T100412_L2A/B11.tif"", ""wvp"": ""https://e84-earth-search-sentinel-data.s3.us-west-2.amazonaws.com/sentinel-2-c1-l2a/32/T/QP/2023/12/S2A_T32TQP_20231216T100412_L2A/WVP.tif"", ""nir08"": ""https://e84-earth-search-sentinel-data.s3.us-west-2.amazonaws.com/sentinel-2-c1-l2a/32/T/QP/2023/12/S2A_T32TQP_20231216T100412_L2A/B8A.tif"", ""scl"": ""https://e84-earth-search-sentinel-data.s3.us-west-2.amazonaws.com/sentinel-2-c1-l2a/32/T/QP/2023/12/S2A_T32TQP_20231216T100412_L2A/SCL.tif"", ""aot"": ""https://e84-earth-search-sentinel-data.s3.us-west-2.amazonaws.com/sentinel-2-c1-l2a/32/T/QP/2023/12/S2A_T32TQP_20231216T100412_L2A/AOT.tif"", ""coastal"": ""https://e84-earth-search-sentinel-data.s3.us-west-2.amazonaws.com/sentinel-2-c1-l2a/32/T/QP/2023/12/S2A_T32TQP_20231216T100412_L2A/B01.tif"", ""nir09"": ""https://e84-earth-search-sentinel-data.s3.us-west-2.amazonaws.com/sentinel-2-c1-l2a/32/T/QP/2023/12/S2A_T32TQP_20231216T100412_L2A/B09.tif"", ""cloud"": ""https://e84-earth-search-sentinel-data.s3.us-west-2.amazonaws.com/sentinel-2-c1-l2a/32/T/QP/2023/12/S2A_T32TQP_20231216T100412_L2A/CLD_20m.tif"", ""snow"": ""https://e84-earth-search-sentinel-data.s3.us-west-2.amazonaws.com/sentinel-2-c1-l2a/32/T/QP/2023/12/S2A_T32TQP_20231216T100412_L2A/SNW_20m.tif"", ""preview"": ""https://e84-earth-search-sentinel-data.s3.us-west-2.amazonaws.com/sentinel-2-c1-l2a/32/T/QP/2023/12/S2A_T32TQP_20231216T100412_L2A/L2A_PVI.tif"", ""granule_metadata"": ""https://e84-earth-search-sentinel-data.s3.us-west-2.amazonaws.com/sentinel-2-c1-l2a/32/T/QP/2023/12/S2A_T32TQP_20231216T100412_L2A/metadata.xml"", ""tileinfo_metadata"": ""https://e84-earth-search-sentinel-data.s3.us-west-2.amazonaws.com/sentinel-2-c1-l2a/32/T/QP/2023/12/S2A_T32TQP_20231216T100412_L2A/tileInfo.json"", ""product_metadata"": ""https://e84-earth-search-sentinel-data.s3.us-west-2.amazonaws.com/sentinel-2-c1-l2a/32/T/QP/2023/12/S2A_T32TQP_20231216T100412_L2A/product_metadata.xml"", ""thumbnail"": ""https://e84-earth-search-sentinel-data.s3.us-west-2.amazonaws.com/sentinel-2-c1-l2a/32/T/QP/2023/12/S2A_T32TQP_20231216T100412_L2A/L2A_PVI.jpg""}"
S2A_T32TQQ_20231219T101428_L2A,2023-12-19 10:18:21.165000+00:00,0.005564,,sentinel-2a,"{""red"": ""https://e84-earth-search-sentinel-data.s3.us-west-2.amazonaws.com/sentinel-2-c1-l2a/32/T/QQ/2023/12/S2A_T32TQQ_20231219T101428_L2A/B04.tif"", ""green"": ""https://e84-earth-search-sentinel-data.s3.us-west-2.amazonaws.com/sentinel-2-c1-l2a/32/T/QQ/2023/12/S2A_T32TQQ_20231219T101428_L2A/B03.tif"", ""blue"": ""https://e84-earth-search-sentinel-data.s3.us-west-2.amazonaws.com/sentinel-2-c1-l2a/32/T/QQ/2023/12/S2A_T32TQQ_20231219T101428_L2A/B02.tif"", ""visual"": ""https://e84-earth-search-sentinel-data.s3.us-west-2.amazonaws.com/sentinel-2-c1-l2a/32/T/QQ/2023/12/S2A_T32TQQ_20231219T101428_L2A/TCI.tif"", ""nir"": ""https://e84-earth-search-sentinel-data.s3.us-west-2.amazonaws.com/sentinel-2-c1-l2a/32/T/QQ/2023/12/S2A_T32TQQ_20231219T101428_L2A/B08.tif"", ""swir22"": ""https://e84-earth-search-sentinel-data.s3.us-west-2.amazonaws.com/sentinel-2-c1-l2a/32/T/QQ/2023/12/S2A_T32TQQ_20231219T101428_L2A/B12.tif"", ""rededge2"": ""https://e84-earth-search-sentinel-data.s3.us-west-2.amazonaws.com/sentinel-2-c1-l2a/32/T/QQ/2023/12/S2A_T32TQQ_20231219T101428_L2A/B06.tif"", ""rededge3"": ""https://e84-earth-search-sentinel-data.s3.us-west-2.amazonaws.com/sentinel-2-c1-l2a/32/T/QQ/2023/12/S2A_T32TQQ_20231219T101428_L2A/B07.tif"", ""rededge1"": ""https://e84-earth-search-sentinel-data.s3.us-west-2.amazonaws.com/sentinel-2-c1-l2a/32/T/QQ/2023/12/S2A_T32TQQ_20231219T101428_L2A/B05.tif"", ""swir16"": ""https://e84-earth-search-sentinel-data.s3.us-west-2.amazonaws.com/sentinel-2-c1-l2a/32/T/QQ/2023/12/S2A_T32TQQ_20231219T101428_L2A/B11.tif"", ""wvp"": ""https://e84-earth-search-sentinel-data.s3.us-west-2.amazonaws.com/sentinel-2-c1-l2a/32/T/QQ/2023/12/S2A_T32TQQ_20231219T101428_L2A/WVP.tif"", ""nir08"": ""https://e84-earth-search-sentinel-data.s3.us-west-2.amazonaws.com/sentinel-2-c1-l2a/32/T/QQ/2023/12/S2A_T32TQQ_20231219T101428_L2A/B8A.tif"", ""scl"": ""https://e84-earth-search-sentinel-data.s3.us-west-2.amazonaws.com/sentinel-2-c1-l2a/32/T/QQ/2023/12/S2A_T32TQQ_20231219T101428_L2A/SCL.tif"", ""aot"": ""https://e84-earth-search-sentinel-data.s3.us-west-2.amazonaws.com/sentinel-2-c1-l2a/32/T/QQ/2023/12/S2A_T32TQQ_20231219T101428_L2A/AOT.tif"", ""coastal"": ""https://e84-earth-search-sentinel-data.s3.us-west-2.amazonaws.com/sentinel-2-c1-l2a/32/T/QQ/2023/12/S2A_T32TQQ_20231219T101428_L2A/B01.tif"", ""nir09"": ""https://e84-earth-search-sentinel-data.s3.us-west-2.amazonaws.com/sentinel-2-c1-l2a/32/T/QQ/2023/12/S2A_T32TQQ_20231219T101428_L2A/B09.tif"", ""cloud"": ""https://e84-earth-search-sentinel-data.s3.us-west-2.amazonaws.com/sentinel-2-c1-l2a/32/T/QQ/2023/12/S2A_T32TQQ_20231219T101428_L2A/CLD_20m.tif"", ""snow"": ""https://e84-earth-search-sentinel-data.s3.us-west-2.amazonaws.com/sentinel-2-c1-l2a/32/T/QQ/2023/12/S2A_T32TQQ_20231219T101428_L2A/SNW_20m.tif"", ""preview"": ""https://e84-earth-search-sentinel-data.s3.us-west-2.amazonaws.com/sentinel-2-c1-l2a/32/T/QQ/2023/12/S2A_T32TQQ_20231219T101428_L2A/L2A_PVI.tif"", ""granule_metadata"": ""https://e84-earth-search-sentinel-data.s3.us-west-2.amazonaws.com/sentinel-2-c1-l2a/32/T/QQ/2023/12/S2A_T32TQQ_20231219T101428_L2A/metadata.xml"", ""tileinfo_metadata"": ""https://e84-earth-search-sentinel-data.s3.us-west-2.amazonaws.com/sentinel-2-c1-l2a/32/T/QQ/2023/12/S2A_T32TQQ_20231219T101428_L2A/tileInfo.json"", ""product_metadata"": ""https://e84-earth-search-sentinel-data.s3.us-west-2.amazonaws.com/sentinel-2-c1-l2a/32/T/QQ/2023/12/S2A_T32TQQ_20231219T101428_L2A/product_metadata.xml"", ""thumbnail"": ""https://e84-earth-search-sentinel-data.s3.us-west-2.amazonaws.com/sentinel-2-c1-l2a/32/T/QQ/2023/12/S2A_T32TQQ_20231219T101428_L2A/L2A_PVI.jpg""}"
S2A_T32TPQ_20231219T101428_L2A,2023-12-19 10:18:24.617000+00:00,0.00069,,sentinel-2a,"{""red"": ""https://e84-earth-search-sentinel-data.s3.us-west-2.amazonaws.com/sentinel-2-c1-l2a/32/T/PQ/2023/12/S2A_T32TPQ_20231219T101428_L2A/B04.tif"", ""green"": ""https://e84-earth-search-sentinel-data.s3.us-west-2.amazonaws.com/sentinel-2-c1-l2a/32/T/PQ/2023/12/S2A_T32TPQ_20231219T101428_L2A/B03.tif"", ""blue"": ""https://e84-earth-search-sentinel-data.s3.us-west-2.amazonaws.com/sentinel-2-c1-l2a/32/T/PQ/2023/12/S2A_T32TPQ_20231219T101428_L2A/B02.tif"", ""visual"": ""https://e84-earth-search-sentinel-data.s3.us-west-2.amazonaws.com/sentinel-2-c1-l2a/32/T/PQ/2023/12/S2A_T32TPQ_20231219T101428_L2A/TCI.tif"", ""nir"": ""https://e84-earth-search-sentinel-data.s3.us-west-2.amazonaws.com/sentinel-2-c1-l2a/32/T/PQ/2023/12/S2A_T32TPQ_20231219T101428_L2A/B08.tif"", ""swir22"": ""https://e84-earth-search-sentinel-data.s3.us-west-2.amazonaws.com/sentinel-2-c1-l2a/32/T/PQ/2023/12/S2A_T32TPQ_20231219T101428_L2A/B12.tif"", ""rededge2"": ""https://e84-earth-search-sentinel-data.s3.us-west-2.amazonaws.com/sentinel-2-c1-l2a/32/T/PQ/2023/12/S2A_T32TPQ_20231219T101428_L2A/B06.tif"", ""rededge3"": ""https://e84-earth-search-sentinel-data.s3.us-west-2.amazonaws.com/sentinel-2-c1-l2a/32/T/PQ/2023/12/S2A_T32TPQ_20231219T101428_L2A/B07.tif"", ""rededge1"": ""https://e84-earth-search-sentinel-data.s3.us-west-2.amazonaws.com/sentinel-2-c1-l2a/32/T/PQ/2023/12/S2A_T32TPQ_20231219T101428_L2A/B05.tif"", ""swir16"": ""https://e84-earth-search-sentinel-data.s3.us-west-2.amazonaws.com/sentinel-2-c1-l2a/32/T/PQ/2023/12/S2A_T32TPQ_20231219T101428_L2A/B11.tif"", ""wvp"": ""https://e84-earth-search-sentinel-data.s3.us-west-2.amazonaws.com/sentinel-2-c1-l2a/32/T/PQ/2023/12/S2A_T32TPQ_20231219T101428_L2A/WVP.tif"", ""nir08"": ""https://e84-earth-search-sentinel-data.s3.us-west-2.amazonaws.com/sentinel-2-c1-l2a/32/T/PQ/2023/12/S2A_T32TPQ_20231219T101428_L2A/B8A.tif"", ""scl"": ""https://e84-earth-search-sentinel-data.s3.us-west-2.amazonaws.com/sentinel-2-c1-l2a/32/T/PQ/2023/12/S2A_T32TPQ_20231219T101428_L2A/SCL.tif"", ""aot"": ""https://e84-earth-search-sentinel-data.s3.us-west-2.amazonaws.com/sentinel-2-c1-l2a/32/T/PQ/2023/12/S2A_T32TPQ_20231219T101428_L2A/AOT.tif"", ""coastal"": ""https://e84-earth-search-sentinel-data.s3.us-west-2.amazonaws.com/sentinel-2-c1-l2a/32/T/PQ/2023/12/S2A_T32TPQ_20231219T101428_L2A/B01.tif"", ""nir09"": ""https://e84-earth-search-sentinel-data.s3.us-west-2.amazonaws.com/sentinel-2-c1-l2a/32/T/PQ/2023/12/S2A_T32TPQ_20231219T101428_L2A/B09.tif"", ""cloud"": ""https://e84-earth-search-sentinel-data.s3.us-west-2.amazonaws.com/sentinel-2-c1-l2a/32/T/PQ/2023/12/S2A_T32TPQ_20231219T101428_L2A/CLD_20m.tif"", ""snow"": ""https://e84-earth-search-sentinel-data.s3.us-west-2.amazonaws.com/sentinel-2-c1-l2a/32/T/PQ/2023/12/S2A_T32TPQ_20231219T101428_L2A/SNW_20m.tif"", ""preview"": ""https://e84-earth-search-sentinel-data.s3.us-west-2.amazonaws.com/sentinel-2-c1-l2a/32/T/PQ/2023/12/S2A_T32TPQ_20231219T101428_L2A/L2A_PVI.tif"", ""granule_metadata"": ""https://e84-earth-search-sentinel-data.s3.us-west-2.amazonaws.com/sentinel-2-c1-l2a/32/T/PQ/2023/12/S2A_T32TPQ_20231219T101428_L2A/metadata.xml"", ""tileinfo_metadata"": ""https://e84-earth-search-sentinel-data.s3.us-west-2.amazonaws.com/sentinel-2-c1-l2a/32/T/PQ/2023/12/S2A_T32TPQ_20231219T101428_L2A/tileInfo.json"", ""product_metadata"": ""https://e84-earth-search-sentinel-data.s3.us-west-2.amazonaws.com/sentinel-2-c1-l2a/32/T/PQ/2023/12/S2A_T32TPQ_20231219T101428_L2A/product_metadata.xml"", ""thumbnail"": ""https://e84-earth-search-sentinel-data.s3.us-west-2.amazonaws.com/sentinel-2-c1-l2a/32/T/PQ/2023/12/S2A_T32TPQ_20231219T101428_L2A/L2A_PVI.jpg""}"
S2A_T32TQP_20231219T101428_L2A,2023-12-19 10:18:35.416000+00:00,0.001283,,sentinel-2a,"{""red"": ""https://e84-earth-search-sentinel-data.s3.us-west-2.amazonaws.com/sentinel-2-c1-l2a/32/T/QP/2023/12/S2A_T32TQP_20231219T101428_L2A/B04.tif"", ""green"": ""https://e84-earth-search-sentinel-data.s3.us-west-2.amazonaws.com/sentinel-2-c1-l2a/32/T/QP/2023/12/S2A_T32TQP_20231219T101428_L2A/B03.tif"", ""blue"": ""https://e84-earth-search-sentinel-data.s3.us-west-2.amazonaws.com/sentinel-2-c1-l2a/32/T/QP/2023/12/S2A_T32TQP_20231219T101428_L2A/B02.tif"", ""visual"": ""https://e84-earth-search-sentinel-data.s3.us-west-2.amazonaws.com/sentinel-2-c1-l2a/32/T/QP/2023/12/S2A_T32TQP_20231219T101428_L2A/TCI.tif"", ""nir"": ""https://e84-earth-search-sentinel-data.s3.us-west-2.amazonaws.com/sentinel-2-c1-l2a/32/T/QP/2023/12/S2A_T32TQP_20231219T101428_L2A/B08.tif"", ""swir22"": ""https://e84-earth-search-sentinel-data.s3.us-west-2.amazonaws.com/sentinel-2-c1-l2a/32/T/QP/2023/12/S2A_T32TQP_20231219T101428_L2A/B12.tif"", ""rededge2"": ""https://e84-earth-search-sentinel-data.s3.us-west-2.amazonaws.com/sentinel-2-c1-l2a/32/T/QP/2023/12/S2A_T32TQP_20231219T101428_L2A/B06.tif"", ""rededge3"": ""https://e84-earth-search-sentinel-data.s3.us-west-2.amazonaws.com/sentinel-2-c1-l2a/32/T/QP/2023/12/S2A_T32TQP_20231219T101428_L2A/B07.tif"", ""rededge1"": ""https://e84-earth-search-sentinel-data.s3.us-west-2.amazonaws.com/sentinel-2-c1-l2a/32/T/QP/2023/12/S2A_T32TQP_20231219T101428_L2A/B05.tif"", ""swir16"": ""https://e84-earth-search-sentinel-data.s3.us-west-2.amazonaws.com/sentinel-2-c1-l2a/32/T/QP/2023/12/S2A_T32TQP_20231219T101428_L2A/B11.tif"", ""wvp"": ""https://e84-earth-search-sentinel-data.s3.us-west-2.amazonaws.com/sentinel-2-c1-l2a/32/T/QP/2023/12/S2A_T32TQP_20231219T101428_L2A/WVP.tif"", ""nir08"": ""https://e84-earth-search-sentinel-data.s3.us-west-2.amazonaws.com/sentinel-2-c1-l2a/32/T/QP/2023/12/S2A_T32TQP_20231219T101428_L2A/B8A.tif"", ""scl"": ""https://e84-earth-search-sentinel-data.s3.us-west-2.amazonaws.com/sentinel-2-c1-l2a/32/T/QP/2023/12/S2A_T32TQP_20231219T101428_L2A/SCL.tif"", ""aot"": ""https://e84-earth-search-sentinel-data.s3.us-west-2.amazonaws.com/sentinel-2-c1-l2a/32/T/QP/2023/12/S2A_T32TQP_20231219T101428_L2A/AOT.tif"", ""coastal"": ""https://e84-earth-search-sentinel-data.s3.us-west-2.amazonaws.com/sentinel-2-c1-l2a/32/T/QP/2023/12/S2A_T32TQP_20231219T101428_L2A/B01.tif"", ""nir09"": ""https://e84-earth-search-sentinel-data.s3.us-west-2.amazonaws.com/sentinel-2-c1-l2a/32/T/QP/2023/12/S2A_T32TQP_20231219T101428_L2A/B09.tif"", ""cloud"": ""https://e84-earth-search-sentinel-data.s3.us-west-2.amazonaws.com/sentinel-2-c1-l2a/32/T/QP/2023/12/S2A_T32TQP_20231219T101428_L2A/CLD_20m.tif"", ""snow"": ""https://e84-earth-search-sentinel-data.s3.us-west-2.amazonaws.com/sentinel-2-c1-l2a/32/T/QP/2023/12/S2A_T32TQP_20231219T101428_L2A/SNW_20m.tif"", ""preview"": ""https://e84-earth-search-sentinel-data.s3.us-west-2.amazonaws.com/sentinel-2-c1-l2a/32/T/QP/2023/12/S2A_T32TQP_20231219T101428_L2A/L2A_PVI.tif"", ""granule_metadata"": ""https://e84-earth-search-sentinel-data.s3.us-west-2.amazonaws.com/sentinel-2-c1-l2a/32/T/QP/2023/12/S2A_T32TQP_20231219T101428_L2A/metadata.xml"", ""tileinfo_metadata"": ""https://e84-earth-search-sentinel-data.s3.us-west-2.amazonaws.com/sentinel-2-c1-l2a/32/T/QP/2023/12/S2A_T32TQP_20231219T101428_L2A/tileInfo.json"", ""product_metadata"": ""https://e84-earth-search-sentinel-data.s3.us-west-2.amazonaws.com/sentinel-2-c1-l2a/32/T/QP/2023/12/S2A_T32TQP_20231219T101428_L2A/product_metadata.xml"", ""thumbnail"": ""https://e84-earth-search-sentinel-data.s3.us-west-2.amazonaws.com/sentinel-2-c1-l2a/32/T/QP/2023/12/S2A_T32TQP_20231219T101428_L2A/L2A_PVI.jpg""}"
S2A_T32TPP_20231219T101428_L2A,2023-12-19 10:18:39.016000+00:00,0.002475,,sentinel-2a,"{""red"": ""https://e84-earth-search-sentinel-data.s3.us-west-2.amazonaws.com/sentinel-2-c1-l2a/32/T/PP/2023/12/S2A_T32TPP_20231219T101428_L2A/B04.tif"", ""green"": ""https://e84-earth-search-sentinel-data.s3.us-west-2.amazonaws.com/sentinel-2-c1-l2a/32/T/PP/2023/12/S2A_T32TPP_20231219T101428_L2A/B03.tif"", ""blue"": ""https://e84-earth-search-sentinel-data.s3.us-west-2.amazonaws.com/sentinel-2-c1-l2a/32/T/PP/2023/12/S2A_T32TPP_20231219T101428_L2A/B02.tif"", ""visual"": ""https://e84-earth-search-sentinel-data.s3.us-west-2.amazonaws.com/sentinel-2-c1-l2a/32/T/PP/2023/12/S2A_T32TPP_20231219T101428_L2A/TCI.tif"", ""nir"": ""https://e84-earth-search-sentinel-data.s3.us-west-2.amazonaws.com/sentinel-2-c1-l2a/32/T/PP/2023/12/S2A_T32TPP_20231219T101428_L2A/B08.tif"", ""swir22"": ""https://e84-earth-search-sentinel-data.s3.us-west-2.amazonaws.com/sentinel-2-c1-l2a/32/T/PP/2023/12/S2A_T32TPP_20231219T101428_L2A/B12.tif"", ""rededge2"": ""https://e84-earth-search-sentinel-data.s3.us-west-2.amazonaws.com/sentinel-2-c1-l2a/32/T/PP/2023/12/S2A_T32TPP_20231219T101428_L2A/B06.tif"", ""rededge3"": ""https://e84-earth-search-sentinel-data.s3.us-west-2.amazonaws.com/sentinel-2-c1-l2a/32/T/PP/2023/12/S2A_T32TPP_20231219T101428_L2A/B07.tif"", ""rededge1"": ""https://e84-earth-search-sentinel-data.s3.us-west-2.amazonaws.com/sentinel-2-c1-l2a/32/T/PP/2023/12/S2A_T32TPP_20231219T101428_L2A/B05.tif"", ""swir16"": ""https://e84-earth-search-sentinel-data.s3.us-west-2.amazonaws.com/sentinel-2-c1-l2a/32/T/PP/2023/12/S2A_T32TPP_20231219T101428_L2A/B11.tif"", ""wvp"": ""https://e84-earth-search-sentinel-data.s3.us-west-2.amazonaws.com/sentinel-2-c1-l2a/32/T/PP/2023/12/S2A_T32TPP_20231219T101428_L2A/WVP.tif"", ""nir08"": ""https://e84-earth-search-sentinel-data.s3.us-west-2.amazonaws.com/sentinel-2-c1-l2a/32/T/PP/2023/12/S2A_T32TPP_20231219T101428_L2A/B8A.tif"", ""scl"": ""https://e84-earth-search-sentinel-data.s3.us-west-2.amazonaws.com/sentinel-2-c1-l2a/32/T/PP/2023/12/S2A_T32TPP_20231219T101428_L2A/SCL.tif"", ""aot"": ""https://e84-earth-search-sentinel-data.s3.us-west-2.amazonaws.com/sentinel-2-c1-l2a/32/T/PP/2023/12/S2A_T32TPP_20231219T101428_L2A/AOT.tif"", ""coastal"": ""https://e84-earth-search-sentinel-data.s3.us-west-2.amazonaws.com/sentinel-2-c1-l2a/32/T/PP/2023/12/S2A_T32TPP_20231219T101428_L2A/B01.tif"", ""nir09"": ""https://e84-earth-search-sentinel-data.s3.us-west-2.amazonaws.com/sentinel-2-c1-l2a/32/T/PP/2023/12/S2A_T32TPP_20231219T101428_L2A/B09.tif"", ""cloud"": ""https://e84-earth-search-sentinel-data.s3.us-west-2.amazonaws.com/sentinel-2-c1-l2a/32/T/PP/2023/12/S2A_T32TPP_20231219T101428_L2A/CLD_20m.tif"", ""snow"": ""https://e84-earth-search-sentinel-data.s3.us-west-2.amazonaws.com/sentinel-2-c1-l2a/32/T/PP/2023/12/S2A_T32TPP_20231219T101428_L2A/SNW_20m.tif"", ""preview"": ""https://e84-earth-search-sentinel-data.s3.us-west-2.amazonaws.com/sentinel-2-c1-l2a/32/T/PP/2023/12/S2A_T32TPP_20231219T101428_L2A/L2A_PVI.tif"", ""granule_metadata"": ""https://e84-earth-search-sentinel-data.s3.us-west-2.amazonaws.com/sentinel-2-c1-l2a/32/T/PP/2023/12/S2A_T32TPP_20231219T101428_L2A/metadata.xml"", ""tileinfo_metadata"": ""https://e84-earth-search-sentinel-data.s3.us-west-2.amazonaws.com/sentinel-2-c1-l2a/32/T/PP/2023/12/S2A_T32TPP_20231219T101428_L2A/tileInfo.json"", ""product_metadata"": ""https://e84-earth-search-sentinel-data.s3.us-west-2.amazonaws.com/sentinel-2-c1-l2a/32/T/PP/2023/12/S2A_T32TPP_20231219T101428_L2A/product_metadata.xml"", ""thumbnail"": ""https://e84-earth-search-sentinel-data.s3.us-west-2.amazonaws.com/sentinel-2-c1-l2a/32/T/PP/2023/12/S2A_T32TPP_20231219T101428_L2A/L2A_PVI.jpg""}"
S2B_T32TQQ_20231221T100334_L2A,2023-12-21 10:08:28.967000+00:00,25.081605,,sentinel-2b,"{""red"": ""https://e84-earth-search-sentinel-data.s3.us-west-2.amazonaws.com/sentinel-2-c1-l2a/32/T/QQ/2023/12/S2B_T32TQQ_20231221T100334_L2A/B04.tif"", ""green"": ""https://e84-earth-search-sentinel-data.s3.us-west-2.amazonaws.com/sentinel-2-c1-l2a/32/T/QQ/2023/12/S2B_T32TQQ_20231221T100334_L2A/B03.tif"", ""blue"": ""https://e84-earth-search-sentinel-data.s3.us-west-2.amazonaws.com/sentinel-2-c1-l2a/32/T/QQ/2023/12/S2B_T32TQQ_20231221T100334_L2A/B02.tif"", ""visual"": ""https://e84-earth-search-sentinel-data.s3.us-west-2.amazonaws.com/sentinel-2-c1-l2a/32/T/QQ/2023/12/S2B_T32TQQ_20231221T100334_L2A/TCI.tif"", ""nir"": ""https://e84-earth-search-sentinel-data.s3.us-west-2.amazonaws.com/sentinel-2-c1-l2a/32/T/QQ/2023/12/S2B_T32TQQ_20231221T100334_L2A/B08.tif"", ""swir22"": ""https://e84-earth-search-sentinel-data.s3.us-west-2.amazonaws.com/sentinel-2-c1-l2a/32/T/QQ/2023/12/S2B_T32TQQ_20231221T100334_L2A/B12.tif"", ""rededge2"": ""https://e84-earth-search-sentinel-data.s3.us-west-2.amazonaws.com/sentinel-2-c1-l2a/32/T/QQ/2023/12/S2B_T32TQQ_20231221T100334_L2A/B06.tif"", ""rededge3"": ""https://e84-earth-search-sentinel-data.s3.us-west-2.amazonaws.com/sentinel-2-c1-l2a/32/T/QQ/2023/12/S2B_T32TQQ_20231221T100334_L2A/B07.tif"", ""rededge1"": ""https://e84-earth-search-sentinel-data.s3.us-west-2.amazonaws.com/sentinel-2-c1-l2a/32/T/QQ/2023/12/S2B_T32TQQ_20231221T100334_L2A/B05.tif"", ""swir16"": ""https://e84-earth-search-sentinel-data.s3.us-west-2.amazonaws.com/sentinel-2-c1-l2a/32/T/QQ/2023/12/S2B_T32TQQ_20231221T100334_L2A/B11.tif"", ""wvp"": ""https://e84-earth-search-sentinel-data.s3.us-west-2.amazonaws.com/sentinel-2-c1-l2a/32/T/QQ/2023/12/S2B_T32TQQ_20231221T100334_L2A/WVP.tif"", ""nir08"": ""https://e84-earth-search-sentinel-data.s3.us-west-2.amazonaws.com/sentinel-2-c1-l2a/32/T/QQ/2023/12/S2B_T32TQQ_20231221T100334_L2A/B8A.tif"", ""scl"": ""https://e84-earth-search-sentinel-data.s3.us-west-2.amazonaws.com/sentinel-2-c1-l2a/32/T/QQ/2023/12/S2B_T32TQQ_20231221T100334_L2A/SCL.tif"", ""aot"": ""https://e84-earth-search-sentinel-data.s3.us-west-2.amazonaws.com/sentinel-2-c1-l2a/32/T/QQ/2023/12/S2B_T32TQQ_20231221T100334_L2A/AOT.tif"", ""coastal"": ""https://e84-earth-search-sentinel-data.s3.us-west-2.amazonaws.com/sentinel-2-c1-l2a/32/T/QQ/2023/12/S2B_T32TQQ_20231221T100334_L2A/B01.tif"", ""nir09"": ""https://e84-earth-search-sentinel-data.s3.us-west-2.amazonaws.com/sentinel-2-c1-l2a/32/T/QQ/2023/12/S2B_T32TQQ_20231221T100334_L2A/B09.tif"", ""cloud"": ""https://e84-earth-search-sentinel-data.s3.us-west-2.amazonaws.com/sentinel-2-c1-l2a/32/T/QQ/2023/12/S2B_T32TQQ_20231221T100334_L2A/CLD_20m.tif"", ""snow"": ""https://e84-earth-search-sentinel-data.s3.us-west-2.amazonaws.com/sentinel-2-c1-l2a/32/T/QQ/2023/12/S2B_T32TQQ_20231221T100334_L2A/SNW_20m.tif"", ""preview"": ""https://e84-earth-search-sentinel-data.s3.us-west-2.amazonaws.com/sentinel-2-c1-l2a/32/T/QQ/2023/12/S2B_T32TQQ_20231221T100334_L2A/L2A_PVI.tif"", ""granule_metadata"": ""https://e84-earth-search-sentinel-data.s3.us-west-2.amazonaws.com/sentinel-2-c1-l2a/32/T/QQ/2023/12/S2B_T32TQQ_20231221T100334_L2A/metadata.xml"", ""tileinfo_metadata"": ""https://e84-earth-search-sentinel-data.s3.us-west-2.amazonaws.com/sentinel-2-c1-l2a/32/T/QQ/2023/12/S2B_T32TQQ_20231221T100334_L2A/tileInfo.json"", ""product_metadata"": ""https://e84-earth-search-sentinel-data.s3.us-west-2.amazonaws.com/sentinel-2-c1-l2a/32/T/QQ/2023/12/S2B_T32TQQ_20231221T100334_L2A/product_metadata.xml"", ""thumbnail"": ""https://e84-earth-search-sentinel-data.s3.us-west-2.amazonaws.com/sentinel-2-c1-l2a/32/T/QQ/2023/12/S2B_T32TQQ_20231221T100334_L2A/L2A_PVI.jpg""}"
S2B_T32TQP_20231221T100334_L2A,2023-12-21 10:08:43.691000+00:00,2.198016,,sentinel-2b,"{""red"": ""https://e84-earth-search-sentinel-data.s3.us-west-2.amazonaws.com/sentinel-2-c1-l2a/32/T/QP/2023/12/S2B_T32TQP_20231221T100334_L2A/B04.tif"", ""green"": ""https://e84-earth-search-sentinel-data.s3.us-west-2.amazonaws.com/sentinel-2-c1-l2a/32/T/QP/2023/12/S2B_T32TQP_20231221T100334_L2A/B03.tif"", ""blue"": ""https://e84-earth-search-sentinel-data.s3.us-west-2.amazonaws.com/sentinel-2-c1-l2a/32/T/QP/2023/12/S2B_T32TQP_20231221T100334_L2A/B02.tif"", ""visual"": ""https://e84-earth-search-sentinel-data.s3.us-west-2.amazonaws.com/sentinel-2-c1-l2a/32/T/QP/2023/12/S2B_T32TQP_20231221T100334_L2A/TCI.tif"", ""nir"": ""https://e84-earth-search-sentinel-data.s3.us-west-2.amazonaws.com/sentinel-2-c1-l2a/32/T/QP/2023/12/S2B_T32TQP_20231221T100334_L2A/B08.tif"", ""swir22"": ""https://e84-earth-search-sentinel-data.s3.us-west-2.amazonaws.com/sentinel-2-c1-l2a/32/T/QP/2023/12/S2B_T32TQP_20231221T100334_L2A/B12.tif"", ""rededge2"": ""https://e84-earth-search-sentinel-data.s3.us-west-2.amazonaws.com/sentinel-2-c1-l2a/32/T/QP/2023/12/S2B_T32TQP_20231221T100334_L2A/B06.tif"", ""rededge3"": ""https://e84-earth-search-sentinel-data.s3.us-west-2.amazonaws.com/sentinel-2-c1-l2a/32/T/QP/2023/12/S2B_T32TQP_20231221T100334_L2A/B07.tif"", ""rededge1"": ""https://e84-earth-search-sentinel-data.s3.us-west-2.amazonaws.com/sentinel-2-c1-l2a/32/T/QP/2023/12/S2B_T32TQP_20231221T100334_L2A/B05.tif"", ""swir16"": ""https://e84-earth-search-sentinel-data.s3.us-west-2.amazonaws.com/sentinel-2-c1-l2a/32/T/QP/2023/12/S2B_T32TQP_20231221T100334_L2A/B11.tif"", ""wvp"": ""https://e84-earth-search-sentinel-data.s3.us-west-2.amazonaws.com/sentinel-2-c1-l2a/32/T/QP/2023/12/S2B_T32TQP_20231221T100334_L2A/WVP.tif"", ""nir08"": ""https://e84-earth-search-sentinel-data.s3.us-west-2.amazonaws.com/sentinel-2-c1-l2a/32/T/QP/2023/12/S2B_T32TQP_20231221T100334_L2A/B8A.tif"", ""scl"": ""https://e84-earth-search-sentinel-data.s3.us-west-2.amazonaws.com/sentinel-2-c1-l2a/32/T/QP/2023/12/S2B_T32TQP_20231221T100334_L2A/SCL.tif"", ""aot"": ""https://e84-earth-search-sentinel-data.s3.us-west-2.amazonaws.com/sentinel-2-c1-l2a/32/T/QP/2023/12/S2B_T32TQP_20231221T100334_L2A/AOT.tif"", ""coastal"": ""https://e84-earth-search-sentinel-data.s3.us-west-2.amazonaws.com/sentinel-2-c1-l2a/32/T/QP/2023/12/S2B_T32TQP_20231221T100334_L2A/B01.tif"", ""nir09"": ""https://e84-earth-search-sentinel-data.s3.us-west-2.amazonaws.com/sentinel-2-c1-l2a/32/T/QP/2023/12/S2B_T32TQP_20231221T100334_L2A/B09.tif"", ""cloud"": ""https://e84-earth-search-sentinel-data.s3.us-west-2.amazonaws.com/sentinel-2-c1-l2a/32/T/QP/2023/12/S2B_T32TQP_20231221T100334_L2A/CLD_20m.tif"", ""snow"": ""https://e84-earth-search-sentinel-data.s3.us-west-2.amazonaws.com/sentinel-2-c1-l2a/32/T/QP/2023/12/S2B_T32TQP_20231221T100334_L2A/SNW_20m.tif"", ""preview"": ""https://e84-earth-search-sentinel-data.s3.us-west-2.amazonaws.com/sentinel-2-c1-l2a/32/T/QP/2023/12/S2B_T32TQP_20231221T100334_L2A/L2A_PVI.tif"", ""granule_metadata"": ""https://e84-earth-search-sentinel-data.s3.us-west-2.amazonaws.com/sentinel-2-c1-l2a/32/T/QP/2023/12/S2B_T32TQP_20231221T100334_L2A/metadata.xml"", ""tileinfo_metadata"": ""https://e84-earth-search-sentinel-data.s3.us-west-2.amazonaws.com/sentinel-2-c1-l2a/32/T/QP/2023/12/S2B_T32TQP_20231221T100334_L2A/tileInfo.json"", ""product_metadata"": ""https://e84-earth-search-sentinel-data.s3.us-west-2.amazonaws.com/sentinel-2-c1-l2a/32/T/QP/2023/12/S2B_T32TQP_20231221T100334_L2A/product_metadata.xml"", ""thumbnail"": ""https://e84-earth-search-sentinel-data.s3.us-west-2.amazonaws.com/sentinel-2-c1-l2a/32/T/QP/2023/12/S2B_T32TQP_20231221T100334_L2A/L2A_PVI.jpg""}"
S2B_T32TQQ_20231224T101542_L2A,2023-12-24 10:18:26.335000+00:00,3.271947,,sentinel-2b,"{""red"": ""https://e84-earth-search-sentinel-data.s3.us-west-2.amazonaws.com/sentinel-2-c1-l2a/32/T/QQ/2023/12/S2B_T32TQQ_20231224T101542_L2A/B04.tif"", ""green"": ""https://e84-earth-search-sentinel-data.s3.us-west-2.amazonaws.com/sentinel-2-c1-l2a/32/T/QQ/2023/12/S2B_T32TQQ_20231224T101542_L2A/B03.tif"", ""blue"": ""https://e84-earth-search-sentinel-data.s3.us-west-2.amazonaws.com/sentinel-2-c1-l2a/32/T/QQ/2023/12/S2B_T32TQQ_20231224T101542_L2A/B02.tif"", ""visual"": ""https://e84-earth-search-sentinel-data.s3.us-west-2.amazonaws.com/sentinel-2-c1-l2a/32/T/QQ/2023/12/S2B_T32TQQ_20231224T101542_L2A/TCI.tif"", ""nir"": ""https://e84-earth-search-sentinel-data.s3.us-west-2.amazonaws.com/sentinel-2-c1-l2a/32/T/QQ/2023/12/S2B_T32TQQ_20231224T101542_L2A/B08.tif"", ""swir22"": ""https://e84-earth-search-sentinel-data.s3.us-west-2.amazonaws.com/sentinel-2-c1-l2a/32/T/QQ/2023/12/S2B_T32TQQ_20231224T101542_L2A/B12.tif"", ""rededge2"": ""https://e84-earth-search-sentinel-data.s3.us-west-2.amazonaws.com/sentinel-2-c1-l2a/32/T/QQ/2023/12/S2B_T32TQQ_20231224T101542_L2A/B06.tif"", ""rededge3"": ""https://e84-earth-search-sentinel-data.s3.us-west-2.amazonaws.com/sentinel-2-c1-l2a/32/T/QQ/2023/12/S2B_T32TQQ_20231224T101542_L2A/B07.tif"", ""rededge1"": ""https://e84-earth-search-sentinel-data.s3.us-west-2.amazonaws.com/sentinel-2-c1-l2a/32/T/QQ/2023/12/S2B_T32TQQ_20231224T101542_L2A/B05.tif"", ""swir16"": ""https://e84-earth-search-sentinel-data.s3.us-west-2.amazonaws.com/sentinel-2-c1-l2a/32/T/QQ/2023/12/S2B_T32TQQ_20231224T101542_L2A/B11.tif"", ""wvp"": ""https://e84-earth-search-sentinel-data.s3.us-west-2.amazonaws.com/sentinel-2-c1-l2a/32/T/QQ/2023/12/S2B_T32TQQ_20231224T101542_L2A/WVP.tif"", ""nir08"": ""https://e84-earth-search-sentinel-data.s3.us-west-2.amazonaws.com/sentinel-2-c1-l2a/32/T/QQ/2023/12/S2B_T32TQQ_20231224T101542_L2A/B8A.tif"", ""scl"": ""https://e84-earth-search-sentinel-data.s3.us-west-2.amazonaws.com/sentinel-2-c1-l2a/32/T/QQ/2023/12/S2B_T32TQQ_20231224T101542_L2A/SCL.tif"", ""aot"": ""https://e84-earth-search-sentinel-data.s3.us-west-2.amazonaws.com/sentinel-2-c1-l2a/32/T/QQ/2023/12/S2B_T32TQQ_20231224T101542_L2A/AOT.tif"", ""coastal"": ""https://e84-earth-search-sentinel-data.s3.us-west-2.amazonaws.com/sentinel-2-c1-l2a/32/T/QQ/2023/12/S2B_T32TQQ_20231224T101542_L2A/B01.tif"", ""nir09"": ""https://e84-earth-search-sentinel-data.s3.us-west-2.amazonaws.com/sentinel-2-c1-l2a/32/T/QQ/2023/12/S2B_T32TQQ_20231224T101542_L2A/B09.tif"", ""cloud"": ""https://e84-earth-search-sentinel-data.s3.us-west-2.amazonaws.com/sentinel-2-c1-l2a/32/T/QQ/2023/12/S2B_T32TQQ_20231224T101542_L2A/CLD_20m.tif"", ""snow"": ""https://e84-earth-search-sentinel-data.s3.us-west-2.amazonaws.com/sentinel-2-c1-l2a/32/T/QQ/2023/12/S2B_T32TQQ_20231224T101542_L2A/SNW_20m.tif"", ""preview"": ""https://e84-earth-search-sentinel-data.s3.us-west-2.amazonaws.com/sentinel-2-c1-l2a/32/T/QQ/2023/12/S2B_T32TQQ_20231224T101542_L2A/L2A_PVI.tif"", ""granule_metadata"": ""https://e84-earth-search-sentinel-data.s3.us-west-2.amazonaws.com/sentinel-2-c1-l2a/32/T/QQ/2023/12/S2B_T32TQQ_20231224T101542_L2A/metadata.xml"", ""tileinfo_metadata"": ""https://e84-earth-search-sentinel-data.s3.us-west-2.amazonaws.com/sentinel-2-c1-l2a/32/T/QQ/2023/12/S2B_T32TQQ_20231224T101542_L2A/tileInfo.json"", ""product_metadata"": ""https://e84-earth-search-sentinel-data.s3.us-west-2.amazonaws.com/sentinel-2-c1-l2a/32/T/QQ/2023/12/S2B_T32TQQ_20231224T101542_L2A/product_metadata.xml"", ""thumbnail"": ""https://e84-earth-search-sentinel-data.s3.us-west-2.amazonaws.com/sentinel-2-c1-l2a/32/T/QQ/2023/12/S2B_T32TQQ_20231224T101542_L2A/L2A_PVI.jpg""}"
S2B_T32TPQ_20231224T101542_L2A,2023-12-24 10:18:29.787000+00:00,12.369899,,sentinel-2b,"{""red"": ""https://e84-earth-search-sentinel-data.s3.us-west-2.amazonaws.com/sentinel-2-c1-l2a/32/T/PQ/2023/12/S2B_T32TPQ_20231224T101542_L2A/B04.tif"", ""green"": ""https://e84-earth-search-sentinel-data.s3.us-west-2.amazonaws.com/sentinel-2-c1-l2a/32/T/PQ/2023/12/S2B_T32TPQ_20231224T101542_L2A/B03.tif"", ""blue"": ""https://e84-earth-search-sentinel-data.s3.us-west-2.amazonaws.com/sentinel-2-c1-l2a/32/T/PQ/2023/12/S2B_T32TPQ_20231224T101542_L2A/B02.tif"", ""visual"": ""https://e84-earth-search-sentinel-data.s3.us-west-2.amazonaws.com/sentinel-2-c1-l2a/32/T/PQ/2023/12/S2B_T32TPQ_20231224T101542_L2A/TCI.tif"", ""nir"": ""https://e84-earth-search-sentinel-data.s3.us-west-2.amazonaws.com/sentinel-2-c1-l2a/32/T/PQ/2023/12/S2B_T32TPQ_20231224T101542_L2A/B08.tif"", ""swir22"": ""https://e84-earth-search-sentinel-data.s3.us-west-2.amazonaws.com/sentinel-2-c1-l2a/32/T/PQ/2023/12/S2B_T32TPQ_20231224T101542_L2A/B12.tif"", ""rededge2"": ""https://e84-earth-search-sentinel-data.s3.us-west-2.amazonaws.com/sentinel-2-c1-l2a/32/T/PQ/2023/12/S2B_T32TPQ_20231224T101542_L2A/B06.tif"", ""rededge3"": ""https://e84-earth-search-sentinel-data.s3.us-west-2.amazonaws.com/sentinel-2-c1-l2a/32/T/PQ/2023/12/S2B_T32TPQ_20231224T101542_L2A/B07.tif"", ""rededge1"": ""https://e84-earth-search-sentinel-data.s3.us-west-2.amazonaws.com/sentinel-2-c1-l2a/32/T/PQ/2023/12/S2B_T32TPQ_20231224T101542_L2A/B05.tif"", ""swir16"": ""https://e84-earth-search-sentinel-data.s3.us-west-2.amazonaws.com/sentinel-2-c1-l2a/32/T/PQ/2023/12/S2B_T32TPQ_20231224T101542_L2A/B11.tif"", ""wvp"": ""https://e84-earth-search-sentinel-data.s3.us-west-2.amazonaws.com/sentinel-2-c1-l2a/32/T/PQ/2023/12/S2B_T32TPQ_20231224T101542_L2A/WVP.tif"", ""nir08"": ""https://e84-earth-search-sentinel-data.s3.us-west-2.amazonaws.com/sentinel-2-c1-l2a/32/T/PQ/2023/12/S2B_T32TPQ_20231224T101542_L2A/B8A.tif"", ""scl"": ""https://e84-earth-search-sentinel-data.s3.us-west-2.amazonaws.com/sentinel-2-c1-l2a/32/T/PQ/2023/12/S2B_T32TPQ_20231224T101542_L2A/SCL.tif"", ""aot"": ""https://e84-earth-search-sentinel-data.s3.us-west-2.amazonaws.com/sentinel-2-c1-l2a/32/T/PQ/2023/12/S2B_T32TPQ_20231224T101542_L2A/AOT.tif"", ""coastal"": ""https://e84-earth-search-sentinel-data.s3.us-west-2.amazonaws.com/sentinel-2-c1-l2a/32/T/PQ/2023/12/S2B_T32TPQ_20231224T101542_L2A/B01.tif"", ""nir09"": ""https://e84-earth-search-sentinel-data.s3.us-west-2.amazonaws.com/sentinel-2-c1-l2a/32/T/PQ/2023/12/S2B_T32TPQ_20231224T101542_L2A/B09.tif"", ""cloud"": ""https://e84-earth-search-sentinel-data.s3.us-west-2.amazonaws.com/sentinel-2-c1-l2a/32/T/PQ/2023/12/S2B_T32TPQ_20231224T101542_L2A/CLD_20m.tif"", ""snow"": ""https://e84-earth-search-sentinel-data.s3.us-west-2.amazonaws.com/sentinel-2-c1-l2a/32/T/PQ/2023/12/S2B_T32TPQ_20231224T101542_L2A/SNW_20m.tif"", ""preview"": ""https://e84-earth-search-sentinel-data.s3.us-west-2.amazonaws.com/sentinel-2-c1-l2a/32/T/PQ/2023/12/S2B_T32TPQ_20231224T101542_L2A/L2A_PVI.tif"", ""granule_metadata"": ""https://e84-earth-search-sentinel-data.s3.us-west-2.amazonaws.com/sentinel-2-c1-l2a/32/T/PQ/2023/12/S2B_T32TPQ_20231224T101542_L2A/metadata.xml"", ""tileinfo_metadata"": ""https://e84-earth-search-sentinel-data.s3.us-west-2.amazonaws.com/sentinel-2-c1-l2a/32/T/PQ/2023/12/S2B_T32TPQ_20231224T101542_L2A/tileInfo.json"", ""product_metadata"": ""https://e84-earth-search-sentinel-data.s3.us-west-2.amazonaws.com/sentinel-2-c1-l2a/32/T/PQ/2023/12/S2B_T32TPQ_20231224T101542_L2A/product_metadata.xml"", ""thumbnail"": ""https://e84-earth-search-sentinel-data.s3.us-west-2.amazonaws.com/sentinel-2-c1-l2a/32/T/PQ/2023/12/S2B_T32TPQ_20231224T101542_L2A/L2A_PVI.jpg""}"
S2B_T32TQP_20231224T101542_L2A,2023-12-24 10:18:40.579000+00:00,42.670929,,sentinel-2b,"{""red"": ""https://e84-earth-search-sentinel-data.s3.us-west-2.amazonaws.com/sentinel-2-c1-l2a/32/T/QP/2023/12/S2B_T32TQP_20231224T101542_L2A/B04.tif"", ""green"": ""https://e84-earth-search-sentinel-data.s3.us-west-2.amazonaws.com/sentinel-2-c1-l2a/32/T/QP/2023/12/S2B_T32TQP_20231224T101542_L2A/B03.tif"", ""blue"": ""https://e84-earth-search-sentinel-data.s3.us-west-2.amazonaws.com/sentinel-2-c1-l2a/32/T/QP/2023/12/S2B_T32TQP_20231224T101542_L2A/B02.tif"", ""visual"": ""https://e84-earth-search-sentinel-data.s3.us-west-2.amazonaws.com/sentinel-2-c1-l2a/32/T/QP/2023/12/S2B_T32TQP_20231224T101542_L2A/TCI.tif"", ""nir"": ""https://e84-earth-search-sentinel-data.s3.us-west-2.amazonaws.com/sentinel-2-c1-l2a/32/T/QP/2023/12/S2B_T32TQP_20231224T101542_L2A/B08.tif"", ""swir22"": ""https://e84-earth-search-sentinel-data.s3.us-west-2.amazonaws.com/sentinel-2-c1-l2a/32/T/QP/2023/12/S2B_T32TQP_20231224T101542_L2A/B12.tif"", ""rededge2"": ""https://e84-earth-search-sentinel-data.s3.us-west-2.amazonaws.com/sentinel-2-c1-l2a/32/T/QP/2023/12/S2B_T32TQP_20231224T101542_L2A/B06.tif"", ""rededge3"": ""https://e84-earth-search-sentinel-data.s3.us-west-2.amazonaws.com/sentinel-2-c1-l2a/32/T/QP/2023/12/S2B_T32TQP_20231224T101542_L2A/B07.tif"", ""rededge1"": ""https://e84-earth-search-sentinel-data.s3.us-west-2.amazonaws.com/sentinel-2-c1-l2a/32/T/QP/2023/12/S2B_T32TQP_20231224T101542_L2A/B05.tif"", ""swir16"": ""https://e84-earth-search-sentinel-data.s3.us-west-2.amazonaws.com/sentinel-2-c1-l2a/32/T/QP/2023/12/S2B_T32TQP_20231224T101542_L2A/B11.tif"", ""wvp"": ""https://e84-earth-search-sentinel-data.s3.us-west-2.amazonaws.com/sentinel-2-c1-l2a/32/T/QP/2023/12/S2B_T32TQP_20231224T101542_L2A/WVP.tif"", ""nir08"": ""https://e84-earth-search-sentinel-data.s3.us-west-2.amazonaws.com/sentinel-2-c1-l2a/32/T/QP/2023/12/S2B_T32TQP_20231224T101542_L2A/B8A.tif"", ""scl"": ""https://e84-earth-search-sentinel-data.s3.us-west-2.amazonaws.com/sentinel-2-c1-l2a/32/T/QP/2023/12/S2B_T32TQP_20231224T101542_L2A/SCL.tif"", ""aot"": ""https://e84-earth-search-sentinel-data.s3.us-west-2.amazonaws.com/sentinel-2-c1-l2a/32/T/QP/2023/12/S2B_T32TQP_20231224T101542_L2A/AOT.tif"", ""coastal"": ""https://e84-earth-search-sentinel-data.s3.us-west-2.amazonaws.com/sentinel-2-c1-l2a/32/T/QP/2023/12/S2B_T32TQP_20231224T101542_L2A/B01.tif"", ""nir09"": ""https://e84-earth-search-sentinel-data.s3.us-west-2.amazonaws.com/sentinel-2-c1-l2a/32/T/QP/2023/12/S2B_T32TQP_20231224T101542_L2A/B09.tif"", ""cloud"": ""https://e84-earth-search-sentinel-data.s3.us-west-2.amazonaws.com/sentinel-2-c1-l2a/32/T/QP/2023/12/S2B_T32TQP_20231224T101542_L2A/CLD_20m.tif"", ""snow"": ""https://e84-earth-search-sentinel-data.s3.us-west-2.amazonaws.com/sentinel-2-c1-l2a/32/T/QP/2023/12/S2B_T32TQP_20231224T101542_L2A/SNW_20m.tif"", ""preview"": ""https://e84-earth-search-sentinel-data.s3.us-west-2.amazonaws.com/sentinel-2-c1-l2a/32/T/QP/2023/12/S2B_T32TQP_20231224T101542_L2A/L2A_PVI.tif"", ""granule_metadata"": ""https://e84-earth-search-sentinel-data.s3.us-west-2.amazonaws.com/sentinel-2-c1-l2a/32/T/QP/2023/12/S2B_T32TQP_20231224T101542_L2A/metadata.xml"", ""tileinfo_metadata"": ""https://e84-earth-search-sentinel-data.s3.us-west-2.amazonaws.com/sentinel-2-c1-l2a/32/T/QP/2023/12/S2B_T32TQP_20231224T101542_L2A/tileInfo.json"", ""product_metadata"": ""https://e84-earth-search-sentinel-data.s3.us-west-2.amazonaws.com/sentinel-2-c1-l2a/32/T/QP/2023/12/S2B_T32TQP_20231224T101542_L2A/product_metadata.xml"", ""thumbnail"": ""https://e84-earth-search-sentinel-data.s3.us-west-2.amazonaws.com/sentinel-2-c1-l2a/32/T/QP/2023/12/S2B_T32TQP_20231224T101542_L2A/L2A_PVI.jpg""}"
S2B_T32TPP_20231224T101542_L2A,2023-12-24 10:18:44.188000+00:00,51.826793,,sentinel-2b,"{""red"": ""https://e84-earth-search-sentinel-data.s3.us-west-2.amazonaws.com/sentinel-2-c1-l2a/32/T/PP/2023/12/S2B_T32TPP_20231224T101542_L2A/B04.tif"", ""green"": ""https://e84-earth-search-sentinel-data.s3.us-west-2.amazonaws.com/sentinel-2-c1-l2a/32/T/PP/2023/12/S2B_T32TPP_20231224T101542_L2A/B03.tif"", ""blue"": ""https://e84-earth-search-sentinel-data.s3.us-west-2.amazonaws.com/sentinel-2-c1-l2a/32/T/PP/2023/12/S2B_T32TPP_20231224T101542_L2A/B02.tif"", ""visual"": ""https://e84-earth-search-sentinel-data.s3.us-west-2.amazonaws.com/sentinel-2-c1-l2a/32/T/PP/2023/12/S2B_T32TPP_20231224T101542_L2A/TCI.tif"", ""nir"": ""https://e84-earth-search-sentinel-data.s3.us-west-2.amazonaws.com/sentinel-2-c1-l2a/32/T/PP/2023/12/S2B_T32TPP_20231224T101542_L2A/B08.tif"", ""swir22"": ""https://e84-earth-search-sentinel-data.s3.us-west-2.amazonaws.com/sentinel-2-c1-l2a/32/T/PP/2023/12/S2B_T32TPP_20231224T101542_L2A/B12.tif"", ""rededge2"": ""https://e84-earth-search-sentinel-data.s3.us-west-2.amazonaws.com/sentinel-2-c1-l2a/32/T/PP/2023/12/S2B_T32TPP_20231224T101542_L2A/B06.tif"", ""rededge3"": ""https://e84-earth-search-sentinel-data.s3.us-west-2.amazonaws.com/sentinel-2-c1-l2a/32/T/PP/2023/12/S2B_T32TPP_20231224T101542_L2A/B07.tif"", ""rededge1"": ""https://e84-earth-search-sentinel-data.s3.us-west-2.amazonaws.com/sentinel-2-c1-l2a/32/T/PP/2023/12/S2B_T32TPP_20231224T101542_L2A/B05.tif"", ""swir16"": ""https://e84-earth-search-sentinel-data.s3.us-west-2.amazonaws.com/sentinel-2-c1-l2a/32/T/PP/2023/12/S2B_T32TPP_20231224T101542_L2A/B11.tif"", ""wvp"": ""https://e84-earth-search-sentinel-data.s3.us-west-2.amazonaws.com/sentinel-2-c1-l2a/32/T/PP/2023/12/S2B_T32TPP_20231224T101542_L2A/WVP.tif"", ""nir08"": ""https://e84-earth-search-sentinel-data.s3.us-west-2.amazonaws.com/sentinel-2-c1-l2a/32/T/PP/2023/12/S2B_T32TPP_20231224T101542_L2A/B8A.tif"", ""scl"": ""https://e84-earth-search-sentinel-data.s3.us-west-2.amazonaws.com/sentinel-2-c1-l2a/32/T/PP/2023/12/S2B_T32TPP_20231224T101542_L2A/SCL.tif"", ""aot"": ""https://e84-earth-search-sentinel-data.s3.us-west-2.amazonaws.com/sentinel-2-c1-l2a/32/T/PP/2023/12/S2B_T32TPP_20231224T101542_L2A/AOT.tif"", ""coastal"": ""https://e84-earth-search-sentinel-data.s3.us-west-2.amazonaws.com/sentinel-2-c1-l2a/32/T/PP/2023/12/S2B_T32TPP_20231224T101542_L2A/B01.tif"", ""nir09"": ""https://e84-earth-search-sentinel-data.s3.us-west-2.amazonaws.com/sentinel-2-c1-l2a/32/T/PP/2023/12/S2B_T32TPP_20231224T101542_L2A/B09.tif"", ""cloud"": ""https://e84-earth-search-sentinel-data.s3.us-west-2.amazonaws.com/sentinel-2-c1-l2a/32/T/PP/2023/12/S2B_T32TPP_20231224T101542_L2A/CLD_20m.tif"", ""snow"": ""https://e84-earth-search-sentinel-data.s3.us-west-2.amazonaws.com/sentinel-2-c1-l2a/32/T/PP/2023/12/S2B_T32TPP_20231224T101542_L2A/SNW_20m.tif"", ""preview"": ""https://e84-earth-search-sentinel-data.s3.us-west-2.amazonaws.com/sentinel-2-c1-l2a/32/T/PP/2023/12/S2B_T32TPP_20231224T101542_L2A/L2A_PVI.tif"", ""granule_metadata"": ""https://e84-earth-search-sentinel-data.s3.us-west-2.amazonaws.com/sentinel-2-c1-l2a/32/T/PP/2023/12/S2B_T32TPP_20231224T101542_L2A/metadata.xml"", ""tileinfo_metadata"": ""https://e84-earth-search-sentinel-data.s3.us-west-2.amazonaws.com/sentinel-2-c1-l2a/32/T/PP/2023/12/S2B_T32TPP_20231224T101542_L2A/tileInfo.json"", ""product_metadata"": ""https://e84-earth-search-sentinel-data.s3.us-west-2.amazonaws.com/sentinel-2-c1-l2a/32/T/PP/2023/12/S2B_T32TPP_20231224T101542_L2A/product_metadata.xml"", ""thumbnail"": ""https://e84-earth-search-sentinel-data.s3.us-west-2.amazonaws.com/sentinel-2-c1-l2a/32/T/PP/2023/12/S2B_T32TPP_20231224T101542_L2A/L2A_PVI.jpg""}"
S2A_T32TPQ_20231229T101426_L2A,2023-12-29 10:18:25.569000+00:00,44.430378,,sentinel-2a,"{""red"": ""https://e84-earth-search-sentinel-data.s3.us-west-2.amazonaws.com/sentinel-2-c1-l2a/32/T/PQ/2023/12/S2A_T32TPQ_20231229T101426_L2A/B04.tif"", ""green"": ""https://e84-earth-search-sentinel-data.s3.us-west-2.amazonaws.com/sentinel-2-c1-l2a/32/T/PQ/2023/12/S2A_T32TPQ_20231229T101426_L2A/B03.tif"", ""blue"": ""https://e84-earth-search-sentinel-data.s3.us-west-2.amazonaws.com/sentinel-2-c1-l2a/32/T/PQ/2023/12/S2A_T32TPQ_20231229T101426_L2A/B02.tif"", ""visual"": ""https://e84-earth-search-sentinel-data.s3.us-west-2.amazonaws.com/sentinel-2-c1-l2a/32/T/PQ/2023/12/S2A_T32TPQ_20231229T101426_L2A/TCI.tif"", ""nir"": ""https://e84-earth-search-sentinel-data.s3.us-west-2.amazonaws.com/sentinel-2-c1-l2a/32/T/PQ/2023/12/S2A_T32TPQ_20231229T101426_L2A/B08.tif"", ""swir22"": ""https://e84-earth-search-sentinel-data.s3.us-west-2.amazonaws.com/sentinel-2-c1-l2a/32/T/PQ/2023/12/S2A_T32TPQ_20231229T101426_L2A/B12.tif"", ""rededge2"": ""https://e84-earth-search-sentinel-data.s3.us-west-2.amazonaws.com/sentinel-2-c1-l2a/32/T/PQ/2023/12/S2A_T32TPQ_20231229T101426_L2A/B06.tif"", ""rededge3"": ""https://e84-earth-search-sentinel-data.s3.us-west-2.amazonaws.com/sentinel-2-c1-l2a/32/T/PQ/2023/12/S2A_T32TPQ_20231229T101426_L2A/B07.tif"", ""rededge1"": ""https://e84-earth-search-sentinel-data.s3.us-west-2.amazonaws.com/sentinel-2-c1-l2a/32/T/PQ/2023/12/S2A_T32TPQ_20231229T101426_L2A/B05.tif"", ""swir16"": ""https://e84-earth-search-sentinel-data.s3.us-west-2.amazonaws.com/sentinel-2-c1-l2a/32/T/PQ/2023/12/S2A_T32TPQ_20231229T101426_L2A/B11.tif"", ""wvp"": ""https://e84-earth-search-sentinel-data.s3.us-west-2.amazonaws.com/sentinel-2-c1-l2a/32/T/PQ/2023/12/S2A_T32TPQ_20231229T101426_L2A/WVP.tif"", ""nir08"": ""https://e84-earth-search-sentinel-data.s3.us-west-2.amazonaws.com/sentinel-2-c1-l2a/32/T/PQ/2023/12/S2A_T32TPQ_20231229T101426_L2A/B8A.tif"", ""scl"": ""https://e84-earth-search-sentinel-data.s3.us-west-2.amazonaws.com/sentinel-2-c1-l2a/32/T/PQ/2023/12/S2A_T32TPQ_20231229T101426_L2A/SCL.tif"", ""aot"": ""https://e84-earth-search-sentinel-data.s3.us-west-2.amazonaws.com/sentinel-2-c1-l2a/32/T/PQ/2023/12/S2A_T32TPQ_20231229T101426_L2A/AOT.tif"", ""coastal"": ""https://e84-earth-search-sentinel-data.s3.us-west-2.amazonaws.com/sentinel-2-c1-l2a/32/T/PQ/2023/12/S2A_T32TPQ_20231229T101426_L2A/B01.tif"", ""nir09"": ""https://e84-earth-search-sentinel-data.s3.us-west-2.amazonaws.com/sentinel-2-c1-l2a/32/T/PQ/2023/12/S2A_T32TPQ_20231229T101426_L2A/B09.tif"", ""cloud"": ""https://e84-earth-search-sentinel-data.s3.us-west-2.amazonaws.com/sentinel-2-c1-l2a/32/T/PQ/2023/12/S2A_T32TPQ_20231229T101426_L2A/CLD_20m.tif"", ""snow"": ""https://e84-earth-search-sentinel-data.s3.us-west-2.amazonaws.com/sentinel-2-c1-l2a/32/T/PQ/2023/12/S2A_T32TPQ_20231229T101426_L2A/SNW_20m.tif"", ""preview"": ""https://e84-earth-search-sentinel-data.s3.us-west-2.amazonaws.com/sentinel-2-c1-l2a/32/T/PQ/2023/12/S2A_T32TPQ_20231229T101426_L2A/L2A_PVI.tif"", ""granule_metadata"": ""https://e84-earth-search-sentinel-data.s3.us-west-2.amazonaws.com/sentinel-2-c1-l2a/32/T/PQ/2023/12/S2A_T32TPQ_20231229T101426_L2A/metadata.xml"", ""tileinfo_metadata"": ""https://e84-earth-search-sentinel-data.s3.us-west-2.amazonaws.com/sentinel-2-c1-l2a/32/T/PQ/2023/12/S2A_T32TPQ_20231229T101426_L2A/tileInfo.json"", ""product_metadata"": ""https://e84-earth-search-sentinel-data.s3.us-west-2.amazonaws.com/sentinel-2-c1-l2a/32/T/PQ/2023/12/S2A_T32TPQ_20231229T101426_L2A/product_metadata.xml"", ""thumbnail"": ""https://e84-earth-search-sentinel-data.s3.us-west-2.amazonaws.com/sentinel-2-c1-l2a/32/T/PQ/2023/12/S2A_T32TPQ_20231229T101426_L2A/L2A_PVI.jpg""}"
