date,pilot_id,class4,metric,experiment,baseline_n,variant_n,baseline_median,variant_median,delta_median,delta_valid_fraction
2023-02-17,P001,VINEYARD,ndvi,STRICT_SCL_MASK,192,192,0.5515434741973877,0.5515434741973877,0.0,0.0
2023-02-17,P001,VINEYARD,gndvi,STRICT_SCL_MASK,192,192,0.5809245109558105,0.5809245109558105,0.0,0.0
2023-02-17,P001,VINEYARD,ndre,STRICT_SCL_MASK,192,192,0.33502766489982605,0.33502766489982605,0.0,0.0
2023-02-17,P001,VINEYARD,ndmi,STRICT_SCL_MASK,192,192,-0.0063206288032233715,-0.0063206288032233715,0.0,0.0
2023-02-17,P001,VINEYARD,ndre,NEAREST_20M_RESAMPLING,192,192,0.33502766489982605,0.33041080832481384,-0.004616856575012207,0.0
2023-02-17,P001,VINEYARD,ndmi,NEAREST_20M_RESAMPLING,192,192,-0.0063206288032233715,-0.0076421210542321205,-0.001321492251008749,0.0
2023-02-17,P002,VINEYARD,ndvi,STRICT_SCL_MASK,261,261,0.5695896148681641,0.5695896148681641,0.0,0.0
2023-02-17,P002,VINEYARD,gndvi,STRICT_SCL_MASK,261,261,0.593999445438385,0.593999445438385,0.0,0.0
2023-02-17,P002,VINEYARD,ndre,STRICT_SCL_MASK,261,261,0.34083062410354614,0.34083062410354614,0.0,0.0
2023-02-17,P002,VINEYARD,ndmi,STRICT_SCL_MASK,261,261,0.014951152727007866,0.014951152727007866,0.0,0.0
2023-02-17,P002,VINEYARD,ndre,NEAREST_20M_RESAMPLING,261,261,0.34083062410354614,0.3418673574924469,0.0010367333889007568,0.0
2023-02-17,P002,VINEYARD,ndmi,NEAREST_20M_RESAMPLING,261,261,0.014951152727007866,0.01249780599027872,-0.002453346736729145,0.0
2023-02-17,P003,VINEYARD,ndvi,STRICT_SCL_MASK,324,324,0.6024558544158936,0.6024558544158936,0.0,0.0
2023-02-17,P003,VINEYARD,gndvi,STRICT_SCL_MASK,324,324,0.601290225982666,0.601290225982666,0.0,0.0
2023-02-17,P003,VINEYARD,ndre,STRICT_SCL_MASK,324,324,0.3666462004184723,0.3666462004184723,0.0,0.0
2023-02-17,P003,VINEYARD,ndmi,STRICT_SCL_MASK,324,324,0.054740458726882935,0.054740458726882935,0.0,0.0
2023-02-17,P003,VINEYARD,ndre,NEAREST_20M_RESAMPLING,324,324,0.3666462004184723,0.3671776056289673,0.0005314052104949951,0.0
2023-02-17,P003,VINEYARD,ndmi,NEAREST_20M_RESAMPLING,324,324,0.054740458726882935,0.053422413766384125,-0.0013180449604988098,0.0
2023-02-17,P004,VINEYARD,ndvi,STRICT_SCL_MASK,226,226,0.45161551237106323,0.45161551237106323,0.0,0.0
2023-02-17,P004,VINEYARD,gndvi,STRICT_SCL_MASK,226,226,0.5062152147293091,0.5062152147293091,0.0,0.0
2023-02-17,P004,VINEYARD,ndre,STRICT_SCL_MASK,226,226,0.305411159992218,0.305411159992218,0.0,0.0
2023-02-17,P004,VINEYARD,ndmi,STRICT_SCL_MASK,226,226,0.018359780311584473,0.018359780311584473,0.0,0.0
2023-02-17,P004,VINEYARD,ndre,NEAREST_20M_RESAMPLING,226,226,0.305411159992218,0.3021661341190338,-0.003245025873184204,0.0
2023-02-17,P004,VINEYARD,ndmi,NEAREST_20M_RESAMPLING,226,226,0.018359780311584473,0.01897875964641571,0.0006189793348312378,0.0
2023-02-17,P005,VINEYARD,ndvi,STRICT_SCL_MASK,132,132,0.4634094834327698,0.4634094834327698,0.0,0.0
2023-02-17,P005,VINEYARD,gndvi,STRICT_SCL_MASK,132,132,0.49494048953056335,0.49494048953056335,0.0,0.0
2023-02-17,P005,VINEYARD,ndre,STRICT_SCL_MASK,132,132,0.27885282039642334,0.27885282039642334,0.0,0.0
2023-02-17,P005,VINEYARD,ndmi,STRICT_SCL_MASK,132,132,-0.04976761341094971,-0.04976761341094971,0.0,0.0
2023-02-17,P005,VINEYARD,ndre,NEAREST_20M_RESAMPLING,132,132,0.27885282039642334,0.27846115827560425,-0.0003916621208190918,0.0
2023-02-17,P005,VINEYARD,ndmi,NEAREST_20M_RESAMPLING,132,132,-0.04976761341094971,-0.050455182790756226,-0.0006875693798065186,0.0
2023-02-17,P006,VINEYARD,ndvi,STRICT_SCL_MASK,327,327,0.5365325808525085,0.5365325808525085,0.0,0.0
2023-02-17,P006,VINEYARD,gndvi,STRICT_SCL_MASK,327,327,0.5803433656692505,0.5803433656692505,0.0,0.0
2023-02-17,P006,VINEYARD,ndre,STRICT_SCL_MASK,327,327,0.3245060443878174,0.3245060443878174,0.0,0.0
2023-02-17,P006,VINEYARD,ndmi,STRICT_SCL_MASK,327,327,-0.04172854870557785,-0.04172854870557785,0.0,0.0
2023-02-17,P006,VINEYARD,ndre,NEAREST_20M_RESAMPLING,327,327,0.3245060443878174,0.3325558006763458,0.008049756288528442,0.0
2023-02-17,P006,VINEYARD,ndmi,NEAREST_20M_RESAMPLING,327,327,-0.04172854870557785,-0.04328199103474617,-0.0015534423291683197,0.0
2023-02-17,P007,VINEYARD,ndvi,STRICT_SCL_MASK,162,162,0.34997469186782837,0.34997469186782837,0.0,0.0
2023-02-17,P007,VINEYARD,gndvi,STRICT_SCL_MASK,162,162,0.43303027749061584,0.43303027749061584,0.0,0.0
2023-02-17,P007,VINEYARD,ndre,STRICT_SCL_MASK,162,162,0.22611811757087708,0.22611811757087708,0.0,0.0
2023-02-17,P007,VINEYARD,ndmi,STRICT_SCL_MASK,162,162,-0.11260096728801727,-0.11260096728801727,0.0,0.0
2023-02-17,P007,VINEYARD,ndre,NEAREST_20M_RESAMPLING,162,162,0.22611811757087708,0.22664567828178406,0.0005275607109069824,0.0
2023-02-17,P007,VINEYARD,ndmi,NEAREST_20M_RESAMPLING,162,162,-0.11260096728801727,-0.1138189435005188,-0.0012179762125015259,0.0
2023-02-17,P008,VINEYARD,ndvi,STRICT_SCL_MASK,312,312,0.6125280261039734,0.6125280261039734,0.0,0.0
2023-02-17,P008,VINEYARD,gndvi,STRICT_SCL_MASK,312,312,0.6250714659690857,0.6250714659690857,0.0,0.0
2023-02-17,P008,VINEYARD,ndre,STRICT_SCL_MASK,312,312,0.36958780884742737,0.36958780884742737,0.0,0.0
2023-02-17,P008,VINEYARD,ndmi,STRICT_SCL_MASK,312,312,0.08320119231939316,0.08320119231939316,0.0,0.0
2023-02-17,P008,VINEYARD,ndre,NEAREST_20M_RESAMPLING,312,312,0.36958780884742737,0.37061256170272827,0.0010247528553009033,0.0
2023-02-17,P008,VINEYARD,ndmi,NEAREST_20M_RESAMPLING,312,312,0.08320119231939316,0.08300305902957916,-0.00019813328981399536,0.0
2023-02-17,P009,VINEYARD,ndvi,STRICT_SCL_MASK,107,107,0.5583189725875854,0.5583189725875854,0.0,0.0
2023-02-17,P009,VINEYARD,gndvi,STRICT_SCL_MASK,107,107,0.5556668639183044,0.5556668639183044,0.0,0.0
2023-02-17,P009,VINEYARD,ndre,STRICT_SCL_MASK,107,107,0.3288355767726898,0.3288355767726898,0.0,0.0
2023-02-17,P009,VINEYARD,ndmi,STRICT_SCL_MASK,107,107,0.08309322595596313,0.08309322595596313,0.0,0.0
2023-02-17,P009,VINEYARD,ndre,NEAREST_20M_RESAMPLING,107,107,0.3288355767726898,0.3270135819911957,-0.0018219947814941406,0.0
2023-02-17,P009,VINEYARD,ndmi,NEAREST_20M_RESAMPLING,107,107,0.08309322595596313,0.08198415488004684,-0.0011090710759162903,0.0
2023-02-17,P010,VINEYARD,ndvi,STRICT_SCL_MASK,310,310,0.6577685475349426,0.6577685475349426,0.0,0.0
2023-02-17,P010,VINEYARD,gndvi,STRICT_SCL_MASK,310,310,0.6367035508155823,0.6367035508155823,0.0,0.0
2023-02-17,P010,VINEYARD,ndre,STRICT_SCL_MASK,310,310,0.42203080654144287,0.42203080654144287,0.0,0.0
2023-02-17,P010,VINEYARD,ndmi,STRICT_SCL_MASK,310,310,0.14756542444229126,0.14756542444229126,0.0,0.0
2023-02-17,P010,VINEYARD,ndre,NEAREST_20M_RESAMPLING,310,310,0.42203080654144287,0.4191967248916626,-0.0028340816497802734,0.0
2023-02-17,P010,VINEYARD,ndmi,NEAREST_20M_RESAMPLING,310,310,0.14756542444229126,0.1465321183204651,-0.0010333061218261719,0.0
2023-02-17,P011,VINEYARD,ndvi,STRICT_SCL_MASK,229,229,0.4936254620552063,0.4936254620552063,0.0,0.0
2023-02-17,P011,VINEYARD,gndvi,STRICT_SCL_MASK,229,229,0.5184538960456848,0.5184538960456848,0.0,0.0
2023-02-17,P011,VINEYARD,ndre,STRICT_SCL_MASK,229,229,0.2793779671192169,0.2793779671192169,0.0,0.0
2023-02-17,P011,VINEYARD,ndmi,STRICT_SCL_MASK,229,229,-0.01421357225626707,-0.01421357225626707,0.0,0.0
2023-02-17,P011,VINEYARD,ndre,NEAREST_20M_RESAMPLING,229,229,0.2793779671192169,0.2815435826778412,0.0021656155586242676,0.0
2023-02-17,P011,VINEYARD,ndmi,NEAREST_20M_RESAMPLING,229,229,-0.01421357225626707,-0.015174509026110172,-0.0009609367698431015,0.0
2023-02-17,P012,VINEYARD,ndvi,STRICT_SCL_MASK,165,165,0.599758505821228,0.599758505821228,0.0,0.0
2023-02-17,P012,VINEYARD,gndvi,STRICT_SCL_MASK,165,165,0.6045723557472229,0.6045723557472229,0.0,0.0
2023-02-17,P012,VINEYARD,ndre,STRICT_SCL_MASK,165,165,0.35742026567459106,0.35742026567459106,0.0,0.0
2023-02-17,P012,VINEYARD,ndmi,STRICT_SCL_MASK,165,165,0.04781428724527359,0.04781428724527359,0.0,0.0
2023-02-17,P012,VINEYARD,ndre,NEAREST_20M_RESAMPLING,165,165,0.35742026567459106,0.3578065037727356,0.00038623809814453125,0.0
2023-02-17,P012,VINEYARD,ndmi,NEAREST_20M_RESAMPLING,165,165,0.04781428724527359,0.048367973417043686,0.0005536861717700958,0.0
2023-02-17,P013,ORCHARD,ndvi,STRICT_SCL_MASK,113,113,0.4121171832084656,0.4121171832084656,0.0,0.0
2023-02-17,P013,ORCHARD,gndvi,STRICT_SCL_MASK,113,113,0.5105563402175903,0.5105563402175903,0.0,0.0
2023-02-17,P013,ORCHARD,ndre,STRICT_SCL_MASK,113,113,0.25872287154197693,0.25872287154197693,0.0,0.0
2023-02-17,P013,ORCHARD,ndmi,STRICT_SCL_MASK,113,113,-0.0705609917640686,-0.0705609917640686,0.0,0.0
2023-02-17,P013,ORCHARD,ndre,NEAREST_20M_RESAMPLING,113,113,0.25872287154197693,0.2640456259250641,0.005322754383087158,0.0
2023-02-17,P013,ORCHARD,ndmi,NEAREST_20M_RESAMPLING,113,113,-0.0705609917640686,-0.06673216819763184,0.0038288235664367676,0.0
2023-02-17,P014,ORCHARD,ndvi,STRICT_SCL_MASK,105,105,0.5269085764884949,0.5269085764884949,0.0,0.0
2023-02-17,P014,ORCHARD,gndvi,STRICT_SCL_MASK,105,105,0.5736081004142761,0.5736081004142761,0.0,0.0
2023-02-17,P014,ORCHARD,ndre,STRICT_SCL_MASK,105,105,0.3053510785102844,0.3053510785102844,0.0,0.0
2023-02-17,P014,ORCHARD,ndmi,STRICT_SCL_MASK,105,105,-0.019197821617126465,-0.019197821617126465,0.0,0.0
2023-02-17,P014,ORCHARD,ndre,NEAREST_20M_RESAMPLING,105,105,0.3053510785102844,0.29981544613838196,-0.005535632371902466,0.0
2023-02-17,P014,ORCHARD,ndmi,NEAREST_20M_RESAMPLING,105,105,-0.019197821617126465,-0.025877071544528008,-0.006679249927401543,0.0
2023-02-17,P015,ORCHARD,ndvi,STRICT_SCL_MASK,177,177,0.35648882389068604,0.35648882389068604,0.0,0.0
2023-02-17,P015,ORCHARD,gndvi,STRICT_SCL_MASK,177,177,0.4240889549255371,0.4240889549255371,0.0,0.0
2023-02-17,P015,ORCHARD,ndre,STRICT_SCL_MASK,177,177,0.21379058063030243,0.21379058063030243,0.0,0.0
2023-02-17,P015,ORCHARD,ndmi,STRICT_SCL_MASK,177,177,-0.07520841062068939,-0.07520841062068939,0.0,0.0
2023-02-17,P015,ORCHARD,ndre,NEAREST_20M_RESAMPLING,177,177,0.21379058063030243,0.21563290059566498,0.0018423199653625488,0.0
2023-02-17,P015,ORCHARD,ndmi,NEAREST_20M_RESAMPLING,177,177,-0.07520841062068939,-0.07572941482067108,-0.0005210041999816895,0.0
2023-02-17,P016,ORCHARD,ndvi,STRICT_SCL_MASK,134,134,0.35535722970962524,0.35535722970962524,0.0,0.0
2023-02-17,P016,ORCHARD,gndvi,STRICT_SCL_MASK,134,134,0.4477228820323944,0.4477228820323944,0.0,0.0
2023-02-17,P016,ORCHARD,ndre,STRICT_SCL_MASK,134,134,0.22089581191539764,0.22089581191539764,0.0,0.0
2023-02-17,P016,ORCHARD,ndmi,STRICT_SCL_MASK,134,134,-0.11603538691997528,-0.11603538691997528,0.0,0.0
2023-02-17,P016,ORCHARD,ndre,NEAREST_20M_RESAMPLING,134,134,0.22089581191539764,0.22067640721797943,-0.0002194046974182129,0.0
2023-02-17,P016,ORCHARD,ndmi,NEAREST_20M_RESAMPLING,134,134,-0.11603538691997528,-0.11422327905893326,0.0018121078610420227,0.0
2023-02-17,P017,ORCHARD,ndvi,STRICT_SCL_MASK,487,487,0.5548235774040222,0.5548235774040222,0.0,0.0
2023-02-17,P017,ORCHARD,gndvi,STRICT_SCL_MASK,487,487,0.5937647223472595,0.5937647223472595,0.0,0.0
2023-02-17,P017,ORCHARD,ndre,STRICT_SCL_MASK,487,487,0.329861044883728,0.329861044883728,0.0,0.0
2023-02-17,P017,ORCHARD,ndmi,STRICT_SCL_MASK,487,487,0.0011321817291900516,0.0011321817291900516,0.0,0.0
2023-02-17,P017,ORCHARD,ndre,NEAREST_20M_RESAMPLING,487,487,0.329861044883728,0.3299119174480438,5.08725643157959e-05,0.0
2023-02-17,P017,ORCHARD,ndmi,NEAREST_20M_RESAMPLING,487,487,0.0011321817291900516,0.0020442327950149775,0.0009120510658249259,0.0
2023-02-17,P018,ORCHARD,ndvi,STRICT_SCL_MASK,198,198,0.5101540088653564,0.5101540088653564,0.0,0.0
2023-02-17,P018,ORCHARD,gndvi,STRICT_SCL_MASK,198,198,0.5859283208847046,0.5859283208847046,0.0,0.0
2023-02-17,P018,ORCHARD,ndre,STRICT_SCL_MASK,198,198,0.3253418803215027,0.3253418803215027,0.0,0.0
2023-02-17,P018,ORCHARD,ndmi,STRICT_SCL_MASK,198,198,-0.05746404826641083,-0.05746404826641083,0.0,0.0
2023-02-17,P018,ORCHARD,ndre,NEAREST_20M_RESAMPLING,198,198,0.3253418803215027,0.337888240814209,0.012546360492706299,0.0
2023-02-17,P018,ORCHARD,ndmi,NEAREST_20M_RESAMPLING,198,198,-0.05746404826641083,-0.053464047610759735,0.0040000006556510925,0.0
2023-02-17,P019,ORCHARD,ndvi,STRICT_SCL_MASK,132,132,0.20470957458019257,0.20470957458019257,0.0,0.0
2023-02-17,P019,ORCHARD,gndvi,STRICT_SCL_MASK,132,132,0.3036169111728668,0.3036169111728668,0.0,0.0
2023-02-17,P019,ORCHARD,ndre,STRICT_SCL_MASK,132,132,0.14207489788532257,0.14207489788532257,0.0,0.0
2023-02-17,P019,ORCHARD,ndmi,STRICT_SCL_MASK,132,132,-0.1590675562620163,-0.1590675562620163,0.0,0.0
2023-02-17,P019,ORCHARD,ndre,NEAREST_20M_RESAMPLING,132,132,0.14207489788532257,0.14473198354244232,0.002657085657119751,0.0
2023-02-17,P019,ORCHARD,ndmi,NEAREST_20M_RESAMPLING,132,132,-0.1590675562620163,-0.16092759370803833,-0.0018600374460220337,0.0
2023-02-17,P020,ORCHARD,ndvi,STRICT_SCL_MASK,398,398,0.22394487261772156,0.22394487261772156,0.0,0.0
2023-02-17,P020,ORCHARD,gndvi,STRICT_SCL_MASK,398,398,0.30172836780548096,0.30172836780548096,0.0,0.0
2023-02-17,P020,ORCHARD,ndre,STRICT_SCL_MASK,398,398,0.13161301612854004,0.13161301612854004,0.0,0.0
2023-02-17,P020,ORCHARD,ndmi,STRICT_SCL_MASK,398,398,-0.12353533506393433,-0.12353533506393433,0.0,0.0
2023-02-17,P020,ORCHARD,ndre,NEAREST_20M_RESAMPLING,398,398,0.13161301612854004,0.1331857442855835,0.001572728157043457,0.0
2023-02-17,P020,ORCHARD,ndmi,NEAREST_20M_RESAMPLING,398,398,-0.12353533506393433,-0.1238844096660614,-0.0003490746021270752,0.0
2023-02-17,P021,ORCHARD,ndvi,STRICT_SCL_MASK,245,245,0.13622863590717316,0.13622863590717316,0.0,0.0
2023-02-17,P021,ORCHARD,gndvi,STRICT_SCL_MASK,245,245,0.2071124166250229,0.2071124166250229,0.0,0.0
2023-02-17,P021,ORCHARD,ndre,STRICT_SCL_MASK,245,245,0.07946943491697311,0.07946943491697311,0.0,0.0
2023-02-17,P021,ORCHARD,ndmi,STRICT_SCL_MASK,245,245,-0.12800373136997223,-0.12800373136997223,0.0,0.0
2023-02-17,P021,ORCHARD,ndre,NEAREST_20M_RESAMPLING,245,245,0.07946943491697311,0.07910530269145966,-0.00036413222551345825,0.0
2023-02-17,P021,ORCHARD,ndmi,NEAREST_20M_RESAMPLING,245,245,-0.12800373136997223,-0.12860454618930817,-0.0006008148193359375,0.0
2023-02-17,P022,ORCHARD,ndvi,STRICT_SCL_MASK,256,256,0.383007287979126,0.383007287979126,0.0,0.0
2023-02-17,P022,ORCHARD,gndvi,STRICT_SCL_MASK,256,256,0.46118876338005066,0.46118876338005066,0.0,0.0
2023-02-17,P022,ORCHARD,ndre,STRICT_SCL_MASK,256,256,0.2442263662815094,0.2442263662815094,0.0,0.0
2023-02-17,P022,ORCHARD,ndmi,STRICT_SCL_MASK,256,256,-0.08148625493049622,-0.08148625493049622,0.0,0.0
2023-02-17,P022,ORCHARD,ndre,NEAREST_20M_RESAMPLING,256,256,0.2442263662815094,0.24645698070526123,0.002230614423751831,0.0
2023-02-17,P022,ORCHARD,ndmi,NEAREST_20M_RESAMPLING,256,256,-0.08148625493049622,-0.08054021000862122,0.000946044921875,0.0
2023-02-17,P023,ORCHARD,ndvi,STRICT_SCL_MASK,148,148,0.659738302230835,0.659738302230835,0.0,0.0
2023-02-17,P023,ORCHARD,gndvi,STRICT_SCL_MASK,148,148,0.638335108757019,0.638335108757019,0.0,0.0
2023-02-17,P023,ORCHARD,ndre,STRICT_SCL_MASK,148,148,0.39074817299842834,0.39074817299842834,0.0,0.0
2023-02-17,P023,ORCHARD,ndmi,STRICT_SCL_MASK,148,148,0.1228683590888977,0.1228683590888977,0.0,0.0
2023-02-17,P023,ORCHARD,ndre,NEAREST_20M_RESAMPLING,148,148,0.39074817299842834,0.3932596743106842,0.0025115013122558594,0.0
2023-02-17,P023,ORCHARD,ndmi,NEAREST_20M_RESAMPLING,148,148,0.1228683590888977,0.12730582058429718,0.004437461495399475,0.0
2023-02-17,P024,ORCHARD,ndvi,STRICT_SCL_MASK,125,125,0.472605437040329,0.472605437040329,0.0,0.0
2023-02-17,P024,ORCHARD,gndvi,STRICT_SCL_MASK,125,125,0.505867063999176,0.505867063999176,0.0,0.0
2023-02-17,P024,ORCHARD,ndre,STRICT_SCL_MASK,125,125,0.2602101266384125,0.2602101266384125,0.0,0.0
2023-02-17,P024,ORCHARD,ndmi,STRICT_SCL_MASK,125,125,-0.07962654531002045,-0.07962654531002045,0.0,0.0
2023-02-17,P024,ORCHARD,ndre,NEAREST_20M_RESAMPLING,125,125,0.2602101266384125,0.2616996169090271,0.001489490270614624,0.0
2023-02-17,P024,ORCHARD,ndmi,NEAREST_20M_RESAMPLING,125,125,-0.07962654531002045,-0.07844673097133636,0.001179814338684082,0.0
2023-02-17,P025,OLIVE,ndvi,STRICT_SCL_MASK,191,191,0.7816686034202576,0.7816686034202576,0.0,0.0
2023-02-17,P025,OLIVE,gndvi,STRICT_SCL_MASK,191,191,0.745669960975647,0.745669960975647,0.0,0.0
2023-02-17,P025,OLIVE,ndre,STRICT_SCL_MASK,191,191,0.5528247356414795,0.5528247356414795,0.0,0.0
2023-02-17,P025,OLIVE,ndmi,STRICT_SCL_MASK,191,191,0.24840231239795685,0.24840231239795685,0.0,0.0
2023-02-17,P025,OLIVE,ndre,NEAREST_20M_RESAMPLING,191,191,0.5528247356414795,0.5553165078163147,0.002491772174835205,0.0
2023-02-17,P025,OLIVE,ndmi,NEAREST_20M_RESAMPLING,191,191,0.24840231239795685,0.24938619136810303,0.0009838789701461792,0.0
2023-02-17,P026,OLIVE,ndvi,STRICT_SCL_MASK,120,120,0.6092454195022583,0.6092454195022583,0.0,0.0
2023-02-17,P026,OLIVE,gndvi,STRICT_SCL_MASK,120,120,0.6079723834991455,0.6079723834991455,0.0,0.0
2023-02-17,P026,OLIVE,ndre,STRICT_SCL_MASK,120,120,0.3760605454444885,0.3760605454444885,0.0,0.0
2023-02-17,P026,OLIVE,ndmi,STRICT_SCL_MASK,120,120,0.11153097450733185,0.11153097450733185,0.0,0.0
2023-02-17,P026,OLIVE,ndre,NEAREST_20M_RESAMPLING,120,120,0.3760605454444885,0.3732530176639557,-0.002807527780532837,0.0
2023-02-17,P026,OLIVE,ndmi,NEAREST_20M_RESAMPLING,120,120,0.11153097450733185,0.11226078867912292,0.0007298141717910767,0.0
2023-02-17,P027,OLIVE,ndvi,STRICT_SCL_MASK,479,479,0.681198000907898,0.681198000907898,0.0,0.0
2023-02-17,P027,OLIVE,gndvi,STRICT_SCL_MASK,479,479,0.648679256439209,0.648679256439209,0.0,0.0
2023-02-17,P027,OLIVE,ndre,STRICT_SCL_MASK,479,479,0.4295797049999237,0.4295797049999237,0.0,0.0
2023-02-17,P027,OLIVE,ndmi,STRICT_SCL_MASK,479,479,0.16327017545700073,0.16327017545700073,0.0,0.0
2023-02-17,P027,OLIVE,ndre,NEAREST_20M_RESAMPLING,479,479,0.4295797049999237,0.42697790265083313,-0.002601802349090576,0.0
2023-02-17,P027,OLIVE,ndmi,NEAREST_20M_RESAMPLING,479,479,0.16327017545700073,0.16164351999759674,-0.0016266554594039917,0.0
2023-02-17,P028,OLIVE,ndvi,STRICT_SCL_MASK,435,435,0.6053841710090637,0.6053841710090637,0.0,0.0
2023-02-17,P028,OLIVE,gndvi,STRICT_SCL_MASK,435,435,0.6024048328399658,0.6024048328399658,0.0,0.0
2023-02-17,P028,OLIVE,ndre,STRICT_SCL_MASK,435,435,0.3495226800441742,0.3495226800441742,0.0,0.0
2023-02-17,P028,OLIVE,ndmi,STRICT_SCL_MASK,435,435,0.0648472011089325,0.0648472011089325,0.0,0.0
2023-02-17,P028,OLIVE,ndre,NEAREST_20M_RESAMPLING,435,435,0.3495226800441742,0.3452424705028534,-0.004280209541320801,0.0
2023-02-17,P028,OLIVE,ndmi,NEAREST_20M_RESAMPLING,435,435,0.0648472011089325,0.06079284846782684,-0.004054352641105652,0.0
2023-02-17,P029,OLIVE,ndvi,STRICT_SCL_MASK,121,121,0.7096574902534485,0.7096574902534485,0.0,0.0
2023-02-17,P029,OLIVE,gndvi,STRICT_SCL_MASK,121,121,0.7016488909721375,0.7016488909721375,0.0,0.0
2023-02-17,P029,OLIVE,ndre,STRICT_SCL_MASK,121,121,0.515990674495697,0.515990674495697,0.0,0.0
2023-02-17,P029,OLIVE,ndmi,STRICT_SCL_MASK,121,121,0.1741565614938736,0.1741565614938736,0.0,0.0
2023-02-17,P029,OLIVE,ndre,NEAREST_20M_RESAMPLING,121,121,0.515990674495697,0.524404764175415,0.008414089679718018,0.0
2023-02-17,P029,OLIVE,ndmi,NEAREST_20M_RESAMPLING,121,121,0.1741565614938736,0.17852644622325897,0.004369884729385376,0.0
2023-02-17,P030,OLIVE,ndvi,STRICT_SCL_MASK,86,86,0.6418536901473999,0.6418536901473999,0.0,0.0
2023-02-17,P030,OLIVE,gndvi,STRICT_SCL_MASK,86,86,0.6411967277526855,0.6411967277526855,0.0,0.0
2023-02-17,P030,OLIVE,ndre,STRICT_SCL_MASK,86,86,0.43647709488868713,0.43647709488868713,0.0,0.0
2023-02-17,P030,OLIVE,ndmi,STRICT_SCL_MASK,86,86,0.13007354736328125,0.13007354736328125,0.0,0.0
2023-02-17,P030,OLIVE,ndre,NEAREST_20M_RESAMPLING,86,86,0.43647709488868713,0.436026930809021,-0.0004501640796661377,0.0
2023-02-17,P030,OLIVE,ndmi,NEAREST_20M_RESAMPLING,86,86,0.13007354736328125,0.13108578324317932,0.0010122358798980713,0.0
2023-02-17,P031,OLIVE,ndvi,STRICT_SCL_MASK,87,87,0.4556264281272888,0.4556264281272888,0.0,0.0
2023-02-17,P031,OLIVE,gndvi,STRICT_SCL_MASK,87,87,0.5078393220901489,0.5078393220901489,0.0,0.0
2023-02-17,P031,OLIVE,ndre,STRICT_SCL_MASK,87,87,0.27201664447784424,0.27201664447784424,0.0,0.0
2023-02-17,P031,OLIVE,ndmi,STRICT_SCL_MASK,87,87,-0.07114309817552567,-0.07114309817552567,0.0,0.0
2023-02-17,P031,OLIVE,ndre,NEAREST_20M_RESAMPLING,87,87,0.27201664447784424,0.29264190793037415,0.020625263452529907,0.0
2023-02-17,P031,OLIVE,ndmi,NEAREST_20M_RESAMPLING,87,87,-0.07114309817552567,-0.05222019553184509,0.018922902643680573,0.0
2023-02-17,P032,OLIVE,ndvi,STRICT_SCL_MASK,186,186,0.6749350428581238,0.6749350428581238,0.0,0.0
2023-02-17,P032,OLIVE,gndvi,STRICT_SCL_MASK,186,186,0.6409393548965454,0.6409393548965454,0.0,0.0
2023-02-17,P032,OLIVE,ndre,STRICT_SCL_MASK,186,186,0.3832337260246277,0.3832337260246277,0.0,0.0
2023-02-17,P032,OLIVE,ndmi,STRICT_SCL_MASK,186,186,0.1630205661058426,0.1630205661058426,0.0,0.0
2023-02-17,P032,OLIVE,ndre,NEAREST_20M_RESAMPLING,186,186,0.3832337260246277,0.3827636241912842,-0.00047010183334350586,0.0
2023-02-17,P032,OLIVE,ndmi,NEAREST_20M_RESAMPLING,186,186,0.1630205661058426,0.1630845069885254,6.394088268280029e-05,0.0
2023-02-17,P033,OLIVE,ndvi,STRICT_SCL_MASK,184,184,0.7191765308380127,0.7191765308380127,0.0,0.0
2023-02-17,P033,OLIVE,gndvi,STRICT_SCL_MASK,184,184,0.6755259037017822,0.6755259037017822,0.0,0.0
2023-02-17,P033,OLIVE,ndre,STRICT_SCL_MASK,184,184,0.4557114243507385,0.4557114243507385,0.0,0.0
2023-02-17,P033,OLIVE,ndmi,STRICT_SCL_MASK,184,184,0.19173520803451538,0.19173520803451538,0.0,0.0
2023-02-17,P033,OLIVE,ndre,NEAREST_20M_RESAMPLING,184,184,0.4557114243507385,0.46076029539108276,0.005048871040344238,0.0
2023-02-17,P033,OLIVE,ndmi,NEAREST_20M_RESAMPLING,184,184,0.19173520803451538,0.19090230762958527,-0.0008329004049301147,0.0
2023-02-17,P034,OLIVE,ndvi,STRICT_SCL_MASK,184,184,0.8464463949203491,0.8464463949203491,0.0,0.0
2023-02-17,P034,OLIVE,gndvi,STRICT_SCL_MASK,184,184,0.7793747186660767,0.7793747186660767,0.0,0.0
2023-02-17,P034,OLIVE,ndre,STRICT_SCL_MASK,184,184,0.5848351120948792,0.5848351120948792,0.0,0.0
2023-02-17,P034,OLIVE,ndmi,STRICT_SCL_MASK,184,184,0.39117687940597534,0.39117687940597534,0.0,0.0
2023-02-17,P034,OLIVE,ndre,NEAREST_20M_RESAMPLING,184,184,0.5848351120948792,0.5881690979003906,0.0033339858055114746,0.0
2023-02-17,P034,OLIVE,ndmi,NEAREST_20M_RESAMPLING,184,184,0.39117687940597534,0.3868739902973175,-0.004302889108657837,0.0
2023-02-17,P035,OLIVE,ndvi,STRICT_SCL_MASK,331,331,0.6512436866760254,0.6512436866760254,0.0,0.0
2023-02-17,P035,OLIVE,gndvi,STRICT_SCL_MASK,331,331,0.6287685036659241,0.6287685036659241,0.0,0.0
2023-02-17,P035,OLIVE,ndre,STRICT_SCL_MASK,331,331,0.4327261447906494,0.4327261447906494,0.0,0.0
2023-02-17,P035,OLIVE,ndmi,STRICT_SCL_MASK,331,331,0.168427973985672,0.168427973985672,0.0,0.0
2023-02-17,P035,OLIVE,ndre,NEAREST_20M_RESAMPLING,331,331,0.4327261447906494,0.43375781178474426,0.0010316669940948486,0.0
2023-02-17,P035,OLIVE,ndmi,NEAREST_20M_RESAMPLING,331,331,0.168427973985672,0.17498108744621277,0.0065531134605407715,0.0
2023-02-17,P036,ANNUAL,ndvi,STRICT_SCL_MASK,198,198,0.134416401386261,0.134416401386261,0.0,0.0
2023-02-17,P036,ANNUAL,gndvi,STRICT_SCL_MASK,198,198,0.24049799144268036,0.24049799144268036,0.0,0.0
2023-02-17,P036,ANNUAL,ndre,STRICT_SCL_MASK,198,198,0.08008475601673126,0.08008475601673126,0.0,0.0
2023-02-17,P036,ANNUAL,ndmi,STRICT_SCL_MASK,198,198,-0.1662805676460266,-0.1662805676460266,0.0,0.0
2023-02-17,P036,ANNUAL,ndre,NEAREST_20M_RESAMPLING,198,198,0.08008475601673126,0.07916445285081863,-0.0009203031659126282,0.0
2023-02-17,P036,ANNUAL,ndmi,NEAREST_20M_RESAMPLING,198,198,-0.1662805676460266,-0.1630607545375824,0.003219813108444214,0.0
2023-02-17,P037,ANNUAL,ndvi,STRICT_SCL_MASK,179,179,0.07828428596258163,0.07828428596258163,0.0,0.0
2023-02-17,P037,ANNUAL,gndvi,STRICT_SCL_MASK,179,179,0.1487705558538437,0.1487705558538437,0.0,0.0
2023-02-17,P037,ANNUAL,ndre,STRICT_SCL_MASK,179,179,0.05129321292042732,0.05129321292042732,0.0,0.0
2023-02-17,P037,ANNUAL,ndmi,STRICT_SCL_MASK,179,179,-0.1656256914138794,-0.1656256914138794,0.0,0.0
2023-02-17,P037,ANNUAL,ndre,NEAREST_20M_RESAMPLING,179,179,0.05129321292042732,0.05270686373114586,0.0014136508107185364,0.0
2023-02-17,P037,ANNUAL,ndmi,NEAREST_20M_RESAMPLING,179,179,-0.1656256914138794,-0.16495978832244873,0.0006659030914306641,0.0
2023-02-17,P038,ANNUAL,ndvi,STRICT_SCL_MASK,166,166,0.33459925651550293,0.33459925651550293,0.0,0.0
2023-02-17,P038,ANNUAL,gndvi,STRICT_SCL_MASK,166,166,0.332821249961853,0.332821249961853,0.0,0.0
2023-02-17,P038,ANNUAL,ndre,STRICT_SCL_MASK,166,166,0.20212510228157043,0.20212510228157043,0.0,0.0
2023-02-17,P038,ANNUAL,ndmi,STRICT_SCL_MASK,166,166,0.009782175533473492,0.009782175533473492,0.0,0.0
2023-02-17,P038,ANNUAL,ndre,NEAREST_20M_RESAMPLING,166,166,0.20212510228157043,0.20171988010406494,-0.00040522217750549316,0.0
2023-02-17,P038,ANNUAL,ndmi,NEAREST_20M_RESAMPLING,166,166,0.009782175533473492,0.009067580103874207,-0.0007145954295992851,0.0
2023-02-17,P039,ANNUAL,ndvi,STRICT_SCL_MASK,369,369,0.1358923614025116,0.1358923614025116,0.0,0.0
2023-02-17,P039,ANNUAL,gndvi,STRICT_SCL_MASK,369,369,0.25689929723739624,0.25689929723739624,0.0,0.0
2023-02-17,P039,ANNUAL,ndre,STRICT_SCL_MASK,369,369,0.08440445363521576,0.08440445363521576,0.0,0.0
2023-02-17,P039,ANNUAL,ndmi,STRICT_SCL_MASK,369,369,-0.15177243947982788,-0.15177243947982788,0.0,0.0
2023-02-17,P039,ANNUAL,ndre,NEAREST_20M_RESAMPLING,369,369,0.08440445363521576,0.08260627835988998,-0.0017981752753257751,0.0
2023-02-17,P039,ANNUAL,ndmi,NEAREST_20M_RESAMPLING,369,369,-0.15177243947982788,-0.1526075154542923,-0.0008350759744644165,0.0
2023-02-17,P040,ANNUAL,ndvi,STRICT_SCL_MASK,153,153,0.22207163274288177,0.22207163274288177,0.0,0.0
2023-02-17,P040,ANNUAL,gndvi,STRICT_SCL_MASK,153,153,0.39678680896759033,0.39678680896759033,0.0,0.0
2023-02-17,P040,ANNUAL,ndre,STRICT_SCL_MASK,153,153,0.1523239016532898,0.1523239016532898,0.0,0.0
2023-02-17,P040,ANNUAL,ndmi,STRICT_SCL_MASK,153,153,-0.22595737874507904,-0.22595737874507904,0.0,0.0
2023-02-17,P040,ANNUAL,ndre,NEAREST_20M_RESAMPLING,153,153,0.1523239016532898,0.15438684821128845,0.0020629465579986572,0.0
2023-02-17,P040,ANNUAL,ndmi,NEAREST_20M_RESAMPLING,153,153,-0.22595737874507904,-0.22121763229370117,0.004739746451377869,0.0
2023-02-17,P041,ANNUAL,ndvi,STRICT_SCL_MASK,148,148,0.09920723736286163,0.09920723736286163,0.0,0.0
2023-02-17,P041,ANNUAL,gndvi,STRICT_SCL_MASK,148,148,0.18760254979133606,0.18760254979133606,0.0,0.0
2023-02-17,P041,ANNUAL,ndre,STRICT_SCL_MASK,148,148,0.060266170650720596,0.060266170650720596,0.0,0.0
2023-02-17,P041,ANNUAL,ndmi,STRICT_SCL_MASK,148,148,-0.1380702406167984,-0.1380702406167984,0.0,0.0
2023-02-17,P041,ANNUAL,ndre,NEAREST_20M_RESAMPLING,148,148,0.060266170650720596,0.05895920842885971,-0.0013069622218608856,0.0
2023-02-17,P041,ANNUAL,ndmi,NEAREST_20M_RESAMPLING,148,148,-0.1380702406167984,-0.1409682333469391,-0.002897992730140686,0.0
2023-02-17,P042,ANNUAL,ndvi,STRICT_SCL_MASK,244,244,0.10234086215496063,0.10234086215496063,0.0,0.0
2023-02-17,P042,ANNUAL,gndvi,STRICT_SCL_MASK,244,244,0.20403403043746948,0.20403403043746948,0.0,0.0
2023-02-17,P042,ANNUAL,ndre,STRICT_SCL_MASK,244,244,0.0586414635181427,0.0586414635181427,0.0,0.0
2023-02-17,P042,ANNUAL,ndmi,STRICT_SCL_MASK,244,244,-0.10986611247062683,-0.10986611247062683,0.0,0.0
2023-02-17,P042,ANNUAL,ndre,NEAREST_20M_RESAMPLING,244,244,0.0586414635181427,0.05916151404380798,0.0005200505256652832,0.0
2023-02-17,P042,ANNUAL,ndmi,NEAREST_20M_RESAMPLING,244,244,-0.10986611247062683,-0.11283823847770691,-0.002972126007080078,0.0
2023-02-17,P043,ANNUAL,ndvi,STRICT_SCL_MASK,352,352,0.5974021553993225,0.5974021553993225,0.0,0.0
2023-02-17,P043,ANNUAL,gndvi,STRICT_SCL_MASK,352,352,0.5306097269058228,0.5306097269058228,0.0,0.0
2023-02-17,P043,ANNUAL,ndre,STRICT_SCL_MASK,352,352,0.3486592173576355,0.3486592173576355,0.0,0.0
2023-02-17,P043,ANNUAL,ndmi,STRICT_SCL_MASK,352,352,0.16427114605903625,0.16427114605903625,0.0,0.0
2023-02-17,P043,ANNUAL,ndre,NEAREST_20M_RESAMPLING,352,352,0.3486592173576355,0.3489726781845093,0.0003134608268737793,0.0
2023-02-17,P043,ANNUAL,ndmi,NEAREST_20M_RESAMPLING,352,352,0.16427114605903625,0.16705027222633362,0.0027791261672973633,0.0
2023-02-17,P044,ANNUAL,ndvi,STRICT_SCL_MASK,164,164,0.07729699462652206,0.07729699462652206,0.0,0.0
2023-02-17,P044,ANNUAL,gndvi,STRICT_SCL_MASK,164,164,0.16768644750118256,0.16768644750118256,0.0,0.0
2023-02-17,P044,ANNUAL,ndre,STRICT_SCL_MASK,164,164,0.046055346727371216,0.046055346727371216,0.0,0.0
2023-02-17,P044,ANNUAL,ndmi,STRICT_SCL_MASK,164,164,-0.15240147709846497,-0.15240147709846497,0.0,0.0
2023-02-17,P044,ANNUAL,ndre,NEAREST_20M_RESAMPLING,164,164,0.046055346727371216,0.045933134853839874,-0.00012221187353134155,0.0
2023-02-17,P044,ANNUAL,ndmi,NEAREST_20M_RESAMPLING,164,164,-0.15240147709846497,-0.1523400843143463,6.139278411865234e-05,0.0
2023-02-17,P045,ANNUAL,ndvi,STRICT_SCL_MASK,252,252,0.2356463223695755,0.2356463223695755,0.0,0.0
2023-02-17,P045,ANNUAL,gndvi,STRICT_SCL_MASK,252,252,0.3242722153663635,0.3242722153663635,0.0,0.0
2023-02-17,P045,ANNUAL,ndre,STRICT_SCL_MASK,252,252,0.13434958457946777,0.13434958457946777,0.0,0.0
2023-02-17,P045,ANNUAL,ndmi,STRICT_SCL_MASK,252,252,-0.09913962334394455,-0.09913962334394455,0.0,0.0
2023-02-17,P045,ANNUAL,ndre,NEAREST_20M_RESAMPLING,252,252,0.13434958457946777,0.13463488221168518,0.0002852976322174072,0.0
2023-02-17,P045,ANNUAL,ndmi,NEAREST_20M_RESAMPLING,252,252,-0.09913962334394455,-0.09835229814052582,0.0007873252034187317,0.0
2023-02-17,P046,ANNUAL,ndvi,STRICT_SCL_MASK,160,160,0.3452300727367401,0.3452300727367401,0.0,0.0
2023-02-17,P046,ANNUAL,gndvi,STRICT_SCL_MASK,160,160,0.43806248903274536,0.43806248903274536,0.0,0.0
2023-02-17,P046,ANNUAL,ndre,STRICT_SCL_MASK,160,160,0.21942514181137085,0.21942514181137085,0.0,0.0
2023-02-17,P046,ANNUAL,ndmi,STRICT_SCL_MASK,160,160,-0.09702330082654953,-0.09702330082654953,0.0,0.0
2023-02-17,P046,ANNUAL,ndre,NEAREST_20M_RESAMPLING,160,160,0.21942514181137085,0.21957892179489136,0.0001537799835205078,0.0
2023-02-17,P046,ANNUAL,ndmi,NEAREST_20M_RESAMPLING,160,160,-0.09702330082654953,-0.09844499826431274,-0.0014216974377632141,0.0
2023-02-17,P047,ANNUAL,ndvi,STRICT_SCL_MASK,235,235,0.3471687138080597,0.3471687138080597,0.0,0.0
2023-02-17,P047,ANNUAL,gndvi,STRICT_SCL_MASK,235,235,0.36233648657798767,0.36233648657798767,0.0,0.0
2023-02-17,P047,ANNUAL,ndre,STRICT_SCL_MASK,235,235,0.21022793650627136,0.21022793650627136,0.0,0.0
2023-02-17,P047,ANNUAL,ndmi,STRICT_SCL_MASK,235,235,0.016872471198439598,0.016872471198439598,0.0,0.0
2023-02-17,P047,ANNUAL,ndre,NEAREST_20M_RESAMPLING,235,235,0.21022793650627136,0.20922231674194336,-0.001005619764328003,0.0
2023-02-17,P047,ANNUAL,ndmi,NEAREST_20M_RESAMPLING,235,235,0.016872471198439598,0.019883017987012863,0.003010546788573265,0.0
2023-05-23,P001,VINEYARD,ndvi,STRICT_SCL_MASK,192,192,0.789122462272644,0.789122462272644,0.0,0.0
2023-05-23,P001,VINEYARD,gndvi,STRICT_SCL_MASK,192,192,0.6523846387863159,0.6523846387863159,0.0,0.0
2023-05-23,P001,VINEYARD,ndre,STRICT_SCL_MASK,192,192,0.44910481572151184,0.44910481572151184,0.0,0.0
2023-05-23,P001,VINEYARD,ndmi,STRICT_SCL_MASK,192,192,0.28877389430999756,0.28877389430999756,0.0,0.0
2023-05-23,P001,VINEYARD,ndre,NEAREST_20M_RESAMPLING,192,192,0.44910481572151184,0.45093753933906555,0.001832723617553711,0.0
2023-05-23,P001,VINEYARD,ndmi,NEAREST_20M_RESAMPLING,192,192,0.28877389430999756,0.28865742683410645,-0.00011646747589111328,0.0
2023-05-23,P002,VINEYARD,ndvi,STRICT_SCL_MASK,261,261,0.6057463884353638,0.6057463884353638,0.0,0.0
2023-05-23,P002,VINEYARD,gndvi,STRICT_SCL_MASK,261,261,0.5786144733428955,0.5786144733428955,0.0,0.0
2023-05-23,P002,VINEYARD,ndre,STRICT_SCL_MASK,261,261,0.33528417348861694,0.33528417348861694,0.0,0.0
2023-05-23,P002,VINEYARD,ndmi,STRICT_SCL_MASK,261,261,0.07071419805288315,0.07071419805288315,0.0,0.0
2023-05-23,P002,VINEYARD,ndre,NEAREST_20M_RESAMPLING,261,261,0.33528417348861694,0.34192797541618347,0.006643801927566528,0.0
2023-05-23,P002,VINEYARD,ndmi,NEAREST_20M_RESAMPLING,261,261,0.07071419805288315,0.0724506676197052,0.001736469566822052,0.0
2023-05-23,P003,VINEYARD,ndvi,STRICT_SCL_MASK,324,324,0.7722074389457703,0.7722074389457703,0.0,0.0
2023-05-23,P003,VINEYARD,gndvi,STRICT_SCL_MASK,324,324,0.6643508672714233,0.6643508672714233,0.0,0.0
2023-05-23,P003,VINEYARD,ndre,STRICT_SCL_MASK,324,324,0.4659960865974426,0.4659960865974426,0.0,0.0
2023-05-23,P003,VINEYARD,ndmi,STRICT_SCL_MASK,324,324,0.208758145570755,0.208758145570755,0.0,0.0
2023-05-23,P003,VINEYARD,ndre,NEAREST_20M_RESAMPLING,324,324,0.4659960865974426,0.4672863483428955,0.0012902617454528809,0.0
2023-05-23,P003,VINEYARD,ndmi,NEAREST_20M_RESAMPLING,324,324,0.208758145570755,0.20986886322498322,0.0011107176542282104,0.0
2023-05-23,P004,VINEYARD,ndvi,STRICT_SCL_MASK,226,226,0.36712735891342163,0.36712735891342163,0.0,0.0
2023-05-23,P004,VINEYARD,gndvi,STRICT_SCL_MASK,226,226,0.3893083930015564,0.3893083930015564,0.0,0.0
2023-05-23,P004,VINEYARD,ndre,STRICT_SCL_MASK,226,226,0.21032819151878357,0.21032819151878357,0.0,0.0
2023-05-23,P004,VINEYARD,ndmi,STRICT_SCL_MASK,226,226,0.045910708606243134,0.045910708606243134,0.0,0.0
2023-05-23,P004,VINEYARD,ndre,NEAREST_20M_RESAMPLING,226,226,0.21032819151878357,0.20461347699165344,-0.005714714527130127,0.0
2023-05-23,P004,VINEYARD,ndmi,NEAREST_20M_RESAMPLING,226,226,0.045910708606243134,0.04290534928441048,-0.003005359321832657,0.0
2023-05-23,P005,VINEYARD,ndvi,STRICT_SCL_MASK,132,132,0.37364792823791504,0.37364792823791504,0.0,0.0
2023-05-23,P005,VINEYARD,gndvi,STRICT_SCL_MASK,132,132,0.39229732751846313,0.39229732751846313,0.0,0.0
2023-05-23,P005,VINEYARD,ndre,STRICT_SCL_MASK,132,132,0.21681740880012512,0.21681740880012512,0.0,0.0
2023-05-23,P005,VINEYARD,ndmi,STRICT_SCL_MASK,132,132,0.03310380131006241,0.03310380131006241,0.0,0.0
2023-05-23,P005,VINEYARD,ndre,NEAREST_20M_RESAMPLING,132,132,0.21681740880012512,0.21664956212043762,-0.0001678466796875,0.0
2023-05-23,P005,VINEYARD,ndmi,NEAREST_20M_RESAMPLING,132,132,0.03310380131006241,0.033235806971788406,0.00013200566172599792,0.0
2023-05-23,P006,VINEYARD,ndvi,STRICT_SCL_MASK,327,327,0.7774659395217896,0.7774659395217896,0.0,0.0
2023-05-23,P006,VINEYARD,gndvi,STRICT_SCL_MASK,327,327,0.6815993189811707,0.6815993189811707,0.0,0.0
2023-05-23,P006,VINEYARD,ndre,STRICT_SCL_MASK,327,327,0.5146987438201904,0.5146987438201904,0.0,0.0
2023-05-23,P006,VINEYARD,ndmi,STRICT_SCL_MASK,327,327,0.20834635198116302,0.20834635198116302,0.0,0.0
2023-05-23,P006,VINEYARD,ndre,NEAREST_20M_RESAMPLING,327,327,0.5146987438201904,0.5330294370651245,0.018330693244934082,0.0
2023-05-23,P006,VINEYARD,ndmi,NEAREST_20M_RESAMPLING,327,327,0.20834635198116302,0.2252831608057022,0.016936808824539185,0.0
2023-05-23,P007,VINEYARD,ndvi,STRICT_SCL_MASK,162,162,0.6320996284484863,0.6320996284484863,0.0,0.0
2023-05-23,P007,VINEYARD,gndvi,STRICT_SCL_MASK,162,162,0.5589938163757324,0.5589938163757324,0.0,0.0
2023-05-23,P007,VINEYARD,ndre,STRICT_SCL_MASK,162,162,0.3769538998603821,0.3769538998603821,0.0,0.0
2023-05-23,P007,VINEYARD,ndmi,STRICT_SCL_MASK,162,162,0.15537814795970917,0.15537814795970917,0.0,0.0
2023-05-23,P007,VINEYARD,ndre,NEAREST_20M_RESAMPLING,162,162,0.3769538998603821,0.3762510418891907,-0.0007028579711914062,0.0
2023-05-23,P007,VINEYARD,ndmi,NEAREST_20M_RESAMPLING,162,162,0.15537814795970917,0.15745514631271362,0.0020769983530044556,0.0
2023-05-23,P008,VINEYARD,ndvi,STRICT_SCL_MASK,312,312,0.3726087808609009,0.3726087808609009,0.0,0.0
2023-05-23,P008,VINEYARD,gndvi,STRICT_SCL_MASK,312,312,0.4256935119628906,0.4256935119628906,0.0,0.0
2023-05-23,P008,VINEYARD,ndre,STRICT_SCL_MASK,312,312,0.20112831890583038,0.20112831890583038,0.0,0.0
2023-05-23,P008,VINEYARD,ndmi,STRICT_SCL_MASK,312,312,-0.0937638133764267,-0.0937638133764267,0.0,0.0
2023-05-23,P008,VINEYARD,ndre,NEAREST_20M_RESAMPLING,312,312,0.20112831890583038,0.20224535465240479,0.0011170357465744019,0.0
2023-05-23,P008,VINEYARD,ndmi,NEAREST_20M_RESAMPLING,312,312,-0.0937638133764267,-0.09662716090679169,-0.0028633475303649902,0.0
2023-05-23,P009,VINEYARD,ndvi,STRICT_SCL_MASK,107,107,0.24762901663780212,0.24762901663780212,0.0,0.0
2023-05-23,P009,VINEYARD,gndvi,STRICT_SCL_MASK,107,107,0.3057920038700104,0.3057920038700104,0.0,0.0
2023-05-23,P009,VINEYARD,ndre,STRICT_SCL_MASK,107,107,0.13942866027355194,0.13942866027355194,0.0,0.0
2023-05-23,P009,VINEYARD,ndmi,STRICT_SCL_MASK,107,107,-0.09547120332717896,-0.09547120332717896,0.0,0.0
2023-05-23,P009,VINEYARD,ndre,NEAREST_20M_RESAMPLING,107,107,0.13942866027355194,0.13842451572418213,-0.001004144549369812,0.0
2023-05-23,P009,VINEYARD,ndmi,NEAREST_20M_RESAMPLING,107,107,-0.09547120332717896,-0.09792647510766983,-0.0024552717804908752,0.0
2023-05-23,P010,VINEYARD,ndvi,STRICT_SCL_MASK,310,310,0.5764382481575012,0.5764382481575012,0.0,0.0
2023-05-23,P010,VINEYARD,gndvi,STRICT_SCL_MASK,310,310,0.5515855550765991,0.5515855550765991,0.0,0.0
2023-05-23,P010,VINEYARD,ndre,STRICT_SCL_MASK,310,310,0.36391782760620117,0.36391782760620117,0.0,0.0
2023-05-23,P010,VINEYARD,ndmi,STRICT_SCL_MASK,310,310,0.09028854966163635,0.09028854966163635,0.0,0.0
2023-05-23,P010,VINEYARD,ndre,NEAREST_20M_RESAMPLING,310,310,0.36391782760620117,0.3581054210662842,-0.005812406539916992,0.0
2023-05-23,P010,VINEYARD,ndmi,NEAREST_20M_RESAMPLING,310,310,0.09028854966163635,0.08817465603351593,-0.0021138936281204224,0.0
2023-05-23,P011,VINEYARD,ndvi,STRICT_SCL_MASK,229,229,0.5036256909370422,0.5036256909370422,0.0,0.0
2023-05-23,P011,VINEYARD,gndvi,STRICT_SCL_MASK,229,229,0.44530007243156433,0.44530007243156433,0.0,0.0
2023-05-23,P011,VINEYARD,ndre,STRICT_SCL_MASK,229,229,0.2883583605289459,0.2883583605289459,0.0,0.0
2023-05-23,P011,VINEYARD,ndmi,STRICT_SCL_MASK,229,229,0.06398049741983414,0.06398049741983414,0.0,0.0
2023-05-23,P011,VINEYARD,ndre,NEAREST_20M_RESAMPLING,229,229,0.2883583605289459,0.28391900658607483,-0.004439353942871094,0.0
2023-05-23,P011,VINEYARD,ndmi,NEAREST_20M_RESAMPLING,229,229,0.06398049741983414,0.06579651683568954,0.0018160194158554077,0.0
2023-05-23,P012,VINEYARD,ndvi,STRICT_SCL_MASK,165,165,0.4585619866847992,0.4585619866847992,0.0,0.0
2023-05-23,P012,VINEYARD,gndvi,STRICT_SCL_MASK,165,165,0.45718273520469666,0.45718273520469666,0.0,0.0
2023-05-23,P012,VINEYARD,ndre,STRICT_SCL_MASK,165,165,0.2602350413799286,0.2602350413799286,0.0,0.0
2023-05-23,P012,VINEYARD,ndmi,STRICT_SCL_MASK,165,165,-0.01190441008657217,-0.01190441008657217,0.0,0.0
2023-05-23,P012,VINEYARD,ndre,NEAREST_20M_RESAMPLING,165,165,0.2602350413799286,0.2594984769821167,-0.0007365643978118896,0.0
2023-05-23,P012,VINEYARD,ndmi,NEAREST_20M_RESAMPLING,165,165,-0.01190441008657217,-0.011641711927950382,0.000262698158621788,0.0
2023-05-23,P013,ORCHARD,ndvi,STRICT_SCL_MASK,113,113,0.579389214515686,0.579389214515686,0.0,0.0
2023-05-23,P013,ORCHARD,gndvi,STRICT_SCL_MASK,113,113,0.5788891911506653,0.5788891911506653,0.0,0.0
2023-05-23,P013,ORCHARD,ndre,STRICT_SCL_MASK,113,113,0.3557386100292206,0.3557386100292206,0.0,0.0
2023-05-23,P013,ORCHARD,ndmi,STRICT_SCL_MASK,113,113,0.07003515958786011,0.07003515958786011,0.0,0.0
2023-05-23,P013,ORCHARD,ndre,NEAREST_20M_RESAMPLING,113,113,0.3557386100292206,0.3534238934516907,-0.0023147165775299072,0.0
2023-05-23,P013,ORCHARD,ndmi,NEAREST_20M_RESAMPLING,113,113,0.07003515958786011,0.06960496306419373,-0.00043019652366638184,0.0
2023-05-23,P014,ORCHARD,ndvi,STRICT_SCL_MASK,105,105,0.8082983493804932,0.8082983493804932,0.0,0.0
2023-05-23,P014,ORCHARD,gndvi,STRICT_SCL_MASK,105,105,0.7026278972625732,0.7026278972625732,0.0,0.0
2023-05-23,P014,ORCHARD,ndre,STRICT_SCL_MASK,105,105,0.48883676528930664,0.48883676528930664,0.0,0.0
2023-05-23,P014,ORCHARD,ndmi,STRICT_SCL_MASK,105,105,0.2768210172653198,0.2768210172653198,0.0,0.0
2023-05-23,P014,ORCHARD,ndre,NEAREST_20M_RESAMPLING,105,105,0.48883676528930664,0.4973719120025635,0.008535146713256836,0.0
2023-05-23,P014,ORCHARD,ndmi,NEAREST_20M_RESAMPLING,105,105,0.2768210172653198,0.28237029910087585,0.00554928183555603,0.0
2023-05-23,P015,ORCHARD,ndvi,STRICT_SCL_MASK,177,177,0.6731034517288208,0.6731034517288208,0.0,0.0
2023-05-23,P015,ORCHARD,gndvi,STRICT_SCL_MASK,177,177,0.6027008295059204,0.6027008295059204,0.0,0.0
2023-05-23,P015,ORCHARD,ndre,STRICT_SCL_MASK,177,177,0.42825356125831604,0.42825356125831604,0.0,0.0
2023-05-23,P015,ORCHARD,ndmi,STRICT_SCL_MASK,177,177,0.2367338091135025,0.2367338091135025,0.0,0.0
2023-05-23,P015,ORCHARD,ndre,NEAREST_20M_RESAMPLING,177,177,0.42825356125831604,0.43435898423194885,0.0061054229736328125,0.0
2023-05-23,P015,ORCHARD,ndmi,NEAREST_20M_RESAMPLING,177,177,0.2367338091135025,0.23856113851070404,0.001827329397201538,0.0
2023-05-23,P016,ORCHARD,ndvi,STRICT_SCL_MASK,134,134,0.8154688477516174,0.8154688477516174,0.0,0.0
2023-05-23,P016,ORCHARD,gndvi,STRICT_SCL_MASK,134,134,0.7270717024803162,0.7270717024803162,0.0,0.0
2023-05-23,P016,ORCHARD,ndre,STRICT_SCL_MASK,134,134,0.5355328321456909,0.5355328321456909,0.0,0.0
2023-05-23,P016,ORCHARD,ndmi,STRICT_SCL_MASK,134,134,0.2872106432914734,0.2872106432914734,0.0,0.0
2023-05-23,P016,ORCHARD,ndre,NEAREST_20M_RESAMPLING,134,134,0.5355328321456909,0.5396065711975098,0.004073739051818848,0.0
2023-05-23,P016,ORCHARD,ndmi,NEAREST_20M_RESAMPLING,134,134,0.2872106432914734,0.2922802269458771,0.0050695836544036865,0.0
2023-05-23,P017,ORCHARD,ndvi,STRICT_SCL_MASK,487,487,0.25874707102775574,0.25874707102775574,0.0,0.0
2023-05-23,P017,ORCHARD,gndvi,STRICT_SCL_MASK,487,487,0.30777227878570557,0.30777227878570557,0.0,0.0
2023-05-23,P017,ORCHARD,ndre,STRICT_SCL_MASK,487,487,0.14970022439956665,0.14970022439956665,0.0,0.0
2023-05-23,P017,ORCHARD,ndmi,STRICT_SCL_MASK,487,487,0.03788374364376068,0.03788374364376068,0.0,0.0
2023-05-23,P017,ORCHARD,ndre,NEAREST_20M_RESAMPLING,487,487,0.14970022439956665,0.14940506219863892,-0.0002951622009277344,0.0
2023-05-23,P017,ORCHARD,ndmi,NEAREST_20M_RESAMPLING,487,487,0.03788374364376068,0.03785151615738869,-3.222748637199402e-05,0.0
2023-05-23,P018,ORCHARD,ndvi,STRICT_SCL_MASK,198,198,0.904761552810669,0.904761552810669,0.0,0.0
2023-05-23,P018,ORCHARD,gndvi,STRICT_SCL_MASK,198,198,0.8139017224311829,0.8139017224311829,0.0,0.0
2023-05-23,P018,ORCHARD,ndre,STRICT_SCL_MASK,198,198,0.6246613264083862,0.6246613264083862,0.0,0.0
2023-05-23,P018,ORCHARD,ndmi,STRICT_SCL_MASK,198,198,0.3813663125038147,0.3813663125038147,0.0,0.0
2023-05-23,P018,ORCHARD,ndre,NEAREST_20M_RESAMPLING,198,198,0.6246613264083862,0.6275786757469177,0.002917349338531494,0.0
2023-05-23,P018,ORCHARD,ndmi,NEAREST_20M_RESAMPLING,198,198,0.3813663125038147,0.38127803802490234,-8.827447891235352e-05,0.0
2023-05-23,P019,ORCHARD,ndvi,STRICT_SCL_MASK,132,132,0.6037133932113647,0.6037133932113647,0.0,0.0
2023-05-23,P019,ORCHARD,gndvi,STRICT_SCL_MASK,132,132,0.5762988328933716,0.5762988328933716,0.0,0.0
2023-05-23,P019,ORCHARD,ndre,STRICT_SCL_MASK,132,132,0.401094913482666,0.401094913482666,0.0,0.0
2023-05-23,P019,ORCHARD,ndmi,STRICT_SCL_MASK,132,132,0.13569416105747223,0.13569416105747223,0.0,0.0
2023-05-23,P019,ORCHARD,ndre,NEAREST_20M_RESAMPLING,132,132,0.401094913482666,0.41880324482917786,0.01770833134651184,0.0
2023-05-23,P019,ORCHARD,ndmi,NEAREST_20M_RESAMPLING,132,132,0.13569416105747223,0.12755514681339264,-0.00813901424407959,0.0
2023-05-23,P020,ORCHARD,ndvi,STRICT_SCL_MASK,398,398,0.34089428186416626,0.34089428186416626,0.0,0.0
2023-05-23,P020,ORCHARD,gndvi,STRICT_SCL_MASK,398,398,0.35690543055534363,0.35690543055534363,0.0,0.0
2023-05-23,P020,ORCHARD,ndre,STRICT_SCL_MASK,398,398,0.17356522381305695,0.17356522381305695,0.0,0.0
2023-05-23,P020,ORCHARD,ndmi,STRICT_SCL_MASK,398,398,-0.012028949335217476,-0.012028949335217476,0.0,0.0
2023-05-23,P020,ORCHARD,ndre,NEAREST_20M_RESAMPLING,398,398,0.17356522381305695,0.17260819673538208,-0.0009570270776748657,0.0
2023-05-23,P020,ORCHARD,ndmi,NEAREST_20M_RESAMPLING,398,398,-0.012028949335217476,-0.011776642873883247,0.0002523064613342285,0.0
2023-05-23,P021,ORCHARD,ndvi,STRICT_SCL_MASK,245,245,0.14723165333271027,0.14723165333271027,0.0,0.0
2023-05-23,P021,ORCHARD,gndvi,STRICT_SCL_MASK,245,245,0.19977372884750366,0.19977372884750366,0.0,0.0
2023-05-23,P021,ORCHARD,ndre,STRICT_SCL_MASK,245,245,0.05852010101079941,0.05852010101079941,0.0,0.0
2023-05-23,P021,ORCHARD,ndmi,STRICT_SCL_MASK,245,245,-0.06924468278884888,-0.06924468278884888,0.0,0.0
2023-05-23,P021,ORCHARD,ndre,NEAREST_20M_RESAMPLING,245,245,0.05852010101079941,0.05652279034256935,-0.0019973106682300568,0.0
2023-05-23,P021,ORCHARD,ndmi,NEAREST_20M_RESAMPLING,245,245,-0.06924468278884888,-0.0693255364894867,-8.085370063781738e-05,0.0
2023-05-23,P022,ORCHARD,ndvi,STRICT_SCL_MASK,256,256,0.8615949153900146,0.8615949153900146,0.0,0.0
2023-05-23,P022,ORCHARD,gndvi,STRICT_SCL_MASK,256,256,0.7427366971969604,0.7427366971969604,0.0,0.0
2023-05-23,P022,ORCHARD,ndre,STRICT_SCL_MASK,256,256,0.594650149345398,0.594650149345398,0.0,0.0
2023-05-23,P022,ORCHARD,ndmi,STRICT_SCL_MASK,256,256,0.37645864486694336,0.37645864486694336,0.0,0.0
2023-05-23,P022,ORCHARD,ndre,NEAREST_20M_RESAMPLING,256,256,0.594650149345398,0.5960353016853333,0.0013851523399353027,0.0
2023-05-23,P022,ORCHARD,ndmi,NEAREST_20M_RESAMPLING,256,256,0.37645864486694336,0.377029687166214,0.0005710422992706299,0.0
2023-05-23,P023,ORCHARD,ndvi,STRICT_SCL_MASK,148,148,0.7035101056098938,0.7035101056098938,0.0,0.0
2023-05-23,P023,ORCHARD,gndvi,STRICT_SCL_MASK,148,148,0.6213164329528809,0.6213164329528809,0.0,0.0
2023-05-23,P023,ORCHARD,ndre,STRICT_SCL_MASK,148,148,0.43836745619773865,0.43836745619773865,0.0,0.0
2023-05-23,P023,ORCHARD,ndmi,STRICT_SCL_MASK,148,148,0.2008555382490158,0.2008555382490158,0.0,0.0
2023-05-23,P023,ORCHARD,ndre,NEAREST_20M_RESAMPLING,148,148,0.43836745619773865,0.4466073215007782,0.00823986530303955,0.0
2023-05-23,P023,ORCHARD,ndmi,NEAREST_20M_RESAMPLING,148,148,0.2008555382490158,0.21071551740169525,0.009859979152679443,0.0
2023-05-23,P024,ORCHARD,ndvi,STRICT_SCL_MASK,125,125,0.513651430606842,0.513651430606842,0.0,0.0
2023-05-23,P024,ORCHARD,gndvi,STRICT_SCL_MASK,125,125,0.4826360046863556,0.4826360046863556,0.0,0.0
2023-05-23,P024,ORCHARD,ndre,STRICT_SCL_MASK,125,125,0.3134613335132599,0.3134613335132599,0.0,0.0
2023-05-23,P024,ORCHARD,ndmi,STRICT_SCL_MASK,125,125,0.13923081755638123,0.13923081755638123,0.0,0.0
2023-05-23,P024,ORCHARD,ndre,NEAREST_20M_RESAMPLING,125,125,0.3134613335132599,0.3131665587425232,-0.00029477477073669434,0.0
2023-05-23,P024,ORCHARD,ndmi,NEAREST_20M_RESAMPLING,125,125,0.13923081755638123,0.13840869069099426,-0.0008221268653869629,0.0
2023-05-23,P025,OLIVE,ndvi,STRICT_SCL_MASK,191,191,0.7502553462982178,0.7502553462982178,0.0,0.0
2023-05-23,P025,OLIVE,gndvi,STRICT_SCL_MASK,191,191,0.6816163659095764,0.6816163659095764,0.0,0.0
2023-05-23,P025,OLIVE,ndre,STRICT_SCL_MASK,191,191,0.48955991864204407,0.48955991864204407,0.0,0.0
2023-05-23,P025,OLIVE,ndmi,STRICT_SCL_MASK,191,191,0.21985116600990295,0.21985116600990295,0.0,0.0
2023-05-23,P025,OLIVE,ndre,NEAREST_20M_RESAMPLING,191,191,0.48955991864204407,0.4919048845767975,0.002344965934753418,0.0
2023-05-23,P025,OLIVE,ndmi,NEAREST_20M_RESAMPLING,191,191,0.21985116600990295,0.2187173217535019,-0.001133844256401062,0.0
2023-05-23,P026,OLIVE,ndvi,STRICT_SCL_MASK,120,120,0.5654250383377075,0.5654250383377075,0.0,0.0
2023-05-23,P026,OLIVE,gndvi,STRICT_SCL_MASK,120,120,0.5365493297576904,0.5365493297576904,0.0,0.0
2023-05-23,P026,OLIVE,ndre,STRICT_SCL_MASK,120,120,0.3375284969806671,0.3375284969806671,0.0,0.0
2023-05-23,P026,OLIVE,ndmi,STRICT_SCL_MASK,120,120,0.07084093987941742,0.07084093987941742,0.0,0.0
2023-05-23,P026,OLIVE,ndre,NEAREST_20M_RESAMPLING,120,120,0.3375284969806671,0.34309977293014526,0.005571275949478149,0.0
2023-05-23,P026,OLIVE,ndmi,NEAREST_20M_RESAMPLING,120,120,0.07084093987941742,0.07604992389678955,0.005208984017372131,0.0
2023-05-23,P027,OLIVE,ndvi,STRICT_SCL_MASK,479,479,0.7851734757423401,0.7851734757423401,0.0,0.0
2023-05-23,P027,OLIVE,gndvi,STRICT_SCL_MASK,479,479,0.6828396916389465,0.6828396916389465,0.0,0.0
2023-05-23,P027,OLIVE,ndre,STRICT_SCL_MASK,479,479,0.4879315495491028,0.4879315495491028,0.0,0.0
2023-05-23,P027,OLIVE,ndmi,STRICT_SCL_MASK,479,479,0.2639666497707367,0.2639666497707367,0.0,0.0
2023-05-23,P027,OLIVE,ndre,NEAREST_20M_RESAMPLING,479,479,0.4879315495491028,0.4879085123538971,-2.3037195205688477e-05,0.0
2023-05-23,P027,OLIVE,ndmi,NEAREST_20M_RESAMPLING,479,479,0.2639666497707367,0.2641369700431824,0.0001703202724456787,0.0
2023-05-23,P028,OLIVE,ndvi,STRICT_SCL_MASK,435,435,0.7006367444992065,0.7006367444992065,0.0,0.0
2023-05-23,P028,OLIVE,gndvi,STRICT_SCL_MASK,435,435,0.6348418593406677,0.6348418593406677,0.0,0.0
2023-05-23,P028,OLIVE,ndre,STRICT_SCL_MASK,435,435,0.41711363196372986,0.41711363196372986,0.0,0.0
2023-05-23,P028,OLIVE,ndmi,STRICT_SCL_MASK,435,435,0.23620586097240448,0.23620586097240448,0.0,0.0
2023-05-23,P028,OLIVE,ndre,NEAREST_20M_RESAMPLING,435,435,0.41711363196372986,0.41412678360939026,-0.0029868483543395996,0.0
2023-05-23,P028,OLIVE,ndmi,NEAREST_20M_RESAMPLING,435,435,0.23620586097240448,0.23540517687797546,-0.0008006840944290161,0.0
2023-05-23,P029,OLIVE,ndvi,STRICT_SCL_MASK,121,121,0.8187610507011414,0.8187610507011414,0.0,0.0
2023-05-23,P029,OLIVE,gndvi,STRICT_SCL_MASK,121,121,0.7332692742347717,0.7332692742347717,0.0,0.0
2023-05-23,P029,OLIVE,ndre,STRICT_SCL_MASK,121,121,0.5775983333587646,0.5775983333587646,0.0,0.0
2023-05-23,P029,OLIVE,ndmi,STRICT_SCL_MASK,121,121,0.31766170263290405,0.31766170263290405,0.0,0.0
2023-05-23,P029,OLIVE,ndre,NEAREST_20M_RESAMPLING,121,121,0.5775983333587646,0.5802862644195557,0.0026879310607910156,0.0
2023-05-23,P029,OLIVE,ndmi,NEAREST_20M_RESAMPLING,121,121,0.31766170263290405,0.32065361738204956,0.002991914749145508,0.0
2023-05-23,P030,OLIVE,ndvi,STRICT_SCL_MASK,86,86,0.8007868528366089,0.8007868528366089,0.0,0.0
2023-05-23,P030,OLIVE,gndvi,STRICT_SCL_MASK,86,86,0.7068567276000977,0.7068567276000977,0.0,0.0
2023-05-23,P030,OLIVE,ndre,STRICT_SCL_MASK,86,86,0.5209437608718872,0.5209437608718872,0.0,0.0
2023-05-23,P030,OLIVE,ndmi,STRICT_SCL_MASK,86,86,0.30770134925842285,0.30770134925842285,0.0,0.0
2023-05-23,P030,OLIVE,ndre,NEAREST_20M_RESAMPLING,86,86,0.5209437608718872,0.5195320844650269,-0.0014116764068603516,0.0
2023-05-23,P030,OLIVE,ndmi,NEAREST_20M_RESAMPLING,86,86,0.30770134925842285,0.3090812563896179,0.0013799071311950684,0.0
2023-05-23,P031,OLIVE,ndvi,STRICT_SCL_MASK,87,87,0.7215633988380432,0.7215633988380432,0.0,0.0
2023-05-23,P031,OLIVE,gndvi,STRICT_SCL_MASK,87,87,0.6529210805892944,0.6529210805892944,0.0,0.0
2023-05-23,P031,OLIVE,ndre,STRICT_SCL_MASK,87,87,0.4763781428337097,0.4763781428337097,0.0,0.0
2023-05-23,P031,OLIVE,ndmi,STRICT_SCL_MASK,87,87,0.20140352845191956,0.20140352845191956,0.0,0.0
2023-05-23,P031,OLIVE,ndre,NEAREST_20M_RESAMPLING,87,87,0.4763781428337097,0.4728888273239136,-0.0034893155097961426,0.0
2023-05-23,P031,OLIVE,ndmi,NEAREST_20M_RESAMPLING,87,87,0.20140352845191956,0.19090542197227478,-0.010498106479644775,0.0
2023-05-23,P032,OLIVE,ndvi,STRICT_SCL_MASK,186,186,0.7371025681495667,0.7371025681495667,0.0,0.0
2023-05-23,P032,OLIVE,gndvi,STRICT_SCL_MASK,186,186,0.6537917852401733,0.6537917852401733,0.0,0.0
2023-05-23,P032,OLIVE,ndre,STRICT_SCL_MASK,186,186,0.4189775586128235,0.4189775586128235,0.0,0.0
2023-05-23,P032,OLIVE,ndmi,STRICT_SCL_MASK,186,186,0.24144211411476135,0.24144211411476135,0.0,0.0
2023-05-23,P032,OLIVE,ndre,NEAREST_20M_RESAMPLING,186,186,0.4189775586128235,0.41928598284721375,0.0003084242343902588,0.0
2023-05-23,P032,OLIVE,ndmi,NEAREST_20M_RESAMPLING,186,186,0.24144211411476135,0.23995757102966309,-0.0014845430850982666,0.0
2023-05-23,P033,OLIVE,ndvi,STRICT_SCL_MASK,184,184,0.5733078718185425,0.5733078718185425,0.0,0.0
2023-05-23,P033,OLIVE,gndvi,STRICT_SCL_MASK,184,184,0.5605237483978271,0.5605237483978271,0.0,0.0
2023-05-23,P033,OLIVE,ndre,STRICT_SCL_MASK,184,184,0.35819879174232483,0.35819879174232483,0.0,0.0
2023-05-23,P033,OLIVE,ndmi,STRICT_SCL_MASK,184,184,0.11309042572975159,0.11309042572975159,0.0,0.0
2023-05-23,P033,OLIVE,ndre,NEAREST_20M_RESAMPLING,184,184,0.35819879174232483,0.36309871077537537,0.004899919033050537,0.0
2023-05-23,P033,OLIVE,ndmi,NEAREST_20M_RESAMPLING,184,184,0.11309042572975159,0.11006598174571991,-0.0030244439840316772,0.0
2023-05-23,P034,OLIVE,ndvi,STRICT_SCL_MASK,184,184,0.7675884366035461,0.7675884366035461,0.0,0.0
2023-05-23,P034,OLIVE,gndvi,STRICT_SCL_MASK,184,184,0.660312294960022,0.660312294960022,0.0,0.0
2023-05-23,P034,OLIVE,ndre,STRICT_SCL_MASK,184,184,0.4889328181743622,0.4889328181743622,0.0,0.0
2023-05-23,P034,OLIVE,ndmi,STRICT_SCL_MASK,184,184,0.21812453866004944,0.21812453866004944,0.0,0.0
2023-05-23,P034,OLIVE,ndre,NEAREST_20M_RESAMPLING,184,184,0.4889328181743622,0.49077022075653076,0.001837402582168579,0.0
2023-05-23,P034,OLIVE,ndmi,NEAREST_20M_RESAMPLING,184,184,0.21812453866004944,0.21624547243118286,-0.0018790662288665771,0.0
2023-05-23,P035,OLIVE,ndvi,STRICT_SCL_MASK,331,331,0.6912809610366821,0.6912809610366821,0.0,0.0
2023-05-23,P035,OLIVE,gndvi,STRICT_SCL_MASK,331,331,0.6285842061042786,0.6285842061042786,0.0,0.0
2023-05-23,P035,OLIVE,ndre,STRICT_SCL_MASK,331,331,0.4514954090118408,0.4514954090118408,0.0,0.0
2023-05-23,P035,OLIVE,ndmi,STRICT_SCL_MASK,331,331,0.24737848341464996,0.24737848341464996,0.0,0.0
2023-05-23,P035,OLIVE,ndre,NEAREST_20M_RESAMPLING,331,331,0.4514954090118408,0.4521688222885132,0.0006734132766723633,0.0
2023-05-23,P035,OLIVE,ndmi,NEAREST_20M_RESAMPLING,331,331,0.24737848341464996,0.24853810667991638,0.0011596232652664185,0.0
2023-05-23,P036,ANNUAL,ndvi,STRICT_SCL_MASK,198,198,0.29798823595046997,0.29798823595046997,0.0,0.0
2023-05-23,P036,ANNUAL,gndvi,STRICT_SCL_MASK,198,198,0.3303489685058594,0.3303489685058594,0.0,0.0
2023-05-23,P036,ANNUAL,ndre,STRICT_SCL_MASK,198,198,0.17457054555416107,0.17457054555416107,0.0,0.0
2023-05-23,P036,ANNUAL,ndmi,STRICT_SCL_MASK,198,198,0.022967616096138954,0.022967616096138954,0.0,0.0
2023-05-23,P036,ANNUAL,ndre,NEAREST_20M_RESAMPLING,198,198,0.17457054555416107,0.17055080831050873,-0.004019737243652344,0.0
2023-05-23,P036,ANNUAL,ndmi,NEAREST_20M_RESAMPLING,198,198,0.022967616096138954,0.022363141179084778,-0.0006044749170541763,0.0
2023-05-23,P037,ANNUAL,ndvi,STRICT_SCL_MASK,179,179,0.5851202607154846,0.5851202607154846,0.0,0.0
2023-05-23,P037,ANNUAL,gndvi,STRICT_SCL_MASK,179,179,0.5280025601387024,0.5280025601387024,0.0,0.0
2023-05-23,P037,ANNUAL,ndre,STRICT_SCL_MASK,179,179,0.3614579439163208,0.3614579439163208,0.0,0.0
2023-05-23,P037,ANNUAL,ndmi,STRICT_SCL_MASK,179,179,0.18985208868980408,0.18985208868980408,0.0,0.0
2023-05-23,P037,ANNUAL,ndre,NEAREST_20M_RESAMPLING,179,179,0.3614579439163208,0.36022481322288513,-0.001233130693435669,0.0
2023-05-23,P037,ANNUAL,ndmi,NEAREST_20M_RESAMPLING,179,179,0.18985208868980408,0.19233280420303345,0.00248071551322937,0.0
2023-05-23,P038,ANNUAL,ndvi,STRICT_SCL_MASK,166,166,0.8448847532272339,0.8448847532272339,0.0,0.0
2023-05-23,P038,ANNUAL,gndvi,STRICT_SCL_MASK,166,166,0.7777755856513977,0.7777755856513977,0.0,0.0
2023-05-23,P038,ANNUAL,ndre,STRICT_SCL_MASK,166,166,0.6532266139984131,0.6532266139984131,0.0,0.0
2023-05-23,P038,ANNUAL,ndmi,STRICT_SCL_MASK,166,166,0.4270651340484619,0.4270651340484619,0.0,0.0
2023-05-23,P038,ANNUAL,ndre,NEAREST_20M_RESAMPLING,166,166,0.6532266139984131,0.659454345703125,0.006227731704711914,0.0
2023-05-23,P038,ANNUAL,ndmi,NEAREST_20M_RESAMPLING,166,166,0.4270651340484619,0.4304937422275543,0.0034286081790924072,0.0
2023-05-23,P039,ANNUAL,ndvi,STRICT_SCL_MASK,369,369,0.6664419174194336,0.6664419174194336,0.0,0.0
2023-05-23,P039,ANNUAL,gndvi,STRICT_SCL_MASK,369,369,0.6075814962387085,0.6075814962387085,0.0,0.0
2023-05-23,P039,ANNUAL,ndre,STRICT_SCL_MASK,369,369,0.4095907211303711,0.4095907211303711,0.0,0.0
2023-05-23,P039,ANNUAL,ndmi,STRICT_SCL_MASK,369,369,0.2581039369106293,0.2581039369106293,0.0,0.0
2023-05-23,P039,ANNUAL,ndre,NEAREST_20M_RESAMPLING,369,369,0.4095907211303711,0.4145561456680298,0.004965424537658691,0.0
2023-05-23,P039,ANNUAL,ndmi,NEAREST_20M_RESAMPLING,369,369,0.2581039369106293,0.2581475079059601,4.357099533081055e-05,0.0
2023-05-23,P040,ANNUAL,ndvi,STRICT_SCL_MASK,153,153,0.176714688539505,0.176714688539505,0.0,0.0
2023-05-23,P040,ANNUAL,gndvi,STRICT_SCL_MASK,153,153,0.23404189944267273,0.23404189944267273,0.0,0.0
2023-05-23,P040,ANNUAL,ndre,STRICT_SCL_MASK,153,153,0.08556056022644043,0.08556056022644043,0.0,0.0
2023-05-23,P040,ANNUAL,ndmi,STRICT_SCL_MASK,153,153,-0.07361738383769989,-0.07361738383769989,0.0,0.0
2023-05-23,P040,ANNUAL,ndre,NEAREST_20M_RESAMPLING,153,153,0.08556056022644043,0.08406851440668106,-0.001492045819759369,0.0
2023-05-23,P040,ANNUAL,ndmi,NEAREST_20M_RESAMPLING,153,153,-0.07361738383769989,-0.07209008932113647,0.0015272945165634155,0.0
2023-05-23,P041,ANNUAL,ndvi,STRICT_SCL_MASK,148,148,0.6154172420501709,0.6154172420501709,0.0,0.0
2023-05-23,P041,ANNUAL,gndvi,STRICT_SCL_MASK,148,148,0.6064276695251465,0.6064276695251465,0.0,0.0
2023-05-23,P041,ANNUAL,ndre,STRICT_SCL_MASK,148,148,0.39460232853889465,0.39460232853889465,0.0,0.0
2023-05-23,P041,ANNUAL,ndmi,STRICT_SCL_MASK,148,148,0.1773015558719635,0.1773015558719635,0.0,0.0
2023-05-23,P041,ANNUAL,ndre,NEAREST_20M_RESAMPLING,148,148,0.39460232853889465,0.4191085994243622,0.02450627088546753,0.0
2023-05-23,P041,ANNUAL,ndmi,NEAREST_20M_RESAMPLING,148,148,0.1773015558719635,0.187138170003891,0.00983661413192749,0.0
2023-05-23,P042,ANNUAL,ndvi,STRICT_SCL_MASK,244,244,0.7515649199485779,0.7515649199485779,0.0,0.0
2023-05-23,P042,ANNUAL,gndvi,STRICT_SCL_MASK,244,244,0.6596109867095947,0.6596109867095947,0.0,0.0
2023-05-23,P042,ANNUAL,ndre,STRICT_SCL_MASK,244,244,0.49355360865592957,0.49355360865592957,0.0,0.0
2023-05-23,P042,ANNUAL,ndmi,STRICT_SCL_MASK,244,244,0.36278942227363586,0.36278942227363586,0.0,0.0
2023-05-23,P042,ANNUAL,ndre,NEAREST_20M_RESAMPLING,244,244,0.49355360865592957,0.5069677829742432,0.013414174318313599,0.0
2023-05-23,P042,ANNUAL,ndmi,NEAREST_20M_RESAMPLING,244,244,0.36278942227363586,0.3676094710826874,0.004820048809051514,0.0
2023-05-23,P043,ANNUAL,ndvi,STRICT_SCL_MASK,352,352,0.9329429864883423,0.9329429864883423,0.0,0.0
2023-05-23,P043,ANNUAL,gndvi,STRICT_SCL_MASK,352,352,0.8687888383865356,0.8687888383865356,0.0,0.0
2023-05-23,P043,ANNUAL,ndre,STRICT_SCL_MASK,352,352,0.7671230435371399,0.7671230435371399,0.0,0.0
2023-05-23,P043,ANNUAL,ndmi,STRICT_SCL_MASK,352,352,0.5686736106872559,0.5686736106872559,0.0,0.0
2023-05-23,P043,ANNUAL,ndre,NEAREST_20M_RESAMPLING,352,352,0.7671230435371399,0.7715805172920227,0.0044574737548828125,0.0
2023-05-23,P043,ANNUAL,ndmi,NEAREST_20M_RESAMPLING,352,352,0.5686736106872559,0.5724596977233887,0.0037860870361328125,0.0
2023-05-23,P044,ANNUAL,ndvi,STRICT_SCL_MASK,164,164,0.056184180080890656,0.056184180080890656,0.0,0.0
2023-05-23,P044,ANNUAL,gndvi,STRICT_SCL_MASK,164,164,0.14082711935043335,0.14082711935043335,0.0,0.0
2023-05-23,P044,ANNUAL,ndre,STRICT_SCL_MASK,164,164,0.013684811070561409,0.013684811070561409,0.0,0.0
2023-05-23,P044,ANNUAL,ndmi,STRICT_SCL_MASK,164,164,-0.0966925323009491,-0.0966925323009491,0.0,0.0
2023-05-23,P044,ANNUAL,ndre,NEAREST_20M_RESAMPLING,164,164,0.013684811070561409,0.01253134198486805,-0.0011534690856933594,0.0
2023-05-23,P044,ANNUAL,ndmi,NEAREST_20M_RESAMPLING,164,164,-0.0966925323009491,-0.101366326212883,-0.004673793911933899,0.0
2023-05-23,P045,ANNUAL,ndvi,STRICT_SCL_MASK,252,252,0.8805421590805054,0.8805421590805054,0.0,0.0
2023-05-23,P045,ANNUAL,gndvi,STRICT_SCL_MASK,252,252,0.8000209331512451,0.8000209331512451,0.0,0.0
2023-05-23,P045,ANNUAL,ndre,STRICT_SCL_MASK,252,252,0.6628590822219849,0.6628590822219849,0.0,0.0
2023-05-23,P045,ANNUAL,ndmi,STRICT_SCL_MASK,252,252,0.4758540391921997,0.4758540391921997,0.0,0.0
2023-05-23,P045,ANNUAL,ndre,NEAREST_20M_RESAMPLING,252,252,0.6628590822219849,0.6636906266212463,0.0008315443992614746,0.0
2023-05-23,P045,ANNUAL,ndmi,NEAREST_20M_RESAMPLING,252,252,0.4758540391921997,0.4769509434700012,0.0010969042778015137,0.0
2023-05-23,P046,ANNUAL,ndvi,STRICT_SCL_MASK,160,160,0.8578020334243774,0.8578020334243774,0.0,0.0
2023-05-23,P046,ANNUAL,gndvi,STRICT_SCL_MASK,160,160,0.7557246685028076,0.7557246685028076,0.0,0.0
2023-05-23,P046,ANNUAL,ndre,STRICT_SCL_MASK,160,160,0.5736171007156372,0.5736171007156372,0.0,0.0
2023-05-23,P046,ANNUAL,ndmi,STRICT_SCL_MASK,160,160,0.38540777564048767,0.38540777564048767,0.0,0.0
2023-05-23,P046,ANNUAL,ndre,NEAREST_20M_RESAMPLING,160,160,0.5736171007156372,0.5750595331192017,0.0014424324035644531,0.0
2023-05-23,P046,ANNUAL,ndmi,NEAREST_20M_RESAMPLING,160,160,0.38540777564048767,0.3887556791305542,0.0033479034900665283,0.0
2023-05-23,P047,ANNUAL,ndvi,STRICT_SCL_MASK,235,235,0.5901219844818115,0.5901219844818115,0.0,0.0
2023-05-23,P047,ANNUAL,gndvi,STRICT_SCL_MASK,235,235,0.4995405375957489,0.4995405375957489,0.0,0.0
2023-05-23,P047,ANNUAL,ndre,STRICT_SCL_MASK,235,235,0.35264670848846436,0.35264670848846436,0.0,0.0
2023-05-23,P047,ANNUAL,ndmi,STRICT_SCL_MASK,235,235,0.16338782012462616,0.16338782012462616,0.0,0.0
2023-05-23,P047,ANNUAL,ndre,NEAREST_20M_RESAMPLING,235,235,0.35264670848846436,0.3527354598045349,8.875131607055664e-05,0.0
2023-05-23,P047,ANNUAL,ndmi,NEAREST_20M_RESAMPLING,235,235,0.16338782012462616,0.16970327496528625,0.006315454840660095,0.0
2023-07-17,P001,VINEYARD,ndvi,STRICT_SCL_MASK,192,192,0.5686265826225281,0.5686265826225281,0.0,0.0
2023-07-17,P001,VINEYARD,gndvi,STRICT_SCL_MASK,192,192,0.5640988349914551,0.5640988349914551,0.0,0.0
2023-07-17,P001,VINEYARD,ndre,STRICT_SCL_MASK,192,192,0.3711341619491577,0.3711341619491577,0.0,0.0
2023-07-17,P001,VINEYARD,ndmi,STRICT_SCL_MASK,192,192,-0.0012783707352355123,-0.0012783707352355123,0.0,0.0
2023-07-17,P001,VINEYARD,ndre,NEAREST_20M_RESAMPLING,192,192,0.3711341619491577,0.3719519078731537,0.0008177459239959717,0.0
2023-07-17,P001,VINEYARD,ndmi,NEAREST_20M_RESAMPLING,192,192,-0.0012783707352355123,-0.0001717393024591729,0.001106631476432085,0.0
2023-07-17,P002,VINEYARD,ndvi,STRICT_SCL_MASK,261,261,0.5651669502258301,0.5651669502258301,0.0,0.0
2023-07-17,P002,VINEYARD,gndvi,STRICT_SCL_MASK,261,261,0.5663747191429138,0.5663747191429138,0.0,0.0
2023-07-17,P002,VINEYARD,ndre,STRICT_SCL_MASK,261,261,0.37643468379974365,0.37643468379974365,0.0,0.0
2023-07-17,P002,VINEYARD,ndmi,STRICT_SCL_MASK,261,261,0.03599543496966362,0.03599543496966362,0.0,0.0
2023-07-17,P002,VINEYARD,ndre,NEAREST_20M_RESAMPLING,261,261,0.37643468379974365,0.37737661600112915,0.000941932201385498,0.0
2023-07-17,P002,VINEYARD,ndmi,NEAREST_20M_RESAMPLING,261,261,0.03599543496966362,0.03649142384529114,0.0004959888756275177,0.0
2023-07-17,P003,VINEYARD,ndvi,STRICT_SCL_MASK,324,324,0.7855854034423828,0.7855854034423828,0.0,0.0
2023-07-17,P003,VINEYARD,gndvi,STRICT_SCL_MASK,324,324,0.694881796836853,0.694881796836853,0.0,0.0
2023-07-17,P003,VINEYARD,ndre,STRICT_SCL_MASK,324,324,0.5563755035400391,0.5563755035400391,0.0,0.0
2023-07-17,P003,VINEYARD,ndmi,STRICT_SCL_MASK,324,324,0.24510720372200012,0.24510720372200012,0.0,0.0
2023-07-17,P003,VINEYARD,ndre,NEAREST_20M_RESAMPLING,324,324,0.5563755035400391,0.5587162971496582,0.0023407936096191406,0.0
2023-07-17,P003,VINEYARD,ndmi,NEAREST_20M_RESAMPLING,324,324,0.24510720372200012,0.24579887092113495,0.0006916671991348267,0.0
2023-07-17,P004,VINEYARD,ndvi,STRICT_SCL_MASK,226,226,0.5690300464630127,0.5690300464630127,0.0,0.0
2023-07-17,P004,VINEYARD,gndvi,STRICT_SCL_MASK,226,226,0.5833823680877686,0.5833823680877686,0.0,0.0
2023-07-17,P004,VINEYARD,ndre,STRICT_SCL_MASK,226,226,0.40676796436309814,0.40676796436309814,0.0,0.0
2023-07-17,P004,VINEYARD,ndmi,STRICT_SCL_MASK,226,226,0.14172416925430298,0.14172416925430298,0.0,0.0
2023-07-17,P004,VINEYARD,ndre,NEAREST_20M_RESAMPLING,226,226,0.40676796436309814,0.4062240719795227,-0.0005438923835754395,0.0
2023-07-17,P004,VINEYARD,ndmi,NEAREST_20M_RESAMPLING,226,226,0.14172416925430298,0.14378274977207184,0.00205858051776886,0.0
2023-07-17,P005,VINEYARD,ndvi,STRICT_SCL_MASK,132,132,0.45008641481399536,0.45008641481399536,0.0,0.0
2023-07-17,P005,VINEYARD,gndvi,STRICT_SCL_MASK,132,132,0.4510905146598816,0.4510905146598816,0.0,0.0
2023-07-17,P005,VINEYARD,ndre,STRICT_SCL_MASK,132,132,0.30667948722839355,0.30667948722839355,0.0,0.0
2023-07-17,P005,VINEYARD,ndmi,STRICT_SCL_MASK,132,132,0.08333074301481247,0.08333074301481247,0.0,0.0
2023-07-17,P005,VINEYARD,ndre,NEAREST_20M_RESAMPLING,132,132,0.30667948722839355,0.3074391484260559,0.0007596611976623535,0.0
2023-07-17,P005,VINEYARD,ndmi,NEAREST_20M_RESAMPLING,132,132,0.08333074301481247,0.08364415168762207,0.00031340867280960083,0.0
2023-07-17,P006,VINEYARD,ndvi,STRICT_SCL_MASK,327,327,0.7769493460655212,0.7769493460655212,0.0,0.0
2023-07-17,P006,VINEYARD,gndvi,STRICT_SCL_MASK,327,327,0.7149552702903748,0.7149552702903748,0.0,0.0
2023-07-17,P006,VINEYARD,ndre,STRICT_SCL_MASK,327,327,0.6224458813667297,0.6224458813667297,0.0,0.0
2023-07-17,P006,VINEYARD,ndmi,STRICT_SCL_MASK,327,327,0.3422190845012665,0.3422190845012665,0.0,0.0
2023-07-17,P006,VINEYARD,ndre,NEAREST_20M_RESAMPLING,327,327,0.6224458813667297,0.6231865882873535,0.0007407069206237793,0.0
2023-07-17,P006,VINEYARD,ndmi,NEAREST_20M_RESAMPLING,327,327,0.3422190845012665,0.3431726098060608,0.0009535253047943115,0.0
2023-07-17,P007,VINEYARD,ndvi,STRICT_SCL_MASK,162,162,0.6996502876281738,0.6996502876281738,0.0,0.0
2023-07-17,P007,VINEYARD,gndvi,STRICT_SCL_MASK,162,162,0.6453938484191895,0.6453938484191895,0.0,0.0
2023-07-17,P007,VINEYARD,ndre,STRICT_SCL_MASK,162,162,0.5035507678985596,0.5035507678985596,0.0,0.0
2023-07-17,P007,VINEYARD,ndmi,STRICT_SCL_MASK,162,162,0.1625601053237915,0.1625601053237915,0.0,0.0
2023-07-17,P007,VINEYARD,ndre,NEAREST_20M_RESAMPLING,162,162,0.5035507678985596,0.5042891502380371,0.0007383823394775391,0.0
2023-07-17,P007,VINEYARD,ndmi,NEAREST_20M_RESAMPLING,162,162,0.1625601053237915,0.16190940141677856,-0.0006507039070129395,0.0
2023-07-17,P008,VINEYARD,ndvi,STRICT_SCL_MASK,312,312,0.6284538507461548,0.6284538507461548,0.0,0.0
2023-07-17,P008,VINEYARD,gndvi,STRICT_SCL_MASK,312,312,0.6206307411193848,0.6206307411193848,0.0,0.0
2023-07-17,P008,VINEYARD,ndre,STRICT_SCL_MASK,312,312,0.4434688687324524,0.4434688687324524,0.0,0.0
2023-07-17,P008,VINEYARD,ndmi,STRICT_SCL_MASK,312,312,0.09404180943965912,0.09404180943965912,0.0,0.0
2023-07-17,P008,VINEYARD,ndre,NEAREST_20M_RESAMPLING,312,312,0.4434688687324524,0.4454590082168579,0.0019901394844055176,0.0
2023-07-17,P008,VINEYARD,ndmi,NEAREST_20M_RESAMPLING,312,312,0.09404180943965912,0.09422628581523895,0.00018447637557983398,0.0
2023-07-17,P009,VINEYARD,ndvi,STRICT_SCL_MASK,107,107,0.6390073895454407,0.6390073895454407,0.0,0.0
2023-07-17,P009,VINEYARD,gndvi,STRICT_SCL_MASK,107,107,0.584614098072052,0.584614098072052,0.0,0.0
2023-07-17,P009,VINEYARD,ndre,STRICT_SCL_MASK,107,107,0.44666507840156555,0.44666507840156555,0.0,0.0
2023-07-17,P009,VINEYARD,ndmi,STRICT_SCL_MASK,107,107,0.17170527577400208,0.17170527577400208,0.0,0.0
2023-07-17,P009,VINEYARD,ndre,NEAREST_20M_RESAMPLING,107,107,0.44666507840156555,0.44781994819641113,0.001154869794845581,0.0
2023-07-17,P009,VINEYARD,ndmi,NEAREST_20M_RESAMPLING,107,107,0.17170527577400208,0.1733025461435318,0.0015972703695297241,0.0
2023-07-17,P010,VINEYARD,ndvi,STRICT_SCL_MASK,310,310,0.5680385231971741,0.5680385231971741,0.0,0.0
2023-07-17,P010,VINEYARD,gndvi,STRICT_SCL_MASK,310,310,0.5752284526824951,0.5752284526824951,0.0,0.0
2023-07-17,P010,VINEYARD,ndre,STRICT_SCL_MASK,310,310,0.4136389493942261,0.4136389493942261,0.0,0.0
2023-07-17,P010,VINEYARD,ndmi,STRICT_SCL_MASK,310,310,0.08933119475841522,0.08933119475841522,0.0,0.0
2023-07-17,P010,VINEYARD,ndre,NEAREST_20M_RESAMPLING,310,310,0.4136389493942261,0.4089048206806183,-0.004734128713607788,0.0
2023-07-17,P010,VINEYARD,ndmi,NEAREST_20M_RESAMPLING,310,310,0.08933119475841522,0.0885506123304367,-0.0007805824279785156,0.0
2023-07-17,P011,VINEYARD,ndvi,STRICT_SCL_MASK,229,229,0.6103383898735046,0.6103383898735046,0.0,0.0
2023-07-17,P011,VINEYARD,gndvi,STRICT_SCL_MASK,229,229,0.559866189956665,0.559866189956665,0.0,0.0
2023-07-17,P011,VINEYARD,ndre,STRICT_SCL_MASK,229,229,0.3907026946544647,0.3907026946544647,0.0,0.0
2023-07-17,P011,VINEYARD,ndmi,STRICT_SCL_MASK,229,229,0.08639811724424362,0.08639811724424362,0.0,0.0
2023-07-17,P011,VINEYARD,ndre,NEAREST_20M_RESAMPLING,229,229,0.3907026946544647,0.3954028785228729,0.004700183868408203,0.0
2023-07-17,P011,VINEYARD,ndmi,NEAREST_20M_RESAMPLING,229,229,0.08639811724424362,0.0908464714884758,0.004448354244232178,0.0
2023-07-17,P012,VINEYARD,ndvi,STRICT_SCL_MASK,165,165,0.5642570853233337,0.5642570853233337,0.0,0.0
2023-07-17,P012,VINEYARD,gndvi,STRICT_SCL_MASK,165,165,0.5543965697288513,0.5543965697288513,0.0,0.0
2023-07-17,P012,VINEYARD,ndre,STRICT_SCL_MASK,165,165,0.3968202769756317,0.3968202769756317,0.0,0.0
2023-07-17,P012,VINEYARD,ndmi,STRICT_SCL_MASK,165,165,0.10434606671333313,0.10434606671333313,0.0,0.0
2023-07-17,P012,VINEYARD,ndre,NEAREST_20M_RESAMPLING,165,165,0.3968202769756317,0.39723867177963257,0.0004183948040008545,0.0
2023-07-17,P012,VINEYARD,ndmi,NEAREST_20M_RESAMPLING,165,165,0.10434606671333313,0.1042991429567337,-4.692375659942627e-05,0.0
2023-07-17,P013,ORCHARD,ndvi,STRICT_SCL_MASK,113,113,0.3927701711654663,0.3927701711654663,0.0,0.0
2023-07-17,P013,ORCHARD,gndvi,STRICT_SCL_MASK,113,113,0.4848552942276001,0.4848552942276001,0.0,0.0
2023-07-17,P013,ORCHARD,ndre,STRICT_SCL_MASK,113,113,0.26068273186683655,0.26068273186683655,0.0,0.0
2023-07-17,P013,ORCHARD,ndmi,STRICT_SCL_MASK,113,113,-0.08919461071491241,-0.08919461071491241,0.0,0.0
2023-07-17,P013,ORCHARD,ndre,NEAREST_20M_RESAMPLING,113,113,0.26068273186683655,0.26343098282814026,0.002748250961303711,0.0
2023-07-17,P013,ORCHARD,ndmi,NEAREST_20M_RESAMPLING,113,113,-0.08919461071491241,-0.08166490495204926,0.007529705762863159,0.0
2023-07-17,P014,ORCHARD,ndvi,STRICT_SCL_MASK,105,105,0.6804961562156677,0.6804961562156677,0.0,0.0
2023-07-17,P014,ORCHARD,gndvi,STRICT_SCL_MASK,105,105,0.6642096042633057,0.6642096042633057,0.0,0.0
2023-07-17,P014,ORCHARD,ndre,STRICT_SCL_MASK,105,105,0.4539324939250946,0.4539324939250946,0.0,0.0
2023-07-17,P014,ORCHARD,ndmi,STRICT_SCL_MASK,105,105,0.17108462750911713,0.17108462750911713,0.0,0.0
2023-07-17,P014,ORCHARD,ndre,NEAREST_20M_RESAMPLING,105,105,0.4539324939250946,0.45847296714782715,0.004540473222732544,0.0
2023-07-17,P014,ORCHARD,ndmi,NEAREST_20M_RESAMPLING,105,105,0.17108462750911713,0.17507578432559967,0.003991156816482544,0.0
2023-07-17,P015,ORCHARD,ndvi,STRICT_SCL_MASK,177,177,0.5945122241973877,0.5945122241973877,0.0,0.0
2023-07-17,P015,ORCHARD,gndvi,STRICT_SCL_MASK,177,177,0.5769898891448975,0.5769898891448975,0.0,0.0
2023-07-17,P015,ORCHARD,ndre,STRICT_SCL_MASK,177,177,0.4215376377105713,0.4215376377105713,0.0,0.0
2023-07-17,P015,ORCHARD,ndmi,STRICT_SCL_MASK,177,177,0.11204909533262253,0.11204909533262253,0.0,0.0
2023-07-17,P015,ORCHARD,ndre,NEAREST_20M_RESAMPLING,177,177,0.4215376377105713,0.4293491542339325,0.007811516523361206,0.0
2023-07-17,P015,ORCHARD,ndmi,NEAREST_20M_RESAMPLING,177,177,0.11204909533262253,0.12276393175125122,0.010714836418628693,0.0
2023-07-17,P016,ORCHARD,ndvi,STRICT_SCL_MASK,134,134,0.6683324575424194,0.6683324575424194,0.0,0.0
2023-07-17,P016,ORCHARD,gndvi,STRICT_SCL_MASK,134,134,0.6680499911308289,0.6680499911308289,0.0,0.0
2023-07-17,P016,ORCHARD,ndre,STRICT_SCL_MASK,134,134,0.5057604312896729,0.5057604312896729,0.0,0.0
2023-07-17,P016,ORCHARD,ndmi,STRICT_SCL_MASK,134,134,0.16114561259746552,0.16114561259746552,0.0,0.0
2023-07-17,P016,ORCHARD,ndre,NEAREST_20M_RESAMPLING,134,134,0.5057604312896729,0.5082520842552185,0.0024916529655456543,0.0
2023-07-17,P016,ORCHARD,ndmi,NEAREST_20M_RESAMPLING,134,134,0.16114561259746552,0.160124734044075,-0.001020878553390503,0.0
2023-07-17,P017,ORCHARD,ndvi,STRICT_SCL_MASK,487,487,0.515007734298706,0.515007734298706,0.0,0.0
2023-07-17,P017,ORCHARD,gndvi,STRICT_SCL_MASK,487,487,0.4896073043346405,0.4896073043346405,0.0,0.0
2023-07-17,P017,ORCHARD,ndre,STRICT_SCL_MASK,487,487,0.3573457598686218,0.3573457598686218,0.0,0.0
2023-07-17,P017,ORCHARD,ndmi,STRICT_SCL_MASK,487,487,0.14808030426502228,0.14808030426502228,0.0,0.0
2023-07-17,P017,ORCHARD,ndre,NEAREST_20M_RESAMPLING,487,487,0.3573457598686218,0.3538872301578522,-0.0034585297107696533,0.0
2023-07-17,P017,ORCHARD,ndmi,NEAREST_20M_RESAMPLING,487,487,0.14808030426502228,0.1448090374469757,-0.00327126681804657,0.0
2023-07-17,P018,ORCHARD,ndvi,STRICT_SCL_MASK,198,198,0.8263070583343506,0.8263070583343506,0.0,0.0
2023-07-17,P018,ORCHARD,gndvi,STRICT_SCL_MASK,198,198,0.7647191882133484,0.7647191882133484,0.0,0.0
2023-07-17,P018,ORCHARD,ndre,STRICT_SCL_MASK,198,198,0.6126986145973206,0.6126986145973206,0.0,0.0
2023-07-17,P018,ORCHARD,ndmi,STRICT_SCL_MASK,198,198,0.35733330249786377,0.35733330249786377,0.0,0.0
2023-07-17,P018,ORCHARD,ndre,NEAREST_20M_RESAMPLING,198,198,0.6126986145973206,0.6161544322967529,0.003455817699432373,0.0
2023-07-17,P018,ORCHARD,ndmi,NEAREST_20M_RESAMPLING,198,198,0.35733330249786377,0.3601619005203247,0.0028285980224609375,0.0
2023-07-17,P019,ORCHARD,ndvi,STRICT_SCL_MASK,132,132,0.7851632833480835,0.7851632833480835,0.0,0.0
2023-07-17,P019,ORCHARD,gndvi,STRICT_SCL_MASK,132,132,0.7267972826957703,0.7267972826957703,0.0,0.0
2023-07-17,P019,ORCHARD,ndre,STRICT_SCL_MASK,132,132,0.583760142326355,0.583760142326355,0.0,0.0
2023-07-17,P019,ORCHARD,ndmi,STRICT_SCL_MASK,132,132,0.23904503881931305,0.23904503881931305,0.0,0.0
2023-07-17,P019,ORCHARD,ndre,NEAREST_20M_RESAMPLING,132,132,0.583760142326355,0.5943012237548828,0.010541081428527832,0.0
2023-07-17,P019,ORCHARD,ndmi,NEAREST_20M_RESAMPLING,132,132,0.23904503881931305,0.24520283937454224,0.006157800555229187,0.0
2023-07-17,P020,ORCHARD,ndvi,STRICT_SCL_MASK,398,398,0.25275957584381104,0.25275957584381104,0.0,0.0
2023-07-17,P020,ORCHARD,gndvi,STRICT_SCL_MASK,398,398,0.31913793087005615,0.31913793087005615,0.0,0.0
2023-07-17,P020,ORCHARD,ndre,STRICT_SCL_MASK,398,398,0.1692143678665161,0.1692143678665161,0.0,0.0
2023-07-17,P020,ORCHARD,ndmi,STRICT_SCL_MASK,398,398,-0.06489836424589157,-0.06489836424589157,0.0,0.0
2023-07-17,P020,ORCHARD,ndre,NEAREST_20M_RESAMPLING,398,398,0.1692143678665161,0.16962790489196777,0.00041353702545166016,0.0
2023-07-17,P020,ORCHARD,ndmi,NEAREST_20M_RESAMPLING,398,398,-0.06489836424589157,-0.06297987699508667,0.0019184872508049011,0.0
2023-07-17,P021,ORCHARD,ndvi,STRICT_SCL_MASK,245,245,0.1748875081539154,0.1748875081539154,0.0,0.0
2023-07-17,P021,ORCHARD,gndvi,STRICT_SCL_MASK,245,245,0.22155643999576569,0.22155643999576569,0.0,0.0
2023-07-17,P021,ORCHARD,ndre,STRICT_SCL_MASK,245,245,0.11498010903596878,0.11498010903596878,0.0,0.0
2023-07-17,P021,ORCHARD,ndmi,STRICT_SCL_MASK,245,245,-0.05235256999731064,-0.05235256999731064,0.0,0.0
2023-07-17,P021,ORCHARD,ndre,NEAREST_20M_RESAMPLING,245,245,0.11498010903596878,0.11249759048223495,-0.0024825185537338257,0.0
2023-07-17,P021,ORCHARD,ndmi,NEAREST_20M_RESAMPLING,245,245,-0.05235256999731064,-0.05408647656440735,-0.0017339065670967102,0.0
2023-07-17,P022,ORCHARD,ndvi,STRICT_SCL_MASK,256,256,0.8158775568008423,0.8158775568008423,0.0,0.0
2023-07-17,P022,ORCHARD,gndvi,STRICT_SCL_MASK,256,256,0.7384116649627686,0.7384116649627686,0.0,0.0
2023-07-17,P022,ORCHARD,ndre,STRICT_SCL_MASK,256,256,0.6293016672134399,0.6293016672134399,0.0,0.0
2023-07-17,P022,ORCHARD,ndmi,STRICT_SCL_MASK,256,256,0.32058000564575195,0.32058000564575195,0.0,0.0
2023-07-17,P022,ORCHARD,ndre,NEAREST_20M_RESAMPLING,256,256,0.6293016672134399,0.6303738355636597,0.0010721683502197266,0.0
2023-07-17,P022,ORCHARD,ndmi,NEAREST_20M_RESAMPLING,256,256,0.32058000564575195,0.32290273904800415,0.0023227334022521973,0.0
2023-07-17,P023,ORCHARD,ndvi,STRICT_SCL_MASK,148,148,0.7862754464149475,0.7862754464149475,0.0,0.0
2023-07-17,P023,ORCHARD,gndvi,STRICT_SCL_MASK,148,148,0.725042462348938,0.725042462348938,0.0,0.0
2023-07-17,P023,ORCHARD,ndre,STRICT_SCL_MASK,148,148,0.5922813415527344,0.5922813415527344,0.0,0.0
2023-07-17,P023,ORCHARD,ndmi,STRICT_SCL_MASK,148,148,0.29938507080078125,0.29938507080078125,0.0,0.0
2023-07-17,P023,ORCHARD,ndre,NEAREST_20M_RESAMPLING,148,148,0.5922813415527344,0.5974215269088745,0.005140185356140137,0.0
2023-07-17,P023,ORCHARD,ndmi,NEAREST_20M_RESAMPLING,148,148,0.29938507080078125,0.3102871775627136,0.010902106761932373,0.0
2023-07-17,P024,ORCHARD,ndvi,STRICT_SCL_MASK,125,125,0.7107364535331726,0.7107364535331726,0.0,0.0
2023-07-17,P024,ORCHARD,gndvi,STRICT_SCL_MASK,125,125,0.64088374376297,0.64088374376297,0.0,0.0
2023-07-17,P024,ORCHARD,ndre,STRICT_SCL_MASK,125,125,0.4826180040836334,0.4826180040836334,0.0,0.0
2023-07-17,P024,ORCHARD,ndmi,STRICT_SCL_MASK,125,125,0.20237168669700623,0.20237168669700623,0.0,0.0
2023-07-17,P024,ORCHARD,ndre,NEAREST_20M_RESAMPLING,125,125,0.4826180040836334,0.4861130118370056,0.0034950077533721924,0.0
2023-07-17,P024,ORCHARD,ndmi,NEAREST_20M_RESAMPLING,125,125,0.20237168669700623,0.20346587896347046,0.0010941922664642334,0.0
2023-07-17,P025,OLIVE,ndvi,STRICT_SCL_MASK,191,191,0.7184590101242065,0.7184590101242065,0.0,0.0
2023-07-17,P025,OLIVE,gndvi,STRICT_SCL_MASK,191,191,0.6781818866729736,0.6781818866729736,0.0,0.0
2023-07-17,P025,OLIVE,ndre,STRICT_SCL_MASK,191,191,0.5382601022720337,0.5382601022720337,0.0,0.0
2023-07-17,P025,OLIVE,ndmi,STRICT_SCL_MASK,191,191,0.23984280228614807,0.23984280228614807,0.0,0.0
2023-07-17,P025,OLIVE,ndre,NEAREST_20M_RESAMPLING,191,191,0.5382601022720337,0.5398621559143066,0.0016020536422729492,0.0
2023-07-17,P025,OLIVE,ndmi,NEAREST_20M_RESAMPLING,191,191,0.23984280228614807,0.23802465200424194,-0.001818150281906128,0.0
2023-07-17,P026,OLIVE,ndvi,STRICT_SCL_MASK,120,120,0.5423325300216675,0.5423325300216675,0.0,0.0
2023-07-17,P026,OLIVE,gndvi,STRICT_SCL_MASK,120,120,0.5443860292434692,0.5443860292434692,0.0,0.0
2023-07-17,P026,OLIVE,ndre,STRICT_SCL_MASK,120,120,0.370012104511261,0.370012104511261,0.0,0.0
2023-07-17,P026,OLIVE,ndmi,STRICT_SCL_MASK,120,120,0.07150105386972427,0.07150105386972427,0.0,0.0
2023-07-17,P026,OLIVE,ndre,NEAREST_20M_RESAMPLING,120,120,0.370012104511261,0.3646691143512726,-0.005342990159988403,0.0
2023-07-17,P026,OLIVE,ndmi,NEAREST_20M_RESAMPLING,120,120,0.07150105386972427,0.07170014083385468,0.0001990869641304016,0.0
2023-07-17,P027,OLIVE,ndvi,STRICT_SCL_MASK,479,479,0.67833411693573,0.67833411693573,0.0,0.0
2023-07-17,P027,OLIVE,gndvi,STRICT_SCL_MASK,479,479,0.6320740580558777,0.6320740580558777,0.0,0.0
2023-07-17,P027,OLIVE,ndre,STRICT_SCL_MASK,479,479,0.4679812788963318,0.4679812788963318,0.0,0.0
2023-07-17,P027,OLIVE,ndmi,STRICT_SCL_MASK,479,479,0.1681544929742813,0.1681544929742813,0.0,0.0
2023-07-17,P027,OLIVE,ndre,NEAREST_20M_RESAMPLING,479,479,0.4679812788963318,0.4682385325431824,0.00025725364685058594,0.0
2023-07-17,P027,OLIVE,ndmi,NEAREST_20M_RESAMPLING,479,479,0.1681544929742813,0.16607517004013062,-0.002079322934150696,0.0
2023-07-17,P028,OLIVE,ndvi,STRICT_SCL_MASK,435,435,0.4683975577354431,0.4683975577354431,0.0,0.0
2023-07-17,P028,OLIVE,gndvi,STRICT_SCL_MASK,435,435,0.518498420715332,0.518498420715332,0.0,0.0
2023-07-17,P028,OLIVE,ndre,STRICT_SCL_MASK,435,435,0.3006095588207245,0.3006095588207245,0.0,0.0
2023-07-17,P028,OLIVE,ndmi,STRICT_SCL_MASK,435,435,-0.03124665468931198,-0.03124665468931198,0.0,0.0
2023-07-17,P028,OLIVE,ndre,NEAREST_20M_RESAMPLING,435,435,0.3006095588207245,0.2974812388420105,-0.0031283199787139893,0.0
2023-07-17,P028,OLIVE,ndmi,NEAREST_20M_RESAMPLING,435,435,-0.03124665468931198,-0.03248142823576927,-0.0012347735464572906,0.0
2023-07-17,P029,OLIVE,ndvi,STRICT_SCL_MASK,121,121,0.6873480081558228,0.6873480081558228,0.0,0.0
2023-07-17,P029,OLIVE,gndvi,STRICT_SCL_MASK,121,121,0.6761347651481628,0.6761347651481628,0.0,0.0
2023-07-17,P029,OLIVE,ndre,STRICT_SCL_MASK,121,121,0.5273826122283936,0.5273826122283936,0.0,0.0
2023-07-17,P029,OLIVE,ndmi,STRICT_SCL_MASK,121,121,0.18832853436470032,0.18832853436470032,0.0,0.0
2023-07-17,P029,OLIVE,ndre,NEAREST_20M_RESAMPLING,121,121,0.5273826122283936,0.5293849110603333,0.0020022988319396973,0.0
2023-07-17,P029,OLIVE,ndmi,NEAREST_20M_RESAMPLING,121,121,0.18832853436470032,0.19083939492702484,0.002510860562324524,0.0
2023-07-17,P030,OLIVE,ndvi,STRICT_SCL_MASK,86,86,0.7441565990447998,0.7441565990447998,0.0,0.0
2023-07-17,P030,OLIVE,gndvi,STRICT_SCL_MASK,86,86,0.6971428394317627,0.6971428394317627,0.0,0.0
2023-07-17,P030,OLIVE,ndre,STRICT_SCL_MASK,86,86,0.5375943183898926,0.5375943183898926,0.0,0.0
2023-07-17,P030,OLIVE,ndmi,STRICT_SCL_MASK,86,86,0.2838428318500519,0.2838428318500519,0.0,0.0
2023-07-17,P030,OLIVE,ndre,NEAREST_20M_RESAMPLING,86,86,0.5375943183898926,0.5367616415023804,-0.000832676887512207,0.0
2023-07-17,P030,OLIVE,ndmi,NEAREST_20M_RESAMPLING,86,86,0.2838428318500519,0.28421932458877563,0.0003764927387237549,0.0
2023-07-17,P031,OLIVE,ndvi,STRICT_SCL_MASK,87,87,0.6398374438285828,0.6398374438285828,0.0,0.0
2023-07-17,P031,OLIVE,gndvi,STRICT_SCL_MASK,87,87,0.5881796479225159,0.5881796479225159,0.0,0.0
2023-07-17,P031,OLIVE,ndre,STRICT_SCL_MASK,87,87,0.4460430145263672,0.4460430145263672,0.0,0.0
2023-07-17,P031,OLIVE,ndmi,STRICT_SCL_MASK,87,87,0.112578384578228,0.112578384578228,0.0,0.0
2023-07-17,P031,OLIVE,ndre,NEAREST_20M_RESAMPLING,87,87,0.4460430145263672,0.4425092041492462,-0.0035338103771209717,0.0
2023-07-17,P031,OLIVE,ndmi,NEAREST_20M_RESAMPLING,87,87,0.112578384578228,0.11361024528741837,0.0010318607091903687,0.0
2023-07-17,P032,OLIVE,ndvi,STRICT_SCL_MASK,186,186,0.4355945885181427,0.4355945885181427,0.0,0.0
2023-07-17,P032,OLIVE,gndvi,STRICT_SCL_MASK,186,186,0.49008050560951233,0.49008050560951233,0.0,0.0
2023-07-17,P032,OLIVE,ndre,STRICT_SCL_MASK,186,186,0.2926316559314728,0.2926316559314728,0.0,0.0
2023-07-17,P032,OLIVE,ndmi,STRICT_SCL_MASK,186,186,-0.048643842339515686,-0.048643842339515686,0.0,0.0
2023-07-17,P032,OLIVE,ndre,NEAREST_20M_RESAMPLING,186,186,0.2926316559314728,0.2938597798347473,0.0012281239032745361,0.0
2023-07-17,P032,OLIVE,ndmi,NEAREST_20M_RESAMPLING,186,186,-0.048643842339515686,-0.04931310936808586,-0.0006692670285701752,0.0
2023-07-17,P033,OLIVE,ndvi,STRICT_SCL_MASK,184,184,0.4025648832321167,0.4025648832321167,0.0,0.0
2023-07-17,P033,OLIVE,gndvi,STRICT_SCL_MASK,184,184,0.463365375995636,0.463365375995636,0.0,0.0
2023-07-17,P033,OLIVE,ndre,STRICT_SCL_MASK,184,184,0.27552077174186707,0.27552077174186707,0.0,0.0
2023-07-17,P033,OLIVE,ndmi,STRICT_SCL_MASK,184,184,-0.037483491003513336,-0.037483491003513336,0.0,0.0
2023-07-17,P033,OLIVE,ndre,NEAREST_20M_RESAMPLING,184,184,0.27552077174186707,0.27614647150039673,0.0006256997585296631,0.0
2023-07-17,P033,OLIVE,ndmi,NEAREST_20M_RESAMPLING,184,184,-0.037483491003513336,-0.03886118903756142,-0.0013776980340480804,0.0
2023-07-17,P034,OLIVE,ndvi,STRICT_SCL_MASK,184,184,0.7828174829483032,0.7828174829483032,0.0,0.0
2023-07-17,P034,OLIVE,gndvi,STRICT_SCL_MASK,184,184,0.7063153982162476,0.7063153982162476,0.0,0.0
2023-07-17,P034,OLIVE,ndre,STRICT_SCL_MASK,184,184,0.5897766351699829,0.5897766351699829,0.0,0.0
2023-07-17,P034,OLIVE,ndmi,STRICT_SCL_MASK,184,184,0.32621893286705017,0.32621893286705017,0.0,0.0
2023-07-17,P034,OLIVE,ndre,NEAREST_20M_RESAMPLING,184,184,0.5897766351699829,0.5889259576797485,-0.000850677490234375,0.0
2023-07-17,P034,OLIVE,ndmi,NEAREST_20M_RESAMPLING,184,184,0.32621893286705017,0.32669639587402344,0.0004774630069732666,0.0
2023-07-17,P035,OLIVE,ndvi,STRICT_SCL_MASK,331,331,0.5421943664550781,0.5421943664550781,0.0,0.0
2023-07-17,P035,OLIVE,gndvi,STRICT_SCL_MASK,331,331,0.5601508617401123,0.5601508617401123,0.0,0.0
2023-07-17,P035,OLIVE,ndre,STRICT_SCL_MASK,331,331,0.377363383769989,0.377363383769989,0.0,0.0
2023-07-17,P035,OLIVE,ndmi,STRICT_SCL_MASK,331,331,0.11383393406867981,0.11383393406867981,0.0,0.0
2023-07-17,P035,OLIVE,ndre,NEAREST_20M_RESAMPLING,331,331,0.377363383769989,0.38679155707359314,0.009428173303604126,0.0
2023-07-17,P035,OLIVE,ndmi,NEAREST_20M_RESAMPLING,331,331,0.11383393406867981,0.12151046097278595,0.00767652690410614,0.0
2023-07-17,P036,ANNUAL,ndvi,STRICT_SCL_MASK,198,198,0.1707753986120224,0.1707753986120224,0.0,0.0
2023-07-17,P036,ANNUAL,gndvi,STRICT_SCL_MASK,198,198,0.2541470229625702,0.2541470229625702,0.0,0.0
2023-07-17,P036,ANNUAL,ndre,STRICT_SCL_MASK,198,198,0.108555868268013,0.108555868268013,0.0,0.0
2023-07-17,P036,ANNUAL,ndmi,STRICT_SCL_MASK,198,198,-0.09344428777694702,-0.09344428777694702,0.0,0.0
2023-07-17,P036,ANNUAL,ndre,NEAREST_20M_RESAMPLING,198,198,0.108555868268013,0.10627102106809616,-0.0022848471999168396,0.0
2023-07-17,P036,ANNUAL,ndmi,NEAREST_20M_RESAMPLING,198,198,-0.09344428777694702,-0.09484360367059708,-0.001399315893650055,0.0
2023-07-17,P037,ANNUAL,ndvi,STRICT_SCL_MASK,179,179,0.4341929256916046,0.4341929256916046,0.0,0.0
2023-07-17,P037,ANNUAL,gndvi,STRICT_SCL_MASK,179,179,0.5048645734786987,0.5048645734786987,0.0,0.0
2023-07-17,P037,ANNUAL,ndre,STRICT_SCL_MASK,179,179,0.2797063887119293,0.2797063887119293,0.0,0.0
2023-07-17,P037,ANNUAL,ndmi,STRICT_SCL_MASK,179,179,-0.03809675574302673,-0.03809675574302673,0.0,0.0
2023-07-17,P037,ANNUAL,ndre,NEAREST_20M_RESAMPLING,179,179,0.2797063887119293,0.28108182549476624,0.001375436782836914,0.0
2023-07-17,P037,ANNUAL,ndmi,NEAREST_20M_RESAMPLING,179,179,-0.03809675574302673,-0.04330385848879814,-0.005207102745771408,0.0
2023-07-17,P038,ANNUAL,ndvi,STRICT_SCL_MASK,166,166,0.17013569176197052,0.17013569176197052,0.0,0.0
2023-07-17,P038,ANNUAL,gndvi,STRICT_SCL_MASK,166,166,0.3194175958633423,0.3194175958633423,0.0,0.0
2023-07-17,P038,ANNUAL,ndre,STRICT_SCL_MASK,166,166,0.10044832527637482,0.10044832527637482,0.0,0.0
2023-07-17,P038,ANNUAL,ndmi,STRICT_SCL_MASK,166,166,-0.12681041657924652,-0.12681041657924652,0.0,0.0
2023-07-17,P038,ANNUAL,ndre,NEAREST_20M_RESAMPLING,166,166,0.10044832527637482,0.10116982460021973,0.0007214993238449097,0.0
2023-07-17,P038,ANNUAL,ndmi,NEAREST_20M_RESAMPLING,166,166,-0.12681041657924652,-0.126219242811203,0.0005911737680435181,0.0
2023-07-17,P039,ANNUAL,ndvi,STRICT_SCL_MASK,369,369,0.5693135261535645,0.5693135261535645,0.0,0.0
2023-07-17,P039,ANNUAL,gndvi,STRICT_SCL_MASK,369,369,0.5737375020980835,0.5737375020980835,0.0,0.0
2023-07-17,P039,ANNUAL,ndre,STRICT_SCL_MASK,369,369,0.3761638104915619,0.3761638104915619,0.0,0.0
2023-07-17,P039,ANNUAL,ndmi,STRICT_SCL_MASK,369,369,0.0600200854241848,0.0600200854241848,0.0,0.0
2023-07-17,P039,ANNUAL,ndre,NEAREST_20M_RESAMPLING,369,369,0.3761638104915619,0.3770623803138733,0.0008985698223114014,0.0
2023-07-17,P039,ANNUAL,ndmi,NEAREST_20M_RESAMPLING,369,369,0.0600200854241848,0.05900731682777405,-0.0010127685964107513,0.0
2023-07-17,P040,ANNUAL,ndvi,STRICT_SCL_MASK,153,153,0.7975550293922424,0.7975550293922424,0.0,0.0
2023-07-17,P040,ANNUAL,gndvi,STRICT_SCL_MASK,153,153,0.7124531269073486,0.7124531269073486,0.0,0.0
2023-07-17,P040,ANNUAL,ndre,STRICT_SCL_MASK,153,153,0.6066597104072571,0.6066597104072571,0.0,0.0
2023-07-17,P040,ANNUAL,ndmi,STRICT_SCL_MASK,153,153,0.29309844970703125,0.29309844970703125,0.0,0.0
2023-07-17,P040,ANNUAL,ndre,NEAREST_20M_RESAMPLING,153,153,0.6066597104072571,0.6092921495437622,0.002632439136505127,0.0
2023-07-17,P040,ANNUAL,ndmi,NEAREST_20M_RESAMPLING,153,153,0.29309844970703125,0.2939443588256836,0.0008459091186523438,0.0
2023-07-17,P041,ANNUAL,ndvi,STRICT_SCL_MASK,148,148,0.23472002148628235,0.23472002148628235,0.0,0.0
2023-07-17,P041,ANNUAL,gndvi,STRICT_SCL_MASK,148,148,0.35606735944747925,0.35606735944747925,0.0,0.0
2023-07-17,P041,ANNUAL,ndre,STRICT_SCL_MASK,148,148,0.17262594401836395,0.17262594401836395,0.0,0.0
2023-07-17,P041,ANNUAL,ndmi,STRICT_SCL_MASK,148,148,-0.08214515447616577,-0.08214515447616577,0.0,0.0
2023-07-17,P041,ANNUAL,ndre,NEAREST_20M_RESAMPLING,148,148,0.17262594401836395,0.1644604504108429,-0.008165493607521057,0.0
2023-07-17,P041,ANNUAL,ndmi,NEAREST_20M_RESAMPLING,148,148,-0.08214515447616577,-0.08069965243339539,0.0014455020427703857,0.0
2023-07-17,P042,ANNUAL,ndvi,STRICT_SCL_MASK,244,244,0.6641191244125366,0.6641191244125366,0.0,0.0
2023-07-17,P042,ANNUAL,gndvi,STRICT_SCL_MASK,244,244,0.6189085841178894,0.6189085841178894,0.0,0.0
2023-07-17,P042,ANNUAL,ndre,STRICT_SCL_MASK,244,244,0.4745754301548004,0.4745754301548004,0.0,0.0
2023-07-17,P042,ANNUAL,ndmi,STRICT_SCL_MASK,244,244,0.1728631854057312,0.1728631854057312,0.0,0.0
2023-07-17,P042,ANNUAL,ndre,NEAREST_20M_RESAMPLING,244,244,0.4745754301548004,0.48106715083122253,0.006491720676422119,0.0
2023-07-17,P042,ANNUAL,ndmi,NEAREST_20M_RESAMPLING,244,244,0.1728631854057312,0.17891886830329895,0.006055682897567749,0.0
2023-07-17,P043,ANNUAL,ndvi,STRICT_SCL_MASK,352,352,0.20164749026298523,0.20164749026298523,0.0,0.0
2023-07-17,P043,ANNUAL,gndvi,STRICT_SCL_MASK,352,352,0.3740791976451874,0.3740791976451874,0.0,0.0
2023-07-17,P043,ANNUAL,ndre,STRICT_SCL_MASK,352,352,0.1259559541940689,0.1259559541940689,0.0,0.0
2023-07-17,P043,ANNUAL,ndmi,STRICT_SCL_MASK,352,352,-0.12313232570886612,-0.12313232570886612,0.0,0.0
2023-07-17,P043,ANNUAL,ndre,NEAREST_20M_RESAMPLING,352,352,0.1259559541940689,0.1255911886692047,-0.0003647655248641968,0.0
2023-07-17,P043,ANNUAL,ndmi,NEAREST_20M_RESAMPLING,352,352,-0.12313232570886612,-0.12362407147884369,-0.0004917457699775696,0.0
2023-07-17,P044,ANNUAL,ndvi,STRICT_SCL_MASK,164,164,0.584060788154602,0.584060788154602,0.0,0.0
2023-07-17,P044,ANNUAL,gndvi,STRICT_SCL_MASK,164,164,0.5248505473136902,0.5248505473136902,0.0,0.0
2023-07-17,P044,ANNUAL,ndre,STRICT_SCL_MASK,164,164,0.4070354104042053,0.4070354104042053,0.0,0.0
2023-07-17,P044,ANNUAL,ndmi,STRICT_SCL_MASK,164,164,0.2291957139968872,0.2291957139968872,0.0,0.0
2023-07-17,P044,ANNUAL,ndre,NEAREST_20M_RESAMPLING,164,164,0.4070354104042053,0.40869027376174927,0.0016548633575439453,0.0
2023-07-17,P044,ANNUAL,ndmi,NEAREST_20M_RESAMPLING,164,164,0.2291957139968872,0.22932161390781403,0.00012589991092681885,0.0
2023-07-17,P045,ANNUAL,ndvi,STRICT_SCL_MASK,252,252,0.27140191197395325,0.27140191197395325,0.0,0.0
2023-07-17,P045,ANNUAL,gndvi,STRICT_SCL_MASK,252,252,0.4169943332672119,0.4169943332672119,0.0,0.0
2023-07-17,P045,ANNUAL,ndre,STRICT_SCL_MASK,252,252,0.17843559384346008,0.17843559384346008,0.0,0.0
2023-07-17,P045,ANNUAL,ndmi,STRICT_SCL_MASK,252,252,-0.09021717309951782,-0.09021717309951782,0.0,0.0
2023-07-17,P045,ANNUAL,ndre,NEAREST_20M_RESAMPLING,252,252,0.17843559384346008,0.1775280237197876,-0.0009075701236724854,0.0
2023-07-17,P045,ANNUAL,ndmi,NEAREST_20M_RESAMPLING,252,252,-0.09021717309951782,-0.0911465734243393,-0.0009294003248214722,0.0
2023-07-17,P046,ANNUAL,ndvi,STRICT_SCL_MASK,160,160,0.5328760147094727,0.5328760147094727,0.0,0.0
2023-07-17,P046,ANNUAL,gndvi,STRICT_SCL_MASK,160,160,0.5469052791595459,0.5469052791595459,0.0,0.0
2023-07-17,P046,ANNUAL,ndre,STRICT_SCL_MASK,160,160,0.3763558864593506,0.3763558864593506,0.0,0.0
2023-07-17,P046,ANNUAL,ndmi,STRICT_SCL_MASK,160,160,-0.014959119260311127,-0.014959119260311127,0.0,0.0
2023-07-17,P046,ANNUAL,ndre,NEAREST_20M_RESAMPLING,160,160,0.3763558864593506,0.3716358542442322,-0.004720032215118408,0.0
2023-07-17,P046,ANNUAL,ndmi,NEAREST_20M_RESAMPLING,160,160,-0.014959119260311127,-0.018795015290379524,-0.0038358960300683975,0.0
2023-07-17,P047,ANNUAL,ndvi,STRICT_SCL_MASK,235,235,0.40018558502197266,0.40018558502197266,0.0,0.0
2023-07-17,P047,ANNUAL,gndvi,STRICT_SCL_MASK,235,235,0.4433370530605316,0.4433370530605316,0.0,0.0
2023-07-17,P047,ANNUAL,ndre,STRICT_SCL_MASK,235,235,0.2456735521554947,0.2456735521554947,0.0,0.0
2023-07-17,P047,ANNUAL,ndmi,STRICT_SCL_MASK,235,235,-0.020283658057451248,-0.020283658057451248,0.0,0.0
2023-07-17,P047,ANNUAL,ndre,NEAREST_20M_RESAMPLING,235,235,0.2456735521554947,0.24462586641311646,-0.0010476857423782349,0.0
2023-07-17,P047,ANNUAL,ndmi,NEAREST_20M_RESAMPLING,235,235,-0.020283658057451248,-0.02074412815272808,-0.0004604700952768326,0.0
2023-09-10,P001,VINEYARD,ndvi,STRICT_SCL_MASK,192,192,0.4593379497528076,0.4593379497528076,0.0,0.0
2023-09-10,P001,VINEYARD,gndvi,STRICT_SCL_MASK,192,192,0.523291826248169,0.523291826248169,0.0,0.0
2023-09-10,P001,VINEYARD,ndre,STRICT_SCL_MASK,192,192,0.2783266603946686,0.2783266603946686,0.0,0.0
2023-09-10,P001,VINEYARD,ndmi,STRICT_SCL_MASK,192,192,-0.05408388748764992,-0.05408388748764992,0.0,0.0
2023-09-10,P001,VINEYARD,ndre,NEAREST_20M_RESAMPLING,192,192,0.2783266603946686,0.2774144113063812,-0.0009122490882873535,0.0
2023-09-10,P001,VINEYARD,ndmi,NEAREST_20M_RESAMPLING,192,192,-0.05408388748764992,-0.05620982497930527,-0.0021259374916553497,0.0
2023-09-10,P002,VINEYARD,ndvi,STRICT_SCL_MASK,261,261,0.3625926375389099,0.3625926375389099,0.0,0.0
2023-09-10,P002,VINEYARD,gndvi,STRICT_SCL_MASK,261,261,0.4809234142303467,0.4809234142303467,0.0,0.0
2023-09-10,P002,VINEYARD,ndre,STRICT_SCL_MASK,261,261,0.2196570485830307,0.2196570485830307,0.0,0.0
2023-09-10,P002,VINEYARD,ndmi,STRICT_SCL_MASK,261,261,-0.12402679026126862,-0.12402679026126862,0.0,0.0
2023-09-10,P002,VINEYARD,ndre,NEAREST_20M_RESAMPLING,261,261,0.2196570485830307,0.21657441556453705,-0.0030826330184936523,0.0
2023-09-10,P002,VINEYARD,ndmi,NEAREST_20M_RESAMPLING,261,261,-0.12402679026126862,-0.12804771959781647,-0.0040209293365478516,0.0
2023-09-10,P003,VINEYARD,ndvi,STRICT_SCL_MASK,324,324,0.6976416110992432,0.6976416110992432,0.0,0.0
2023-09-10,P003,VINEYARD,gndvi,STRICT_SCL_MASK,324,324,0.6864099502563477,0.6864099502563477,0.0,0.0
2023-09-10,P003,VINEYARD,ndre,STRICT_SCL_MASK,324,324,0.4417926073074341,0.4417926073074341,0.0,0.0
2023-09-10,P003,VINEYARD,ndmi,STRICT_SCL_MASK,324,324,0.08407431840896606,0.08407431840896606,0.0,0.0
2023-09-10,P003,VINEYARD,ndre,NEAREST_20M_RESAMPLING,324,324,0.4417926073074341,0.4460267722606659,0.0042341649532318115,0.0
2023-09-10,P003,VINEYARD,ndmi,NEAREST_20M_RESAMPLING,324,324,0.08407431840896606,0.0879393070936203,0.003864988684654236,0.0
2023-09-10,P004,VINEYARD,ndvi,STRICT_SCL_MASK,226,226,0.3734809160232544,0.3734809160232544,0.0,0.0
2023-09-10,P004,VINEYARD,gndvi,STRICT_SCL_MASK,226,226,0.47672683000564575,0.47672683000564575,0.0,0.0
2023-09-10,P004,VINEYARD,ndre,STRICT_SCL_MASK,226,226,0.24679780006408691,0.24679780006408691,0.0,0.0
2023-09-10,P004,VINEYARD,ndmi,STRICT_SCL_MASK,226,226,0.030221138149499893,0.030221138149499893,0.0,0.0
2023-09-10,P004,VINEYARD,ndre,NEAREST_20M_RESAMPLING,226,226,0.24679780006408691,0.2444874495267868,-0.00231035053730011,0.0
2023-09-10,P004,VINEYARD,ndmi,NEAREST_20M_RESAMPLING,226,226,0.030221138149499893,0.03146570920944214,0.0012445710599422455,0.0
2023-09-10,P005,VINEYARD,ndvi,STRICT_SCL_MASK,132,132,0.37264484167099,0.37264484167099,0.0,0.0
2023-09-10,P005,VINEYARD,gndvi,STRICT_SCL_MASK,132,132,0.4284462332725525,0.4284462332725525,0.0,0.0
2023-09-10,P005,VINEYARD,ndre,STRICT_SCL_MASK,132,132,0.24910137057304382,0.24910137057304382,0.0,0.0
2023-09-10,P005,VINEYARD,ndmi,STRICT_SCL_MASK,132,132,0.021534111350774765,0.021534111350774765,0.0,0.0
2023-09-10,P005,VINEYARD,ndre,NEAREST_20M_RESAMPLING,132,132,0.24910137057304382,0.24946525692939758,0.00036388635635375977,0.0
2023-09-10,P005,VINEYARD,ndmi,NEAREST_20M_RESAMPLING,132,132,0.021534111350774765,0.021228250116109848,-0.000305861234664917,0.0
2023-09-10,P006,VINEYARD,ndvi,STRICT_SCL_MASK,327,327,0.6999967098236084,0.6999967098236084,0.0,0.0
2023-09-10,P006,VINEYARD,gndvi,STRICT_SCL_MASK,327,327,0.662287712097168,0.662287712097168,0.0,0.0
2023-09-10,P006,VINEYARD,ndre,STRICT_SCL_MASK,327,327,0.5410504341125488,0.5410504341125488,0.0,0.0
2023-09-10,P006,VINEYARD,ndmi,STRICT_SCL_MASK,327,327,0.22067290544509888,0.22067290544509888,0.0,0.0
2023-09-10,P006,VINEYARD,ndre,NEAREST_20M_RESAMPLING,327,327,0.5410504341125488,0.5444376468658447,0.0033872127532958984,0.0
2023-09-10,P006,VINEYARD,ndmi,NEAREST_20M_RESAMPLING,327,327,0.22067290544509888,0.22565865516662598,0.0049857497215271,0.0
2023-09-10,P007,VINEYARD,ndvi,STRICT_SCL_MASK,162,162,0.6665551662445068,0.6665551662445068,0.0,0.0
2023-09-10,P007,VINEYARD,gndvi,STRICT_SCL_MASK,162,162,0.6419411897659302,0.6419411897659302,0.0,0.0
2023-09-10,P007,VINEYARD,ndre,STRICT_SCL_MASK,162,162,0.46820253133773804,0.46820253133773804,0.0,0.0
2023-09-10,P007,VINEYARD,ndmi,STRICT_SCL_MASK,162,162,0.1340709924697876,0.1340709924697876,0.0,0.0
2023-09-10,P007,VINEYARD,ndre,NEAREST_20M_RESAMPLING,162,162,0.46820253133773804,0.4686034917831421,0.00040096044540405273,0.0
2023-09-10,P007,VINEYARD,ndmi,NEAREST_20M_RESAMPLING,162,162,0.1340709924697876,0.134764164686203,0.0006931722164154053,0.0
2023-09-10,P008,VINEYARD,ndvi,STRICT_SCL_MASK,312,312,0.7175846099853516,0.7175846099853516,0.0,0.0
2023-09-10,P008,VINEYARD,gndvi,STRICT_SCL_MASK,312,312,0.6785597801208496,0.6785597801208496,0.0,0.0
2023-09-10,P008,VINEYARD,ndre,STRICT_SCL_MASK,312,312,0.5063357949256897,0.5063357949256897,0.0,0.0
2023-09-10,P008,VINEYARD,ndmi,STRICT_SCL_MASK,312,312,0.16049396991729736,0.16049396991729736,0.0,0.0
2023-09-10,P008,VINEYARD,ndre,NEAREST_20M_RESAMPLING,312,312,0.5063357949256897,0.5103311538696289,0.003995358943939209,0.0
2023-09-10,P008,VINEYARD,ndmi,NEAREST_20M_RESAMPLING,312,312,0.16049396991729736,0.16252797842025757,0.002034008502960205,0.0
2023-09-10,P009,VINEYARD,ndvi,STRICT_SCL_MASK,107,107,0.5991731286048889,0.5991731286048889,0.0,0.0
2023-09-10,P009,VINEYARD,gndvi,STRICT_SCL_MASK,107,107,0.5969862341880798,0.5969862341880798,0.0,0.0
2023-09-10,P009,VINEYARD,ndre,STRICT_SCL_MASK,107,107,0.4047448933124542,0.4047448933124542,0.0,0.0
2023-09-10,P009,VINEYARD,ndmi,STRICT_SCL_MASK,107,107,0.14073707163333893,0.14073707163333893,0.0,0.0
2023-09-10,P009,VINEYARD,ndre,NEAREST_20M_RESAMPLING,107,107,0.4047448933124542,0.4099554419517517,0.005210548639297485,0.0
2023-09-10,P009,VINEYARD,ndmi,NEAREST_20M_RESAMPLING,107,107,0.14073707163333893,0.13956809043884277,-0.0011689811944961548,0.0
2023-09-10,P010,VINEYARD,ndvi,STRICT_SCL_MASK,310,310,0.47948113083839417,0.47948113083839417,0.0,0.0
2023-09-10,P010,VINEYARD,gndvi,STRICT_SCL_MASK,310,310,0.5637512803077698,0.5637512803077698,0.0,0.0
2023-09-10,P010,VINEYARD,ndre,STRICT_SCL_MASK,310,310,0.3232724070549011,0.3232724070549011,0.0,0.0
2023-09-10,P010,VINEYARD,ndmi,STRICT_SCL_MASK,310,310,0.041985318064689636,0.041985318064689636,0.0,0.0
2023-09-10,P010,VINEYARD,ndre,NEAREST_20M_RESAMPLING,310,310,0.3232724070549011,0.3191074728965759,-0.004164934158325195,0.0
2023-09-10,P010,VINEYARD,ndmi,NEAREST_20M_RESAMPLING,310,310,0.041985318064689636,0.038664788007736206,-0.00332053005695343,0.0
2023-09-10,P011,VINEYARD,ndvi,STRICT_SCL_MASK,229,229,0.5888365507125854,0.5888365507125854,0.0,0.0
2023-09-10,P011,VINEYARD,gndvi,STRICT_SCL_MASK,229,229,0.5551605820655823,0.5551605820655823,0.0,0.0
2023-09-10,P011,VINEYARD,ndre,STRICT_SCL_MASK,229,229,0.3443709909915924,0.3443709909915924,0.0,0.0
2023-09-10,P011,VINEYARD,ndmi,STRICT_SCL_MASK,229,229,0.0473349504172802,0.0473349504172802,0.0,0.0
2023-09-10,P011,VINEYARD,ndre,NEAREST_20M_RESAMPLING,229,229,0.3443709909915924,0.3533617854118347,0.00899079442024231,0.0
2023-09-10,P011,VINEYARD,ndmi,NEAREST_20M_RESAMPLING,229,229,0.0473349504172802,0.05895187705755234,0.01161692664027214,0.0
2023-09-10,P012,VINEYARD,ndvi,STRICT_SCL_MASK,165,165,0.6842080950737,0.6842080950737,0.0,0.0
2023-09-10,P012,VINEYARD,gndvi,STRICT_SCL_MASK,165,165,0.6534935235977173,0.6534935235977173,0.0,0.0
2023-09-10,P012,VINEYARD,ndre,STRICT_SCL_MASK,165,165,0.5032702088356018,0.5032702088356018,0.0,0.0
2023-09-10,P012,VINEYARD,ndmi,STRICT_SCL_MASK,165,165,0.20450738072395325,0.20450738072395325,0.0,0.0
2023-09-10,P012,VINEYARD,ndre,NEAREST_20M_RESAMPLING,165,165,0.5032702088356018,0.5055789947509766,0.002308785915374756,0.0
2023-09-10,P012,VINEYARD,ndmi,NEAREST_20M_RESAMPLING,165,165,0.20450738072395325,0.2076324075460434,0.003125026822090149,0.0
2023-09-10,P013,ORCHARD,ndvi,STRICT_SCL_MASK,113,113,0.3154210150241852,0.3154210150241852,0.0,0.0
2023-09-10,P013,ORCHARD,gndvi,STRICT_SCL_MASK,113,113,0.4432975947856903,0.4432975947856903,0.0,0.0
2023-09-10,P013,ORCHARD,ndre,STRICT_SCL_MASK,113,113,0.19905853271484375,0.19905853271484375,0.0,0.0
2023-09-10,P013,ORCHARD,ndmi,STRICT_SCL_MASK,113,113,-0.19852277636528015,-0.19852277636528015,0.0,0.0
2023-09-10,P013,ORCHARD,ndre,NEAREST_20M_RESAMPLING,113,113,0.19905853271484375,0.199295774102211,0.00023724138736724854,0.0
2023-09-10,P013,ORCHARD,ndmi,NEAREST_20M_RESAMPLING,113,113,-0.19852277636528015,-0.19671019911766052,0.001812577247619629,0.0
2023-09-10,P014,ORCHARD,ndvi,STRICT_SCL_MASK,105,105,0.5071977376937866,0.5071977376937866,0.0,0.0
2023-09-10,P014,ORCHARD,gndvi,STRICT_SCL_MASK,105,105,0.5707849860191345,0.5707849860191345,0.0,0.0
2023-09-10,P014,ORCHARD,ndre,STRICT_SCL_MASK,105,105,0.3290741443634033,0.3290741443634033,0.0,0.0
2023-09-10,P014,ORCHARD,ndmi,STRICT_SCL_MASK,105,105,0.03447074443101883,0.03447074443101883,0.0,0.0
2023-09-10,P014,ORCHARD,ndre,NEAREST_20M_RESAMPLING,105,105,0.3290741443634033,0.3277672827243805,-0.0013068616390228271,0.0
2023-09-10,P014,ORCHARD,ndmi,NEAREST_20M_RESAMPLING,105,105,0.03447074443101883,0.03221555054187775,-0.0022551938891410828,0.0
2023-09-10,P015,ORCHARD,ndvi,STRICT_SCL_MASK,177,177,0.5140256285667419,0.5140256285667419,0.0,0.0
2023-09-10,P015,ORCHARD,gndvi,STRICT_SCL_MASK,177,177,0.541515052318573,0.541515052318573,0.0,0.0
2023-09-10,P015,ORCHARD,ndre,STRICT_SCL_MASK,177,177,0.34192317724227905,0.34192317724227905,0.0,0.0
2023-09-10,P015,ORCHARD,ndmi,STRICT_SCL_MASK,177,177,0.07342557609081268,0.07342557609081268,0.0,0.0
2023-09-10,P015,ORCHARD,ndre,NEAREST_20M_RESAMPLING,177,177,0.34192317724227905,0.34899383783340454,0.007070660591125488,0.0
2023-09-10,P015,ORCHARD,ndmi,NEAREST_20M_RESAMPLING,177,177,0.07342557609081268,0.08560296893119812,0.012177392840385437,0.0
2023-09-10,P016,ORCHARD,ndvi,STRICT_SCL_MASK,134,134,0.6851710677146912,0.6851710677146912,0.0,0.0
2023-09-10,P016,ORCHARD,gndvi,STRICT_SCL_MASK,134,134,0.6817452311515808,0.6817452311515808,0.0,0.0
2023-09-10,P016,ORCHARD,ndre,STRICT_SCL_MASK,134,134,0.5051003098487854,0.5051003098487854,0.0,0.0
2023-09-10,P016,ORCHARD,ndmi,STRICT_SCL_MASK,134,134,0.19436657428741455,0.19436657428741455,0.0,0.0
2023-09-10,P016,ORCHARD,ndre,NEAREST_20M_RESAMPLING,134,134,0.5051003098487854,0.5085507035255432,0.0034503936767578125,0.0
2023-09-10,P016,ORCHARD,ndmi,NEAREST_20M_RESAMPLING,134,134,0.19436657428741455,0.19335481524467468,-0.0010117590427398682,0.0
2023-09-10,P017,ORCHARD,ndvi,STRICT_SCL_MASK,487,487,0.4822576344013214,0.4822576344013214,0.0,0.0
2023-09-10,P017,ORCHARD,gndvi,STRICT_SCL_MASK,487,487,0.4925638735294342,0.4925638735294342,0.0,0.0
2023-09-10,P017,ORCHARD,ndre,STRICT_SCL_MASK,487,487,0.3115239143371582,0.3115239143371582,0.0,0.0
2023-09-10,P017,ORCHARD,ndmi,STRICT_SCL_MASK,487,487,0.07910450547933578,0.07910450547933578,0.0,0.0
2023-09-10,P017,ORCHARD,ndre,NEAREST_20M_RESAMPLING,487,487,0.3115239143371582,0.3157336115837097,0.004209697246551514,0.0
2023-09-10,P017,ORCHARD,ndmi,NEAREST_20M_RESAMPLING,487,487,0.07910450547933578,0.07960763573646545,0.0005031302571296692,0.0
2023-09-10,P018,ORCHARD,ndvi,STRICT_SCL_MASK,198,198,0.8523831963539124,0.8523831963539124,0.0,0.0
2023-09-10,P018,ORCHARD,gndvi,STRICT_SCL_MASK,198,198,0.7997139692306519,0.7997139692306519,0.0,0.0
2023-09-10,P018,ORCHARD,ndre,STRICT_SCL_MASK,198,198,0.641512393951416,0.641512393951416,0.0,0.0
2023-09-10,P018,ORCHARD,ndmi,STRICT_SCL_MASK,198,198,0.3701968789100647,0.3701968789100647,0.0,0.0
2023-09-10,P018,ORCHARD,ndre,NEAREST_20M_RESAMPLING,198,198,0.641512393951416,0.6496303081512451,0.008117914199829102,0.0
2023-09-10,P018,ORCHARD,ndmi,NEAREST_20M_RESAMPLING,198,198,0.3701968789100647,0.37184587121009827,0.0016489923000335693,0.0
2023-09-10,P019,ORCHARD,ndvi,STRICT_SCL_MASK,132,132,0.5793361663818359,0.5793361663818359,0.0,0.0
2023-09-10,P019,ORCHARD,gndvi,STRICT_SCL_MASK,132,132,0.6215047240257263,0.6215047240257263,0.0,0.0
2023-09-10,P019,ORCHARD,ndre,STRICT_SCL_MASK,132,132,0.4028944969177246,0.4028944969177246,0.0,0.0
2023-09-10,P019,ORCHARD,ndmi,STRICT_SCL_MASK,132,132,0.03834736347198486,0.03834736347198486,0.0,0.0
2023-09-10,P019,ORCHARD,ndre,NEAREST_20M_RESAMPLING,132,132,0.4028944969177246,0.4050384759902954,0.0021439790725708008,0.0
2023-09-10,P019,ORCHARD,ndmi,NEAREST_20M_RESAMPLING,132,132,0.03834736347198486,0.036564141511917114,-0.001783221960067749,0.0
2023-09-10,P020,ORCHARD,ndvi,STRICT_SCL_MASK,398,398,0.6769778728485107,0.6769778728485107,0.0,0.0
2023-09-10,P020,ORCHARD,gndvi,STRICT_SCL_MASK,398,398,0.628472089767456,0.628472089767456,0.0,0.0
2023-09-10,P020,ORCHARD,ndre,STRICT_SCL_MASK,398,398,0.47931599617004395,0.47931599617004395,0.0,0.0
2023-09-10,P020,ORCHARD,ndmi,STRICT_SCL_MASK,398,398,0.2685032784938812,0.2685032784938812,0.0,0.0
2023-09-10,P020,ORCHARD,ndre,NEAREST_20M_RESAMPLING,398,398,0.47931599617004395,0.47904735803604126,-0.00026863813400268555,0.0
2023-09-10,P020,ORCHARD,ndmi,NEAREST_20M_RESAMPLING,398,398,0.2685032784938812,0.27460163831710815,0.006098359823226929,0.0
2023-09-10,P021,ORCHARD,ndvi,STRICT_SCL_MASK,245,245,0.2394639402627945,0.2394639402627945,0.0,0.0
2023-09-10,P021,ORCHARD,gndvi,STRICT_SCL_MASK,245,245,0.28757444024086,0.28757444024086,0.0,0.0
2023-09-10,P021,ORCHARD,ndre,STRICT_SCL_MASK,245,245,0.1574801355600357,0.1574801355600357,0.0,0.0
2023-09-10,P021,ORCHARD,ndmi,STRICT_SCL_MASK,245,245,-0.04008328169584274,-0.04008328169584274,0.0,0.0
2023-09-10,P021,ORCHARD,ndre,NEAREST_20M_RESAMPLING,245,245,0.1574801355600357,0.1565174162387848,-0.0009627193212509155,0.0
2023-09-10,P021,ORCHARD,ndmi,NEAREST_20M_RESAMPLING,245,245,-0.04008328169584274,-0.039212074130773544,0.0008712075650691986,0.0
2023-09-10,P022,ORCHARD,ndvi,STRICT_SCL_MASK,256,256,0.7978350520133972,0.7978350520133972,0.0,0.0
2023-09-10,P022,ORCHARD,gndvi,STRICT_SCL_MASK,256,256,0.7425713539123535,0.7425713539123535,0.0,0.0
2023-09-10,P022,ORCHARD,ndre,STRICT_SCL_MASK,256,256,0.5923293828964233,0.5923293828964233,0.0,0.0
2023-09-10,P022,ORCHARD,ndmi,STRICT_SCL_MASK,256,256,0.29828619956970215,0.29828619956970215,0.0,0.0
2023-09-10,P022,ORCHARD,ndre,NEAREST_20M_RESAMPLING,256,256,0.5923293828964233,0.5958746671676636,0.0035452842712402344,0.0
2023-09-10,P022,ORCHARD,ndmi,NEAREST_20M_RESAMPLING,256,256,0.29828619956970215,0.3035072684288025,0.005221068859100342,0.0
2023-09-10,P023,ORCHARD,ndvi,STRICT_SCL_MASK,148,148,0.7438442707061768,0.7438442707061768,0.0,0.0
2023-09-10,P023,ORCHARD,gndvi,STRICT_SCL_MASK,148,148,0.6957845687866211,0.6957845687866211,0.0,0.0
2023-09-10,P023,ORCHARD,ndre,STRICT_SCL_MASK,148,148,0.541771650314331,0.541771650314331,0.0,0.0
2023-09-10,P023,ORCHARD,ndmi,STRICT_SCL_MASK,148,148,0.21019317209720612,0.21019317209720612,0.0,0.0
2023-09-10,P023,ORCHARD,ndre,NEAREST_20M_RESAMPLING,148,148,0.541771650314331,0.5505645871162415,0.0087929368019104,0.0
2023-09-10,P023,ORCHARD,ndmi,NEAREST_20M_RESAMPLING,148,148,0.21019317209720612,0.22883054614067078,0.01863737404346466,0.0
2023-09-10,P024,ORCHARD,ndvi,STRICT_SCL_MASK,125,125,0.5402166247367859,0.5402166247367859,0.0,0.0
2023-09-10,P024,ORCHARD,gndvi,STRICT_SCL_MASK,125,125,0.5598070621490479,0.5598070621490479,0.0,0.0
2023-09-10,P024,ORCHARD,ndre,STRICT_SCL_MASK,125,125,0.35746943950653076,0.35746943950653076,0.0,0.0
2023-09-10,P024,ORCHARD,ndmi,STRICT_SCL_MASK,125,125,0.07711704820394516,0.07711704820394516,0.0,0.0
2023-09-10,P024,ORCHARD,ndre,NEAREST_20M_RESAMPLING,125,125,0.35746943950653076,0.3587607145309448,0.0012912750244140625,0.0
2023-09-10,P024,ORCHARD,ndmi,NEAREST_20M_RESAMPLING,125,125,0.07711704820394516,0.07828641682863235,0.0011693686246871948,0.0
2023-09-10,P025,OLIVE,ndvi,STRICT_SCL_MASK,191,191,0.6992621421813965,0.6992621421813965,0.0,0.0
2023-09-10,P025,OLIVE,gndvi,STRICT_SCL_MASK,191,191,0.6977542042732239,0.6977542042732239,0.0,0.0
2023-09-10,P025,OLIVE,ndre,STRICT_SCL_MASK,191,191,0.5272879004478455,0.5272879004478455,0.0,0.0
2023-09-10,P025,OLIVE,ndmi,STRICT_SCL_MASK,191,191,0.2591687738895416,0.2591687738895416,0.0,0.0
2023-09-10,P025,OLIVE,ndre,NEAREST_20M_RESAMPLING,191,191,0.5272879004478455,0.5296992659568787,0.002411365509033203,0.0
2023-09-10,P025,OLIVE,ndmi,NEAREST_20M_RESAMPLING,191,191,0.2591687738895416,0.2600434720516205,0.0008746981620788574,0.0
2023-09-10,P026,OLIVE,ndvi,STRICT_SCL_MASK,120,120,0.3908340334892273,0.3908340334892273,0.0,0.0
2023-09-10,P026,OLIVE,gndvi,STRICT_SCL_MASK,120,120,0.4554111957550049,0.4554111957550049,0.0,0.0
2023-09-10,P026,OLIVE,ndre,STRICT_SCL_MASK,120,120,0.26416343450546265,0.26416343450546265,0.0,0.0
2023-09-10,P026,OLIVE,ndmi,STRICT_SCL_MASK,120,120,-0.014423268847167492,-0.014423268847167492,0.0,0.0
2023-09-10,P026,OLIVE,ndre,NEAREST_20M_RESAMPLING,120,120,0.26416343450546265,0.2567281723022461,-0.007435262203216553,0.0
2023-09-10,P026,OLIVE,ndmi,NEAREST_20M_RESAMPLING,120,120,-0.014423268847167492,-0.023043986409902573,-0.00862071756273508,0.0
2023-09-10,P027,OLIVE,ndvi,STRICT_SCL_MASK,479,479,0.46255820989608765,0.46255820989608765,0.0,0.0
2023-09-10,P027,OLIVE,gndvi,STRICT_SCL_MASK,479,479,0.5263687968254089,0.5263687968254089,0.0,0.0
2023-09-10,P027,OLIVE,ndre,STRICT_SCL_MASK,479,479,0.31475773453712463,0.31475773453712463,0.0,0.0
2023-09-10,P027,OLIVE,ndmi,STRICT_SCL_MASK,479,479,0.03379784896969795,0.03379784896969795,0.0,0.0
2023-09-10,P027,OLIVE,ndre,NEAREST_20M_RESAMPLING,479,479,0.31475773453712463,0.3152305781841278,0.00047284364700317383,0.0
2023-09-10,P027,OLIVE,ndmi,NEAREST_20M_RESAMPLING,479,479,0.03379784896969795,0.03580644726753235,0.0020085982978343964,0.0
2023-09-10,P028,OLIVE,ndvi,STRICT_SCL_MASK,435,435,0.3122660219669342,0.3122660219669342,0.0,0.0
2023-09-10,P028,OLIVE,gndvi,STRICT_SCL_MASK,435,435,0.4379509687423706,0.4379509687423706,0.0,0.0
2023-09-10,P028,OLIVE,ndre,STRICT_SCL_MASK,435,435,0.20318816602230072,0.20318816602230072,0.0,0.0
2023-09-10,P028,OLIVE,ndmi,STRICT_SCL_MASK,435,435,-0.15321967005729675,-0.15321967005729675,0.0,0.0
2023-09-10,P028,OLIVE,ndre,NEAREST_20M_RESAMPLING,435,435,0.20318816602230072,0.19869045913219452,-0.004497706890106201,0.0
2023-09-10,P028,OLIVE,ndmi,NEAREST_20M_RESAMPLING,435,435,-0.15321967005729675,-0.15813519060611725,-0.004915520548820496,0.0
2023-09-10,P029,OLIVE,ndvi,STRICT_SCL_MASK,121,121,0.6415618658065796,0.6415618658065796,0.0,0.0
2023-09-10,P029,OLIVE,gndvi,STRICT_SCL_MASK,121,121,0.6776902079582214,0.6776902079582214,0.0,0.0
2023-09-10,P029,OLIVE,ndre,STRICT_SCL_MASK,121,121,0.501124918460846,0.501124918460846,0.0,0.0
2023-09-10,P029,OLIVE,ndmi,STRICT_SCL_MASK,121,121,0.17776590585708618,0.17776590585708618,0.0,0.0
2023-09-10,P029,OLIVE,ndre,NEAREST_20M_RESAMPLING,121,121,0.501124918460846,0.5050380229949951,0.00391310453414917,0.0
2023-09-10,P029,OLIVE,ndmi,NEAREST_20M_RESAMPLING,121,121,0.17776590585708618,0.18440058827400208,0.0066346824169158936,0.0
2023-09-10,P030,OLIVE,ndvi,STRICT_SCL_MASK,86,86,0.6002237796783447,0.6002237796783447,0.0,0.0
2023-09-10,P030,OLIVE,gndvi,STRICT_SCL_MASK,86,86,0.6415035724639893,0.6415035724639893,0.0,0.0
2023-09-10,P030,OLIVE,ndre,STRICT_SCL_MASK,86,86,0.4253327548503876,0.4253327548503876,0.0,0.0
2023-09-10,P030,OLIVE,ndmi,STRICT_SCL_MASK,86,86,0.18919692933559418,0.18919692933559418,0.0,0.0
2023-09-10,P030,OLIVE,ndre,NEAREST_20M_RESAMPLING,86,86,0.4253327548503876,0.42748862504959106,0.002155870199203491,0.0
2023-09-10,P030,OLIVE,ndmi,NEAREST_20M_RESAMPLING,86,86,0.18919692933559418,0.18631352484226227,-0.002883404493331909,0.0
2023-09-10,P031,OLIVE,ndvi,STRICT_SCL_MASK,87,87,0.489131897687912,0.489131897687912,0.0,0.0
2023-09-10,P031,OLIVE,gndvi,STRICT_SCL_MASK,87,87,0.5314564108848572,0.5314564108848572,0.0,0.0
2023-09-10,P031,OLIVE,ndre,STRICT_SCL_MASK,87,87,0.3184276223182678,0.3184276223182678,0.0,0.0
2023-09-10,P031,OLIVE,ndmi,STRICT_SCL_MASK,87,87,-0.011763782240450382,-0.011763782240450382,0.0,0.0
2023-09-10,P031,OLIVE,ndre,NEAREST_20M_RESAMPLING,87,87,0.3184276223182678,0.31671419739723206,-0.0017134249210357666,0.0
2023-09-10,P031,OLIVE,ndmi,NEAREST_20M_RESAMPLING,87,87,-0.011763782240450382,-0.02744339220225811,-0.015679609030485153,0.0
2023-09-10,P032,OLIVE,ndvi,STRICT_SCL_MASK,186,186,0.34972983598709106,0.34972983598709106,0.0,0.0
2023-09-10,P032,OLIVE,gndvi,STRICT_SCL_MASK,186,186,0.45565545558929443,0.45565545558929443,0.0,0.0
2023-09-10,P032,OLIVE,ndre,STRICT_SCL_MASK,186,186,0.22857466340065002,0.22857466340065002,0.0,0.0
2023-09-10,P032,OLIVE,ndmi,STRICT_SCL_MASK,186,186,-0.08328504860401154,-0.08328504860401154,0.0,0.0
2023-09-10,P032,OLIVE,ndre,NEAREST_20M_RESAMPLING,186,186,0.22857466340065002,0.23257741332054138,0.004002749919891357,0.0
2023-09-10,P032,OLIVE,ndmi,NEAREST_20M_RESAMPLING,186,186,-0.08328504860401154,-0.08334092795848846,-5.587935447692871e-05,0.0
2023-09-10,P033,OLIVE,ndvi,STRICT_SCL_MASK,184,184,0.28049236536026,0.28049236536026,0.0,0.0
2023-09-10,P033,OLIVE,gndvi,STRICT_SCL_MASK,184,184,0.39839333295822144,0.39839333295822144,0.0,0.0
2023-09-10,P033,OLIVE,ndre,STRICT_SCL_MASK,184,184,0.18171706795692444,0.18171706795692444,0.0,0.0
2023-09-10,P033,OLIVE,ndmi,STRICT_SCL_MASK,184,184,-0.08463877439498901,-0.08463877439498901,0.0,0.0
2023-09-10,P033,OLIVE,ndre,NEAREST_20M_RESAMPLING,184,184,0.18171706795692444,0.18311871588230133,0.001401647925376892,0.0
2023-09-10,P033,OLIVE,ndmi,NEAREST_20M_RESAMPLING,184,184,-0.08463877439498901,-0.08772410452365875,-0.0030853301286697388,0.0
2023-09-10,P034,OLIVE,ndvi,STRICT_SCL_MASK,184,184,0.6411699056625366,0.6411699056625366,0.0,0.0
2023-09-10,P034,OLIVE,gndvi,STRICT_SCL_MASK,184,184,0.6273910999298096,0.6273910999298096,0.0,0.0
2023-09-10,P034,OLIVE,ndre,STRICT_SCL_MASK,184,184,0.4806831181049347,0.4806831181049347,0.0,0.0
2023-09-10,P034,OLIVE,ndmi,STRICT_SCL_MASK,184,184,0.17752867937088013,0.17752867937088013,0.0,0.0
2023-09-10,P034,OLIVE,ndre,NEAREST_20M_RESAMPLING,184,184,0.4806831181049347,0.464478462934494,-0.016204655170440674,0.0
2023-09-10,P034,OLIVE,ndmi,NEAREST_20M_RESAMPLING,184,184,0.17752867937088013,0.16423487663269043,-0.013293802738189697,0.0
2023-09-10,P035,OLIVE,ndvi,STRICT_SCL_MASK,331,331,0.40079477429389954,0.40079477429389954,0.0,0.0
2023-09-10,P035,OLIVE,gndvi,STRICT_SCL_MASK,331,331,0.4580632448196411,0.4580632448196411,0.0,0.0
2023-09-10,P035,OLIVE,ndre,STRICT_SCL_MASK,331,331,0.28027400374412537,0.28027400374412537,0.0,0.0
2023-09-10,P035,OLIVE,ndmi,STRICT_SCL_MASK,331,331,0.052007388323545456,0.052007388323545456,0.0,0.0
2023-09-10,P035,OLIVE,ndre,NEAREST_20M_RESAMPLING,331,331,0.28027400374412537,0.2832687199115753,0.002994716167449951,0.0
2023-09-10,P035,OLIVE,ndmi,NEAREST_20M_RESAMPLING,331,331,0.052007388323545456,0.0514439195394516,-0.0005634687840938568,0.0
2023-09-10,P036,ANNUAL,ndvi,STRICT_SCL_MASK,198,198,0.28727987408638,0.28727987408638,0.0,0.0
2023-09-10,P036,ANNUAL,gndvi,STRICT_SCL_MASK,198,198,0.35524389147758484,0.35524389147758484,0.0,0.0
2023-09-10,P036,ANNUAL,ndre,STRICT_SCL_MASK,198,198,0.17158465087413788,0.17158465087413788,0.0,0.0
2023-09-10,P036,ANNUAL,ndmi,STRICT_SCL_MASK,198,198,-0.033819131553173065,-0.033819131553173065,0.0,0.0
2023-09-10,P036,ANNUAL,ndre,NEAREST_20M_RESAMPLING,198,198,0.17158465087413788,0.16961902379989624,-0.001965627074241638,0.0
2023-09-10,P036,ANNUAL,ndmi,NEAREST_20M_RESAMPLING,198,198,-0.033819131553173065,-0.0367196723818779,-0.002900540828704834,0.0
2023-09-10,P037,ANNUAL,ndvi,STRICT_SCL_MASK,179,179,0.35203543305397034,0.35203543305397034,0.0,0.0
2023-09-10,P037,ANNUAL,gndvi,STRICT_SCL_MASK,179,179,0.44869866967201233,0.44869866967201233,0.0,0.0
2023-09-10,P037,ANNUAL,ndre,STRICT_SCL_MASK,179,179,0.2073122262954712,0.2073122262954712,0.0,0.0
2023-09-10,P037,ANNUAL,ndmi,STRICT_SCL_MASK,179,179,0.01560907531529665,0.01560907531529665,0.0,0.0
2023-09-10,P037,ANNUAL,ndre,NEAREST_20M_RESAMPLING,179,179,0.2073122262954712,0.2072068154811859,-0.00010541081428527832,0.0
2023-09-10,P037,ANNUAL,ndmi,NEAREST_20M_RESAMPLING,179,179,0.01560907531529665,0.020911497995257378,0.005302422679960728,0.0
2023-09-10,P038,ANNUAL,ndvi,STRICT_SCL_MASK,166,166,0.06751814484596252,0.06751814484596252,0.0,0.0
2023-09-10,P038,ANNUAL,gndvi,STRICT_SCL_MASK,166,166,0.12378350645303726,0.12378350645303726,0.0,0.0
2023-09-10,P038,ANNUAL,ndre,STRICT_SCL_MASK,166,166,0.03220554441213608,0.03220554441213608,0.0,0.0
2023-09-10,P038,ANNUAL,ndmi,STRICT_SCL_MASK,166,166,-0.15307071805000305,-0.15307071805000305,0.0,0.0
2023-09-10,P038,ANNUAL,ndre,NEAREST_20M_RESAMPLING,166,166,0.03220554441213608,0.033953726291656494,0.0017481818795204163,0.0
2023-09-10,P038,ANNUAL,ndmi,NEAREST_20M_RESAMPLING,166,166,-0.15307071805000305,-0.15194642543792725,0.0011242926120758057,0.0
2023-09-10,P039,ANNUAL,ndvi,STRICT_SCL_MASK,369,369,0.3547794222831726,0.3547794222831726,0.0,0.0
2023-09-10,P039,ANNUAL,gndvi,STRICT_SCL_MASK,369,369,0.4744594991207123,0.4744594991207123,0.0,0.0
2023-09-10,P039,ANNUAL,ndre,STRICT_SCL_MASK,369,369,0.2193407416343689,0.2193407416343689,0.0,0.0
2023-09-10,P039,ANNUAL,ndmi,STRICT_SCL_MASK,369,369,-0.00933858659118414,-0.00933858659118414,0.0,0.0
2023-09-10,P039,ANNUAL,ndre,NEAREST_20M_RESAMPLING,369,369,0.2193407416343689,0.217754527926445,-0.0015862137079238892,0.0
2023-09-10,P039,ANNUAL,ndmi,NEAREST_20M_RESAMPLING,369,369,-0.00933858659118414,-0.013199484907090664,-0.0038608983159065247,0.0
2023-09-10,P040,ANNUAL,ndvi,STRICT_SCL_MASK,153,153,0.41472241282463074,0.41472241282463074,0.0,0.0
2023-09-10,P040,ANNUAL,gndvi,STRICT_SCL_MASK,153,153,0.4985579550266266,0.4985579550266266,0.0,0.0
2023-09-10,P040,ANNUAL,ndre,STRICT_SCL_MASK,153,153,0.25371497869491577,0.25371497869491577,0.0,0.0
2023-09-10,P040,ANNUAL,ndmi,STRICT_SCL_MASK,153,153,0.019266972318291664,0.019266972318291664,0.0,0.0
2023-09-10,P040,ANNUAL,ndre,NEAREST_20M_RESAMPLING,153,153,0.25371497869491577,0.2542165517807007,0.0005015730857849121,0.0
2023-09-10,P040,ANNUAL,ndmi,NEAREST_20M_RESAMPLING,153,153,0.019266972318291664,0.019568774849176407,0.00030180253088474274,0.0
2023-09-10,P041,ANNUAL,ndvi,STRICT_SCL_MASK,148,148,0.20547574758529663,0.20547574758529663,0.0,0.0
2023-09-10,P041,ANNUAL,gndvi,STRICT_SCL_MASK,148,148,0.27812260389328003,0.27812260389328003,0.0,0.0
2023-09-10,P041,ANNUAL,ndre,STRICT_SCL_MASK,148,148,0.13574115931987762,0.13574115931987762,0.0,0.0
2023-09-10,P041,ANNUAL,ndmi,STRICT_SCL_MASK,148,148,-0.05357009172439575,-0.05357009172439575,0.0,0.0
2023-09-10,P041,ANNUAL,ndre,NEAREST_20M_RESAMPLING,148,148,0.13574115931987762,0.12352199852466583,-0.012219160795211792,0.0
2023-09-10,P041,ANNUAL,ndmi,NEAREST_20M_RESAMPLING,148,148,-0.05357009172439575,-0.059256453067064285,-0.005686361342668533,0.0
2023-09-10,P042,ANNUAL,ndvi,STRICT_SCL_MASK,244,244,0.21622294187545776,0.21622294187545776,0.0,0.0
2023-09-10,P042,ANNUAL,gndvi,STRICT_SCL_MASK,244,244,0.31188932061195374,0.31188932061195374,0.0,0.0
2023-09-10,P042,ANNUAL,ndre,STRICT_SCL_MASK,244,244,0.14509615302085876,0.14509615302085876,0.0,0.0
2023-09-10,P042,ANNUAL,ndmi,STRICT_SCL_MASK,244,244,-0.03801164776086807,-0.03801164776086807,0.0,0.0
2023-09-10,P042,ANNUAL,ndre,NEAREST_20M_RESAMPLING,244,244,0.14509615302085876,0.13690710067749023,-0.00818905234336853,0.0
2023-09-10,P042,ANNUAL,ndmi,NEAREST_20M_RESAMPLING,244,244,-0.03801164776086807,-0.040441982448101044,-0.002430334687232971,0.0
2023-09-10,P043,ANNUAL,ndvi,STRICT_SCL_MASK,352,352,0.12131982296705246,0.12131982296705246,0.0,0.0
2023-09-10,P043,ANNUAL,gndvi,STRICT_SCL_MASK,352,352,0.24383077025413513,0.24383077025413513,0.0,0.0
2023-09-10,P043,ANNUAL,ndre,STRICT_SCL_MASK,352,352,0.06538563221693039,0.06538563221693039,0.0,0.0
2023-09-10,P043,ANNUAL,ndmi,STRICT_SCL_MASK,352,352,-0.1117517352104187,-0.1117517352104187,0.0,0.0
2023-09-10,P043,ANNUAL,ndre,NEAREST_20M_RESAMPLING,352,352,0.06538563221693039,0.06533865630626678,-4.6975910663604736e-05,0.0
2023-09-10,P043,ANNUAL,ndmi,NEAREST_20M_RESAMPLING,352,352,-0.1117517352104187,-0.11011507362127304,0.0016366615891456604,0.0
2023-09-10,P044,ANNUAL,ndvi,STRICT_SCL_MASK,164,164,0.1431698203086853,0.1431698203086853,0.0,0.0
2023-09-10,P044,ANNUAL,gndvi,STRICT_SCL_MASK,164,164,0.27308815717697144,0.27308815717697144,0.0,0.0
2023-09-10,P044,ANNUAL,ndre,STRICT_SCL_MASK,164,164,0.08230938017368317,0.08230938017368317,0.0,0.0
2023-09-10,P044,ANNUAL,ndmi,STRICT_SCL_MASK,164,164,-0.11080651730298996,-0.11080651730298996,0.0,0.0
2023-09-10,P044,ANNUAL,ndre,NEAREST_20M_RESAMPLING,164,164,0.08230938017368317,0.07845491915941238,-0.0038544610142707825,0.0
2023-09-10,P044,ANNUAL,ndmi,NEAREST_20M_RESAMPLING,164,164,-0.11080651730298996,-0.11579075455665588,-0.004984237253665924,0.0
2023-09-10,P045,ANNUAL,ndvi,STRICT_SCL_MASK,252,252,0.15398377180099487,0.15398377180099487,0.0,0.0
2023-09-10,P045,ANNUAL,gndvi,STRICT_SCL_MASK,252,252,0.30647820234298706,0.30647820234298706,0.0,0.0
2023-09-10,P045,ANNUAL,ndre,STRICT_SCL_MASK,252,252,0.08633103966712952,0.08633103966712952,0.0,0.0
2023-09-10,P045,ANNUAL,ndmi,STRICT_SCL_MASK,252,252,-0.09036555886268616,-0.09036555886268616,0.0,0.0
2023-09-10,P045,ANNUAL,ndre,NEAREST_20M_RESAMPLING,252,252,0.08633103966712952,0.08540685474872589,-0.0009241849184036255,0.0
2023-09-10,P045,ANNUAL,ndmi,NEAREST_20M_RESAMPLING,252,252,-0.09036555886268616,-0.09072263538837433,-0.0003570765256881714,0.0
2023-09-10,P046,ANNUAL,ndvi,STRICT_SCL_MASK,160,160,0.47890526056289673,0.47890526056289673,0.0,0.0
2023-09-10,P046,ANNUAL,gndvi,STRICT_SCL_MASK,160,160,0.5218679904937744,0.5218679904937744,0.0,0.0
2023-09-10,P046,ANNUAL,ndre,STRICT_SCL_MASK,160,160,0.300942599773407,0.300942599773407,0.0,0.0
2023-09-10,P046,ANNUAL,ndmi,STRICT_SCL_MASK,160,160,-0.04240407049655914,-0.04240407049655914,0.0,0.0
2023-09-10,P046,ANNUAL,ndre,NEAREST_20M_RESAMPLING,160,160,0.300942599773407,0.2957701086997986,-0.0051724910736083984,0.0
2023-09-10,P046,ANNUAL,ndmi,NEAREST_20M_RESAMPLING,160,160,-0.04240407049655914,-0.044099390506744385,-0.0016953200101852417,0.0
2023-09-10,P047,ANNUAL,ndvi,STRICT_SCL_MASK,235,235,0.0934128686785698,0.0934128686785698,0.0,0.0
2023-09-10,P047,ANNUAL,gndvi,STRICT_SCL_MASK,235,235,0.16770915687084198,0.16770915687084198,0.0,0.0
2023-09-10,P047,ANNUAL,ndre,STRICT_SCL_MASK,235,235,0.04567784070968628,0.04567784070968628,0.0,0.0
2023-09-10,P047,ANNUAL,ndmi,STRICT_SCL_MASK,235,235,-0.12651722133159637,-0.12651722133159637,0.0,0.0
2023-09-10,P047,ANNUAL,ndre,NEAREST_20M_RESAMPLING,235,235,0.04567784070968628,0.047131605446338654,0.0014537647366523743,0.0
2023-09-10,P047,ANNUAL,ndmi,NEAREST_20M_RESAMPLING,235,235,-0.12651722133159637,-0.12505963444709778,0.0014575868844985962,0.0
2023-10-10,P001,VINEYARD,ndvi,STRICT_SCL_MASK,177,177,0.4295178949832916,0.4295178949832916,0.0,0.0
2023-10-10,P001,VINEYARD,gndvi,STRICT_SCL_MASK,177,177,0.5175472497940063,0.5175472497940063,0.0,0.0
2023-10-10,P001,VINEYARD,ndre,STRICT_SCL_MASK,177,177,0.24567459523677826,0.24567459523677826,0.0,0.0
2023-10-10,P001,VINEYARD,ndmi,STRICT_SCL_MASK,177,177,-0.05696718394756317,-0.05696718394756317,0.0,0.0
2023-10-10,P001,VINEYARD,ndre,NEAREST_20M_RESAMPLING,177,177,0.24567459523677826,0.24372032284736633,-0.0019542723894119263,0.0
2023-10-10,P001,VINEYARD,ndmi,NEAREST_20M_RESAMPLING,177,177,-0.05696718394756317,-0.06090664491057396,-0.003939460963010788,0.0
2023-10-10,P002,VINEYARD,ndvi,STRICT_SCL_MASK,261,261,0.3516303598880768,0.3516303598880768,0.0,0.0
2023-10-10,P002,VINEYARD,gndvi,STRICT_SCL_MASK,261,261,0.46957623958587646,0.46957623958587646,0.0,0.0
2023-10-10,P002,VINEYARD,ndre,STRICT_SCL_MASK,261,261,0.20641405880451202,0.20641405880451202,0.0,0.0
2023-10-10,P002,VINEYARD,ndmi,STRICT_SCL_MASK,261,261,-0.13455143570899963,-0.13455143570899963,0.0,0.0
2023-10-10,P002,VINEYARD,ndre,NEAREST_20M_RESAMPLING,261,261,0.20641405880451202,0.2042912393808365,-0.002122819423675537,0.0
2023-10-10,P002,VINEYARD,ndmi,NEAREST_20M_RESAMPLING,261,261,-0.13455143570899963,-0.13457129895687103,-1.9863247871398926e-05,0.0
2023-10-10,P003,VINEYARD,ndvi,STRICT_SCL_MASK,234,234,0.5618691444396973,0.5618691444396973,0.0,0.0
2023-10-10,P003,VINEYARD,gndvi,STRICT_SCL_MASK,234,234,0.6148931980133057,0.6148931980133057,0.0,0.0
2023-10-10,P003,VINEYARD,ndre,STRICT_SCL_MASK,234,234,0.35514891147613525,0.35514891147613525,0.0,0.0
2023-10-10,P003,VINEYARD,ndmi,STRICT_SCL_MASK,234,234,-0.01548792328685522,-0.01548792328685522,0.0,0.0
2023-10-10,P003,VINEYARD,ndre,NEAREST_20M_RESAMPLING,234,234,0.35514891147613525,0.35631754994392395,0.0011686384677886963,0.0
2023-10-10,P003,VINEYARD,ndmi,NEAREST_20M_RESAMPLING,234,234,-0.01548792328685522,-0.012677712365984917,0.002810210920870304,0.0
2023-10-10,P004,VINEYARD,ndvi,STRICT_SCL_MASK,226,226,0.365689218044281,0.365689218044281,0.0,0.0
2023-10-10,P004,VINEYARD,gndvi,STRICT_SCL_MASK,226,226,0.48129963874816895,0.48129963874816895,0.0,0.0
2023-10-10,P004,VINEYARD,ndre,STRICT_SCL_MASK,226,226,0.23030081391334534,0.23030081391334534,0.0,0.0
2023-10-10,P004,VINEYARD,ndmi,STRICT_SCL_MASK,226,226,0.0003024384786840528,0.0003024384786840528,0.0,0.0
2023-10-10,P004,VINEYARD,ndre,NEAREST_20M_RESAMPLING,226,226,0.23030081391334534,0.2297859489917755,-0.0005148649215698242,0.0
2023-10-10,P004,VINEYARD,ndmi,NEAREST_20M_RESAMPLING,226,226,0.0003024384786840528,-0.0003025679325219244,-0.0006050064112059772,0.0
2023-10-10,P005,VINEYARD,ndvi,STRICT_SCL_MASK,132,132,0.461894154548645,0.461894154548645,0.0,0.0
2023-10-10,P005,VINEYARD,gndvi,STRICT_SCL_MASK,132,132,0.505483865737915,0.505483865737915,0.0,0.0
2023-10-10,P005,VINEYARD,ndre,STRICT_SCL_MASK,132,132,0.28580188751220703,0.28580188751220703,0.0,0.0
2023-10-10,P005,VINEYARD,ndmi,STRICT_SCL_MASK,132,132,0.07085268944501877,0.07085268944501877,0.0,0.0
2023-10-10,P005,VINEYARD,ndre,NEAREST_20M_RESAMPLING,132,132,0.28580188751220703,0.28970932960510254,0.003907442092895508,0.0
2023-10-10,P005,VINEYARD,ndmi,NEAREST_20M_RESAMPLING,132,132,0.07085268944501877,0.07133284211158752,0.0004801526665687561,0.0
2023-10-10,P006,VINEYARD,ndvi,STRICT_SCL_MASK,327,327,0.6741190552711487,0.6741190552711487,0.0,0.0
2023-10-10,P006,VINEYARD,gndvi,STRICT_SCL_MASK,327,327,0.676048755645752,0.676048755645752,0.0,0.0
2023-10-10,P006,VINEYARD,ndre,STRICT_SCL_MASK,327,327,0.4519863724708557,0.4519863724708557,0.0,0.0
2023-10-10,P006,VINEYARD,ndmi,STRICT_SCL_MASK,327,327,0.08815420418977737,0.08815420418977737,0.0,0.0
2023-10-10,P006,VINEYARD,ndre,NEAREST_20M_RESAMPLING,327,327,0.4519863724708557,0.4610176086425781,0.009031236171722412,0.0
2023-10-10,P006,VINEYARD,ndmi,NEAREST_20M_RESAMPLING,327,327,0.08815420418977737,0.0961313471198082,0.007977142930030823,0.0
2023-10-10,P007,VINEYARD,ndvi,STRICT_SCL_MASK,0,0,,,,
2023-10-10,P007,VINEYARD,gndvi,STRICT_SCL_MASK,0,0,,,,
2023-10-10,P007,VINEYARD,ndre,STRICT_SCL_MASK,0,0,,,,
2023-10-10,P007,VINEYARD,ndmi,STRICT_SCL_MASK,0,0,,,,
2023-10-10,P007,VINEYARD,ndre,NEAREST_20M_RESAMPLING,0,0,,,,
2023-10-10,P007,VINEYARD,ndmi,NEAREST_20M_RESAMPLING,0,0,,,,
2023-10-10,P008,VINEYARD,ndvi,STRICT_SCL_MASK,0,0,,,,
2023-10-10,P008,VINEYARD,gndvi,STRICT_SCL_MASK,0,0,,,,
2023-10-10,P008,VINEYARD,ndre,STRICT_SCL_MASK,0,0,,,,
2023-10-10,P008,VINEYARD,ndmi,STRICT_SCL_MASK,0,0,,,,
2023-10-10,P008,VINEYARD,ndre,NEAREST_20M_RESAMPLING,0,0,,,,
2023-10-10,P008,VINEYARD,ndmi,NEAREST_20M_RESAMPLING,0,0,,,,
2023-10-10,P009,VINEYARD,ndvi,STRICT_SCL_MASK,107,107,0.46744734048843384,0.46744734048843384,0.0,0.0
2023-10-10,P009,VINEYARD,gndvi,STRICT_SCL_MASK,107,107,0.5242140889167786,0.5242140889167786,0.0,0.0
2023-10-10,P009,VINEYARD,ndre,STRICT_SCL_MASK,107,107,0.30262601375579834,0.30262601375579834,0.0,0.0
2023-10-10,P009,VINEYARD,ndmi,STRICT_SCL_MASK,107,107,-0.024255575612187386,-0.024255575612187386,0.0,0.0
2023-10-10,P009,VINEYARD,ndre,NEAREST_20M_RESAMPLING,107,107,0.30262601375579834,0.3003053069114685,-0.002320706844329834,0.0
2023-10-10,P009,VINEYARD,ndmi,NEAREST_20M_RESAMPLING,107,107,-0.024255575612187386,-0.025133851915597916,-0.0008782763034105301,0.0
2023-10-10,P010,VINEYARD,ndvi,STRICT_SCL_MASK,310,310,0.4583969712257385,0.4583969712257385,0.0,0.0
2023-10-10,P010,VINEYARD,gndvi,STRICT_SCL_MASK,310,310,0.5379433631896973,0.5379433631896973,0.0,0.0
2023-10-10,P010,VINEYARD,ndre,STRICT_SCL_MASK,310,310,0.29499953985214233,0.29499953985214233,0.0,0.0
2023-10-10,P010,VINEYARD,ndmi,STRICT_SCL_MASK,310,310,-0.01964283548295498,-0.01964283548295498,0.0,0.0
2023-10-10,P010,VINEYARD,ndre,NEAREST_20M_RESAMPLING,310,310,0.29499953985214233,0.2926677465438843,-0.0023317933082580566,0.0
2023-10-10,P010,VINEYARD,ndmi,NEAREST_20M_RESAMPLING,310,310,-0.01964283548295498,-0.025534193962812424,-0.005891358479857445,0.0
2023-10-10,P011,VINEYARD,ndvi,STRICT_SCL_MASK,229,229,0.4641634523868561,0.4641634523868561,0.0,0.0
2023-10-10,P011,VINEYARD,gndvi,STRICT_SCL_MASK,229,229,0.48533666133880615,0.48533666133880615,0.0,0.0
2023-10-10,P011,VINEYARD,ndre,STRICT_SCL_MASK,229,229,0.26856523752212524,0.26856523752212524,0.0,0.0
2023-10-10,P011,VINEYARD,ndmi,STRICT_SCL_MASK,229,229,-0.0313236303627491,-0.0313236303627491,0.0,0.0
2023-10-10,P011,VINEYARD,ndre,NEAREST_20M_RESAMPLING,229,229,0.26856523752212524,0.2682434022426605,-0.0003218352794647217,0.0
2023-10-10,P011,VINEYARD,ndmi,NEAREST_20M_RESAMPLING,229,229,-0.0313236303627491,-0.025223368778824806,0.0061002615839242935,0.0
2023-10-10,P012,VINEYARD,ndvi,STRICT_SCL_MASK,165,165,0.46023988723754883,0.46023988723754883,0.0,0.0
2023-10-10,P012,VINEYARD,gndvi,STRICT_SCL_MASK,165,165,0.5649879574775696,0.5649879574775696,0.0,0.0
2023-10-10,P012,VINEYARD,ndre,STRICT_SCL_MASK,165,165,0.29871252179145813,0.29871252179145813,0.0,0.0
2023-10-10,P012,VINEYARD,ndmi,STRICT_SCL_MASK,165,165,0.04877147451043129,0.04877147451043129,0.0,0.0
2023-10-10,P012,VINEYARD,ndre,NEAREST_20M_RESAMPLING,165,165,0.29871252179145813,0.29589757323265076,-0.002814948558807373,0.0
2023-10-10,P012,VINEYARD,ndmi,NEAREST_20M_RESAMPLING,165,165,0.04877147451043129,0.04727762192487717,-0.001493852585554123,0.0
2023-10-10,P013,ORCHARD,ndvi,STRICT_SCL_MASK,73,73,0.33375126123428345,0.33375126123428345,0.0,0.0
2023-10-10,P013,ORCHARD,gndvi,STRICT_SCL_MASK,73,73,0.4445159137248993,0.4445159137248993,0.0,0.0
2023-10-10,P013,ORCHARD,ndre,STRICT_SCL_MASK,73,73,0.22003549337387085,0.22003549337387085,0.0,0.0
2023-10-10,P013,ORCHARD,ndmi,STRICT_SCL_MASK,73,73,-0.16882118582725525,-0.16882118582725525,0.0,0.0
2023-10-10,P013,ORCHARD,ndre,NEAREST_20M_RESAMPLING,73,73,0.22003549337387085,0.21895630657672882,-0.0010791867971420288,0.0
2023-10-10,P013,ORCHARD,ndmi,NEAREST_20M_RESAMPLING,73,73,-0.16882118582725525,-0.16835230588912964,0.00046887993812561035,0.0
2023-10-10,P014,ORCHARD,ndvi,STRICT_SCL_MASK,105,105,0.48078903555870056,0.48078903555870056,0.0,0.0
2023-10-10,P014,ORCHARD,gndvi,STRICT_SCL_MASK,105,105,0.5588567852973938,0.5588567852973938,0.0,0.0
2023-10-10,P014,ORCHARD,ndre,STRICT_SCL_MASK,105,105,0.3051778972148895,0.3051778972148895,0.0,0.0
2023-10-10,P014,ORCHARD,ndmi,STRICT_SCL_MASK,105,105,0.008509497158229351,0.008509497158229351,0.0,0.0
2023-10-10,P014,ORCHARD,ndre,NEAREST_20M_RESAMPLING,105,105,0.3051778972148895,0.30159416794776917,-0.0035837292671203613,0.0
2023-10-10,P014,ORCHARD,ndmi,NEAREST_20M_RESAMPLING,105,105,0.008509497158229351,0.007492764387279749,-0.0010167327709496021,0.0
2023-10-10,P015,ORCHARD,ndvi,STRICT_SCL_MASK,177,177,0.5048720836639404,0.5048720836639404,0.0,0.0
2023-10-10,P015,ORCHARD,gndvi,STRICT_SCL_MASK,177,177,0.5547156929969788,0.5547156929969788,0.0,0.0
2023-10-10,P015,ORCHARD,ndre,STRICT_SCL_MASK,177,177,0.32469356060028076,0.32469356060028076,0.0,0.0
2023-10-10,P015,ORCHARD,ndmi,STRICT_SCL_MASK,177,177,0.08822430670261383,0.08822430670261383,0.0,0.0
2023-10-10,P015,ORCHARD,ndre,NEAREST_20M_RESAMPLING,177,177,0.32469356060028076,0.3470541536808014,0.02236059308052063,0.0
2023-10-10,P015,ORCHARD,ndmi,NEAREST_20M_RESAMPLING,177,177,0.08822430670261383,0.09698256105184555,0.00875825434923172,0.0
2023-10-10,P016,ORCHARD,ndvi,STRICT_SCL_MASK,0,0,,,,
2023-10-10,P016,ORCHARD,gndvi,STRICT_SCL_MASK,0,0,,,,
2023-10-10,P016,ORCHARD,ndre,STRICT_SCL_MASK,0,0,,,,
2023-10-10,P016,ORCHARD,ndmi,STRICT_SCL_MASK,0,0,,,,
2023-10-10,P016,ORCHARD,ndre,NEAREST_20M_RESAMPLING,0,0,,,,
2023-10-10,P016,ORCHARD,ndmi,NEAREST_20M_RESAMPLING,0,0,,,,
2023-10-10,P017,ORCHARD,ndvi,STRICT_SCL_MASK,487,487,0.36965620517730713,0.36965620517730713,0.0,0.0
2023-10-10,P017,ORCHARD,gndvi,STRICT_SCL_MASK,487,487,0.4178144335746765,0.4178144335746765,0.0,0.0
2023-10-10,P017,ORCHARD,ndre,STRICT_SCL_MASK,487,487,0.23234257102012634,0.23234257102012634,0.0,0.0
2023-10-10,P017,ORCHARD,ndmi,STRICT_SCL_MASK,487,487,-0.025890953838825226,-0.025890953838825226,0.0,0.0
2023-10-10,P017,ORCHARD,ndre,NEAREST_20M_RESAMPLING,487,487,0.23234257102012634,0.23268231749534607,0.00033974647521972656,0.0
2023-10-10,P017,ORCHARD,ndmi,NEAREST_20M_RESAMPLING,487,487,-0.025890953838825226,-0.02874363772571087,-0.002852683886885643,0.0
2023-10-10,P018,ORCHARD,ndvi,STRICT_SCL_MASK,198,198,0.7917755246162415,0.7917755246162415,0.0,0.0
2023-10-10,P018,ORCHARD,gndvi,STRICT_SCL_MASK,198,198,0.7708910703659058,0.7708910703659058,0.0,0.0
2023-10-10,P018,ORCHARD,ndre,STRICT_SCL_MASK,198,198,0.5867345333099365,0.5867345333099365,0.0,0.0
2023-10-10,P018,ORCHARD,ndmi,STRICT_SCL_MASK,198,198,0.32469844818115234,0.32469844818115234,0.0,0.0
2023-10-10,P018,ORCHARD,ndre,NEAREST_20M_RESAMPLING,198,198,0.5867345333099365,0.5930662751197815,0.006331741809844971,0.0
2023-10-10,P018,ORCHARD,ndmi,NEAREST_20M_RESAMPLING,198,198,0.32469844818115234,0.3337280750274658,0.009029626846313477,0.0
2023-10-10,P019,ORCHARD,ndvi,STRICT_SCL_MASK,132,132,0.6015177965164185,0.6015177965164185,0.0,0.0
2023-10-10,P019,ORCHARD,gndvi,STRICT_SCL_MASK,132,132,0.6244362592697144,0.6244362592697144,0.0,0.0
2023-10-10,P019,ORCHARD,ndre,STRICT_SCL_MASK,132,132,0.41449081897735596,0.41449081897735596,0.0,0.0
2023-10-10,P019,ORCHARD,ndmi,STRICT_SCL_MASK,132,132,0.029779907315969467,0.029779907315969467,0.0,0.0
2023-10-10,P019,ORCHARD,ndre,NEAREST_20M_RESAMPLING,132,132,0.41449081897735596,0.4252960681915283,0.010805249214172363,0.0
2023-10-10,P019,ORCHARD,ndmi,NEAREST_20M_RESAMPLING,132,132,0.029779907315969467,0.037504494190216064,0.007724586874246597,0.0
2023-10-10,P020,ORCHARD,ndvi,STRICT_SCL_MASK,398,398,0.5677077770233154,0.5677077770233154,0.0,0.0
2023-10-10,P020,ORCHARD,gndvi,STRICT_SCL_MASK,398,398,0.5649645328521729,0.5649645328521729,0.0,0.0
2023-10-10,P020,ORCHARD,ndre,STRICT_SCL_MASK,398,398,0.3958466947078705,0.3958466947078705,0.0,0.0
2023-10-10,P020,ORCHARD,ndmi,STRICT_SCL_MASK,398,398,0.13303044438362122,0.13303044438362122,0.0,0.0
2023-10-10,P020,ORCHARD,ndre,NEAREST_20M_RESAMPLING,398,398,0.3958466947078705,0.3997088670730591,0.0038621723651885986,0.0
2023-10-10,P020,ORCHARD,ndmi,NEAREST_20M_RESAMPLING,398,398,0.13303044438362122,0.1369762420654297,0.003945797681808472,0.0
2023-10-10,P021,ORCHARD,ndvi,STRICT_SCL_MASK,245,245,0.257111519575119,0.257111519575119,0.0,0.0
2023-10-10,P021,ORCHARD,gndvi,STRICT_SCL_MASK,245,245,0.300054669380188,0.300054669380188,0.0,0.0
2023-10-10,P021,ORCHARD,ndre,STRICT_SCL_MASK,245,245,0.1674603670835495,0.1674603670835495,0.0,0.0
2023-10-10,P021,ORCHARD,ndmi,STRICT_SCL_MASK,245,245,-0.032304614782333374,-0.032304614782333374,0.0,0.0
2023-10-10,P021,ORCHARD,ndre,NEAREST_20M_RESAMPLING,245,245,0.1674603670835495,0.1679297685623169,0.000469401478767395,0.0
2023-10-10,P021,ORCHARD,ndmi,NEAREST_20M_RESAMPLING,245,245,-0.032304614782333374,-0.029093869030475616,0.0032107457518577576,0.0
2023-10-10,P022,ORCHARD,ndvi,STRICT_SCL_MASK,256,256,0.7889058589935303,0.7889058589935303,0.0,0.0
2023-10-10,P022,ORCHARD,gndvi,STRICT_SCL_MASK,256,256,0.7389974594116211,0.7389974594116211,0.0,0.0
2023-10-10,P022,ORCHARD,ndre,STRICT_SCL_MASK,256,256,0.5827522277832031,0.5827522277832031,0.0,0.0
2023-10-10,P022,ORCHARD,ndmi,STRICT_SCL_MASK,256,256,0.293872594833374,0.293872594833374,0.0,0.0
2023-10-10,P022,ORCHARD,ndre,NEAREST_20M_RESAMPLING,256,256,0.5827522277832031,0.5846216082572937,0.0018693804740905762,0.0
2023-10-10,P022,ORCHARD,ndmi,NEAREST_20M_RESAMPLING,256,256,0.293872594833374,0.29578185081481934,0.0019092559814453125,0.0
2023-10-10,P023,ORCHARD,ndvi,STRICT_SCL_MASK,148,148,0.6595232486724854,0.6595232486724854,0.0,0.0
2023-10-10,P023,ORCHARD,gndvi,STRICT_SCL_MASK,148,148,0.6506824493408203,0.6506824493408203,0.0,0.0
2023-10-10,P023,ORCHARD,ndre,STRICT_SCL_MASK,148,148,0.41891518235206604,0.41891518235206604,0.0,0.0
2023-10-10,P023,ORCHARD,ndmi,STRICT_SCL_MASK,148,148,0.09676189720630646,0.09676189720630646,0.0,0.0
2023-10-10,P023,ORCHARD,ndre,NEAREST_20M_RESAMPLING,148,148,0.41891518235206604,0.4268780052661896,0.007962822914123535,0.0
2023-10-10,P023,ORCHARD,ndmi,NEAREST_20M_RESAMPLING,148,148,0.09676189720630646,0.10655483603477478,0.009792938828468323,0.0
2023-10-10,P024,ORCHARD,ndvi,STRICT_SCL_MASK,125,125,0.5893861651420593,0.5893861651420593,0.0,0.0
2023-10-10,P024,ORCHARD,gndvi,STRICT_SCL_MASK,125,125,0.6139441132545471,0.6139441132545471,0.0,0.0
2023-10-10,P024,ORCHARD,ndre,STRICT_SCL_MASK,125,125,0.36980727314949036,0.36980727314949036,0.0,0.0
2023-10-10,P024,ORCHARD,ndmi,STRICT_SCL_MASK,125,125,0.0768837183713913,0.0768837183713913,0.0,0.0
2023-10-10,P024,ORCHARD,ndre,NEAREST_20M_RESAMPLING,125,125,0.36980727314949036,0.37084025144577026,0.0010329782962799072,0.0
2023-10-10,P024,ORCHARD,ndmi,NEAREST_20M_RESAMPLING,125,125,0.0768837183713913,0.08108089119195938,0.004197172820568085,0.0
2023-10-10,P025,OLIVE,ndvi,STRICT_SCL_MASK,191,191,0.6936523914337158,0.6936523914337158,0.0,0.0
2023-10-10,P025,OLIVE,gndvi,STRICT_SCL_MASK,191,191,0.7073644995689392,0.7073644995689392,0.0,0.0
2023-10-10,P025,OLIVE,ndre,STRICT_SCL_MASK,191,191,0.5228917598724365,0.5228917598724365,0.0,0.0
2023-10-10,P025,OLIVE,ndmi,STRICT_SCL_MASK,191,191,0.2606008052825928,0.2606008052825928,0.0,0.0
2023-10-10,P025,OLIVE,ndre,NEAREST_20M_RESAMPLING,191,191,0.5228917598724365,0.5214117765426636,-0.0014799833297729492,0.0
2023-10-10,P025,OLIVE,ndmi,NEAREST_20M_RESAMPLING,191,191,0.2606008052825928,0.26202264428138733,0.0014218389987945557,0.0
2023-10-10,P026,OLIVE,ndvi,STRICT_SCL_MASK,120,120,0.37772154808044434,0.37772154808044434,0.0,0.0
2023-10-10,P026,OLIVE,gndvi,STRICT_SCL_MASK,120,120,0.4558601379394531,0.4558601379394531,0.0,0.0
2023-10-10,P026,OLIVE,ndre,STRICT_SCL_MASK,120,120,0.24314534664154053,0.24314534664154053,0.0,0.0
2023-10-10,P026,OLIVE,ndmi,STRICT_SCL_MASK,120,120,-0.044682059437036514,-0.044682059437036514,0.0,0.0
2023-10-10,P026,OLIVE,ndre,NEAREST_20M_RESAMPLING,120,120,0.24314534664154053,0.24682730436325073,0.003681957721710205,0.0
2023-10-10,P026,OLIVE,ndmi,NEAREST_20M_RESAMPLING,120,120,-0.044682059437036514,-0.04234028980135918,0.0023417696356773376,0.0
2023-10-10,P027,OLIVE,ndvi,STRICT_SCL_MASK,479,479,0.496620237827301,0.496620237827301,0.0,0.0
2023-10-10,P027,OLIVE,gndvi,STRICT_SCL_MASK,479,479,0.5444326400756836,0.5444326400756836,0.0,0.0
2023-10-10,P027,OLIVE,ndre,STRICT_SCL_MASK,479,479,0.3451625108718872,0.3451625108718872,0.0,0.0
2023-10-10,P027,OLIVE,ndmi,STRICT_SCL_MASK,479,479,0.016139177605509758,0.016139177605509758,0.0,0.0
2023-10-10,P027,OLIVE,ndre,NEAREST_20M_RESAMPLING,479,479,0.3451625108718872,0.34102046489715576,-0.004142045974731445,0.0
2023-10-10,P027,OLIVE,ndmi,NEAREST_20M_RESAMPLING,479,479,0.016139177605509758,0.021124931052327156,0.004985753446817398,0.0
2023-10-10,P028,OLIVE,ndvi,STRICT_SCL_MASK,435,435,0.30678611993789673,0.30678611993789673,0.0,0.0
2023-10-10,P028,OLIVE,gndvi,STRICT_SCL_MASK,435,435,0.4262072741985321,0.4262072741985321,0.0,0.0
2023-10-10,P028,OLIVE,ndre,STRICT_SCL_MASK,435,435,0.19762681424617767,0.19762681424617767,0.0,0.0
2023-10-10,P028,OLIVE,ndmi,STRICT_SCL_MASK,435,435,-0.17880700528621674,-0.17880700528621674,0.0,0.0
2023-10-10,P028,OLIVE,ndre,NEAREST_20M_RESAMPLING,435,435,0.19762681424617767,0.194705531001091,-0.00292128324508667,0.0
2023-10-10,P028,OLIVE,ndmi,NEAREST_20M_RESAMPLING,435,435,-0.17880700528621674,-0.18136295676231384,-0.002555951476097107,0.0
2023-10-10,P029,OLIVE,ndvi,STRICT_SCL_MASK,121,121,0.6603756546974182,0.6603756546974182,0.0,0.0
2023-10-10,P029,OLIVE,gndvi,STRICT_SCL_MASK,121,121,0.6934131979942322,0.6934131979942322,0.0,0.0
2023-10-10,P029,OLIVE,ndre,STRICT_SCL_MASK,121,121,0.5162537693977356,0.5162537693977356,0.0,0.0
2023-10-10,P029,OLIVE,ndmi,STRICT_SCL_MASK,121,121,0.18382851779460907,0.18382851779460907,0.0,0.0
2023-10-10,P029,OLIVE,ndre,NEAREST_20M_RESAMPLING,121,121,0.5162537693977356,0.5202480554580688,0.003994286060333252,0.0
2023-10-10,P029,OLIVE,ndmi,NEAREST_20M_RESAMPLING,121,121,0.18382851779460907,0.18957483768463135,0.005746319890022278,0.0
2023-10-10,P030,OLIVE,ndvi,STRICT_SCL_MASK,86,86,0.5944845676422119,0.5944845676422119,0.0,0.0
2023-10-10,P030,OLIVE,gndvi,STRICT_SCL_MASK,86,86,0.6289003491401672,0.6289003491401672,0.0,0.0
2023-10-10,P030,OLIVE,ndre,STRICT_SCL_MASK,86,86,0.41769155859947205,0.41769155859947205,0.0,0.0
2023-10-10,P030,OLIVE,ndmi,STRICT_SCL_MASK,86,86,0.17389103770256042,0.17389103770256042,0.0,0.0
2023-10-10,P030,OLIVE,ndre,NEAREST_20M_RESAMPLING,86,86,0.41769155859947205,0.41378211975097656,-0.003909438848495483,0.0
2023-10-10,P030,OLIVE,ndmi,NEAREST_20M_RESAMPLING,86,86,0.17389103770256042,0.16756825149059296,-0.006322786211967468,0.0
2023-10-10,P031,OLIVE,ndvi,STRICT_SCL_MASK,87,87,0.45382604002952576,0.45382604002952576,0.0,0.0
2023-10-10,P031,OLIVE,gndvi,STRICT_SCL_MASK,87,87,0.5105224847793579,0.5105224847793579,0.0,0.0
2023-10-10,P031,OLIVE,ndre,STRICT_SCL_MASK,87,87,0.30982542037963867,0.30982542037963867,0.0,0.0
2023-10-10,P031,OLIVE,ndmi,STRICT_SCL_MASK,87,87,-0.026387514546513557,-0.026387514546513557,0.0,0.0
2023-10-10,P031,OLIVE,ndre,NEAREST_20M_RESAMPLING,87,87,0.30982542037963867,0.303566575050354,-0.006258845329284668,0.0
2023-10-10,P031,OLIVE,ndmi,NEAREST_20M_RESAMPLING,87,87,-0.026387514546513557,-0.029081983491778374,-0.0026944689452648163,0.0
2023-10-10,P032,OLIVE,ndvi,STRICT_SCL_MASK,186,186,0.33698004484176636,0.33698004484176636,0.0,0.0
2023-10-10,P032,OLIVE,gndvi,STRICT_SCL_MASK,186,186,0.4442204535007477,0.4442204535007477,0.0,0.0
2023-10-10,P032,OLIVE,ndre,STRICT_SCL_MASK,186,186,0.22004911303520203,0.22004911303520203,0.0,0.0
2023-10-10,P032,OLIVE,ndmi,STRICT_SCL_MASK,186,186,-0.07865944504737854,-0.07865944504737854,0.0,0.0
2023-10-10,P032,OLIVE,ndre,NEAREST_20M_RESAMPLING,186,186,0.22004911303520203,0.21920132637023926,-0.0008477866649627686,0.0
2023-10-10,P032,OLIVE,ndmi,NEAREST_20M_RESAMPLING,186,186,-0.07865944504737854,-0.07900579273700714,-0.0003463476896286011,0.0
2023-10-10,P033,OLIVE,ndvi,STRICT_SCL_MASK,184,184,0.3003743886947632,0.3003743886947632,0.0,0.0
2023-10-10,P033,OLIVE,gndvi,STRICT_SCL_MASK,184,184,0.40838122367858887,0.40838122367858887,0.0,0.0
2023-10-10,P033,OLIVE,ndre,STRICT_SCL_MASK,184,184,0.20198795199394226,0.20198795199394226,0.0,0.0
2023-10-10,P033,OLIVE,ndmi,STRICT_SCL_MASK,184,184,-0.09650076180696487,-0.09650076180696487,0.0,0.0
2023-10-10,P033,OLIVE,ndre,NEAREST_20M_RESAMPLING,184,184,0.20198795199394226,0.1987420618534088,-0.0032458901405334473,0.0
2023-10-10,P033,OLIVE,ndmi,NEAREST_20M_RESAMPLING,184,184,-0.09650076180696487,-0.0982203334569931,-0.0017195716500282288,0.0
2023-10-10,P034,OLIVE,ndvi,STRICT_SCL_MASK,184,184,0.5839133262634277,0.5839133262634277,0.0,0.0
2023-10-10,P034,OLIVE,gndvi,STRICT_SCL_MASK,184,184,0.5974712371826172,0.5974712371826172,0.0,0.0
2023-10-10,P034,OLIVE,ndre,STRICT_SCL_MASK,184,184,0.41315576434135437,0.41315576434135437,0.0,0.0
2023-10-10,P034,OLIVE,ndmi,STRICT_SCL_MASK,184,184,0.09489801526069641,0.09489801526069641,0.0,0.0
2023-10-10,P034,OLIVE,ndre,NEAREST_20M_RESAMPLING,184,184,0.41315576434135437,0.39749518036842346,-0.015660583972930908,0.0
2023-10-10,P034,OLIVE,ndmi,NEAREST_20M_RESAMPLING,184,184,0.09489801526069641,0.0859442800283432,-0.00895373523235321,0.0
2023-10-10,P035,OLIVE,ndvi,STRICT_SCL_MASK,331,331,0.39090776443481445,0.39090776443481445,0.0,0.0
2023-10-10,P035,OLIVE,gndvi,STRICT_SCL_MASK,331,331,0.459748238325119,0.459748238325119,0.0,0.0
2023-10-10,P035,OLIVE,ndre,STRICT_SCL_MASK,331,331,0.27044856548309326,0.27044856548309326,0.0,0.0
2023-10-10,P035,OLIVE,ndmi,STRICT_SCL_MASK,331,331,0.03529748320579529,0.03529748320579529,0.0,0.0
2023-10-10,P035,OLIVE,ndre,NEAREST_20M_RESAMPLING,331,331,0.27044856548309326,0.27432769536972046,0.0038791298866271973,0.0
2023-10-10,P035,OLIVE,ndmi,NEAREST_20M_RESAMPLING,331,331,0.03529748320579529,0.04315386712551117,0.007856383919715881,0.0
2023-10-10,P036,ANNUAL,ndvi,STRICT_SCL_MASK,198,198,0.12307924777269363,0.12307924777269363,0.0,0.0
2023-10-10,P036,ANNUAL,gndvi,STRICT_SCL_MASK,198,198,0.23483365774154663,0.23483365774154663,0.0,0.0
2023-10-10,P036,ANNUAL,ndre,STRICT_SCL_MASK,198,198,0.06340783834457397,0.06340783834457397,0.0,0.0
2023-10-10,P036,ANNUAL,ndmi,STRICT_SCL_MASK,198,198,-0.1389896273612976,-0.1389896273612976,0.0,0.0
2023-10-10,P036,ANNUAL,ndre,NEAREST_20M_RESAMPLING,198,198,0.06340783834457397,0.0626489520072937,-0.0007588863372802734,0.0
2023-10-10,P036,ANNUAL,ndmi,NEAREST_20M_RESAMPLING,198,198,-0.1389896273612976,-0.14002534747123718,-0.0010357201099395752,0.0
2023-10-10,P037,ANNUAL,ndvi,STRICT_SCL_MASK,179,179,0.31567245721817017,0.31567245721817017,0.0,0.0
2023-10-10,P037,ANNUAL,gndvi,STRICT_SCL_MASK,179,179,0.4162726104259491,0.4162726104259491,0.0,0.0
2023-10-10,P037,ANNUAL,ndre,STRICT_SCL_MASK,179,179,0.17923377454280853,0.17923377454280853,0.0,0.0
2023-10-10,P037,ANNUAL,ndmi,STRICT_SCL_MASK,179,179,-0.05151937156915665,-0.05151937156915665,0.0,0.0
2023-10-10,P037,ANNUAL,ndre,NEAREST_20M_RESAMPLING,179,179,0.17923377454280853,0.17939385771751404,0.00016008317470550537,0.0
2023-10-10,P037,ANNUAL,ndmi,NEAREST_20M_RESAMPLING,179,179,-0.05151937156915665,-0.047775156795978546,0.0037442147731781006,0.0
2023-10-10,P038,ANNUAL,ndvi,STRICT_SCL_MASK,166,166,0.09055520594120026,0.09055520594120026,0.0,0.0
2023-10-10,P038,ANNUAL,gndvi,STRICT_SCL_MASK,166,166,0.15440437197685242,0.15440437197685242,0.0,0.0
2023-10-10,P038,ANNUAL,ndre,STRICT_SCL_MASK,166,166,0.05483543127775192,0.05483543127775192,0.0,0.0
2023-10-10,P038,ANNUAL,ndmi,STRICT_SCL_MASK,166,166,-0.14802324771881104,-0.14802324771881104,0.0,0.0
2023-10-10,P038,ANNUAL,ndre,NEAREST_20M_RESAMPLING,166,166,0.05483543127775192,0.05628640949726105,0.0014509782195091248,0.0
2023-10-10,P038,ANNUAL,ndmi,NEAREST_20M_RESAMPLING,166,166,-0.14802324771881104,-0.1470557302236557,0.0009675174951553345,0.0
2023-10-10,P039,ANNUAL,ndvi,STRICT_SCL_MASK,369,369,0.22235673666000366,0.22235673666000366,0.0,0.0
2023-10-10,P039,ANNUAL,gndvi,STRICT_SCL_MASK,369,369,0.37958279252052307,0.37958279252052307,0.0,0.0
2023-10-10,P039,ANNUAL,ndre,STRICT_SCL_MASK,369,369,0.13322551548480988,0.13322551548480988,0.0,0.0
2023-10-10,P039,ANNUAL,ndmi,STRICT_SCL_MASK,369,369,-0.10724758356809616,-0.10724758356809616,0.0,0.0
2023-10-10,P039,ANNUAL,ndre,NEAREST_20M_RESAMPLING,369,369,0.13322551548480988,0.1326807290315628,-0.0005447864532470703,0.0
2023-10-10,P039,ANNUAL,ndmi,NEAREST_20M_RESAMPLING,369,369,-0.10724758356809616,-0.1096772700548172,-0.002429686486721039,0.0
2023-10-10,P040,ANNUAL,ndvi,STRICT_SCL_MASK,153,153,0.43736785650253296,0.43736785650253296,0.0,0.0
2023-10-10,P040,ANNUAL,gndvi,STRICT_SCL_MASK,153,153,0.5226035118103027,0.5226035118103027,0.0,0.0
2023-10-10,P040,ANNUAL,ndre,STRICT_SCL_MASK,153,153,0.2709929645061493,0.2709929645061493,0.0,0.0
2023-10-10,P040,ANNUAL,ndmi,STRICT_SCL_MASK,153,153,-0.03470039740204811,-0.03470039740204811,0.0,0.0
2023-10-10,P040,ANNUAL,ndre,NEAREST_20M_RESAMPLING,153,153,0.2709929645061493,0.2714584469795227,0.0004654824733734131,0.0
2023-10-10,P040,ANNUAL,ndmi,NEAREST_20M_RESAMPLING,153,153,-0.03470039740204811,-0.033567771315574646,0.001132626086473465,0.0
2023-10-10,P041,ANNUAL,ndvi,STRICT_SCL_MASK,148,148,0.12943577766418457,0.12943577766418457,0.0,0.0
2023-10-10,P041,ANNUAL,gndvi,STRICT_SCL_MASK,148,148,0.23199914395809174,0.23199914395809174,0.0,0.0
2023-10-10,P041,ANNUAL,ndre,STRICT_SCL_MASK,148,148,0.07195919752120972,0.07195919752120972,0.0,0.0
2023-10-10,P041,ANNUAL,ndmi,STRICT_SCL_MASK,148,148,-0.1289251148700714,-0.1289251148700714,0.0,0.0
2023-10-10,P041,ANNUAL,ndre,NEAREST_20M_RESAMPLING,148,148,0.07195919752120972,0.0708424299955368,-0.0011167675256729126,0.0
2023-10-10,P041,ANNUAL,ndmi,NEAREST_20M_RESAMPLING,148,148,-0.1289251148700714,-0.13047239184379578,-0.0015472769737243652,0.0
2023-10-10,P042,ANNUAL,ndvi,STRICT_SCL_MASK,244,244,0.2629512548446655,0.2629512548446655,0.0,0.0
2023-10-10,P042,ANNUAL,gndvi,STRICT_SCL_MASK,244,244,0.34737616777420044,0.34737616777420044,0.0,0.0
2023-10-10,P042,ANNUAL,ndre,STRICT_SCL_MASK,244,244,0.16895821690559387,0.16895821690559387,0.0,0.0
2023-10-10,P042,ANNUAL,ndmi,STRICT_SCL_MASK,244,244,-0.049695320427417755,-0.049695320427417755,0.0,0.0
2023-10-10,P042,ANNUAL,ndre,NEAREST_20M_RESAMPLING,244,244,0.16895821690559387,0.16535478830337524,-0.003603428602218628,0.0
2023-10-10,P042,ANNUAL,ndmi,NEAREST_20M_RESAMPLING,244,244,-0.049695320427417755,-0.05153351649641991,-0.0018381960690021515,0.0
2023-10-10,P043,ANNUAL,ndvi,STRICT_SCL_MASK,352,352,0.14575691521167755,0.14575691521167755,0.0,0.0
2023-10-10,P043,ANNUAL,gndvi,STRICT_SCL_MASK,352,352,0.25816065073013306,0.25816065073013306,0.0,0.0
2023-10-10,P043,ANNUAL,ndre,STRICT_SCL_MASK,352,352,0.08234630525112152,0.08234630525112152,0.0,0.0
2023-10-10,P043,ANNUAL,ndmi,STRICT_SCL_MASK,352,352,-0.08588147908449173,-0.08588147908449173,0.0,0.0
2023-10-10,P043,ANNUAL,ndre,NEAREST_20M_RESAMPLING,352,352,0.08234630525112152,0.0830361396074295,0.0006898343563079834,0.0
2023-10-10,P043,ANNUAL,ndmi,NEAREST_20M_RESAMPLING,352,352,-0.08588147908449173,-0.08342111110687256,0.002460367977619171,0.0
2023-10-10,P044,ANNUAL,ndvi,STRICT_SCL_MASK,164,164,0.12634046375751495,0.12634046375751495,0.0,0.0
2023-10-10,P044,ANNUAL,gndvi,STRICT_SCL_MASK,164,164,0.2171715497970581,0.2171715497970581,0.0,0.0
2023-10-10,P044,ANNUAL,ndre,STRICT_SCL_MASK,164,164,0.07517828047275543,0.07517828047275543,0.0,0.0
2023-10-10,P044,ANNUAL,ndmi,STRICT_SCL_MASK,164,164,-0.1723240315914154,-0.1723240315914154,0.0,0.0
2023-10-10,P044,ANNUAL,ndre,NEAREST_20M_RESAMPLING,164,164,0.07517828047275543,0.07295544445514679,-0.0022228360176086426,0.0
2023-10-10,P044,ANNUAL,ndmi,NEAREST_20M_RESAMPLING,164,164,-0.1723240315914154,-0.17291328310966492,-0.0005892515182495117,0.0
2023-10-10,P045,ANNUAL,ndvi,STRICT_SCL_MASK,252,252,0.16232910752296448,0.16232910752296448,0.0,0.0
2023-10-10,P045,ANNUAL,gndvi,STRICT_SCL_MASK,252,252,0.30339157581329346,0.30339157581329346,0.0,0.0
2023-10-10,P045,ANNUAL,ndre,STRICT_SCL_MASK,252,252,0.09191989153623581,0.09191989153623581,0.0,0.0
2023-10-10,P045,ANNUAL,ndmi,STRICT_SCL_MASK,252,252,-0.09744326770305634,-0.09744326770305634,0.0,0.0
2023-10-10,P045,ANNUAL,ndre,NEAREST_20M_RESAMPLING,252,252,0.09191989153623581,0.09105421602725983,-0.0008656755089759827,0.0
2023-10-10,P045,ANNUAL,ndmi,NEAREST_20M_RESAMPLING,252,252,-0.09744326770305634,-0.09755082428455353,-0.00010755658149719238,0.0
2023-10-10,P046,ANNUAL,ndvi,STRICT_SCL_MASK,160,160,0.43251362442970276,0.43251362442970276,0.0,0.0
2023-10-10,P046,ANNUAL,gndvi,STRICT_SCL_MASK,160,160,0.4972553253173828,0.4972553253173828,0.0,0.0
2023-10-10,P046,ANNUAL,ndre,STRICT_SCL_MASK,160,160,0.2728455066680908,0.2728455066680908,0.0,0.0
2023-10-10,P046,ANNUAL,ndmi,STRICT_SCL_MASK,160,160,-0.12967872619628906,-0.12967872619628906,0.0,0.0
2023-10-10,P046,ANNUAL,ndre,NEAREST_20M_RESAMPLING,160,160,0.2728455066680908,0.2723439931869507,-0.0005015134811401367,0.0
2023-10-10,P046,ANNUAL,ndmi,NEAREST_20M_RESAMPLING,160,160,-0.12967872619628906,-0.133829265832901,-0.0041505396366119385,0.0
2023-10-10,P047,ANNUAL,ndvi,STRICT_SCL_MASK,235,235,0.10661070048809052,0.10661070048809052,0.0,0.0
2023-10-10,P047,ANNUAL,gndvi,STRICT_SCL_MASK,235,235,0.17688952386379242,0.17688952386379242,0.0,0.0
2023-10-10,P047,ANNUAL,ndre,STRICT_SCL_MASK,235,235,0.057448383420705795,0.057448383420705795,0.0,0.0
2023-10-10,P047,ANNUAL,ndmi,STRICT_SCL_MASK,235,235,-0.11521181464195251,-0.11521181464195251,0.0,0.0
2023-10-10,P047,ANNUAL,ndre,NEAREST_20M_RESAMPLING,235,235,0.057448383420705795,0.056795042008161545,-0.0006533414125442505,0.0
2023-10-10,P047,ANNUAL,ndmi,NEAREST_20M_RESAMPLING,235,235,-0.11521181464195251,-0.1141829639673233,0.0010288506746292114,0.0
